generation,prey_fitness,predator_fitness,num_alive_end,avg_bb_size,var_bb_size,avg_shortest_dist,swarm_density_count,prey_neurons_connected_prey_retina,prey_neurons_connected_predator_retina,predator_neurons_connected_prey_retina,mutual_info
1,6307.000000,13693.000000,2,5531.374090,42260703.649239,8391.758750,0.317744,2,1,1,0.115801
1,5945.000000,14055.000000,2,6194.864986,60125908.404927,11344.972715,0.357265,2,1,1,0.094567
2,5943.000000,14057.000000,2,6419.136663,48545751.560557,16112.081942,0.324805,2,1,1,0.063339
3,5439.000000,14561.000000,2,3047.651665,7508898.285427,6215.099231,0.328101,2,1,1,0.099872
