generation,prey_fitness,predator_fitness,num_alive_end,avg_bb_size,var_bb_size,avg_shortest_dist,swarm_density_count,prey_neurons_connected_prey_retina,prey_neurons_connected_predator_retina,predator_neurons_connected_prey_retina,mutual_info
1,7422.000000,12578.000000,2,25019.654806,202771355.012899,56517.413270,0.381632,0,1,2,0.079969
1,5567.000000,14433.000000,2,29375.095320,398183297.074989,62743.606460,0.262054,0,1,2,0.138624
2,6284.000000,13716.000000,2,8243.237835,75338801.623520,9603.394502,0.305635,0,1,2,0.123521
3,6649.000000,13351.000000,2,10396.834447,40782340.268131,26666.029275,0.387242,0,1,2,0.133682
