generation,prey_fitness,predator_fitness,num_alive_end,avg_bb_size,var_bb_size,avg_shortest_dist,swarm_density_count,prey_neurons_connected_prey_retina,prey_neurons_connected_predator_retina,predator_neurons_connected_prey_retina,mutual_info
1,6657.000000,13343.000000,2,11383.161432,63147946.510989,29569.472221,0.381738,0,1,1,0.110841
1,5645.000000,14355.000000,2,12400.794921,99451838.752484,32473.260662,0.250740,0,1,1,0.139505
2,6615.000000,13385.000000,2,12412.933314,68027997.989932,21553.888996,0.405265,0,1,1,0.125360
3,6383.000000,13617.000000,2,7939.002796,80701632.979475,18915.922017,0.403581,0,1,1,0.146225
