generation,prey_fitness,predator_fitness,num_alive_end,avg_bb_size,var_bb_size,avg_shortest_dist,swarm_density_count,prey_neurons_connected_prey_retina,prey_neurons_connected_predator_retina,predator_neurons_connected_prey_retina,mutual_info
1,5818.000000,14182.000000,2,21193.626109,386589957.413990,75866.545169,0.304683,1,0,1,0.108608
1,6640.000000,13360.000000,2,13970.444879,257525877.523314,12178.107749,0.296804,1,0,1,0.113908
2,5924.000000,14076.000000,2,22557.019476,426020488.508655,47054.704370,0.230883,1,0,1,0.084495
3,7028.000000,12972.000000,2,11680.039735,249306386.918463,8758.286898,0.267663,1,0,1,0.147933
