generation,prey_fitness,predator_fitness,num_alive_end,avg_bb_size,var_bb_size,avg_shortest_dist,swarm_density_count,prey_neurons_connected_prey_retina,prey_neurons_connected_predator_retina,predator_neurons_connected_prey_retina,mutual_info
1,6500.000000,13500.000000,2,29562.626799,1238647687.626764,36479.100152,0.287117,1,2,1,0.057162
1,6786.000000,13214.000000,2,16716.878720,235105739.382311,40092.461632,0.308883,1,2,1,0.163382
2,7829.000000,12171.000000,2,44086.621012,779317404.601140,72598.500067,0.299873,1,2,1,0.079226
3,7487.000000,12513.000000,2,26643.399443,403109424.356394,40468.958491,0.428183,1,2,1,0.116544
