generation,prey_fitness,predator_fitness,num_alive_end,avg_bb_size,var_bb_size,avg_shortest_dist,swarm_density_count,prey_neurons_connected_prey_retina,prey_neurons_connected_predator_retina,predator_neurons_connected_prey_retina,mutual_info
1,5393.000000,14607.000000,2,8442.079339,28431511.510002,18914.415770,0.268735,4,5,1,0.174001
1,6104.000000,13896.000000,2,5929.394034,20866464.438837,12081.178001,0.359547,4,5,1,0.155698
2,5655.000000,14345.000000,2,3357.719355,6014457.476544,7039.879878,0.408776,4,5,1,0.190770
3,5951.000000,14049.000000,2,7291.881579,23892217.657460,23531.857909,0.245489,4,5,1,0.111504
