generation,prey_fitness,predator_fitness,num_alive_end,avg_bb_size,var_bb_size,avg_shortest_dist,swarm_density_count,prey_neurons_connected_prey_retina,prey_neurons_connected_predator_retina,predator_neurons_connected_prey_retina,mutual_info
1,8205.000000,11795.000000,2,78120.290770,1099027922.021003,121642.156595,0.378425,0,2,2,0.112541
1,7286.000000,12714.000000,2,25793.416898,355890493.141646,40793.098851,0.391728,0,2,2,0.094857
2,8110.000000,11890.000000,3,52327.189504,1611429863.274017,43094.067210,0.384759,0,2,2,0.035396
3,10119.000000,9881.000000,3,84758.879632,1511840633.735199,31436.548728,0.319481,0,2,2,0.057945
