generation,prey_fitness,predator_fitness,num_alive_end,avg_bb_size,var_bb_size,avg_shortest_dist,swarm_density_count,prey_neurons_connected_prey_retina,prey_neurons_connected_predator_retina,predator_neurons_connected_prey_retina,mutual_info
1,6539.000000,13461.000000,2,5752.347652,83840408.527175,6051.134792,0.862501,2,1,1,0.070726
1,6859.000000,13141.000000,2,23471.234483,228777784.956436,53860.929403,0.375054,2,1,1,0.097020
2,6010.000000,13990.000000,2,25562.431510,895340120.883170,64855.721575,0.378046,2,1,1,0.086894
3,7598.000000,12402.000000,2,22996.866557,254150261.662750,62134.121187,0.324732,2,1,1,0.098385
