generation,prey_fitness,predator_fitness,num_alive_end,avg_bb_size,var_bb_size,avg_shortest_dist,swarm_density_count,prey_neurons_connected_prey_retina,prey_neurons_connected_predator_retina,predator_neurons_connected_prey_retina,mutual_info
1,6940.000000,13060.000000,2,13678.589311,97751852.478661,41461.040715,0.258387,0,1,1,0.165373
1,7386.000000,12614.000000,2,11394.158914,112819487.020165,17697.559215,0.378232,0,1,1,0.077750
2,6665.000000,13335.000000,2,6502.727620,34220440.503222,12812.437905,0.315589,0,1,1,0.158254
3,6695.000000,13305.000000,2,13284.292663,222346203.845690,35814.834260,0.354259,0,1,1,0.135862
