generation,prey_fitness,predator_fitness,num_alive_end,avg_bb_size,var_bb_size,avg_shortest_dist,swarm_density_count,prey_neurons_connected_prey_retina,prey_neurons_connected_predator_retina,predator_neurons_connected_prey_retina,mutual_info
1,8353.000000,11647.000000,2,1369.199946,3121395.772084,548.289538,1.762681,0,0,1,0.057798
1,8939.000000,11061.000000,2,1171.051592,1158952.740052,799.887509,1.891937,0,0,1,0.044747
2,8978.000000,11022.000000,2,1970.720842,2841662.150605,2806.354810,1.356870,0,0,1,0.049366
3,9255.000000,10745.000000,2,1387.856753,1193145.786568,425.576369,1.929264,0,0,1,0.070964
