generation,prey_fitness,predator_fitness,num_alive_end,avg_bb_size,var_bb_size,avg_shortest_dist,swarm_density_count,prey_neurons_connected_prey_retina,prey_neurons_connected_predator_retina,predator_neurons_connected_prey_retina,mutual_info
1,5950.000000,14050.000000,2,9008.013427,59212933.332178,20033.198936,0.310104,1,2,1,0.187058
1,6122.000000,13878.000000,2,11904.535335,187723563.555177,15648.456061,0.218981,1,2,1,0.160767
2,7724.000000,12276.000000,2,32825.344111,420631217.389044,71218.282121,0.300415,1,2,1,0.061482
3,5842.000000,14158.000000,2,12650.313764,107144213.874100,21281.142269,0.427725,1,2,1,0.059357
