generation,prey_fitness,predator_fitness,num_alive_end,avg_bb_size,var_bb_size,avg_shortest_dist,swarm_density_count,prey_neurons_connected_prey_retina,prey_neurons_connected_predator_retina,predator_neurons_connected_prey_retina,mutual_info
1,6005.000000,13995.000000,2,2375.488653,10810181.333640,3632.717993,0.448802,1,0,3,0.084457
1,7188.000000,12812.000000,2,12299.843029,54438483.596558,33056.529425,0.365825,1,0,3,0.082687
2,5703.000000,14297.000000,2,15044.963430,161061395.306385,33126.394134,0.299979,1,0,3,0.127229
3,5984.000000,14016.000000,2,9006.570172,38163084.475146,21166.647620,0.298800,1,0,3,0.131901
