generation,prey_fitness,predator_fitness,num_alive_end,avg_bb_size,var_bb_size,avg_shortest_dist,swarm_density_count,prey_neurons_connected_prey_retina,prey_neurons_connected_predator_retina,predator_neurons_connected_prey_retina,mutual_info
1,5671.000000,14329.000000,2,13448.185533,302193077.624497,38648.450340,0.366290,2,0,3,0.142868
1,6043.000000,13957.000000,2,5004.028057,89977494.323297,3544.119841,0.533272,2,0,3,0.170960
2,5831.000000,14169.000000,2,4573.484555,17727199.738134,9363.262770,0.368376,2,0,3,0.155632
3,6179.000000,13821.000000,2,19337.820226,240567453.460604,54388.320395,0.254964,2,0,3,0.096428
