generation,prey_fitness,predator_fitness,num_alive_end,avg_bb_size,var_bb_size,avg_shortest_dist,swarm_density_count,prey_neurons_connected_prey_retina,prey_neurons_connected_predator_retina,predator_neurons_connected_prey_retina,mutual_info
1,6509.000000,13491.000000,2,21048.207688,586610071.121486,25214.026932,0.275352,1,4,1,0.094445
1,6592.000000,13408.000000,2,23909.100180,668159750.247776,35027.351488,0.410599,1,4,1,0.126193
2,6393.000000,13607.000000,2,34024.731777,405042424.993920,57527.894075,0.258560,1,4,1,0.116944
3,6505.000000,13495.000000,2,36825.145184,455549327.062000,66947.052925,0.287890,1,4,1,0.093760
