generation,prey_fitness,predator_fitness,num_alive_end,avg_bb_size,var_bb_size,avg_shortest_dist,swarm_density_count,prey_neurons_connected_prey_retina,prey_neurons_connected_predator_retina,predator_neurons_connected_prey_retina,mutual_info
1,5682.000000,14318.000000,2,19556.153100,82594246.945407,35586.996314,0.246839,1,1,1,0.239995
1,6264.000000,13736.000000,2,11575.001971,114023856.803225,21498.949552,0.357583,1,1,1,0.107550
2,5929.000000,14071.000000,2,12126.382034,73948945.168401,37811.261999,0.274979,1,1,1,0.157432
3,5426.000000,14574.000000,2,19797.235464,178071630.238155,41503.944479,0.268876,1,1,1,0.109675
