generation,prey_fitness,predator_fitness,num_alive_end,avg_bb_size,var_bb_size,avg_shortest_dist,swarm_density_count,prey_neurons_connected_prey_retina,prey_neurons_connected_predator_retina,predator_neurons_connected_prey_retina,mutual_info
1,5799.000000,14201.000000,2,17257.732941,192784770.541087,33383.037998,0.385401,1,1,1,0.191506
1,7736.000000,12264.000000,2,73051.408353,1243103818.436353,112740.686013,0.308225,1,1,1,0.144986
2,5510.000000,14490.000000,2,42724.140809,803654760.679631,123158.133071,0.254040,1,1,1,0.112037
3,8295.000000,11705.000000,2,107716.778259,3494917952.673447,149913.332511,0.284556,1,1,1,0.145576
