generation,prey_fitness,predator_fitness,num_alive_end,avg_bb_size,var_bb_size,avg_shortest_dist,swarm_density_count,prey_neurons_connected_prey_retina,prey_neurons_connected_predator_retina,predator_neurons_connected_prey_retina,mutual_info
1,6235.000000,13765.000000,2,3642.911335,9052142.255724,6209.714150,0.283394,1,1,1,0.101990
1,6291.000000,13709.000000,2,2716.039746,13384354.523621,3118.367443,0.653802,1,1,1,0.069511
2,6498.000000,13502.000000,2,2836.902571,5280922.300667,4273.762064,0.476430,1,1,1,0.165151
3,6504.000000,13496.000000,2,3065.837081,21283018.959418,3433.654932,0.404246,1,1,1,0.156470
