generation,prey_fitness,predator_fitness,num_alive_end,avg_bb_size,var_bb_size,avg_shortest_dist,swarm_density_count,prey_neurons_connected_prey_retina,prey_neurons_connected_predator_retina,predator_neurons_connected_prey_retina,mutual_info
1,6789.000000,13211.000000,2,2455.231618,7154540.063554,3870.820752,0.603622,3,1,1,0.093168
1,6000.000000,14000.000000,2,4436.050882,14942676.357285,10137.001847,0.533990,3,1,1,0.103457
2,5683.000000,14317.000000,2,1406.621895,3177871.233702,2884.435980,0.591127,3,1,1,0.065559
3,5020.000000,14980.000000,2,2695.169279,8307638.779528,7439.697494,0.531299,3,1,1,0.120797
