generation,prey_fitness,predator_fitness,num_alive_end,avg_bb_size,var_bb_size,avg_shortest_dist,swarm_density_count,prey_neurons_connected_prey_retina,prey_neurons_connected_predator_retina,predator_neurons_connected_prey_retina,mutual_info
1,5798.000000,14202.000000,2,6112.545461,36238352.789178,14147.412799,0.309715,1,1,1,0.084600
1,6656.000000,13344.000000,2,5199.277226,27387366.014950,7482.577144,0.386598,1,1,1,0.060212
2,6701.000000,13299.000000,2,6668.785457,33586330.525083,17400.871639,0.462056,1,1,1,0.070134
3,5779.000000,14221.000000,2,4699.411065,13482475.135823,13524.155717,0.265634,1,1,1,0.136367
