generation,prey_fitness,predator_fitness,num_alive_end,avg_bb_size,var_bb_size,avg_shortest_dist,swarm_density_count,prey_neurons_connected_prey_retina,prey_neurons_connected_predator_retina,predator_neurons_connected_prey_retina,mutual_info
1,5933.000000,14067.000000,2,5837.789404,12369462.401603,11647.830037,0.417783,0,5,1,0.101681
1,6244.000000,13756.000000,2,2784.889574,6172476.684101,5121.690533,0.752046,0,5,1,0.098206
2,5684.000000,14316.000000,2,2705.777478,7071404.487364,7350.349903,0.381904,0,5,1,0.116624
3,5860.000000,14140.000000,2,2329.427132,5085381.649938,3961.357912,0.456016,0,5,1,0.143732
