generation,prey_fitness,predator_fitness,num_alive_end,avg_bb_size,var_bb_size,avg_shortest_dist,swarm_density_count,prey_neurons_connected_prey_retina,prey_neurons_connected_predator_retina,predator_neurons_connected_prey_retina,mutual_info
1,8236.000000,11764.000000,2,52713.450786,1013740325.207888,76300.413323,0.368897,1,1,1,0.102401
1,7277.000000,12723.000000,3,62386.014508,1405757205.295599,50873.036389,0.240326,1,1,1,0.044812
2,6108.000000,13892.000000,2,12182.993537,201957356.229040,30679.677198,0.196625,1,1,1,0.190267
3,6983.000000,13017.000000,2,27366.151000,798158943.328541,78783.454704,0.256217,1,1,1,0.124181
