generation,prey_fitness,predator_fitness,num_alive_end,avg_bb_size,var_bb_size,avg_shortest_dist,swarm_density_count,prey_neurons_connected_prey_retina,prey_neurons_connected_predator_retina,predator_neurons_connected_prey_retina,mutual_info
1,9936.000000,10064.000000,2,78433.142693,4493699578.107903,25040.693060,0.460850,1,3,1,0.059427
1,8686.000000,11314.000000,2,83277.868499,3167689568.945291,46227.253488,0.291640,1,3,1,0.049264
2,12913.000000,7087.000000,3,104248.077792,3556045479.532555,24655.648302,0.387550,1,3,1,0.061677
3,10734.000000,9266.000000,3,76787.128987,2906551428.239277,22685.719460,0.261077,1,3,1,0.050316
