generation,prey_fitness,predator_fitness,num_alive_end,avg_bb_size,var_bb_size,avg_shortest_dist,swarm_density_count,prey_neurons_connected_prey_retina,prey_neurons_connected_predator_retina,predator_neurons_connected_prey_retina,mutual_info
1,12469.000000,7531.000000,4,109840.654128,4099739446.090274,21874.157200,0.349065,0,1,1,0.048161
1,9759.000000,10241.000000,3,124010.814901,4698522972.110957,73302.633661,0.359067,0,1,1,0.039521
2,13842.000000,6158.000000,2,91840.168369,2225083591.891536,16207.240880,0.377685,0,1,1,0.043339
3,9213.000000,10787.000000,3,76435.828230,3615902761.980699,32617.194356,0.266693,0,1,1,0.054933
