generation,prey_fitness,predator_fitness,num_alive_end,avg_bb_size,var_bb_size,avg_shortest_dist,swarm_density_count,prey_neurons_connected_prey_retina,prey_neurons_connected_predator_retina,predator_neurons_connected_prey_retina,mutual_info
1,6127.000000,13873.000000,2,3124.256377,10461235.800322,7970.538708,0.525612,3,3,1,0.137413
1,6268.000000,13732.000000,2,4786.774658,16805076.154476,10320.966529,0.401977,3,3,1,0.108489
2,7429.000000,12571.000000,2,12045.595670,147220002.707696,24045.653441,0.354790,3,3,1,0.127099
3,6881.000000,13119.000000,2,17580.247376,287007361.274772,32882.572671,0.416317,3,3,1,0.081233
