generation,prey_fitness,predator_fitness,num_alive_end,avg_bb_size,var_bb_size,avg_shortest_dist,swarm_density_count,prey_neurons_connected_prey_retina,prey_neurons_connected_predator_retina,predator_neurons_connected_prey_retina,mutual_info
1,6366.000000,13634.000000,2,5285.935984,25595209.002207,9986.957599,0.446654,4,4,1,0.159677
1,5606.000000,14394.000000,2,3848.921091,15725996.614829,8764.744990,0.344662,4,4,1,0.104869
2,5740.000000,14260.000000,2,1890.576554,3598267.764336,3648.542029,0.694726,4,4,1,0.224181
3,6215.000000,13785.000000,2,3334.338935,20910317.694859,4228.024483,0.413287,4,4,1,0.072471
