generation,prey_fitness,predator_fitness,num_alive_end,avg_bb_size,var_bb_size,avg_shortest_dist,swarm_density_count,prey_neurons_connected_prey_retina,prey_neurons_connected_predator_retina,predator_neurons_connected_prey_retina,mutual_info
1,6178.000000,13822.000000,2,18152.883972,224268000.545901,57333.285067,0.314887,1,2,3,0.122007
1,5896.000000,14104.000000,2,9520.819510,62712596.606578,23007.834514,0.281133,1,2,3,0.136844
2,6112.000000,13888.000000,2,5632.374456,78853167.285772,7989.215798,0.388882,1,2,3,0.094951
3,5924.000000,14076.000000,2,4547.610605,19946710.373619,9563.209832,0.372246,1,2,3,0.122448
