generation,prey_fitness,predator_fitness,num_alive_end,avg_bb_size,var_bb_size,avg_shortest_dist,swarm_density_count,prey_neurons_connected_prey_retina,prey_neurons_connected_predator_retina,predator_neurons_connected_prey_retina,mutual_info
1,6329.000000,13671.000000,2,26483.275082,473645491.780186,44517.297516,0.341123,1,0,1,0.079943
1,6031.000000,13969.000000,2,12443.692726,95447822.486346,21766.200387,0.389784,1,0,1,0.152678
2,5620.000000,14380.000000,2,26477.666900,772678430.006446,53162.671621,0.238294,1,0,1,0.129205
3,5822.000000,14178.000000,2,17416.962309,544774443.117430,51963.060408,0.269938,1,0,1,0.092808
