generation,prey_fitness,predator_fitness,num_alive_end,avg_bb_size,var_bb_size,avg_shortest_dist,swarm_density_count,prey_neurons_connected_prey_retina,prey_neurons_connected_predator_retina,predator_neurons_connected_prey_retina,mutual_info
1,6427.000000,13573.000000,2,3979.672374,21574968.188924,5018.379476,0.505451,0,0,1,0.126788
1,6697.000000,13303.000000,2,12553.170766,108511012.060941,29590.379208,0.321619,0,0,1,0.125130
2,6067.000000,13933.000000,2,42682.747491,573835313.552117,94538.419735,0.253017,0,0,1,0.083012
3,6714.000000,13286.000000,2,6805.240841,70122603.739818,9047.038306,0.393397,0,0,1,0.096397
