generation,prey_fitness,predator_fitness,num_alive_end,avg_bb_size,var_bb_size,avg_shortest_dist,swarm_density_count,prey_neurons_connected_prey_retina,prey_neurons_connected_predator_retina,predator_neurons_connected_prey_retina,mutual_info
1,6542.000000,13458.000000,2,12672.075069,63851924.080912,30640.084510,0.283399,0,6,1,0.059296
1,6060.000000,13940.000000,2,7251.591751,58273583.424953,18343.352473,0.324834,0,6,1,0.136158
2,6393.000000,13607.000000,2,7398.260067,42238453.798855,28637.957232,0.321142,0,6,1,0.094829
3,6169.000000,13831.000000,2,4271.727623,14035005.834447,8045.070120,0.331338,0,6,1,0.104290
