generation,prey_fitness,predator_fitness,num_alive_end,avg_bb_size,var_bb_size,avg_shortest_dist,swarm_density_count,prey_neurons_connected_prey_retina,prey_neurons_connected_predator_retina,predator_neurons_connected_prey_retina,mutual_info
1,7095.000000,12905.000000,2,71601.073895,1734773904.602735,123462.391091,0.304167,2,0,1,0.132196
1,6771.000000,13229.000000,2,19958.954765,265742286.106500,60717.817275,0.383323,2,0,1,0.192926
2,7584.000000,12416.000000,2,23203.529912,262356392.972520,26392.036334,0.429943,2,0,1,0.084597
3,6494.000000,13506.000000,2,20069.688342,182032077.364930,32354.823463,0.310135,2,0,1,0.108655
