generation,prey_fitness,predator_fitness,num_alive_end,avg_bb_size,var_bb_size,avg_shortest_dist,swarm_density_count,prey_neurons_connected_prey_retina,prey_neurons_connected_predator_retina,predator_neurons_connected_prey_retina,mutual_info
1,6723.000000,13277.000000,2,5382.931688,21007652.343201,12171.960548,0.406738,2,1,3,0.087560
1,7393.000000,12607.000000,2,14072.183625,90551165.528891,28394.033941,0.298523,2,1,3,0.116418
2,7228.000000,12772.000000,2,14916.604703,79694507.157154,26682.801126,0.342402,2,1,3,0.103388
3,6700.000000,13300.000000,2,6333.038273,48389855.223366,12362.970110,0.406809,2,1,3,0.129964
