generation,prey_fitness,predator_fitness,num_alive_end,avg_bb_size,var_bb_size,avg_shortest_dist,swarm_density_count,prey_neurons_connected_prey_retina,prey_neurons_connected_predator_retina,predator_neurons_connected_prey_retina,mutual_info
1,7047.000000,12953.000000,2,3216.308241,5273263.228003,5830.439189,0.833700,0,4,5,0.089211
1,7268.000000,12732.000000,2,1657.282558,1504808.667135,2744.414737,0.990795,0,4,5,0.085602
2,8164.000000,11836.000000,2,2011.633091,2557720.479811,2802.916488,1.581712,0,4,5,0.145984
3,8439.000000,11561.000000,2,1925.416609,3024795.627688,2039.878021,1.165580,0,4,5,0.047848
