generation,prey_fitness,predator_fitness,num_alive_end,avg_bb_size,var_bb_size,avg_shortest_dist,swarm_density_count,prey_neurons_connected_prey_retina,prey_neurons_connected_predator_retina,predator_neurons_connected_prey_retina,mutual_info
1,6371.000000,13629.000000,2,8102.650087,53974476.390025,17526.247413,0.379581,1,4,1,0.099424
1,5811.000000,14189.000000,2,18194.267416,214966653.444004,38291.015894,0.310025,1,4,1,0.134325
2,5681.000000,14319.000000,2,11960.332641,158124894.366568,37447.820880,0.259625,1,4,1,0.097709
3,6270.000000,13730.000000,2,7725.214681,40722685.318091,12437.980473,0.292412,1,4,1,0.100264
