generation,prey_fitness,predator_fitness,num_alive_end,avg_bb_size,var_bb_size,avg_shortest_dist,swarm_density_count,prey_neurons_connected_prey_retina,prey_neurons_connected_predator_retina,predator_neurons_connected_prey_retina,mutual_info
1,5664.000000,14336.000000,2,14727.819789,156153164.551113,54023.686172,0.270523,2,1,3,0.138422
1,7232.000000,12768.000000,2,14610.130886,159248124.015006,24299.883455,0.459772,2,1,3,0.166964
2,7313.000000,12687.000000,2,13217.279657,229405235.885841,13277.766460,0.275408,2,1,3,0.129799
3,5598.000000,14402.000000,2,6272.308417,27016058.405976,19222.488555,0.339361,2,1,3,0.099280
