generation,prey_fitness,predator_fitness,num_alive_end,avg_bb_size,var_bb_size,avg_shortest_dist,swarm_density_count,prey_neurons_connected_prey_retina,prey_neurons_connected_predator_retina,predator_neurons_connected_prey_retina,mutual_info
1,6611.000000,13389.000000,2,33045.949937,296910072.812605,74842.472755,0.288989,2,2,2,0.099034
1,6620.000000,13380.000000,2,5382.075050,58509886.020959,4946.411591,0.527962,2,2,2,0.146575
2,6186.000000,13814.000000,2,12418.252388,139244615.690140,31523.085376,0.367445,2,2,2,0.127757
3,5671.000000,14329.000000,2,37165.012900,1050571676.811506,77894.677947,0.298902,2,2,2,0.130474
