generation,prey_fitness,predator_fitness,num_alive_end,avg_bb_size,var_bb_size,avg_shortest_dist,swarm_density_count,prey_neurons_connected_prey_retina,prey_neurons_connected_predator_retina,predator_neurons_connected_prey_retina,mutual_info
1,7109.000000,12891.000000,2,30379.574808,1102118255.109148,19489.158446,0.332322,4,2,2,0.062256
1,6119.000000,13881.000000,2,78027.381667,3164072097.821128,168840.900664,0.340737,4,2,2,0.108789
2,6566.000000,13434.000000,2,18858.581737,343231672.324834,25645.723102,0.336496,4,2,2,0.081428
3,7110.000000,12890.000000,2,56739.035204,1394703816.452514,107894.247482,0.333637,4,2,2,0.098542
