generation,prey_fitness,predator_fitness,num_alive_end,avg_bb_size,var_bb_size,avg_shortest_dist,swarm_density_count,prey_neurons_connected_prey_retina,prey_neurons_connected_predator_retina,predator_neurons_connected_prey_retina,mutual_info
1,7771.000000,12229.000000,2,36216.408028,373037380.117734,111093.127925,0.337399,0,0,1,0.067712
1,7042.000000,12958.000000,2,13219.682045,321138662.660995,13104.084811,0.393781,0,0,1,0.131308
2,7066.000000,12934.000000,2,36937.715337,1043779958.578066,43262.107998,0.452310,0,0,1,0.100647
3,5483.000000,14517.000000,2,13187.602875,148995753.850070,30936.438033,0.283621,0,0,1,0.112382
