generation,prey_fitness,predator_fitness,num_alive_end,avg_bb_size,var_bb_size,avg_shortest_dist,swarm_density_count,prey_neurons_connected_prey_retina,prey_neurons_connected_predator_retina,predator_neurons_connected_prey_retina,mutual_info
1,5939.000000,14061.000000,2,11133.383525,32476468.433599,25772.454650,0.286368,0,0,3,0.075909
1,5438.000000,14562.000000,2,2019.232413,5685807.422808,3227.185117,0.422944,0,0,3,0.074204
2,6877.000000,13123.000000,2,2955.888572,6585323.911357,3806.921799,0.533224,0,0,3,0.044460
3,6229.000000,13771.000000,2,3640.526092,14402443.236130,8490.720515,0.419354,0,0,3,0.096831
