generation,prey_fitness,predator_fitness,num_alive_end,avg_bb_size,var_bb_size,avg_shortest_dist,swarm_density_count,prey_neurons_connected_prey_retina,prey_neurons_connected_predator_retina,predator_neurons_connected_prey_retina,mutual_info
1,6370.000000,13630.000000,2,4640.536183,12635481.016313,17056.372330,0.501719,7,2,1,0.254666
1,6447.000000,13553.000000,2,5420.074174,18678403.181315,8849.556571,0.384550,7,2,1,0.092422
2,6489.000000,13511.000000,2,12992.389267,52296864.395741,26714.342609,0.285777,7,2,1,0.109255
3,6243.000000,13757.000000,2,4143.099966,20383697.485008,17155.263397,0.437535,7,2,1,0.092408
