generation,prey_fitness,predator_fitness,num_alive_end,avg_bb_size,var_bb_size,avg_shortest_dist,swarm_density_count,prey_neurons_connected_prey_retina,prey_neurons_connected_predator_retina,predator_neurons_connected_prey_retina,mutual_info
1,6131.000000,13869.000000,2,9049.078686,65573062.425121,24170.883081,0.311204,0,0,1,0.146751
1,6327.000000,13673.000000,2,13984.676771,164992474.372158,72104.886388,0.267826,0,0,1,0.075600
2,6497.000000,13503.000000,2,16756.915852,255862225.265720,36694.615970,0.300315,0,0,1,0.099211
3,6663.000000,13337.000000,2,24048.245356,130628676.063514,39122.107653,0.264463,0,0,1,0.141078
