generation,prey_fitness,predator_fitness,num_alive_end,avg_bb_size,var_bb_size,avg_shortest_dist,swarm_density_count,prey_neurons_connected_prey_retina,prey_neurons_connected_predator_retina,predator_neurons_connected_prey_retina,mutual_info
1,6715.000000,13285.000000,2,5345.403092,18936848.870714,11160.112648,0.405601,3,3,1,0.122008
1,6258.000000,13742.000000,2,10214.045534,51364722.142167,24567.744651,0.285641,3,3,1,0.127461
2,5775.000000,14225.000000,2,5187.764918,38647435.726065,8505.850041,0.290753,3,3,1,0.095977
3,5847.000000,14153.000000,2,10189.854325,131570096.810927,33649.384667,0.293532,3,3,1,0.128198
