generation,prey_fitness,predator_fitness,num_alive_end,avg_bb_size,var_bb_size,avg_shortest_dist,swarm_density_count,prey_neurons_connected_prey_retina,prey_neurons_connected_predator_retina,predator_neurons_connected_prey_retina,mutual_info
1,6487.000000,13513.000000,2,6665.504121,86037373.853251,7680.551482,0.279565,5,4,3,0.081939
1,6042.000000,13958.000000,2,3951.257891,29572772.584366,4474.211710,0.317065,5,4,3,0.107763
2,5776.000000,14224.000000,2,5323.810259,34579223.223947,11772.359533,0.235617,5,4,3,0.077663
3,5494.000000,14506.000000,2,2935.198883,13903957.566414,4331.634827,0.301279,5,4,3,0.099001
