generation,prey_fitness,predator_fitness,num_alive_end,avg_bb_size,var_bb_size,avg_shortest_dist,swarm_density_count,prey_neurons_connected_prey_retina,prey_neurons_connected_predator_retina,predator_neurons_connected_prey_retina,mutual_info
1,5960.000000,14040.000000,2,62767.319853,2732613494.250945,137828.553783,0.248831,5,0,1,0.083652
1,5236.000000,14764.000000,2,36368.143815,793588010.554021,80099.318661,0.214185,5,0,1,0.138297
2,5596.000000,14404.000000,2,30033.077592,536579337.380813,100018.767173,0.350066,5,0,1,0.127457
3,6971.000000,13029.000000,2,15896.671885,257330697.251801,57435.606371,0.274021,5,0,1,0.125165
