generation,prey_fitness,predator_fitness,num_alive_end,avg_bb_size,var_bb_size,avg_shortest_dist,swarm_density_count,prey_neurons_connected_prey_retina,prey_neurons_connected_predator_retina,predator_neurons_connected_prey_retina,mutual_info
1,6512.000000,13488.000000,2,2496.860549,5878176.432360,4709.521050,0.644539,2,4,1,0.078932
1,6380.000000,13620.000000,2,3343.068360,14763091.717529,4233.226639,0.335342,2,4,1,0.072449
2,6566.000000,13434.000000,2,2446.846353,7115976.026031,4341.831452,0.508455,2,4,1,0.040501
3,5890.000000,14110.000000,2,3606.061034,6926076.872957,14885.554259,0.428341,2,4,1,0.122560
