generation,prey_fitness,predator_fitness,num_alive_end,avg_bb_size,var_bb_size,avg_shortest_dist,swarm_density_count,prey_neurons_connected_prey_retina,prey_neurons_connected_predator_retina,predator_neurons_connected_prey_retina,mutual_info
1,7479.000000,12521.000000,2,47869.374884,1438995130.909121,48894.750961,0.337058,3,0,1,0.143669
1,6746.000000,13254.000000,2,19837.359535,661818599.938014,93119.591789,0.492926,3,0,1,0.155143
2,6086.000000,13914.000000,2,19529.311383,183985178.264264,59993.458895,0.278121,3,0,1,0.115055
3,6401.000000,13599.000000,2,19654.892918,418939262.497658,43221.289870,0.394132,3,0,1,0.123414
