generation,prey_fitness,predator_fitness,num_alive_end,avg_bb_size,var_bb_size,avg_shortest_dist,swarm_density_count,prey_neurons_connected_prey_retina,prey_neurons_connected_predator_retina,predator_neurons_connected_prey_retina,mutual_info
1,7271.000000,12729.000000,2,32144.003971,166629391.630995,45858.561984,0.311545,3,1,1,0.105653
1,7214.000000,12786.000000,2,24658.132753,331103116.068411,45351.196288,0.317287,3,1,1,0.154724
2,5911.000000,14089.000000,2,4379.335824,42051747.055914,5408.948526,0.276297,3,1,1,0.094445
3,5445.000000,14555.000000,2,5206.228841,16017900.976234,13949.593371,0.294669,3,1,1,0.138806
