generation,prey_fitness,predator_fitness,num_alive_end,avg_bb_size,var_bb_size,avg_shortest_dist,swarm_density_count,prey_neurons_connected_prey_retina,prey_neurons_connected_predator_retina,predator_neurons_connected_prey_retina,mutual_info
1,5757.000000,14243.000000,2,6265.854290,42960730.573367,17328.102440,0.418874,1,0,1,0.121772
1,7316.000000,12684.000000,2,28715.046022,426022637.108912,60248.611238,0.339417,1,0,1,0.126898
2,8825.000000,11175.000000,2,33887.137616,963886220.942672,15923.838082,0.383103,1,0,1,0.107789
3,5873.000000,14127.000000,2,17052.886360,334573484.765197,42304.350567,0.304079,1,0,1,0.078100
