generation,prey_fitness,predator_fitness,num_alive_end,avg_bb_size,var_bb_size,avg_shortest_dist,swarm_density_count,prey_neurons_connected_prey_retina,prey_neurons_connected_predator_retina,predator_neurons_connected_prey_retina,mutual_info
1,5870.000000,14130.000000,2,3076.233455,13084199.313615,4999.386844,0.357588,1,1,1,0.068361
1,5789.000000,14211.000000,2,1894.284297,2867435.005029,4534.917931,0.580779,1,1,1,0.064735
2,6173.000000,13827.000000,2,6208.200047,33247876.429266,17911.032034,0.644039,1,1,1,0.130109
3,5770.000000,14230.000000,2,1583.534369,3134108.319008,2984.522845,0.758714,1,1,1,0.074825
