generation,prey_fitness,predator_fitness,num_alive_end,avg_bb_size,var_bb_size,avg_shortest_dist,swarm_density_count,prey_neurons_connected_prey_retina,prey_neurons_connected_predator_retina,predator_neurons_connected_prey_retina,mutual_info
1,6855.000000,13145.000000,2,14109.989953,261343697.574084,14271.479266,0.293544,1,2,1,0.080597
1,8308.000000,11692.000000,2,22691.471901,377080570.971098,53996.091944,0.397326,1,2,1,0.074276
2,7049.000000,12951.000000,2,18026.084350,262958424.093139,55798.112092,0.370890,1,2,1,0.104400
3,6814.000000,13186.000000,2,20010.766665,270124888.426864,38768.660179,0.368209,1,2,1,0.106958
