generation,prey_fitness,predator_fitness,num_alive_end,avg_bb_size,var_bb_size,avg_shortest_dist,swarm_density_count,prey_neurons_connected_prey_retina,prey_neurons_connected_predator_retina,predator_neurons_connected_prey_retina,mutual_info
1,6373.000000,13627.000000,2,3458.963742,5822864.912969,7379.534608,0.563021,0,1,1,0.117116
1,6160.000000,13840.000000,2,3913.229875,16340181.705798,8882.784779,0.676524,0,1,1,0.127736
2,5611.000000,14389.000000,2,2047.487783,3959633.921023,4466.107996,0.425656,0,1,1,0.069086
3,5788.000000,14212.000000,2,3604.622353,7690399.185604,8277.075555,0.515067,0,1,1,0.102082
