generation,prey_fitness,predator_fitness,num_alive_end,avg_bb_size,var_bb_size,avg_shortest_dist,swarm_density_count,prey_neurons_connected_prey_retina,prey_neurons_connected_predator_retina,predator_neurons_connected_prey_retina,mutual_info
1,6816.000000,13184.000000,2,15627.932792,241608962.655746,23400.516638,0.290362,2,3,1,0.136013
1,6276.000000,13724.000000,2,21932.959518,808128577.061928,41653.672154,0.321419,2,3,1,0.134329
2,6838.000000,13162.000000,2,18833.527537,134631040.319004,30500.637612,0.279113,2,3,1,0.147435
3,6125.000000,13875.000000,2,16357.120678,327510565.345726,22912.710600,0.283221,2,3,1,0.153261
