generation,prey_fitness,predator_fitness,num_alive_end,avg_bb_size,var_bb_size,avg_shortest_dist,swarm_density_count,prey_neurons_connected_prey_retina,prey_neurons_connected_predator_retina,predator_neurons_connected_prey_retina,mutual_info
1,8223.000000,11777.000000,2,12660.018884,279014812.246461,8589.232388,0.522621,2,1,1,0.130230
1,8861.000000,11139.000000,2,48542.036147,979902000.842638,90393.138769,0.390956,2,1,1,0.141021
2,8398.000000,11602.000000,2,20343.154814,402942294.937774,14219.768626,0.480314,2,1,1,0.126348
3,5999.000000,14001.000000,2,39242.767449,1544948447.777332,80444.427801,0.257953,2,1,1,0.088870
