generation,prey_fitness,predator_fitness,num_alive_end,avg_bb_size,var_bb_size,avg_shortest_dist,swarm_density_count,prey_neurons_connected_prey_retina,prey_neurons_connected_predator_retina,predator_neurons_connected_prey_retina,mutual_info
1,5490.000000,14510.000000,2,3203.272038,6843549.981711,7171.485787,0.375665,1,1,2,0.145123
1,6600.000000,13400.000000,2,3263.657793,13750038.350406,4831.134503,0.333917,1,1,2,0.086637
2,6788.000000,13212.000000,2,3057.504443,10843536.253383,3001.827519,0.597857,1,1,2,0.050975
3,5739.000000,14261.000000,2,2401.765371,5077546.182474,4791.294640,0.518523,1,1,2,0.115603
