generation,prey_fitness,predator_fitness,num_alive_end,avg_bb_size,var_bb_size,avg_shortest_dist,swarm_density_count,prey_neurons_connected_prey_retina,prey_neurons_connected_predator_retina,predator_neurons_connected_prey_retina,mutual_info
1,7663.000000,12337.000000,2,32377.795750,277053259.896392,59767.292568,0.433122,2,1,3,0.106285
1,6052.000000,13948.000000,2,13285.306781,112224614.470486,28752.189805,0.335731,2,1,3,0.132906
2,5742.000000,14258.000000,2,5483.021298,32114660.960867,11192.153544,0.329362,2,1,3,0.190863
3,6905.000000,13095.000000,2,12927.967542,141100840.039579,20307.602434,0.395889,2,1,3,0.118270
