generation,prey_fitness,predator_fitness,num_alive_end,avg_bb_size,var_bb_size,avg_shortest_dist,swarm_density_count,prey_neurons_connected_prey_retina,prey_neurons_connected_predator_retina,predator_neurons_connected_prey_retina,mutual_info
1,6789.000000,13211.000000,2,15014.584565,224380595.780742,34173.996373,0.326903,2,0,1,0.102138
1,5813.000000,14187.000000,2,8007.148878,40237007.781798,32032.843671,0.291763,2,0,1,0.195276
2,6637.000000,13363.000000,2,11313.764750,122140073.516746,29089.726597,0.296314,2,0,1,0.152616
3,5544.000000,14456.000000,2,30717.942596,292261701.615246,64287.566528,0.263514,2,0,1,0.117413
