generation,prey_fitness,predator_fitness,num_alive_end,avg_bb_size,var_bb_size,avg_shortest_dist,swarm_density_count,prey_neurons_connected_prey_retina,prey_neurons_connected_predator_retina,predator_neurons_connected_prey_retina,mutual_info
1,6431.000000,13569.000000,2,13490.168920,62162467.720624,26917.205019,0.528802,2,1,3,0.130950
1,6562.000000,13438.000000,2,14811.606639,477096330.496806,16680.813686,0.416973,2,1,3,0.124188
2,7038.000000,12962.000000,2,41395.686782,1533259440.175785,57835.345915,0.245225,2,1,3,0.078444
3,6344.000000,13656.000000,2,31710.970480,633864075.813374,104860.086300,0.283222,2,1,3,0.125845
