generation,prey_fitness,predator_fitness,num_alive_end,avg_bb_size,var_bb_size,avg_shortest_dist,swarm_density_count,prey_neurons_connected_prey_retina,prey_neurons_connected_predator_retina,predator_neurons_connected_prey_retina,mutual_info
1,7013.000000,12987.000000,2,33372.436486,815418477.172102,96787.442554,0.329634,1,0,2,0.127895
1,5498.000000,14502.000000,2,3791.221826,7862549.953795,9993.885426,0.426108,1,0,2,0.168990
2,6181.000000,13819.000000,2,7691.755321,48766662.331043,17331.191975,0.500299,1,0,2,0.147114
3,7885.000000,12115.000000,2,12252.817803,269633972.348743,7597.359525,0.434269,1,0,2,0.140454
