generation,prey_fitness,predator_fitness,num_alive_end,avg_bb_size,var_bb_size,avg_shortest_dist,swarm_density_count,prey_neurons_connected_prey_retina,prey_neurons_connected_predator_retina,predator_neurons_connected_prey_retina,mutual_info
1,6490.000000,13510.000000,2,3394.988979,38427409.995615,2269.280285,0.578129,5,0,1,0.111283
1,6458.000000,13542.000000,2,6572.821922,44857426.657394,10693.195574,0.398594,5,0,1,0.104160
2,6282.000000,13718.000000,2,28017.084203,230070761.477422,72989.883615,0.303890,5,0,1,0.081218
3,6167.000000,13833.000000,2,6723.574608,54202563.360122,9983.957393,0.380988,5,0,1,0.111437
