generation,prey_fitness,predator_fitness,num_alive_end,avg_bb_size,var_bb_size,avg_shortest_dist,swarm_density_count,prey_neurons_connected_prey_retina,prey_neurons_connected_predator_retina,predator_neurons_connected_prey_retina,mutual_info
1,5681.000000,14319.000000,2,2240.139016,6931501.489867,5284.805741,0.625568,2,0,1,0.126869
1,6166.000000,13834.000000,2,7278.090261,41217781.964267,16599.169997,0.533469,2,0,1,0.103603
2,5446.000000,14554.000000,2,7294.612720,32758170.124207,20950.652504,0.253176,2,0,1,0.139826
3,5742.000000,14258.000000,2,2961.708653,14840738.521773,5651.416945,0.444093,2,0,1,0.099911
