generation,prey_fitness,predator_fitness,num_alive_end,avg_bb_size,var_bb_size,avg_shortest_dist,swarm_density_count,prey_neurons_connected_prey_retina,prey_neurons_connected_predator_retina,predator_neurons_connected_prey_retina,mutual_info
1,5924.000000,14076.000000,2,6612.374563,79035756.702144,21970.046129,0.255389,3,0,1,0.117464
1,6250.000000,13750.000000,2,10233.819873,70516585.413915,26757.847101,0.251481,3,0,1,0.059382
2,7613.000000,12387.000000,2,8656.875458,73299922.899749,8350.828275,0.416970,3,0,1,0.106766
3,5596.000000,14404.000000,2,4982.217617,45969493.750958,12991.141991,0.262391,3,0,1,0.101475
