generation,prey_fitness,predator_fitness,num_alive_end,avg_bb_size,var_bb_size,avg_shortest_dist,swarm_density_count,prey_neurons_connected_prey_retina,prey_neurons_connected_predator_retina,predator_neurons_connected_prey_retina,mutual_info
1,6887.000000,13113.000000,2,37728.343872,652477691.826307,107948.263758,0.321102,1,0,5,0.071829
1,6891.000000,13109.000000,2,25952.060995,193393317.454212,56177.090672,0.272369,1,0,5,0.117215
2,8334.000000,11666.000000,2,29725.772568,726447906.118797,27832.650817,0.288822,1,0,5,0.092239
3,6092.000000,13908.000000,2,22260.325443,315728753.787021,51422.578251,0.302446,1,0,5,0.106639
