generation,prey_fitness,predator_fitness,num_alive_end,avg_bb_size,var_bb_size,avg_shortest_dist,swarm_density_count,prey_neurons_connected_prey_retina,prey_neurons_connected_predator_retina,predator_neurons_connected_prey_retina,mutual_info
1,6752.000000,13248.000000,2,13222.009898,277492211.362155,44976.114292,0.434021,0,1,1,0.134191
1,6415.000000,13585.000000,2,12831.553279,126006206.209890,21132.346908,0.348160,0,1,1,0.114926
2,7051.000000,12949.000000,2,8654.002593,40476926.075935,14820.861950,0.423396,0,1,1,0.225776
3,5535.000000,14465.000000,2,12335.915216,93953179.127855,26660.775386,0.308217,0,1,1,0.095547
