generation,prey_fitness,predator_fitness,num_alive_end,avg_bb_size,var_bb_size,avg_shortest_dist,swarm_density_count,prey_neurons_connected_prey_retina,prey_neurons_connected_predator_retina,predator_neurons_connected_prey_retina,mutual_info
1,6542.000000,13458.000000,2,12897.678441,103218601.910571,36526.885328,0.421327,1,0,3,0.124717
1,7789.000000,12211.000000,2,20513.325484,172770638.682726,32997.483231,0.473620,1,0,3,0.140747
2,7196.000000,12804.000000,2,7004.087898,50811919.506006,6628.505874,0.364410,1,0,3,0.232842
3,6444.000000,13556.000000,2,11097.128308,139163313.389924,27774.166791,0.436905,1,0,3,0.297367
