generation,prey_fitness,predator_fitness,num_alive_end,avg_bb_size,var_bb_size,avg_shortest_dist,swarm_density_count,prey_neurons_connected_prey_retina,prey_neurons_connected_predator_retina,predator_neurons_connected_prey_retina,mutual_info
1,5963.000000,14037.000000,2,3810.125630,15157547.537201,8093.618296,0.456363,0,2,1,0.111063
1,6459.000000,13541.000000,2,14438.844190,258639102.997196,29672.118969,0.376757,0,2,1,0.067263
2,6427.000000,13573.000000,2,3164.957175,17839541.628021,4188.671383,0.711030,0,2,1,0.101908
3,5967.000000,14033.000000,2,2763.772581,8548639.076834,4740.306217,0.498796,0,2,1,0.088415
