generation,prey_fitness,predator_fitness,num_alive_end,avg_bb_size,var_bb_size,avg_shortest_dist,swarm_density_count,prey_neurons_connected_prey_retina,prey_neurons_connected_predator_retina,predator_neurons_connected_prey_retina,mutual_info
1,12609.000000,7391.000000,5,57908.301213,2080436170.280406,10172.812150,0.400910,1,1,1,0.026473
1,6949.000000,13051.000000,2,9871.703146,163356636.912073,8334.320037,0.433770,1,1,1,0.085791
2,6206.000000,13794.000000,2,24622.881970,346566648.956807,62917.107233,0.383477,1,1,1,0.099415
3,6914.000000,13086.000000,2,63602.102241,1581054377.516724,129398.935179,0.403287,1,1,1,0.072626
