generation,prey_fitness,predator_fitness,num_alive_end,avg_bb_size,var_bb_size,avg_shortest_dist,swarm_density_count,prey_neurons_connected_prey_retina,prey_neurons_connected_predator_retina,predator_neurons_connected_prey_retina,mutual_info
1,5376.000000,14624.000000,2,3681.515295,11400549.684982,9688.140229,0.283742,2,4,1,0.115234
1,6322.000000,13678.000000,2,4670.736362,9562813.791421,10024.606253,0.452228,2,4,1,0.109528
2,6839.000000,13161.000000,2,13271.338537,102699499.485861,32024.523936,0.458626,2,4,1,0.179547
3,6382.000000,13618.000000,2,3135.945634,18607670.087595,5738.410143,0.467573,2,4,1,0.102308
