generation,prey_fitness,predator_fitness,num_alive_end,avg_bb_size,var_bb_size,avg_shortest_dist,swarm_density_count,prey_neurons_connected_prey_retina,prey_neurons_connected_predator_retina,predator_neurons_connected_prey_retina,mutual_info
1,7456.000000,12544.000000,2,26442.532901,224323763.708860,54872.734075,0.276094,0,1,1,0.091209
1,6002.000000,13998.000000,2,53425.166860,1360525119.335116,111028.875611,0.271567,0,1,1,0.097018
2,8120.000000,11880.000000,2,48106.017177,882722363.946856,61631.601602,0.226067,0,1,1,0.099522
3,6035.000000,13965.000000,2,11054.833645,41128159.172488,21752.029537,0.268657,0,1,1,0.113214
