generation,prey_fitness,predator_fitness,num_alive_end,avg_bb_size,var_bb_size,avg_shortest_dist,swarm_density_count,prey_neurons_connected_prey_retina,prey_neurons_connected_predator_retina,predator_neurons_connected_prey_retina,mutual_info
1,5573.000000,14427.000000,2,28308.240774,393702046.720032,109443.675094,0.263024,0,2,2,0.090303
1,6243.000000,13757.000000,2,19361.322225,142825900.831455,38991.400091,0.218723,0,2,2,0.108216
2,5734.000000,14266.000000,2,3461.028190,20369231.405909,6016.011038,0.401615,0,2,2,0.163939
3,7116.000000,12884.000000,2,23161.318726,334690588.147104,42095.843621,0.281489,0,2,2,0.123824
