generation,prey_fitness,predator_fitness,num_alive_end,avg_bb_size,var_bb_size,avg_shortest_dist,swarm_density_count,prey_neurons_connected_prey_retina,prey_neurons_connected_predator_retina,predator_neurons_connected_prey_retina,mutual_info
1,6565.000000,13435.000000,2,15585.356296,144166095.029422,24842.098770,0.411057,1,3,3,0.076760
1,7557.000000,12443.000000,3,18389.918932,226129804.265651,11451.402620,0.289613,1,3,3,0.051959
2,7913.000000,12087.000000,2,21842.154754,211777797.487055,31808.012362,0.383919,1,3,3,0.086648
3,7483.000000,12517.000000,2,44430.084520,1686928773.264615,94852.029467,0.410392,1,3,3,0.070558
