generation,prey_fitness,predator_fitness,num_alive_end,avg_bb_size,var_bb_size,avg_shortest_dist,swarm_density_count,prey_neurons_connected_prey_retina,prey_neurons_connected_predator_retina,predator_neurons_connected_prey_retina,mutual_info
1,6966.000000,13034.000000,2,8042.985999,105712179.361235,6349.996778,0.453065,1,0,1,0.112275
1,7409.000000,12591.000000,2,8409.730622,120957481.918864,8217.437799,0.338104,1,0,1,0.135627
2,7325.000000,12675.000000,2,10366.032311,33414301.478978,15731.800009,0.349184,1,0,1,0.112734
3,6056.000000,13944.000000,2,16328.139969,183865824.058502,27802.513454,0.256610,1,0,1,0.113000
