generation,prey_fitness,predator_fitness,num_alive_end,avg_bb_size,var_bb_size,avg_shortest_dist,swarm_density_count,prey_neurons_connected_prey_retina,prey_neurons_connected_predator_retina,predator_neurons_connected_prey_retina,mutual_info
1,5655.000000,14345.000000,2,11309.842144,86634830.503609,34985.701661,0.268912,2,3,2,0.122998
1,6096.000000,13904.000000,2,13569.480039,136502513.158243,53672.625562,0.295379,2,3,2,0.131470
2,5669.000000,14331.000000,2,7825.674867,65690423.551390,13814.407218,0.246675,2,3,2,0.104913
3,6462.000000,13538.000000,2,11869.842170,62245903.029892,24369.851196,0.261200,2,3,2,0.133319
