generation,prey_fitness,predator_fitness,num_alive_end,avg_bb_size,var_bb_size,avg_shortest_dist,swarm_density_count,prey_neurons_connected_prey_retina,prey_neurons_connected_predator_retina,predator_neurons_connected_prey_retina,mutual_info
1,5825.000000,14175.000000,2,16058.738675,97859223.366003,34816.381043,0.340076,1,2,2,0.127345
1,6735.000000,13265.000000,2,4254.596809,14079765.318801,8294.517626,0.477917,1,2,2,0.088354
2,6965.000000,13035.000000,2,7136.690081,48402883.273282,9440.371191,0.456796,1,2,2,0.122022
3,8018.000000,11982.000000,2,22469.315308,313052361.181982,47081.040292,0.358676,1,2,2,0.103649
