generation,prey_fitness,predator_fitness,num_alive_end,avg_bb_size,var_bb_size,avg_shortest_dist,swarm_density_count,prey_neurons_connected_prey_retina,prey_neurons_connected_predator_retina,predator_neurons_connected_prey_retina,mutual_info
1,6060.000000,13940.000000,2,60080.062362,1313595803.784991,105514.707169,0.243908,1,0,4,0.045499
1,8533.000000,11467.000000,3,78940.236574,1135876477.475716,42352.490553,0.433092,1,0,4,0.060983
2,8226.000000,11774.000000,2,33847.281006,708291413.902878,28371.459627,0.374856,1,0,4,0.050857
3,6193.000000,13807.000000,2,92902.904291,1651930086.096072,183745.937595,0.495549,1,0,4,0.128049
