generation,prey_fitness,predator_fitness,num_alive_end,avg_bb_size,var_bb_size,avg_shortest_dist,swarm_density_count,prey_neurons_connected_prey_retina,prey_neurons_connected_predator_retina,predator_neurons_connected_prey_retina,mutual_info
1,6023.000000,13977.000000,2,23693.359764,214068221.671719,46018.304334,0.234009,0,3,1,0.075355
1,8086.000000,11914.000000,2,14910.037453,205054430.252723,12945.852042,0.283768,0,3,1,0.087053
2,8888.000000,11112.000000,2,21605.969552,179430012.126549,31307.292470,0.374472,0,3,1,0.117357
3,7602.000000,12398.000000,2,9022.945618,76130096.872586,9127.094290,0.338872,0,3,1,0.172690
