generation,prey_fitness,predator_fitness,num_alive_end,avg_bb_size,var_bb_size,avg_shortest_dist,swarm_density_count,prey_neurons_connected_prey_retina,prey_neurons_connected_predator_retina,predator_neurons_connected_prey_retina,mutual_info
1,5852.000000,14148.000000,2,4358.777716,13763173.506060,9975.076281,0.337610,1,1,1,0.135464
1,6399.000000,13601.000000,2,7174.383943,32867202.709531,14139.860778,0.422569,1,1,1,0.115524
2,6820.000000,13180.000000,2,6782.701625,58503601.974796,10267.060805,0.557759,1,1,1,0.073568
3,6319.000000,13681.000000,2,4095.162159,12657251.030689,8679.662068,0.347280,1,1,1,0.117791
