generation,prey_fitness,predator_fitness,num_alive_end,avg_bb_size,var_bb_size,avg_shortest_dist,swarm_density_count,prey_neurons_connected_prey_retina,prey_neurons_connected_predator_retina,predator_neurons_connected_prey_retina,mutual_info
1,6471.000000,13529.000000,2,28787.826510,610582691.784379,53145.569388,0.220144,6,1,1,0.141990
1,6906.000000,13094.000000,2,59448.230989,1049111621.119315,73546.712077,0.323266,6,1,1,0.121640
2,10748.000000,9252.000000,4,130032.091761,8083029981.544790,36406.199378,0.415564,6,1,1,0.046787
3,5139.000000,14861.000000,2,38003.723102,507406130.512461,124421.750802,0.207379,6,1,1,0.212977
