generation,prey_fitness,predator_fitness,num_alive_end,avg_bb_size,var_bb_size,avg_shortest_dist,swarm_density_count,prey_neurons_connected_prey_retina,prey_neurons_connected_predator_retina,predator_neurons_connected_prey_retina,mutual_info
1,7027.000000,12973.000000,2,4203.406158,42494296.837251,4687.306639,0.395371,1,5,1,0.104706
1,6192.000000,13808.000000,2,6442.464009,32702746.770087,12527.820509,0.375553,1,5,1,0.125490
2,6924.000000,13076.000000,2,18773.533770,245403436.064572,30884.914672,0.291636,1,5,1,0.103234
3,6164.000000,13836.000000,2,7057.455960,27438191.248330,15120.222816,0.303714,1,5,1,0.080195
