generation,prey_fitness,predator_fitness,num_alive_end,avg_bb_size,var_bb_size,avg_shortest_dist,swarm_density_count,prey_neurons_connected_prey_retina,prey_neurons_connected_predator_retina,predator_neurons_connected_prey_retina,mutual_info
1,6273.000000,13727.000000,2,7913.507398,62821822.344927,12878.085310,0.344162,1,1,1,0.154555
1,7986.000000,12014.000000,2,19042.526870,192964652.712148,37671.325358,0.301732,1,1,1,0.097920
2,8759.000000,11241.000000,2,18701.254757,231884112.670410,15839.206142,0.308850,1,1,1,0.074397
3,6445.000000,13555.000000,2,15872.044609,157126508.767528,33461.640116,0.279810,1,1,1,0.078185
