generation,prey_fitness,predator_fitness,num_alive_end,avg_bb_size,var_bb_size,avg_shortest_dist,swarm_density_count,prey_neurons_connected_prey_retina,prey_neurons_connected_predator_retina,predator_neurons_connected_prey_retina,mutual_info
1,7034.000000,12966.000000,2,29541.362807,303188455.769139,83646.144552,0.276403,0,2,1,0.065190
1,5799.000000,14201.000000,2,15915.432634,269900955.464271,35366.694874,0.257834,0,2,1,0.135415
2,5880.000000,14120.000000,2,8133.909348,42181907.390589,46616.879431,0.261123,0,2,1,0.131900
3,6781.000000,13219.000000,2,32220.026382,387168375.154478,72521.952714,0.311974,0,2,1,0.130753
