generation,prey_fitness,predator_fitness,num_alive_end,avg_bb_size,var_bb_size,avg_shortest_dist,swarm_density_count,prey_neurons_connected_prey_retina,prey_neurons_connected_predator_retina,predator_neurons_connected_prey_retina,mutual_info
1,7766.000000,12234.000000,2,8579.708867,112560043.024144,6940.359832,0.362054,0,1,4,0.095411
1,6437.000000,13563.000000,2,13338.410084,255625528.511151,26141.707593,0.415869,0,1,4,0.122864
2,6613.000000,13387.000000,2,15114.983443,125007555.319645,38502.810349,0.334433,0,1,4,0.105572
3,6975.000000,13025.000000,2,55396.188923,869042548.589078,118046.863737,0.283364,0,1,4,0.063409
