generation,prey_fitness,predator_fitness,num_alive_end,avg_bb_size,var_bb_size,avg_shortest_dist,swarm_density_count,prey_neurons_connected_prey_retina,prey_neurons_connected_predator_retina,predator_neurons_connected_prey_retina,mutual_info
1,6287.000000,13713.000000,2,40895.242011,420459275.825223,84301.794851,0.310165,1,2,2,0.112691
1,6181.000000,13819.000000,2,14873.614951,212174974.936632,30614.008035,0.270996,1,2,2,0.164230
2,7037.000000,12963.000000,2,32081.246599,376072270.961352,61976.251419,0.267358,1,2,2,0.121176
3,7015.000000,12985.000000,2,57955.760522,1795172762.812454,111151.727290,0.266367,1,2,2,0.109364
