generation,prey_fitness,predator_fitness,num_alive_end,avg_bb_size,var_bb_size,avg_shortest_dist,swarm_density_count,prey_neurons_connected_prey_retina,prey_neurons_connected_predator_retina,predator_neurons_connected_prey_retina,mutual_info
1,6259.000000,13741.000000,2,4254.024147,12926397.744316,8873.371701,0.441727,0,1,1,0.127155
1,6159.000000,13841.000000,2,4274.222613,14278416.057247,10280.940809,0.461092,0,1,1,0.106328
2,6314.000000,13686.000000,2,5047.393750,14378209.280225,14391.601392,0.567059,0,1,1,0.127374
3,6601.000000,13399.000000,2,4440.950298,16572357.121944,5298.103910,0.395108,0,1,1,0.098906
