generation,prey_fitness,predator_fitness,num_alive_end,avg_bb_size,var_bb_size,avg_shortest_dist,swarm_density_count,prey_neurons_connected_prey_retina,prey_neurons_connected_predator_retina,predator_neurons_connected_prey_retina,mutual_info
1,5722.000000,14278.000000,2,22540.395914,177555017.633102,49418.674057,0.335037,2,1,2,0.113724
1,5586.000000,14414.000000,2,22772.085292,288132208.833828,46838.760736,0.261551,2,1,2,0.128741
2,6075.000000,13925.000000,2,7458.771039,78068869.507892,8472.891611,0.293393,2,1,2,0.118656
3,6533.000000,13467.000000,2,6489.697622,21486600.376617,12406.168356,0.396625,2,1,2,0.109798
