generation,prey_fitness,predator_fitness,num_alive_end,avg_bb_size,var_bb_size,avg_shortest_dist,swarm_density_count,prey_neurons_connected_prey_retina,prey_neurons_connected_predator_retina,predator_neurons_connected_prey_retina,mutual_info
1,6884.000000,13116.000000,2,17063.930670,395532151.275818,49671.307004,0.341131,1,1,1,0.080747
1,7193.000000,12807.000000,2,9970.787224,84344131.760802,12282.268882,0.328002,1,1,1,0.185252
2,7289.000000,12711.000000,2,42835.603622,355604429.454704,109884.787059,0.250119,1,1,1,0.096733
3,6949.000000,13051.000000,2,30794.947521,517171535.516877,60822.682786,0.485634,1,1,1,0.094978
