generation,prey_fitness,predator_fitness,num_alive_end,avg_bb_size,var_bb_size,avg_shortest_dist,swarm_density_count,prey_neurons_connected_prey_retina,prey_neurons_connected_predator_retina,predator_neurons_connected_prey_retina,mutual_info
1,5594.000000,14406.000000,2,6673.890270,35294504.267967,22359.230366,0.207538,0,1,1,0.114928
1,6031.000000,13969.000000,2,36550.561030,1132083990.196050,78864.596409,0.269386,0,1,1,0.107510
2,5856.000000,14144.000000,2,15042.355471,87577088.180683,35870.612592,0.274489,0,1,1,0.147097
3,5761.000000,14239.000000,2,15315.459819,89444931.609694,50204.938394,0.311878,0,1,1,0.138633
