generation,prey_fitness,predator_fitness,num_alive_end,avg_bb_size,var_bb_size,avg_shortest_dist,swarm_density_count,prey_neurons_connected_prey_retina,prey_neurons_connected_predator_retina,predator_neurons_connected_prey_retina,mutual_info
1,6285.000000,13715.000000,2,15611.765836,100487292.738930,58925.563764,0.355593,2,1,1,0.094240
1,6397.000000,13603.000000,2,13374.234832,170270294.310603,25981.195077,0.394422,2,1,1,0.116244
2,6954.000000,13046.000000,2,17553.469031,204753439.881877,47522.299570,0.293185,2,1,1,0.128362
3,7043.000000,12957.000000,2,39177.450235,1470433745.943728,67647.036567,0.292390,2,1,1,0.123154
