generation,prey_fitness,predator_fitness,num_alive_end,avg_bb_size,var_bb_size,avg_shortest_dist,swarm_density_count,prey_neurons_connected_prey_retina,prey_neurons_connected_predator_retina,predator_neurons_connected_prey_retina,mutual_info
1,6534.000000,13466.000000,2,9143.879925,84807274.247016,16567.253181,0.310593,0,2,1,0.107041
1,7113.000000,12887.000000,2,15999.244872,175184000.837831,41556.962596,0.369886,0,2,1,0.121042
2,6004.000000,13996.000000,2,7351.915831,40936014.163598,24661.505629,0.268660,0,2,1,0.153400
3,5949.000000,14051.000000,2,4471.840798,23962941.901717,6082.667508,0.351904,0,2,1,0.101943
