generation,prey_fitness,predator_fitness,num_alive_end,avg_bb_size,var_bb_size,avg_shortest_dist,swarm_density_count,prey_neurons_connected_prey_retina,prey_neurons_connected_predator_retina,predator_neurons_connected_prey_retina,mutual_info
1,6065.000000,13935.000000,2,12386.200067,23218999.829485,25708.323339,0.356595,2,3,2,0.179674
1,5443.000000,14557.000000,2,2503.257709,8999488.177699,6631.787593,0.335424,2,3,2,0.119690
2,6035.000000,13965.000000,2,4206.759423,35725336.026348,4600.363295,0.510005,2,3,2,0.096461
3,6361.000000,13639.000000,2,34038.273834,582868789.713624,65806.274989,0.306883,2,3,2,0.125154
