generation,prey_fitness,predator_fitness,num_alive_end,avg_bb_size,var_bb_size,avg_shortest_dist,swarm_density_count,prey_neurons_connected_prey_retina,prey_neurons_connected_predator_retina,predator_neurons_connected_prey_retina,mutual_info
1,6565.000000,13435.000000,2,5330.860100,37059578.630497,6674.810607,0.457375,0,2,1,0.084730
1,5915.000000,14085.000000,2,4856.624083,31010872.692327,11256.963270,0.319540,0,2,1,0.075389
2,6624.000000,13376.000000,2,5686.886035,47308800.351086,6042.071906,0.430035,0,2,1,0.102232
3,6291.000000,13709.000000,2,3855.080259,22414256.468897,5100.097070,0.457202,0,2,1,0.115028
