generation,prey_fitness,predator_fitness,num_alive_end,avg_bb_size,var_bb_size,avg_shortest_dist,swarm_density_count,prey_neurons_connected_prey_retina,prey_neurons_connected_predator_retina,predator_neurons_connected_prey_retina,mutual_info
1,6228.000000,13772.000000,2,22997.173294,727287691.305856,45316.117681,0.256927,1,2,1,0.089165
1,6851.000000,13149.000000,2,20035.131151,499431150.647877,39852.757288,0.278556,1,2,1,0.094869
2,6251.000000,13749.000000,2,16504.886666,289429843.006043,22509.560382,0.287028,1,2,1,0.125702
3,6266.000000,13734.000000,2,18005.303563,272140282.795801,26974.462895,0.285264,1,2,1,0.144794
