generation,prey_fitness,predator_fitness,num_alive_end,avg_bb_size,var_bb_size,avg_shortest_dist,swarm_density_count,prey_neurons_connected_prey_retina,prey_neurons_connected_predator_retina,predator_neurons_connected_prey_retina,mutual_info
1,6419.000000,13581.000000,2,26081.167990,567218688.663105,52255.543371,0.194189,1,1,4,0.103232
1,8939.000000,11061.000000,2,26821.275134,318113598.911797,30520.338686,0.235664,1,1,4,0.128299
2,7935.000000,12065.000000,2,27884.642997,412094929.482661,52994.311138,0.302229,1,1,4,0.084340
3,6347.000000,13653.000000,2,19970.785654,118810808.024805,69051.345803,0.252481,1,1,4,0.095491
