generation,prey_fitness,predator_fitness,num_alive_end,avg_bb_size,var_bb_size,avg_shortest_dist,swarm_density_count,prey_neurons_connected_prey_retina,prey_neurons_connected_predator_retina,predator_neurons_connected_prey_retina,mutual_info
1,6733.000000,13267.000000,2,15729.611669,348803703.253152,22365.903630,0.290185,0,1,2,0.117936
1,5884.000000,14116.000000,2,19397.986871,395243665.410326,29487.677372,0.204706,0,1,2,0.069567
2,6670.000000,13330.000000,2,17846.500297,207650526.708760,44832.809056,0.267838,0,1,2,0.128902
3,7936.000000,12064.000000,2,25852.359604,631203274.927744,18020.885889,0.314742,0,1,2,0.092976
