generation,prey_fitness,predator_fitness,num_alive_end,avg_bb_size,var_bb_size,avg_shortest_dist,swarm_density_count,prey_neurons_connected_prey_retina,prey_neurons_connected_predator_retina,predator_neurons_connected_prey_retina,mutual_info
1,6260.000000,13740.000000,2,7584.923197,17386112.991124,14242.978254,0.331782,3,0,1,0.090352
1,5803.000000,14197.000000,2,5627.054720,11666132.626597,15284.376047,0.302949,3,0,1,0.202688
2,6355.000000,13645.000000,2,8967.434415,64324885.062548,23136.927024,0.406699,3,0,1,0.120328
3,6090.000000,13910.000000,2,3392.126883,21022082.750497,4509.856058,0.439583,3,0,1,0.106263
