generation,prey_fitness,predator_fitness,num_alive_end,avg_bb_size,var_bb_size,avg_shortest_dist,swarm_density_count,prey_neurons_connected_prey_retina,prey_neurons_connected_predator_retina,predator_neurons_connected_prey_retina,mutual_info
1,5715.000000,14285.000000,2,45862.487782,886718878.644823,98765.489198,0.246132,1,0,1,0.080285
1,7628.000000,12372.000000,2,26574.388168,350533989.634025,47392.551078,0.343919,1,0,1,0.127457
2,6456.000000,13544.000000,2,15709.703435,371635975.685697,25674.062343,0.320647,1,0,1,0.073598
3,6171.000000,13829.000000,2,19099.040113,309358889.230525,46235.415014,0.365566,1,0,1,0.146630
