generation,prey_fitness,predator_fitness,num_alive_end,avg_bb_size,var_bb_size,avg_shortest_dist,swarm_density_count,prey_neurons_connected_prey_retina,prey_neurons_connected_predator_retina,predator_neurons_connected_prey_retina,mutual_info
1,5483.000000,14517.000000,2,17066.553122,210106125.549714,45117.017382,0.480026,3,2,1,0.083013
1,6565.000000,13435.000000,2,10661.633990,69693973.005354,30871.970542,0.516127,3,2,1,0.112127
2,6960.000000,13040.000000,2,4550.906992,24547957.312662,5401.865046,0.496179,3,2,1,0.142714
3,5958.000000,14042.000000,2,2823.767776,5604278.771874,12938.096594,0.429683,3,2,1,0.131253
