generation,prey_fitness,predator_fitness,num_alive_end,avg_bb_size,var_bb_size,avg_shortest_dist,swarm_density_count,prey_neurons_connected_prey_retina,prey_neurons_connected_predator_retina,predator_neurons_connected_prey_retina,mutual_info
1,6430.000000,13570.000000,2,10345.280244,47525055.934069,19903.032342,0.404947,2,0,1,0.076242
1,7397.000000,12603.000000,2,7245.382226,40519787.517616,9079.021054,0.482792,2,0,1,0.151256
2,6871.000000,13129.000000,2,7794.524493,96558223.413379,8538.561181,0.389937,2,0,1,0.102646
3,7382.000000,12618.000000,2,11319.466515,132281946.042863,23606.766444,0.384894,2,0,1,0.114496
