generation,prey_fitness,predator_fitness,num_alive_end,avg_bb_size,var_bb_size,avg_shortest_dist,swarm_density_count,prey_neurons_connected_prey_retina,prey_neurons_connected_predator_retina,predator_neurons_connected_prey_retina,mutual_info
1,6028.000000,13972.000000,2,5516.997910,22569660.220524,8937.552371,0.299596,0,0,1,0.101985
1,6329.000000,13671.000000,2,10815.237796,244340694.733050,23149.353380,0.371342,0,0,1,0.115875
2,6163.000000,13837.000000,2,13297.592087,83924453.642548,40012.513569,0.322158,0,0,1,0.153203
3,6257.000000,13743.000000,2,10077.491773,67555997.678539,24688.825558,0.352352,0,0,1,0.169752
