generation,prey_fitness,predator_fitness,num_alive_end,avg_bb_size,var_bb_size,avg_shortest_dist,swarm_density_count,prey_neurons_connected_prey_retina,prey_neurons_connected_predator_retina,predator_neurons_connected_prey_retina,mutual_info
1,6622.000000,13378.000000,2,9357.924386,66707404.352415,14133.136618,0.261034,0,3,1,0.116490
1,5779.000000,14221.000000,2,6673.451763,39027976.417881,26916.590651,0.289867,0,3,1,0.153617
2,6022.000000,13978.000000,2,7224.869442,24383377.103190,25335.968312,0.279098,0,3,1,0.102691
3,5873.000000,14127.000000,2,8008.437740,39501531.200966,19885.542805,0.260712,0,3,1,0.108679
