generation,prey_fitness,predator_fitness,num_alive_end,avg_bb_size,var_bb_size,avg_shortest_dist,swarm_density_count,prey_neurons_connected_prey_retina,prey_neurons_connected_predator_retina,predator_neurons_connected_prey_retina,mutual_info
1,6363.000000,13637.000000,2,62769.283995,847039833.954274,109131.703428,0.272054,0,3,1,0.089923
1,8228.000000,11772.000000,2,36719.932321,414516611.712748,48951.414113,0.307440,0,3,1,0.087276
2,6133.000000,13867.000000,2,8312.194939,63839019.043606,15281.431685,0.325955,0,3,1,0.126827
3,6673.000000,13327.000000,2,11709.595912,161775742.926076,16647.041724,0.241702,0,3,1,0.209280
