generation,prey_fitness,predator_fitness,num_alive_end,avg_bb_size,var_bb_size,avg_shortest_dist,swarm_density_count,prey_neurons_connected_prey_retina,prey_neurons_connected_predator_retina,predator_neurons_connected_prey_retina,mutual_info
1,6128.000000,13872.000000,2,18144.758661,175948182.423418,35572.876883,0.258467,0,1,3,0.092744
1,7275.000000,12725.000000,2,26292.150053,484184057.797727,43974.341772,0.305119,0,1,3,0.110584
2,6592.000000,13408.000000,2,48042.483748,465343098.961445,107206.893411,0.333194,0,1,3,0.093287
3,6342.000000,13658.000000,2,9513.182307,108335294.968369,17760.529864,0.320423,0,1,3,0.085717
