generation,prey_fitness,predator_fitness,num_alive_end,avg_bb_size,var_bb_size,avg_shortest_dist,swarm_density_count,prey_neurons_connected_prey_retina,prey_neurons_connected_predator_retina,predator_neurons_connected_prey_retina,mutual_info
1,6731.000000,13269.000000,2,1796.020729,2186059.907432,4452.367853,0.889804,1,2,1,0.058629
1,6549.000000,13451.000000,2,1696.286508,2746597.934164,4230.786050,0.738467,1,2,1,0.061089
2,6211.000000,13789.000000,2,5984.633693,23594403.420041,12899.535347,0.516625,1,2,1,0.108131
3,6278.000000,13722.000000,2,1633.891673,1309746.718120,2713.272754,0.788786,1,2,1,0.097208
