generation,prey_fitness,predator_fitness,num_alive_end,avg_bb_size,var_bb_size,avg_shortest_dist,swarm_density_count,prey_neurons_connected_prey_retina,prey_neurons_connected_predator_retina,predator_neurons_connected_prey_retina,mutual_info
1,6095.000000,13905.000000,2,732.616265,1761006.982138,704.364274,1.183648,1,1,1,0.083812
1,5894.000000,14106.000000,2,655.394460,1176907.773918,751.540982,1.060635,1,1,1,0.087200
2,6488.000000,13512.000000,2,1558.743861,2020174.364162,3703.370820,0.962784,1,1,1,0.051170
3,5729.000000,14271.000000,2,764.287727,902837.737263,1341.931570,0.890510,1,1,1,0.049852
