generation,prey_fitness,predator_fitness,num_alive_end,avg_bb_size,var_bb_size,avg_shortest_dist,swarm_density_count,prey_neurons_connected_prey_retina,prey_neurons_connected_predator_retina,predator_neurons_connected_prey_retina,mutual_info
1,6284.000000,13716.000000,2,7673.590378,46550990.183792,22177.837271,0.329075,0,2,1,0.129335
1,7444.000000,12556.000000,2,13963.499982,261798861.462244,10659.284285,0.310569,0,2,1,0.123265
2,6317.000000,13683.000000,2,11486.683784,79792616.712856,34865.215646,0.292566,0,2,1,0.213687
3,6799.000000,13201.000000,2,10223.437479,61126562.003331,17379.989009,0.343359,0,2,1,0.121450
