generation,prey_fitness,predator_fitness,num_alive_end,avg_bb_size,var_bb_size,avg_shortest_dist,swarm_density_count,prey_neurons_connected_prey_retina,prey_neurons_connected_predator_retina,predator_neurons_connected_prey_retina,mutual_info
1,5583.000000,14417.000000,2,1455.945384,1728071.369114,3034.087072,0.582864,1,4,1,0.088910
1,6799.000000,13201.000000,2,1857.912082,2600484.634336,7079.272879,0.898461,1,4,1,0.078089
2,5935.000000,14065.000000,2,1525.819222,2641487.607082,2994.502158,0.752803,1,4,1,0.059616
3,6108.000000,13892.000000,2,2304.581595,7625855.822842,5954.699279,0.676840,1,4,1,0.068997
