generation,prey_fitness,predator_fitness,num_alive_end,avg_bb_size,var_bb_size,avg_shortest_dist,swarm_density_count,prey_neurons_connected_prey_retina,prey_neurons_connected_predator_retina,predator_neurons_connected_prey_retina,mutual_info
1,5507.000000,14493.000000,2,74592.398354,2753200442.844305,178278.061003,0.250556,0,0,1,0.077712
1,6775.000000,13225.000000,2,30346.030194,846618833.027994,41906.921264,0.306440,0,0,1,0.095971
2,6540.000000,13460.000000,2,19183.156740,181243451.067225,34714.586090,0.287285,0,0,1,0.122825
3,5188.000000,14812.000000,2,78355.606491,4198204919.906027,225694.830593,0.240442,0,0,1,0.108512
