generation,prey_fitness,predator_fitness,num_alive_end,avg_bb_size,var_bb_size,avg_shortest_dist,swarm_density_count,prey_neurons_connected_prey_retina,prey_neurons_connected_predator_retina,predator_neurons_connected_prey_retina,mutual_info
1,7380.000000,12620.000000,2,13229.820117,96891901.163137,28647.130927,0.363446,2,3,1,0.102720
1,6271.000000,13729.000000,2,18822.012857,67825948.385693,37977.327798,0.377807,2,3,1,0.124986
2,5283.000000,14717.000000,2,14633.238044,70004254.818304,46495.318219,0.281635,2,3,1,0.147255
3,5682.000000,14318.000000,2,11789.699745,71399155.262333,24855.089845,0.290324,2,3,1,0.165913
