generation,prey_fitness,predator_fitness,num_alive_end,avg_bb_size,var_bb_size,avg_shortest_dist,swarm_density_count,prey_neurons_connected_prey_retina,prey_neurons_connected_predator_retina,predator_neurons_connected_prey_retina,mutual_info
1,6975.000000,13025.000000,2,14046.723360,112410541.793683,24110.140211,0.300877,3,1,1,0.157870
1,7109.000000,12891.000000,2,8961.146472,43012154.054600,26474.972326,0.517688,3,1,1,0.147896
2,6405.000000,13595.000000,2,13902.486342,81709948.314328,29317.927676,0.241466,3,1,1,0.083421
3,6339.000000,13661.000000,2,7107.219346,84304173.430981,14950.825855,0.321339,3,1,1,0.111215
