generation,prey_fitness,predator_fitness,num_alive_end,avg_bb_size,var_bb_size,avg_shortest_dist,swarm_density_count,prey_neurons_connected_prey_retina,prey_neurons_connected_predator_retina,predator_neurons_connected_prey_retina,mutual_info
1,6926.000000,13074.000000,2,4986.365416,42641834.262762,7572.156452,0.740114,3,0,1,0.074203
1,6169.000000,13831.000000,2,4084.269928,17603686.392344,7917.357229,0.675346,3,0,1,0.081717
2,6116.000000,13884.000000,2,9157.568706,75045384.246504,15706.760442,0.388620,3,0,1,0.124987
3,6174.000000,13826.000000,2,14912.737864,130543000.714000,30504.137458,0.369314,3,0,1,0.134846
