generation,prey_fitness,predator_fitness,num_alive_end,avg_bb_size,var_bb_size,avg_shortest_dist,swarm_density_count,prey_neurons_connected_prey_retina,prey_neurons_connected_predator_retina,predator_neurons_connected_prey_retina,mutual_info
1,6156.000000,13844.000000,2,2723.156394,8395547.484877,4066.016400,0.441058,1,2,1,0.076679
1,6560.000000,13440.000000,2,2725.416120,14315911.422254,3333.876626,0.796976,1,2,1,0.119553
2,6030.000000,13970.000000,2,6834.229876,30782570.841545,15669.198675,0.314486,1,2,1,0.089202
3,6045.000000,13955.000000,2,5564.502074,24447653.346137,20585.473621,0.282827,1,2,1,0.125403
