generation,prey_fitness,predator_fitness,num_alive_end,avg_bb_size,var_bb_size,avg_shortest_dist,swarm_density_count,prey_neurons_connected_prey_retina,prey_neurons_connected_predator_retina,predator_neurons_connected_prey_retina,mutual_info
1,6875.000000,13125.000000,2,17268.135082,220582428.636639,100049.329899,0.413597,3,2,1,0.144388
1,7421.000000,12579.000000,2,40128.112923,761575025.139713,64857.900621,0.369363,3,2,1,0.105623
2,7048.000000,12952.000000,2,59268.188389,2343632417.891416,133131.903369,0.662129,3,2,1,0.104590
3,11184.000000,8816.000000,5,25832.649409,169017579.535860,7553.793291,0.650469,3,2,1,0.033587
