generation,prey_fitness,predator_fitness,num_alive_end,avg_bb_size,var_bb_size,avg_shortest_dist,swarm_density_count,prey_neurons_connected_prey_retina,prey_neurons_connected_predator_retina,predator_neurons_connected_prey_retina,mutual_info
1,6829.000000,13171.000000,2,17131.378590,210288914.105673,27627.859628,0.250678,2,0,3,0.098524
1,5940.000000,14060.000000,2,12530.005114,94812812.528172,55847.412508,0.309002,2,0,3,0.090875
2,5318.000000,14682.000000,2,26109.465591,656514557.432671,67179.952102,0.361645,2,0,3,0.147602
3,7530.000000,12470.000000,2,25177.599660,313632899.703229,43772.170340,0.290853,2,0,3,0.086585
