generation,prey_fitness,predator_fitness,num_alive_end,avg_bb_size,var_bb_size,avg_shortest_dist,swarm_density_count,prey_neurons_connected_prey_retina,prey_neurons_connected_predator_retina,predator_neurons_connected_prey_retina,mutual_info
1,6346.000000,13654.000000,2,38206.540470,507821660.170266,69377.590502,0.213695,6,1,2,0.106345
1,7099.000000,12901.000000,2,12586.464949,97977203.693235,48233.552862,0.295491,6,1,2,0.112792
2,7044.000000,12956.000000,2,9466.739753,35044350.388142,15526.282582,0.317508,6,1,2,0.131468
3,7925.000000,12075.000000,2,12427.608731,174690334.332748,14715.785758,0.442283,6,1,2,0.134087
