generation,prey_fitness,predator_fitness,num_alive_end,avg_bb_size,var_bb_size,avg_shortest_dist,swarm_density_count,prey_neurons_connected_prey_retina,prey_neurons_connected_predator_retina,predator_neurons_connected_prey_retina,mutual_info
1,6148.000000,13852.000000,2,32318.526521,312242905.419204,98718.801881,0.294905,1,1,1,0.112532
1,6944.000000,13056.000000,2,10247.739872,92951294.593076,12288.876506,0.329017,1,1,1,0.121131
2,7859.000000,12141.000000,2,20972.627835,269481387.572896,26057.038644,0.362026,1,1,1,0.113177
3,6679.000000,13321.000000,2,23568.932515,306132646.660810,51220.238106,0.353264,1,1,1,0.095066
