generation,prey_fitness,predator_fitness,num_alive_end,avg_bb_size,var_bb_size,avg_shortest_dist,swarm_density_count,prey_neurons_connected_prey_retina,prey_neurons_connected_predator_retina,predator_neurons_connected_prey_retina,mutual_info
1,6339.000000,13661.000000,2,7806.570831,33833771.548475,16398.646548,0.330706,1,3,1,0.051038
1,5612.000000,14388.000000,2,3011.345266,7637929.398832,6502.363845,0.357459,1,3,1,0.098933
2,5601.000000,14399.000000,2,10542.870403,54151932.911718,25720.230284,0.279882,1,3,1,0.079382
3,6746.000000,13254.000000,2,4707.884263,29482830.711707,5026.983998,0.372415,1,3,1,0.100631
