generation,prey_fitness,predator_fitness,num_alive_end,avg_bb_size,var_bb_size,avg_shortest_dist,swarm_density_count,prey_neurons_connected_prey_retina,prey_neurons_connected_predator_retina,predator_neurons_connected_prey_retina,mutual_info
1,6713.000000,13287.000000,2,22073.378505,92407793.896848,45778.203027,0.420038,3,0,3,0.153736
1,6001.000000,13999.000000,2,22487.009495,352635860.687840,66778.303273,0.433390,3,0,3,0.118291
2,6884.000000,13116.000000,2,9647.681660,139267917.405079,13669.649490,0.375474,3,0,3,0.142851
3,6839.000000,13161.000000,2,23314.025524,208313757.923380,74823.688750,0.322340,3,0,3,0.117152
