generation,prey_fitness,predator_fitness,num_alive_end,avg_bb_size,var_bb_size,avg_shortest_dist,swarm_density_count,prey_neurons_connected_prey_retina,prey_neurons_connected_predator_retina,predator_neurons_connected_prey_retina,mutual_info
1,6042.000000,13958.000000,2,8529.882789,43116791.137792,15293.264654,0.347583,2,1,1,0.183463
1,5377.000000,14623.000000,2,3380.806911,15283607.300777,6927.321303,0.371163,2,1,1,0.088715
2,5981.000000,14019.000000,2,29071.405170,780097156.012991,69435.873304,0.293404,2,1,1,0.085372
3,6905.000000,13095.000000,2,8423.856819,96254003.056644,20648.520703,0.385878,2,1,1,0.087200
