generation,prey_fitness,predator_fitness,num_alive_end,avg_bb_size,var_bb_size,avg_shortest_dist,swarm_density_count,prey_neurons_connected_prey_retina,prey_neurons_connected_predator_retina,predator_neurons_connected_prey_retina,mutual_info
1,5847.000000,14153.000000,2,21445.844255,309521596.267790,83035.971652,0.233140,0,1,2,0.109123
1,6846.000000,13154.000000,2,45235.143592,917547281.107293,79669.042877,0.324844,0,1,2,0.115695
2,6145.000000,13855.000000,2,7879.126236,56002182.222055,14759.708121,0.328618,0,1,2,0.093319
3,7265.000000,12735.000000,2,15682.428859,266531204.111943,15377.635808,0.313516,0,1,2,0.115368
