generation,prey_fitness,predator_fitness,num_alive_end,avg_bb_size,var_bb_size,avg_shortest_dist,swarm_density_count,prey_neurons_connected_prey_retina,prey_neurons_connected_predator_retina,predator_neurons_connected_prey_retina,mutual_info
1,7105.000000,12895.000000,2,7164.717210,65028684.349646,14455.598716,0.396378,1,3,1,0.112752
1,6881.000000,13119.000000,2,9063.085954,46515737.900333,35237.705285,0.480570,1,3,1,0.056212
2,7475.000000,12525.000000,2,13660.165185,90069648.453101,25914.402026,0.382200,1,3,1,0.093585
3,6092.000000,13908.000000,2,8921.675315,48279113.089314,17266.489215,0.353160,1,3,1,0.114209
