generation,prey_fitness,predator_fitness,num_alive_end,avg_bb_size,var_bb_size,avg_shortest_dist,swarm_density_count,prey_neurons_connected_prey_retina,prey_neurons_connected_predator_retina,predator_neurons_connected_prey_retina,mutual_info
1,9325.000000,10675.000000,3,28675.036871,373096392.755605,10641.250187,0.260683,3,0,1,0.051854
1,5986.000000,14014.000000,2,20050.379762,216815275.893907,33196.121104,0.255040,3,0,1,0.109602
2,7369.000000,12631.000000,2,13029.497720,84678616.591163,21472.135566,0.408895,3,0,1,0.096786
3,5995.000000,14005.000000,2,29455.040003,186428299.407675,54820.634203,0.256729,3,0,1,0.127924
