generation,prey_fitness,predator_fitness,num_alive_end,avg_bb_size,var_bb_size,avg_shortest_dist,swarm_density_count,prey_neurons_connected_prey_retina,prey_neurons_connected_predator_retina,predator_neurons_connected_prey_retina,mutual_info
1,6375.000000,13625.000000,2,29724.705583,754912629.846798,63222.731162,0.287535,3,0,1,0.170667
1,8881.000000,11119.000000,2,45427.641803,3166449050.076293,15587.002995,0.380408,3,0,1,0.089966
2,5491.000000,14509.000000,2,25898.512762,304949765.065857,76906.085551,0.267670,3,0,1,0.082633
3,6478.000000,13522.000000,2,65072.843548,1698043458.093111,150185.076275,0.294833,3,0,1,0.063918
