generation,prey_fitness,predator_fitness,num_alive_end,avg_bb_size,var_bb_size,avg_shortest_dist,swarm_density_count,prey_neurons_connected_prey_retina,prey_neurons_connected_predator_retina,predator_neurons_connected_prey_retina,mutual_info
1,5752.000000,14248.000000,2,6549.395912,53816138.172778,14006.469140,0.252834,1,3,1,0.118345
1,6417.000000,13583.000000,2,15919.925156,67982225.572265,29729.650257,0.296144,1,3,1,0.146004
2,5591.000000,14409.000000,2,3401.886673,17262161.187914,7506.166537,0.492271,1,3,1,0.149095
3,5411.000000,14589.000000,2,17833.869748,435500921.458300,39104.220701,0.337110,1,3,1,0.103526
