generation,prey_fitness,predator_fitness,num_alive_end,avg_bb_size,var_bb_size,avg_shortest_dist,swarm_density_count,prey_neurons_connected_prey_retina,prey_neurons_connected_predator_retina,predator_neurons_connected_prey_retina,mutual_info
1,6836.000000,13164.000000,2,14160.662306,162496241.447123,16704.204593,0.322218,0,2,1,0.145165
1,5857.000000,14143.000000,2,6287.469167,32054861.968573,10883.504890,0.429963,0,2,1,0.126797
2,7077.000000,12923.000000,2,12252.427318,55122824.848561,30656.010461,0.362229,0,2,1,0.128505
3,7763.000000,12237.000000,2,12371.111318,306178081.029704,7423.178165,0.312636,0,2,1,0.102017
