generation,prey_fitness,predator_fitness,num_alive_end,avg_bb_size,var_bb_size,avg_shortest_dist,swarm_density_count,prey_neurons_connected_prey_retina,prey_neurons_connected_predator_retina,predator_neurons_connected_prey_retina,mutual_info
1,5677.000000,14323.000000,2,7390.413763,64397770.775449,24645.498386,0.358750,1,2,1,0.104714
1,6395.000000,13605.000000,2,20491.567330,300327561.485100,32369.128196,0.386765,1,2,1,0.102654
2,7520.000000,12480.000000,2,30869.957608,661529851.982765,83510.570542,0.438061,1,2,1,0.069429
3,5783.000000,14217.000000,2,3744.231149,8044787.105688,10220.327698,0.442380,1,2,1,0.144363
