generation,prey_fitness,predator_fitness,num_alive_end,avg_bb_size,var_bb_size,avg_shortest_dist,swarm_density_count,prey_neurons_connected_prey_retina,prey_neurons_connected_predator_retina,predator_neurons_connected_prey_retina,mutual_info
1,6545.000000,13455.000000,2,64083.731116,2335775495.416737,106617.170617,0.238302,3,1,5,0.118642
1,7057.000000,12943.000000,2,24093.189754,737807769.202304,37497.065795,0.283390,3,1,5,0.128547
2,6540.000000,13460.000000,2,51216.148724,951970433.736344,142702.215656,0.237004,3,1,5,0.084211
3,9501.000000,10499.000000,4,164444.669816,5510116156.201207,69236.865287,0.399722,3,1,5,0.029897
