generation,prey_fitness,predator_fitness,num_alive_end,avg_bb_size,var_bb_size,avg_shortest_dist,swarm_density_count,prey_neurons_connected_prey_retina,prey_neurons_connected_predator_retina,predator_neurons_connected_prey_retina,mutual_info
1,7445.000000,12555.000000,2,9158.244526,56394891.096886,15135.311963,0.490204,0,1,3,0.067078
1,6092.000000,13908.000000,2,2634.185663,13226100.487646,3424.525889,0.402595,0,1,3,0.090167
2,6397.000000,13603.000000,2,2199.976297,7258899.794593,2458.211381,0.569786,0,1,3,0.127374
3,6797.000000,13203.000000,2,8514.020529,40035550.432064,16404.266804,0.461514,0,1,3,0.101356
