generation,prey_fitness,predator_fitness,num_alive_end,avg_bb_size,var_bb_size,avg_shortest_dist,swarm_density_count,prey_neurons_connected_prey_retina,prey_neurons_connected_predator_retina,predator_neurons_connected_prey_retina,mutual_info
1,7388.000000,12612.000000,2,7927.788406,33886019.061619,19139.362497,0.444366,1,2,2,0.097391
1,6693.000000,13307.000000,2,6771.520480,69115450.420956,7733.331920,0.347702,1,2,2,0.210340
2,7311.000000,12689.000000,2,20766.696566,142115414.844763,29222.002378,0.352537,1,2,2,0.077363
3,6146.000000,13854.000000,2,2923.489746,11725374.195770,5064.082564,0.498596,1,2,2,0.110135
