generation,prey_fitness,predator_fitness,num_alive_end,avg_bb_size,var_bb_size,avg_shortest_dist,swarm_density_count,prey_neurons_connected_prey_retina,prey_neurons_connected_predator_retina,predator_neurons_connected_prey_retina,mutual_info
1,7627.000000,12373.000000,2,38098.254134,2003736149.549714,24206.580161,0.313530,2,1,1,0.170405
1,7118.000000,12882.000000,2,37134.166728,498350679.516698,67219.140370,0.360581,2,1,1,0.116647
2,7672.000000,12328.000000,2,56479.427771,2122913606.482801,144199.732677,0.354395,2,1,1,0.079057
3,6751.000000,13249.000000,2,36930.992520,1502035669.788285,40762.360233,0.285152,2,1,1,0.109153
