generation,prey_fitness,predator_fitness,num_alive_end,avg_bb_size,var_bb_size,avg_shortest_dist,swarm_density_count,prey_neurons_connected_prey_retina,prey_neurons_connected_predator_retina,predator_neurons_connected_prey_retina,mutual_info
1,9811.000000,10189.000000,2,46458.727505,1222100785.576840,38298.043209,0.277533,0,0,1,0.085456
1,10327.000000,9673.000000,2,59485.461771,1678637545.210047,23991.115733,0.364873,0,0,1,0.099287
2,7963.000000,12037.000000,2,28879.724642,872752311.466807,9605.160770,0.446844,0,0,1,0.087738
3,10396.000000,9604.000000,2,73265.469086,2598679236.254484,23326.050034,0.340047,0,0,1,0.093951
