generation,prey_fitness,predator_fitness,num_alive_end,avg_bb_size,var_bb_size,avg_shortest_dist,swarm_density_count,prey_neurons_connected_prey_retina,prey_neurons_connected_predator_retina,predator_neurons_connected_prey_retina,mutual_info
1,6888.000000,13112.000000,2,5615.354417,12383534.224439,11363.426172,0.506873,0,0,1,0.144704
1,5972.000000,14028.000000,2,4673.616421,13242367.662674,9922.910993,0.330217,0,0,1,0.087707
2,5539.000000,14461.000000,2,7900.203828,21095512.708548,21471.432342,0.294385,0,0,1,0.116374
3,6221.000000,13779.000000,2,2666.700315,5896263.186139,5163.330325,0.536737,0,0,1,0.187309
