generation,prey_fitness,predator_fitness,num_alive_end,avg_bb_size,var_bb_size,avg_shortest_dist,swarm_density_count,prey_neurons_connected_prey_retina,prey_neurons_connected_predator_retina,predator_neurons_connected_prey_retina,mutual_info
1,7238.000000,12762.000000,2,14891.850161,191138147.819935,24233.465622,0.328931,3,3,1,0.082233
1,6292.000000,13708.000000,2,26381.223650,213292348.966227,56001.967835,0.318293,3,3,1,0.085063
2,6525.000000,13475.000000,2,18159.175593,222774136.591886,62768.805975,0.369246,3,3,1,0.109036
3,6591.000000,13409.000000,2,19222.461728,218917580.072777,44488.193619,0.295070,3,3,1,0.196208
