generation,prey_fitness,predator_fitness,num_alive_end,avg_bb_size,var_bb_size,avg_shortest_dist,swarm_density_count,prey_neurons_connected_prey_retina,prey_neurons_connected_predator_retina,predator_neurons_connected_prey_retina,mutual_info
1,7207.000000,12793.000000,2,9689.143288,74605433.032899,16186.683886,0.376839,0,1,1,0.178890
1,7416.000000,12584.000000,2,11572.469836,142211808.282584,13628.989797,0.410410,0,1,1,0.090909
2,6160.000000,13840.000000,2,8600.855693,94270439.060139,20546.797906,0.522963,0,1,1,0.109453
3,6731.000000,13269.000000,2,12619.561160,90921026.327162,16839.505936,0.339106,0,1,1,0.107236
