generation,prey_fitness,predator_fitness,num_alive_end,avg_bb_size,var_bb_size,avg_shortest_dist,swarm_density_count,prey_neurons_connected_prey_retina,prey_neurons_connected_predator_retina,predator_neurons_connected_prey_retina,mutual_info
1,7299.000000,12701.000000,2,3143.115229,12204579.242646,2894.825365,0.714225,2,2,1,0.089187
1,6603.000000,13397.000000,2,2036.444332,4895956.579540,3075.676589,0.843765,2,2,1,0.076744
2,7776.000000,12224.000000,2,3333.413721,11202569.874909,3429.781133,0.991890,2,2,1,0.042498
3,6586.000000,13414.000000,2,1999.853972,6650889.972026,2520.043184,0.789874,2,2,1,0.121006
