generation,prey_fitness,predator_fitness,num_alive_end,avg_bb_size,var_bb_size,avg_shortest_dist,swarm_density_count,prey_neurons_connected_prey_retina,prey_neurons_connected_predator_retina,predator_neurons_connected_prey_retina,mutual_info
1,5458.000000,14542.000000,2,4654.868533,30744610.521593,13330.696915,0.303864,2,1,2,0.095050
1,5636.000000,14364.000000,2,13787.038340,138259821.673802,54321.291138,0.271317,2,1,2,0.112903
2,6032.000000,13968.000000,2,13910.166576,157865736.905091,32018.984939,0.390052,2,1,2,0.082935
3,6419.000000,13581.000000,2,8543.727472,35508034.268857,20541.610693,0.402469,2,1,2,0.174680
