generation,prey_fitness,predator_fitness,num_alive_end,avg_bb_size,var_bb_size,avg_shortest_dist,swarm_density_count,prey_neurons_connected_prey_retina,prey_neurons_connected_predator_retina,predator_neurons_connected_prey_retina,mutual_info
1,5606.000000,14394.000000,2,3833.737057,34755450.468417,8272.677020,0.421128,3,0,1,0.106482
1,6069.000000,13931.000000,2,24727.469284,232312036.618085,70656.284409,0.392652,3,0,1,0.093737
2,9681.000000,10319.000000,4,60578.696943,1264927894.759155,21176.709681,0.554548,3,0,1,0.024511
3,5598.000000,14402.000000,2,9644.093745,100488781.118366,14804.656221,0.335542,3,0,1,0.121869
