generation,prey_fitness,predator_fitness,num_alive_end,avg_bb_size,var_bb_size,avg_shortest_dist,swarm_density_count,prey_neurons_connected_prey_retina,prey_neurons_connected_predator_retina,predator_neurons_connected_prey_retina,mutual_info
1,10860.000000,9140.000000,2,16399.428866,145582882.451381,5051.257035,0.525682,0,1,1,0.064591
1,6279.000000,13721.000000,2,8482.451243,58984436.622996,16226.408347,0.350321,0,1,1,0.065795
2,6083.000000,13917.000000,2,3587.747155,10667063.763306,8166.937553,0.336542,0,1,1,0.066160
3,7956.000000,12044.000000,2,13905.643716,154971536.137188,10339.160987,0.448360,0,1,1,0.047601
