generation,prey_fitness,predator_fitness,num_alive_end,avg_bb_size,var_bb_size,avg_shortest_dist,swarm_density_count,prey_neurons_connected_prey_retina,prey_neurons_connected_predator_retina,predator_neurons_connected_prey_retina,mutual_info
1,6802.000000,13198.000000,2,16016.030560,119580881.646157,55162.221990,0.271821,2,3,1,0.092981
1,7145.000000,12855.000000,2,21365.102206,270779663.470005,30355.881813,0.209233,2,3,1,0.179531
2,6937.000000,13063.000000,2,11628.345328,256071738.769009,8247.893639,0.416557,2,3,1,0.109899
3,9400.000000,10600.000000,2,45259.720860,1552901272.828348,68251.303071,0.272211,2,3,1,0.092170
