generation,prey_fitness,predator_fitness,num_alive_end,avg_bb_size,var_bb_size,avg_shortest_dist,swarm_density_count,prey_neurons_connected_prey_retina,prey_neurons_connected_predator_retina,predator_neurons_connected_prey_retina,mutual_info
1,7097.000000,12903.000000,2,20939.483821,159085481.144232,22634.959983,0.375039,2,1,1,0.087281
1,6509.000000,13491.000000,2,9910.478629,115877250.143983,18401.513638,0.479132,2,1,1,0.090789
2,6334.000000,13666.000000,2,12302.453823,87136065.483659,21118.286644,0.272925,2,1,1,0.112124
3,6991.000000,13009.000000,2,5170.017288,36799812.661011,8060.567518,0.517306,2,1,1,0.132359
