generation,prey_fitness,predator_fitness,num_alive_end,avg_bb_size,var_bb_size,avg_shortest_dist,swarm_density_count,prey_neurons_connected_prey_retina,prey_neurons_connected_predator_retina,predator_neurons_connected_prey_retina,mutual_info
1,5772.000000,14228.000000,2,11386.105634,129076228.814595,36760.204274,0.253716,2,1,1,0.183605
1,5902.000000,14098.000000,2,21570.494557,670389551.708764,50283.221620,0.242997,2,1,1,0.117484
2,6036.000000,13964.000000,2,9423.148037,45106513.799677,30727.827009,0.411614,2,1,1,0.155713
3,7110.000000,12890.000000,2,8983.938891,55965137.826317,18595.099602,0.397731,2,1,1,0.134366
