generation,prey_fitness,predator_fitness,num_alive_end,avg_bb_size,var_bb_size,avg_shortest_dist,swarm_density_count,prey_neurons_connected_prey_retina,prey_neurons_connected_predator_retina,predator_neurons_connected_prey_retina,mutual_info
1,5978.000000,14022.000000,2,3228.618134,8746316.371980,5497.149328,0.346269,2,3,1,0.066264
1,6846.000000,13154.000000,2,5354.312664,23880643.621641,7378.901303,0.400737,2,3,1,0.141485
2,5459.000000,14541.000000,2,11845.764107,126697556.890922,27969.408420,0.311445,2,3,1,0.068819
3,5695.000000,14305.000000,2,13090.889510,78798928.978340,30652.760678,0.255204,2,3,1,0.109731
