generation,prey_fitness,predator_fitness,num_alive_end,avg_bb_size,var_bb_size,avg_shortest_dist,swarm_density_count,prey_neurons_connected_prey_retina,prey_neurons_connected_predator_retina,predator_neurons_connected_prey_retina,mutual_info
1,6914.000000,13086.000000,2,4045.505480,30367770.195516,3443.739237,0.467022,3,3,1,0.113592
1,6214.000000,13786.000000,2,9993.311782,54125778.417930,32231.224924,0.280420,3,3,1,0.124003
2,6021.000000,13979.000000,2,9121.350686,50425391.488106,39578.588073,0.369534,3,3,1,0.123298
3,6345.000000,13655.000000,2,20439.976004,136244652.371968,36896.454871,0.306711,3,3,1,0.125316
