generation,prey_fitness,predator_fitness,num_alive_end,avg_bb_size,var_bb_size,avg_shortest_dist,swarm_density_count,prey_neurons_connected_prey_retina,prey_neurons_connected_predator_retina,predator_neurons_connected_prey_retina,mutual_info
1,5293.000000,14707.000000,2,8547.731490,26886964.818356,35187.867291,0.283813,0,1,4,0.096949
1,5926.000000,14074.000000,2,19194.795128,173336962.284007,70391.022479,0.377597,0,1,4,0.115743
2,7824.000000,12176.000000,2,15194.090814,72869331.311028,26766.315167,0.507919,0,1,4,0.084966
3,5838.000000,14162.000000,2,10465.975064,123087828.279586,22454.391902,0.328800,0,1,4,0.118579
