generation,prey_fitness,predator_fitness,num_alive_end,avg_bb_size,var_bb_size,avg_shortest_dist,swarm_density_count,prey_neurons_connected_prey_retina,prey_neurons_connected_predator_retina,predator_neurons_connected_prey_retina,mutual_info
1,6800.000000,13200.000000,2,32906.250472,280478788.744342,62716.964726,0.352698,0,1,1,0.160893
1,6562.000000,13438.000000,2,50960.010292,2178184418.347908,120310.770273,0.266373,0,1,1,0.074800
2,7568.000000,12432.000000,2,16355.770443,145122366.589872,21223.029148,0.340323,0,1,1,0.110997
3,7688.000000,12312.000000,2,9885.487458,126178704.026868,8000.002768,0.296402,0,1,1,0.116612
