generation,prey_fitness,predator_fitness,num_alive_end,avg_bb_size,var_bb_size,avg_shortest_dist,swarm_density_count,prey_neurons_connected_prey_retina,prey_neurons_connected_predator_retina,predator_neurons_connected_prey_retina,mutual_info
1,5951.000000,14049.000000,2,9018.947029,45990352.624072,39456.710207,0.305782,0,1,1,0.125323
1,6607.000000,13393.000000,2,7724.225219,42621216.923145,30164.862223,0.338766,0,1,1,0.099164
2,6231.000000,13769.000000,2,7725.256374,54819341.398839,9708.477174,0.321215,0,1,1,0.119019
3,7205.000000,12795.000000,2,8444.463962,47411704.588655,16814.427519,0.362248,0,1,1,0.084965
