generation,prey_fitness,predator_fitness,num_alive_end,avg_bb_size,var_bb_size,avg_shortest_dist,swarm_density_count,prey_neurons_connected_prey_retina,prey_neurons_connected_predator_retina,predator_neurons_connected_prey_retina,mutual_info
1,8410.000000,11590.000000,3,35058.998758,367741152.064154,21138.518131,0.289900,1,2,1,0.064775
1,6654.000000,13346.000000,2,52273.735981,590031218.026781,107364.336735,0.231280,1,2,1,0.111527
2,6249.000000,13751.000000,2,31693.426813,435293916.905764,52977.250420,0.192547,1,2,1,0.112398
3,6425.000000,13575.000000,2,30896.166145,347423123.939369,107378.553367,0.220696,1,2,1,0.084142
