generation,prey_fitness,predator_fitness,num_alive_end,avg_bb_size,var_bb_size,avg_shortest_dist,swarm_density_count,prey_neurons_connected_prey_retina,prey_neurons_connected_predator_retina,predator_neurons_connected_prey_retina,mutual_info
1,7125.000000,12875.000000,2,15560.848889,151806206.182615,45135.177817,0.372322,1,2,1,0.186386
1,7424.000000,12576.000000,2,15327.386954,117354128.828849,17224.515694,0.324852,1,2,1,0.210479
2,5353.000000,14647.000000,2,11202.662779,51084515.764371,40443.635864,0.288688,1,2,1,0.173340
3,6843.000000,13157.000000,2,47175.610871,1159303846.880916,94266.598779,0.234329,1,2,1,0.140078
