generation,prey_fitness,predator_fitness,num_alive_end,avg_bb_size,var_bb_size,avg_shortest_dist,swarm_density_count,prey_neurons_connected_prey_retina,prey_neurons_connected_predator_retina,predator_neurons_connected_prey_retina,mutual_info
1,6052.000000,13948.000000,2,2212.479969,9454202.815447,2890.870794,0.471155,1,1,2,0.091418
1,6502.000000,13498.000000,2,2735.696611,8841517.911850,3663.039695,0.640186,1,1,2,0.087586
2,6275.000000,13725.000000,2,4750.264187,16230050.640062,9628.665853,0.455217,1,1,2,0.133005
3,5985.000000,14015.000000,2,2014.088932,4459979.922899,3750.010121,0.491239,1,1,2,0.063610
