generation,prey_fitness,predator_fitness,num_alive_end,avg_bb_size,var_bb_size,avg_shortest_dist,swarm_density_count,prey_neurons_connected_prey_retina,prey_neurons_connected_predator_retina,predator_neurons_connected_prey_retina,mutual_info
1,5932.000000,14068.000000,2,4632.431863,28980782.760371,9592.686945,0.351918,0,3,1,0.132364
1,7183.000000,12817.000000,2,19804.865581,273160603.316401,17503.983613,0.303241,0,3,1,0.124107
2,7101.000000,12899.000000,2,48599.469798,1163598166.687375,93016.970494,0.506993,0,3,1,0.086379
3,7223.000000,12777.000000,2,15771.288195,392828717.305884,16639.748806,0.242190,0,3,1,0.119397
