generation,prey_fitness,predator_fitness,num_alive_end,avg_bb_size,var_bb_size,avg_shortest_dist,swarm_density_count,prey_neurons_connected_prey_retina,prey_neurons_connected_predator_retina,predator_neurons_connected_prey_retina,mutual_info
1,8603.000000,11397.000000,2,92680.824048,3182900142.317452,114182.392475,0.268327,1,0,1,0.089085
1,7329.000000,12671.000000,2,18064.261252,175231820.741800,27415.005934,0.285360,1,0,1,0.147185
2,6719.000000,13281.000000,2,30683.687205,323450399.381688,71850.753249,0.454137,1,0,1,0.093608
3,6375.000000,13625.000000,2,19841.076073,307743881.077209,32664.868841,0.312275,1,0,1,0.150185
