generation,prey_fitness,predator_fitness,num_alive_end,avg_bb_size,var_bb_size,avg_shortest_dist,swarm_density_count,prey_neurons_connected_prey_retina,prey_neurons_connected_predator_retina,predator_neurons_connected_prey_retina,mutual_info
1,9972.000000,10028.000000,2,32237.858680,809320841.690365,27968.463705,0.264576,0,0,5,0.145738
1,6865.000000,13135.000000,2,14726.220713,185997440.671671,19974.053774,0.298517,0,0,5,0.094617
2,7338.000000,12662.000000,2,14422.641723,284513318.777920,9365.510981,0.307278,0,0,5,0.136255
3,6905.000000,13095.000000,2,16365.993046,123352195.841173,27443.593230,0.353267,0,0,5,0.155446
