generation,prey_fitness,predator_fitness,num_alive_end,avg_bb_size,var_bb_size,avg_shortest_dist,swarm_density_count,prey_neurons_connected_prey_retina,prey_neurons_connected_predator_retina,predator_neurons_connected_prey_retina,mutual_info
1,5565.000000,14435.000000,2,5634.543724,22693610.967755,15858.717893,0.283333,1,2,2,0.166403
1,6432.000000,13568.000000,2,6910.711436,48597668.011061,13311.168452,0.300143,1,2,2,0.176152
2,5253.000000,14747.000000,2,3166.601038,12692227.561331,6591.029539,0.373258,1,2,2,0.125601
3,5680.000000,14320.000000,2,2362.583802,6524225.761753,4221.109524,0.406340,1,2,2,0.120210
