generation,prey_fitness,predator_fitness,num_alive_end,avg_bb_size,var_bb_size,avg_shortest_dist,swarm_density_count,prey_neurons_connected_prey_retina,prey_neurons_connected_predator_retina,predator_neurons_connected_prey_retina,mutual_info
1,17664.000000,12336.000000,3,851.684721,267534.797846,69.076752,5.972526,2,2,1,0.017562
1,12986.000000,17014.000000,2,602.622365,403789.752499,183.385992,4.085240,2,2,1,0.041991
2,16489.000000,13511.000000,2,786.207321,272174.360525,230.092940,5.660194,2,2,1,0.020676
3,15477.000000,14523.000000,2,800.190105,275881.939800,243.745567,5.108906,2,2,1,0.021938
