generation,prey_fitness,predator_fitness,num_alive_end,avg_bb_size,var_bb_size,avg_shortest_dist,swarm_density_count,prey_neurons_connected_prey_retina,prey_neurons_connected_predator_retina,predator_neurons_connected_prey_retina,mutual_info
1,15496.000000,14504.000000,2,37289.015967,465214762.812752,14605.354633,0.726441,0,1,5,0.110031
1,9655.000000,20345.000000,2,22039.867697,325733933.366180,20717.748892,0.690001,0,1,5,0.130246
2,10515.000000,19485.000000,2,18698.449841,146754243.976465,16266.238571,0.616943,0,1,5,0.091037
3,11227.000000,18773.000000,2,24607.779851,431773821.216002,16255.071832,0.589007,0,1,5,0.078312
