generation,prey_fitness,predator_fitness,num_alive_end,avg_bb_size,var_bb_size,avg_shortest_dist,swarm_density_count,prey_neurons_connected_prey_retina,prey_neurons_connected_predator_retina,predator_neurons_connected_prey_retina,mutual_info
1,19445.000000,10555.000000,6,1156.625809,291538.678906,62.277518,6.335763,5,3,1,0.014385
1,20592.000000,9408.000000,8,1182.880706,255336.585118,59.982209,6.948396,5,3,1,0.010087
2,16491.000000,13509.000000,3,928.261804,318041.054198,102.640193,5.751267,5,3,1,0.009237
3,19047.000000,10953.000000,3,1110.960119,315310.451904,90.486786,6.325968,5,3,1,0.018589
