generation,prey_fitness,predator_fitness,num_alive_end,avg_bb_size,var_bb_size,avg_shortest_dist,swarm_density_count,prey_neurons_connected_prey_retina,prey_neurons_connected_predator_retina,predator_neurons_connected_prey_retina,mutual_info
1,12402.000000,17598.000000,2,37496.760054,284175068.523295,23373.521336,0.554745,1,1,1,0.100585
1,9932.000000,20068.000000,2,13444.979651,119562406.984771,15586.355114,0.626494,1,1,1,0.174285
2,12957.000000,17043.000000,2,27030.483663,452847202.788959,13380.351182,0.611423,1,1,1,0.093758
3,8261.000000,21739.000000,2,16173.589032,472007071.690302,19766.012250,0.460234,1,1,1,0.095482
