generation,prey_fitness,predator_fitness,num_alive_end,avg_bb_size,var_bb_size,avg_shortest_dist,swarm_density_count,prey_neurons_connected_prey_retina,prey_neurons_connected_predator_retina,predator_neurons_connected_prey_retina,mutual_info
1,23983.000000,6017.000000,10,898.882768,85046.157999,36.376750,9.471970,2,2,1,0.012060
1,14095.000000,15905.000000,2,539.837080,126297.414283,104.161633,5.227718,2,2,1,0.037396
2,21783.000000,8217.000000,6,780.508272,79280.866918,40.169937,8.892806,2,2,1,0.014786
3,19350.000000,10650.000000,6,785.527566,116764.469025,46.726167,7.673659,2,2,1,0.012459
