generation,prey_fitness,predator_fitness,num_alive_end,avg_bb_size,var_bb_size,avg_shortest_dist,swarm_density_count,prey_neurons_connected_prey_retina,prey_neurons_connected_predator_retina,predator_neurons_connected_prey_retina,mutual_info
1,18985.000000,11015.000000,4,611.928928,77617.570886,32.534044,7.316364,4,3,2,0.021382
1,19851.000000,10149.000000,3,946.830348,306976.348640,56.128878,6.622229,4,3,2,0.019813
2,13033.000000,16967.000000,2,518.682641,257802.819465,130.126707,4.502017,4,3,2,0.034081
3,27158.000000,2842.000000,12,892.227110,105938.771023,21.339327,10.273381,4,3,2,0.013954
