generation,prey_fitness,predator_fitness,num_alive_end,avg_bb_size,var_bb_size,avg_shortest_dist,swarm_density_count,prey_neurons_connected_prey_retina,prey_neurons_connected_predator_retina,predator_neurons_connected_prey_retina,mutual_info
1,10624.000000,19376.000000,2,10561.916456,59308014.742556,14382.017913,0.800089,0,0,1,0.090849
1,8311.000000,21689.000000,2,3735.126931,14534810.351920,6303.889566,0.812288,0,0,1,0.073527
2,11289.000000,18711.000000,2,9747.515841,98767288.046177,3509.085517,0.780032,0,0,1,0.095592
3,10209.000000,19791.000000,2,11210.229512,80029134.678736,8839.916743,0.663806,0,0,1,0.078822
