generation,prey_fitness,predator_fitness,num_alive_end,avg_bb_size,var_bb_size,avg_shortest_dist,swarm_density_count,prey_neurons_connected_prey_retina,prey_neurons_connected_predator_retina,predator_neurons_connected_prey_retina,mutual_info
1,29258.000000,742.000000,14,618.778150,69843.232718,15.883284,12.764086,6,4,1,0.020298
1,27544.000000,2456.000000,11,536.246366,36350.329353,14.918499,12.213333,6,4,1,0.021993
2,23319.000000,6681.000000,8,472.104006,41537.551732,18.768380,10.215124,6,4,1,0.035428
3,20043.000000,9957.000000,6,444.627081,47804.520855,27.330636,8.607500,6,4,1,0.046056
