generation,prey_fitness,predator_fitness,num_alive_end,avg_bb_size,var_bb_size,avg_shortest_dist,swarm_density_count,prey_neurons_connected_prey_retina,prey_neurons_connected_predator_retina,predator_neurons_connected_prey_retina,mutual_info
1,13457.000000,16543.000000,2,699.404092,305634.780651,213.927848,4.518416,1,2,1,0.017724
1,14298.000000,15702.000000,2,752.637125,353354.273362,273.863569,4.634133,1,2,1,0.018734
2,14905.000000,15095.000000,2,797.504002,430972.588226,247.846948,4.936701,1,2,1,0.017988
3,19078.000000,10922.000000,2,763.146633,235826.513023,65.581489,7.205951,1,2,1,0.020528
