generation,prey_fitness,predator_fitness,num_alive_end,avg_bb_size,var_bb_size,avg_shortest_dist,swarm_density_count,prey_neurons_connected_prey_retina,prey_neurons_connected_predator_retina,predator_neurons_connected_prey_retina,mutual_info
1,13462.000000,16538.000000,2,727.421072,338588.597261,150.534521,4.380792,2,2,1,0.032003
1,16194.000000,13806.000000,2,954.663353,403518.355480,163.839501,5.153605,2,2,1,0.017888
2,15971.000000,14029.000000,2,873.960442,414570.535069,132.593990,5.286534,2,2,1,0.019758
3,17851.000000,12149.000000,2,953.098244,296739.970731,105.226504,5.952020,2,2,1,0.018624
