generation,prey_fitness,predator_fitness,num_alive_end,avg_bb_size,var_bb_size,avg_shortest_dist,swarm_density_count,prey_neurons_connected_prey_retina,prey_neurons_connected_predator_retina,predator_neurons_connected_prey_retina,mutual_info
1,17275.000000,12725.000000,2,1532.510652,985230.311641,497.307546,4.580258,2,2,1,0.018666
1,16540.000000,13460.000000,2,1100.596100,655769.250018,178.895277,5.127487,2,2,1,0.017420
2,13913.000000,16087.000000,2,1311.292678,974814.833136,696.166335,3.386428,2,2,1,0.018899
3,13834.000000,16166.000000,2,1145.587096,636488.856140,716.429776,3.816601,2,2,1,0.022898
