generation,prey_fitness,predator_fitness,num_alive_end,avg_bb_size,var_bb_size,avg_shortest_dist,swarm_density_count,prey_neurons_connected_prey_retina,prey_neurons_connected_predator_retina,predator_neurons_connected_prey_retina,mutual_info
1,17145.000000,12855.000000,2,1151.900260,601493.066484,70.320734,4.894436,2,1,3,0.029640
1,14673.000000,15327.000000,2,1174.636414,1076695.447874,150.515611,4.026366,2,1,3,0.032470
2,14851.000000,15149.000000,2,845.164715,470557.970883,107.773005,4.364869,2,1,3,0.048165
3,11362.000000,18638.000000,2,710.879175,389748.876879,427.303325,3.048512,2,1,3,0.047854
