generation,prey_fitness,predator_fitness,num_alive_end,avg_bb_size,var_bb_size,avg_shortest_dist,swarm_density_count,prey_neurons_connected_prey_retina,prey_neurons_connected_predator_retina,predator_neurons_connected_prey_retina,mutual_info
1,29309.000000,691.000000,13,307.258549,5605.423704,10.844603,13.655500,3,3,1,0.004488
1,29941.000000,59.000000,14,315.417714,4661.450589,11.910234,13.971000,3,3,1,0.010996
2,29631.000000,369.000000,14,308.408092,4538.650739,11.676461,13.816000,3,3,1,0.006084
3,28899.000000,1101.000000,14,301.708473,3908.015819,11.167449,13.450000,3,3,1,0.005255
