generation,prey_fitness,predator_fitness,num_alive_end,avg_bb_size,var_bb_size,avg_shortest_dist,swarm_density_count,prey_neurons_connected_prey_retina,prey_neurons_connected_predator_retina,predator_neurons_connected_prey_retina,mutual_info
1,8761.000000,21239.000000,2,20975.111927,293835643.807796,37912.363189,0.484139,0,0,1,0.094761
1,8567.000000,21433.000000,2,34473.365544,335325881.833688,50641.162812,0.450621,0,0,1,0.090911
2,9294.000000,20706.000000,2,61014.209371,1982217114.799597,114941.164876,0.561118,0,0,1,0.094269
3,10595.000000,19405.000000,2,28010.065577,480160143.921750,19241.083915,0.736646,0,0,1,0.080802
