generation,prey_fitness,predator_fitness,num_alive_end,avg_bb_size,var_bb_size,avg_shortest_dist,swarm_density_count,prey_neurons_connected_prey_retina,prey_neurons_connected_predator_retina,predator_neurons_connected_prey_retina,mutual_info
1,14166.000000,15834.000000,2,1516.184761,1847530.952399,361.413458,3.265008,2,3,1,0.027441
1,8553.000000,21447.000000,2,710.583218,569224.132466,660.697449,2.092102,2,3,1,0.039856
2,10750.000000,19250.000000,2,891.791620,821901.160391,542.852143,2.836870,2,3,1,0.062991
3,11470.000000,18530.000000,2,1276.348894,1830653.627250,472.497366,2.642243,2,3,1,0.029856
