generation,prey_fitness,predator_fitness,num_alive_end,avg_bb_size,var_bb_size,avg_shortest_dist,swarm_density_count,prey_neurons_connected_prey_retina,prey_neurons_connected_predator_retina,predator_neurons_connected_prey_retina,mutual_info
1,9977.000000,20023.000000,2,1629.714935,1950339.071843,2015.605375,1.915344,1,2,3,0.041975
1,11721.000000,18279.000000,2,1346.713550,1619563.428188,482.608604,2.687484,1,2,3,0.038163
2,10166.000000,19834.000000,2,1470.914791,1690271.749629,1714.456089,1.984616,1,2,3,0.040662
3,9079.000000,20921.000000,2,978.441553,868195.566097,1588.033756,1.998822,1,2,3,0.037632
