generation,prey_fitness,predator_fitness,num_alive_end,avg_bb_size,var_bb_size,avg_shortest_dist,swarm_density_count,prey_neurons_connected_prey_retina,prey_neurons_connected_predator_retina,predator_neurons_connected_prey_retina,mutual_info
1,27822.000000,2178.000000,12,273.081048,3093.866034,8.561005,12.912500,3,1,1,0.004785
1,27788.000000,2212.000000,13,271.035684,2916.524886,8.001822,12.895000,3,1,1,0.005865
2,27585.000000,2415.000000,12,271.633661,3408.858372,8.182139,12.794000,3,1,1,0.009928
3,28935.000000,1065.000000,14,277.886144,2987.605909,7.632599,13.468000,3,1,1,0.008945
