generation,prey_fitness,predator_fitness,num_alive_end,avg_bb_size,var_bb_size,avg_shortest_dist,swarm_density_count,prey_neurons_connected_prey_retina,prey_neurons_connected_predator_retina,predator_neurons_connected_prey_retina,mutual_info
1,24189.000000,5811.000000,5,559.403155,84655.291574,15.504904,9.398907,1,1,2,0.014130
1,20268.000000,9732.000000,4,464.471443,60949.092108,18.471733,7.978847,1,1,2,0.013011
2,22929.000000,7071.000000,7,502.162028,58772.492484,12.638658,9.203753,1,1,2,0.016586
3,23339.000000,6661.000000,7,551.019886,71973.563848,12.173516,9.054925,1,1,2,0.011422
