generation,prey_fitness,predator_fitness,num_alive_end,avg_bb_size,var_bb_size,avg_shortest_dist,swarm_density_count,prey_neurons_connected_prey_retina,prey_neurons_connected_predator_retina,predator_neurons_connected_prey_retina,mutual_info
1,12617.000000,17383.000000,2,883.900444,557906.847066,510.498210,3.481140,4,1,3,0.028369
1,12383.000000,17617.000000,2,799.653001,509531.595664,441.718430,3.519670,4,1,3,0.023641
2,12549.000000,17451.000000,2,667.213222,457574.720332,204.271859,3.961968,4,1,3,0.021327
3,16879.000000,13121.000000,2,1058.549389,495911.473156,245.409268,5.248772,4,1,3,0.026638
