generation,prey_fitness,predator_fitness,num_alive_end,avg_bb_size,var_bb_size,avg_shortest_dist,swarm_density_count,prey_neurons_connected_prey_retina,prey_neurons_connected_predator_retina,predator_neurons_connected_prey_retina,mutual_info
1,13029.000000,16971.000000,2,45011.610378,633095897.393539,31711.870572,0.522938,0,1,3,0.056148
1,13880.000000,16120.000000,2,68948.592584,2036617392.048466,41474.524901,0.459400,0,1,3,0.052191
2,12823.000000,17177.000000,2,41250.752008,833672750.710193,15516.221269,0.550612,0,1,3,0.068252
3,11909.000000,18091.000000,2,35503.371800,896152022.506242,15627.587377,0.549759,0,1,3,0.078243
