generation,prey_fitness,predator_fitness,num_alive_end,avg_bb_size,var_bb_size,avg_shortest_dist,swarm_density_count,prey_neurons_connected_prey_retina,prey_neurons_connected_predator_retina,predator_neurons_connected_prey_retina,mutual_info
1,19805.000000,10195.000000,2,1193.582401,299818.240684,110.900881,6.659726,3,0,1,0.010400
1,17736.000000,12264.000000,2,1077.530480,379809.043008,144.923428,5.900889,3,0,1,0.014201
2,21910.000000,8090.000000,5,1412.864615,349653.898176,83.173824,7.210276,3,0,1,0.009901
3,15500.000000,14500.000000,2,938.009409,306409.809256,188.317034,5.104353,3,0,1,0.022490
