generation,prey_fitness,predator_fitness,num_alive_end,avg_bb_size,var_bb_size,avg_shortest_dist,swarm_density_count,prey_neurons_connected_prey_retina,prey_neurons_connected_predator_retina,predator_neurons_connected_prey_retina,mutual_info
1,14955.000000,15045.000000,2,652.673094,208794.356297,186.561379,5.413503,1,0,1,0.019440
1,19975.000000,10025.000000,4,1162.758913,243341.150493,75.702657,6.723543,1,0,1,0.012843
2,18426.000000,11574.000000,4,931.513039,236428.343850,81.389022,6.461355,1,0,1,0.013725
3,15075.000000,14925.000000,2,693.562877,198902.931123,158.826617,5.244624,1,0,1,0.028010
