generation,prey_fitness,predator_fitness,num_alive_end,avg_bb_size,var_bb_size,avg_shortest_dist,swarm_density_count,prey_neurons_connected_prey_retina,prey_neurons_connected_predator_retina,predator_neurons_connected_prey_retina,mutual_info
1,9997.000000,20003.000000,2,17841.667687,190553056.509094,28326.099643,0.503654,5,3,1,0.057454
1,9615.000000,20385.000000,2,9718.657650,48094428.612922,12670.965813,0.607512,5,3,1,0.137747
2,8166.000000,21834.000000,2,4912.030063,48670678.240056,3550.860158,0.625622,5,3,1,0.073988
3,7718.000000,22282.000000,2,8442.965690,116732617.803906,6218.260478,0.527205,5,3,1,0.096261
