generation,prey_fitness,predator_fitness,num_alive_end,avg_bb_size,var_bb_size,avg_shortest_dist,swarm_density_count,prey_neurons_connected_prey_retina,prey_neurons_connected_predator_retina,predator_neurons_connected_prey_retina,mutual_info
1,12009.000000,17991.000000,2,64580.339534,1346962549.893491,70223.903389,0.575382,1,1,1,0.077862
1,8363.000000,21637.000000,2,15285.912779,61002506.445105,34632.806038,0.597942,1,1,1,0.078823
2,7247.000000,22753.000000,2,5939.581054,51044270.033939,11918.710486,0.522307,1,1,1,0.111313
3,8222.000000,21778.000000,2,8312.543905,84340278.822081,13933.524851,0.750387,1,1,1,0.090071
