generation,prey_fitness,predator_fitness,num_alive_end,avg_bb_size,var_bb_size,avg_shortest_dist,swarm_density_count,prey_neurons_connected_prey_retina,prey_neurons_connected_predator_retina,predator_neurons_connected_prey_retina,mutual_info
1,12304.000000,17696.000000,2,73720.681194,3511318602.580089,67936.298070,0.562808,2,2,1,0.060544
1,13691.000000,16309.000000,2,74871.316371,1132432018.757568,70869.960401,0.748366,2,2,1,0.062347
2,12720.000000,17280.000000,2,51651.350006,814546082.325543,87686.560481,0.555486,2,2,1,0.078658
3,9998.000000,20002.000000,2,27222.089097,409083865.109789,37962.827001,0.442377,2,2,1,0.093141
