generation,prey_fitness,predator_fitness,num_alive_end,avg_bb_size,var_bb_size,avg_shortest_dist,swarm_density_count,prey_neurons_connected_prey_retina,prey_neurons_connected_predator_retina,predator_neurons_connected_prey_retina,mutual_info
1,13947.000000,16053.000000,2,990.514110,764901.933109,569.366600,4.022512,1,2,4,0.022351
1,16046.000000,13954.000000,2,1272.172438,1085089.210310,240.820181,4.713284,1,2,4,0.016287
2,9267.000000,20733.000000,2,627.959262,552036.774501,469.365831,2.627411,1,2,4,0.032645
3,10752.000000,19248.000000,2,699.671499,720784.587454,126.723010,3.155346,1,2,4,0.056489
