generation,prey_fitness,predator_fitness,num_alive_end,avg_bb_size,var_bb_size,avg_shortest_dist,swarm_density_count,prey_neurons_connected_prey_retina,prey_neurons_connected_predator_retina,predator_neurons_connected_prey_retina,mutual_info
1,17573.000000,12427.000000,5,504.846027,81743.192035,45.943106,7.427638,2,1,1,0.014171
1,27150.000000,2850.000000,11,652.232124,46899.440045,21.901395,12.252308,2,1,1,0.007735
2,28788.000000,1212.000000,13,728.017957,32233.552511,22.683177,12.858233,2,1,1,0.006564
3,26262.000000,3738.000000,12,664.192827,52331.546042,24.815859,11.707322,2,1,1,0.006078
