generation,prey_fitness,predator_fitness,num_alive_end,avg_bb_size,var_bb_size,avg_shortest_dist,swarm_density_count,prey_neurons_connected_prey_retina,prey_neurons_connected_predator_retina,predator_neurons_connected_prey_retina,mutual_info
1,11096.000000,18904.000000,2,12975.829740,193603537.063033,6490.154168,0.761197,1,1,3,0.084109
1,8606.000000,21394.000000,2,8434.610669,88281350.777200,7141.364330,0.550566,1,1,3,0.072517
2,11418.000000,18582.000000,2,11514.144353,106063578.458674,5809.341182,0.801510,1,1,3,0.058897
3,9541.000000,20459.000000,2,41623.388621,452172205.067960,55558.874588,0.545834,1,1,3,0.066113
