generation,prey_fitness,predator_fitness,num_alive_end,avg_bb_size,var_bb_size,avg_shortest_dist,swarm_density_count,prey_neurons_connected_prey_retina,prey_neurons_connected_predator_retina,predator_neurons_connected_prey_retina,mutual_info
1,8773.000000,21227.000000,2,9198.033090,58224131.993305,23144.116060,0.573484,3,1,1,0.083986
1,8075.000000,21925.000000,2,5591.485414,44480193.705044,5956.356555,0.545106,3,1,1,0.055299
2,9444.000000,20556.000000,2,13388.188894,52750051.555323,21512.251676,0.651953,3,1,1,0.105022
3,8703.000000,21297.000000,2,7177.414219,52011452.395459,9687.200877,0.581628,3,1,1,0.052075
