generation,prey_fitness,predator_fitness,num_alive_end,avg_bb_size,var_bb_size,avg_shortest_dist,swarm_density_count,prey_neurons_connected_prey_retina,prey_neurons_connected_predator_retina,predator_neurons_connected_prey_retina,mutual_info
1,8822.000000,21178.000000,2,2445.515974,8990710.003096,2800.528164,1.282844,1,2,2,0.080865
1,12499.000000,17501.000000,2,4305.124677,22643129.777844,1206.558134,1.795566,1,2,2,0.080097
2,10944.000000,19056.000000,2,3998.579572,28950031.224923,1709.782245,1.268284,1,2,2,0.047157
3,8693.000000,21307.000000,2,3382.457724,15865445.019615,7842.132925,1.034901,1,2,2,0.063724
