generation,prey_fitness,predator_fitness,num_alive_end,avg_bb_size,var_bb_size,avg_shortest_dist,swarm_density_count,prey_neurons_connected_prey_retina,prey_neurons_connected_predator_retina,predator_neurons_connected_prey_retina,mutual_info
1,8783.000000,21217.000000,2,6452.311284,41908538.397972,8325.373940,0.612634,1,1,1,0.075655
1,9353.000000,20647.000000,2,11209.686138,100163435.893564,22957.904228,0.595377,1,1,1,0.093358
2,10527.000000,19473.000000,2,10494.956636,103485995.750713,5078.970660,0.748100,1,1,1,0.080516
3,10889.000000,19111.000000,2,19604.770171,148755816.606346,49572.438002,0.605029,1,1,1,0.065854
