generation,prey_fitness,predator_fitness,num_alive_end,avg_bb_size,var_bb_size,avg_shortest_dist,swarm_density_count,prey_neurons_connected_prey_retina,prey_neurons_connected_predator_retina,predator_neurons_connected_prey_retina,mutual_info
1,20565.000000,9435.000000,5,2013.639651,579685.687688,97.030871,5.390546,1,1,2,0.018851
1,21438.000000,8562.000000,2,2711.077319,3143990.501626,127.220408,4.863117,1,1,2,0.036801
2,10043.000000,19957.000000,2,778.751854,673400.479060,368.796428,2.701131,1,1,2,0.039610
3,13193.000000,16807.000000,2,1501.630083,3070766.554587,160.427918,3.291210,1,1,2,0.035379
