generation,prey_fitness,predator_fitness,num_alive_end,avg_bb_size,var_bb_size,avg_shortest_dist,swarm_density_count,prey_neurons_connected_prey_retina,prey_neurons_connected_predator_retina,predator_neurons_connected_prey_retina,mutual_info
1,22315.000000,7685.000000,9,331.144395,14176.321098,13.334727,10.122765,4,1,1,0.009999
1,24674.000000,5326.000000,12,392.305132,25306.310036,11.810769,11.122545,4,1,1,0.010384
2,22467.000000,7533.000000,9,292.697484,14670.174773,10.797439,10.207734,4,1,1,0.007842
3,26603.000000,3397.000000,10,437.150286,31417.233070,13.007564,12.051425,4,1,1,0.012558
