generation,prey_fitness,predator_fitness,num_alive_end,avg_bb_size,var_bb_size,avg_shortest_dist,swarm_density_count,prey_neurons_connected_prey_retina,prey_neurons_connected_predator_retina,predator_neurons_connected_prey_retina,mutual_info
1,22086.000000,7914.000000,7,455.614961,28662.291215,21.297760,9.618337,2,0,3,0.009642
1,29401.000000,599.000000,13,533.377746,36291.912329,15.136744,13.143861,2,0,3,0.008359
2,23421.000000,6579.000000,9,525.573582,31521.957664,19.177062,10.056269,2,0,3,0.011038
3,27440.000000,2560.000000,13,433.596414,24290.667691,15.548835,12.589306,2,0,3,0.010292
