generation,prey_fitness,predator_fitness,num_alive_end,avg_bb_size,var_bb_size,avg_shortest_dist,swarm_density_count,prey_neurons_connected_prey_retina,prey_neurons_connected_predator_retina,predator_neurons_connected_prey_retina,mutual_info
1,12801.000000,17199.000000,2,1045.152398,1125879.478690,429.295737,3.139250,3,1,1,0.035846
1,15072.000000,14928.000000,2,1303.189787,1187852.369321,403.930647,3.820916,3,1,1,0.034533
2,14693.000000,15307.000000,2,1384.778381,1806276.157864,354.194872,3.681002,3,1,1,0.050563
3,14943.000000,15057.000000,2,1303.265047,1402493.561484,334.628280,3.994151,3,1,1,0.036305
