generation,prey_fitness,predator_fitness,num_alive_end,avg_bb_size,var_bb_size,avg_shortest_dist,swarm_density_count,prey_neurons_connected_prey_retina,prey_neurons_connected_predator_retina,predator_neurons_connected_prey_retina,mutual_info
1,12570.000000,17430.000000,2,1256.660105,1287835.526134,501.702595,3.256727,1,0,1,0.028062
1,14897.000000,15103.000000,2,1478.571024,1085678.648329,507.613581,3.558965,1,0,1,0.037841
2,16408.000000,13592.000000,2,2021.981787,2693177.112954,267.475485,3.727113,1,0,1,0.033976
3,13536.000000,16464.000000,2,1502.358257,2122766.026551,494.851628,3.168993,1,0,1,0.062318
