generation,prey_fitness,predator_fitness,num_alive_end,avg_bb_size,var_bb_size,avg_shortest_dist,swarm_density_count,prey_neurons_connected_prey_retina,prey_neurons_connected_predator_retina,predator_neurons_connected_prey_retina,mutual_info
1,15138.000000,14862.000000,2,735.548577,613820.757769,187.617406,5.066830,3,0,1,0.024348
1,16309.000000,13691.000000,2,662.757755,197944.138805,146.520116,6.012970,3,0,1,0.022750
2,12261.000000,17739.000000,2,450.582137,200394.045535,234.961212,4.291114,3,0,1,0.025207
3,15155.000000,14845.000000,2,562.611608,249439.508295,105.802328,5.687128,3,0,1,0.021099
