generation,prey_fitness,predator_fitness,num_alive_end,avg_bb_size,var_bb_size,avg_shortest_dist,swarm_density_count,prey_neurons_connected_prey_retina,prey_neurons_connected_predator_retina,predator_neurons_connected_prey_retina,mutual_info
1,13605.000000,16395.000000,2,1136.838944,579833.847160,305.107433,4.098105,1,2,3,0.155801
1,14598.000000,15402.000000,2,1117.380830,282200.736604,586.734316,4.617822,1,2,3,0.329878
2,12435.000000,17565.000000,2,1082.953446,689603.281182,623.381489,3.492507,1,2,3,0.116728
3,13689.000000,16311.000000,2,897.848306,802520.598423,206.311800,4.483100,1,2,3,0.128979
