generation,prey_fitness,predator_fitness,num_alive_end,avg_bb_size,var_bb_size,avg_shortest_dist,swarm_density_count,prey_neurons_connected_prey_retina,prey_neurons_connected_predator_retina,predator_neurons_connected_prey_retina,mutual_info
1,17178.000000,12822.000000,2,646.668405,183352.906675,48.816571,6.102814,2,3,1,0.037767
1,19221.000000,10779.000000,2,800.386694,302930.613696,51.432904,6.543180,2,3,1,0.024483
2,16938.000000,13062.000000,2,645.544116,202190.267529,89.756595,6.092273,2,3,1,0.035098
3,18221.000000,11779.000000,3,770.550393,197708.950614,52.805351,6.431902,2,3,1,0.036883
