generation,prey_fitness,predator_fitness,num_alive_end,avg_bb_size,var_bb_size,avg_shortest_dist,swarm_density_count,prey_neurons_connected_prey_retina,prey_neurons_connected_predator_retina,predator_neurons_connected_prey_retina,mutual_info
1,12028.000000,17972.000000,2,7680.693777,61763135.080189,3585.247471,0.807196,2,0,3,0.054118
1,9397.000000,20603.000000,2,5642.037626,15064963.989989,6662.147687,0.881658,2,0,3,0.100141
2,9277.000000,20723.000000,2,4997.952942,15139132.701500,7454.506591,0.708590,2,0,3,0.055290
3,11515.000000,18485.000000,2,6183.004472,28381475.497017,4069.008280,0.945562,2,0,3,0.061158
