generation,prey_fitness,predator_fitness,num_alive_end,avg_bb_size,var_bb_size,avg_shortest_dist,swarm_density_count,prey_neurons_connected_prey_retina,prey_neurons_connected_predator_retina,predator_neurons_connected_prey_retina,mutual_info
1,11836.000000,18164.000000,2,15269.397147,81490944.469104,16455.766706,0.816651,1,3,1,0.080671
1,8174.000000,21826.000000,2,4159.407451,24922058.071566,5400.816169,0.724886,1,3,1,0.068924
2,8890.000000,21110.000000,2,6014.620033,28920653.511897,8278.444837,0.687541,1,3,1,0.087676
3,10858.000000,19142.000000,2,13830.806263,104530878.869149,11199.709766,0.858760,1,3,1,0.132977
