generation,prey_fitness,predator_fitness,num_alive_end,avg_bb_size,var_bb_size,avg_shortest_dist,swarm_density_count,prey_neurons_connected_prey_retina,prey_neurons_connected_predator_retina,predator_neurons_connected_prey_retina,mutual_info
1,8795.000000,21205.000000,2,11540.740681,47886749.016967,20775.922724,0.580148,0,3,1,0.071257
1,7452.000000,22548.000000,2,3401.084053,11128678.909184,5891.156682,0.675701,0,3,1,0.081180
2,11204.000000,18796.000000,2,9065.163481,65130427.353451,4484.551348,0.751798,0,3,1,0.044886
3,7369.000000,22631.000000,2,4927.199667,25514461.262244,11218.296130,0.706827,0,3,1,0.081421
