generation,prey_fitness,predator_fitness,num_alive_end,avg_bb_size,var_bb_size,avg_shortest_dist,swarm_density_count,prey_neurons_connected_prey_retina,prey_neurons_connected_predator_retina,predator_neurons_connected_prey_retina,mutual_info
1,9534.000000,20466.000000,2,17339.683417,212066752.837406,12648.982334,0.483308,0,1,1,0.084828
1,11644.000000,18356.000000,2,24469.295755,298612113.820814,26538.091806,0.529177,0,1,1,0.081742
2,10021.000000,19979.000000,2,14403.903761,112603378.545534,14637.158365,0.480449,0,1,1,0.097497
3,9598.000000,20402.000000,2,18588.355990,514784042.531860,8048.594030,0.499319,0,1,1,0.055054
