generation,prey_fitness,predator_fitness,num_alive_end,avg_bb_size,var_bb_size,avg_shortest_dist,swarm_density_count,prey_neurons_connected_prey_retina,prey_neurons_connected_predator_retina,predator_neurons_connected_prey_retina,mutual_info
1,8604.000000,21396.000000,2,6970.606772,39545519.279910,12517.519130,0.625893,0,1,1,0.067534
1,9540.000000,20460.000000,2,14281.762909,116236891.063583,30147.803154,0.710353,0,1,1,0.057360
2,9151.000000,20849.000000,2,11875.505304,89555511.211969,18085.626379,0.711231,0,1,1,0.066681
3,11323.000000,18677.000000,2,25327.077299,336534053.657959,25678.685772,0.587768,0,1,1,0.062694
