generation,prey_fitness,predator_fitness,num_alive_end,avg_bb_size,var_bb_size,avg_shortest_dist,swarm_density_count,prey_neurons_connected_prey_retina,prey_neurons_connected_predator_retina,predator_neurons_connected_prey_retina,mutual_info
1,7216.000000,22784.000000,2,6729.301642,89404666.670399,6988.352416,0.576104,0,1,1,0.096858
1,11132.000000,18868.000000,2,27469.054706,415187047.208873,40170.923910,0.494088,0,1,1,0.048905
2,7578.000000,22422.000000,2,14106.028090,155814100.878435,35559.313408,0.421773,0,1,1,0.091171
3,11940.000000,18060.000000,2,59731.096170,610545233.794764,97763.283546,0.490313,0,1,1,0.067396
