generation,prey_fitness,predator_fitness,num_alive_end,avg_bb_size,var_bb_size,avg_shortest_dist,swarm_density_count,prey_neurons_connected_prey_retina,prey_neurons_connected_predator_retina,predator_neurons_connected_prey_retina,mutual_info
1,20460.000000,9540.000000,2,596.127153,150181.487230,52.653826,7.870578,1,1,1,0.009278
1,20294.000000,9706.000000,5,585.169574,83615.799754,28.522733,8.151799,1,1,1,0.017786
2,17494.000000,12506.000000,2,545.821034,129618.818304,92.580882,6.429674,1,1,1,0.021638
3,23044.000000,6956.000000,5,677.394037,115546.160723,25.190102,9.268598,1,1,1,0.015525
