generation,prey_fitness,predator_fitness,num_alive_end,avg_bb_size,var_bb_size,avg_shortest_dist,swarm_density_count,prey_neurons_connected_prey_retina,prey_neurons_connected_predator_retina,predator_neurons_connected_prey_retina,mutual_info
1,10135.000000,19865.000000,2,6152.452283,54473254.128011,3585.079440,0.857679,0,1,1,0.101707
1,10594.000000,19406.000000,2,14528.972406,112699583.804596,19387.761777,0.638522,0,1,1,0.084242
2,8988.000000,21012.000000,2,7753.157224,46872044.208890,8276.279613,0.711016,0,1,1,0.133692
3,11500.000000,18500.000000,2,13568.192858,225095805.797086,7089.504497,0.664976,0,1,1,0.091652
