generation,prey_fitness,predator_fitness,num_alive_end,avg_bb_size,var_bb_size,avg_shortest_dist,swarm_density_count,prey_neurons_connected_prey_retina,prey_neurons_connected_predator_retina,predator_neurons_connected_prey_retina,mutual_info
1,17343.000000,12657.000000,2,760.641396,277279.381715,68.951180,5.947735,2,2,1,0.027710
1,20842.000000,9158.000000,4,940.277689,259315.409954,50.452594,7.178941,2,2,1,0.027099
2,16585.000000,13415.000000,2,763.702428,242098.164535,108.284367,5.811900,2,2,1,0.024535
3,22908.000000,7092.000000,5,1021.294916,232913.852848,41.710805,8.170570,2,2,1,0.015336
