generation,prey_fitness,predator_fitness,num_alive_end,avg_bb_size,var_bb_size,avg_shortest_dist,swarm_density_count,prey_neurons_connected_prey_retina,prey_neurons_connected_predator_retina,predator_neurons_connected_prey_retina,mutual_info
1,12199.000000,17801.000000,2,44702.550171,691040487.563791,69580.047026,0.829820,3,1,1,0.054827
1,10303.000000,19697.000000,2,19866.371030,576254202.265013,5839.358604,0.677509,3,1,1,0.101478
2,9112.000000,20888.000000,2,25492.804310,459225705.572017,42686.384878,0.543489,3,1,1,0.093074
3,11005.000000,18995.000000,2,15682.001307,301989693.354886,8992.154997,0.941432,3,1,1,0.073843
