generation,prey_fitness,predator_fitness,num_alive_end,avg_bb_size,var_bb_size,avg_shortest_dist,swarm_density_count,prey_neurons_connected_prey_retina,prey_neurons_connected_predator_retina,predator_neurons_connected_prey_retina,mutual_info
1,22108.000000,7892.000000,8,650.770583,49591.144731,36.110226,9.418810,3,1,1,0.020237
1,19394.000000,10606.000000,6,621.378358,58766.370553,42.522648,8.058001,3,1,1,0.013787
2,18804.000000,11196.000000,3,645.669153,144612.391369,61.403031,7.406041,3,1,1,0.049426
3,21840.000000,8160.000000,7,689.871703,68165.389399,35.238645,9.320926,3,1,1,0.025082
