generation,prey_fitness,predator_fitness,num_alive_end,avg_bb_size,var_bb_size,avg_shortest_dist,swarm_density_count,prey_neurons_connected_prey_retina,prey_neurons_connected_predator_retina,predator_neurons_connected_prey_retina,mutual_info
1,10448.000000,19552.000000,2,35490.160017,643013633.955271,26452.091035,0.677098,3,0,2,0.068070
1,8327.000000,21673.000000,2,38790.050288,1367685725.264247,52818.847842,0.582958,3,0,2,0.081125
2,11725.000000,18275.000000,2,124733.920295,4152211038.040510,69259.955934,0.538177,3,0,2,0.064580
3,10689.000000,19311.000000,2,40282.143165,695555708.299210,54051.123742,0.686517,3,0,2,0.053005
