generation,prey_fitness,predator_fitness,num_alive_end,avg_bb_size,var_bb_size,avg_shortest_dist,swarm_density_count,prey_neurons_connected_prey_retina,prey_neurons_connected_predator_retina,predator_neurons_connected_prey_retina,mutual_info
1,23674.000000,6326.000000,8,618.696406,92247.874962,18.081958,9.464625,5,0,1,0.011329
1,25318.000000,4682.000000,11,590.332129,61100.128735,14.780627,10.323798,5,0,1,0.010597
2,19166.000000,10834.000000,4,492.069159,109288.951374,21.710518,7.693015,5,0,1,0.013359
3,23565.000000,6435.000000,8,669.574609,90518.344460,17.974334,9.163619,5,0,1,0.014065
