generation,prey_fitness,predator_fitness,num_alive_end,avg_bb_size,var_bb_size,avg_shortest_dist,swarm_density_count,prey_neurons_connected_prey_retina,prey_neurons_connected_predator_retina,predator_neurons_connected_prey_retina,mutual_info
1,23770.000000,6230.000000,7,502.833138,46076.581851,15.290989,10.269008,2,0,3,0.009852
1,24137.000000,5863.000000,10,548.214100,49571.589146,16.763313,10.339563,2,0,3,0.016600
2,19182.000000,10818.000000,4,414.232364,38811.891135,25.967104,8.245680,2,0,3,0.020899
3,17491.000000,12509.000000,2,410.464233,55893.925539,30.375931,7.302082,2,0,3,0.010495
