generation,prey_fitness,predator_fitness,num_alive_end,avg_bb_size,var_bb_size,avg_shortest_dist,swarm_density_count,prey_neurons_connected_prey_retina,prey_neurons_connected_predator_retina,predator_neurons_connected_prey_retina,mutual_info
1,11021.000000,18979.000000,2,5907.036220,28701149.327576,3901.269502,1.003146,0,2,2,0.046531
1,9102.000000,20898.000000,2,3314.255292,13731101.046580,3224.068513,0.868768,0,2,2,0.066712
2,9881.000000,20119.000000,2,3999.278236,15509802.686204,5102.500647,0.969118,0,2,2,0.066882
3,7662.000000,22338.000000,2,5035.338938,12349100.049895,9129.341636,0.541800,0,2,2,0.096690
