generation,prey_fitness,predator_fitness,num_alive_end,avg_bb_size,var_bb_size,avg_shortest_dist,swarm_density_count,prey_neurons_connected_prey_retina,prey_neurons_connected_predator_retina,predator_neurons_connected_prey_retina,mutual_info
1,9231.000000,20769.000000,2,19275.330824,442875319.984454,26428.266203,0.487188,1,0,1,0.055773
1,10938.000000,19062.000000,2,20499.914837,318516090.167133,11059.754690,0.440551,1,0,1,0.087547
2,12821.000000,17179.000000,2,17894.947302,254588255.078082,10170.900514,0.801025,1,0,1,0.053155
3,8232.000000,21768.000000,2,8102.043048,130740086.174865,6255.068595,0.565781,1,0,1,0.084267
