generation,prey_fitness,predator_fitness,num_alive_end,avg_bb_size,var_bb_size,avg_shortest_dist,swarm_density_count,prey_neurons_connected_prey_retina,prey_neurons_connected_predator_retina,predator_neurons_connected_prey_retina,mutual_info
1,10873.000000,19127.000000,2,890.269023,567598.068182,860.292959,2.887005,3,1,2,0.029253
1,15527.000000,14473.000000,2,1135.703084,727036.071445,743.428697,4.864036,3,1,2,0.026982
2,16989.000000,13011.000000,2,997.507523,596545.633441,85.195897,5.597482,3,1,2,0.024393
3,13269.000000,16731.000000,2,802.460303,366475.187532,465.881156,4.254639,3,1,2,0.023997
