generation,prey_fitness,predator_fitness,num_alive_end,avg_bb_size,var_bb_size,avg_shortest_dist,swarm_density_count,prey_neurons_connected_prey_retina,prey_neurons_connected_predator_retina,predator_neurons_connected_prey_retina,mutual_info
1,11443.000000,18557.000000,2,29172.009758,493695348.261772,20710.534724,0.571642,3,0,2,0.080354
1,12745.000000,17255.000000,2,32772.991453,935347324.809673,6838.583937,0.698587,3,0,2,0.058977
2,9057.000000,20943.000000,2,12550.681453,328210548.069849,4252.660978,0.771828,3,0,2,0.050788
3,12451.000000,17549.000000,2,40068.089053,1033820950.969796,8941.240215,0.584318,3,0,2,0.085258
