generation,prey_fitness,predator_fitness,num_alive_end,avg_bb_size,var_bb_size,avg_shortest_dist,swarm_density_count,prey_neurons_connected_prey_retina,prey_neurons_connected_predator_retina,predator_neurons_connected_prey_retina,mutual_info
1,12115.000000,17885.000000,2,28082.223737,392370901.381975,25302.949767,0.516891,0,1,2,0.068148
1,10542.000000,19458.000000,3,26599.777775,496794082.287207,10566.824747,0.478678,0,1,2,0.043740
2,9595.000000,20405.000000,2,27589.892434,459984178.137460,84960.036615,0.491625,0,1,2,0.086560
3,10062.000000,19938.000000,2,34992.310995,453878593.643677,55617.888316,0.473103,0,1,2,0.055867
