generation,prey_fitness,predator_fitness,num_alive_end,avg_bb_size,var_bb_size,avg_shortest_dist,swarm_density_count,prey_neurons_connected_prey_retina,prey_neurons_connected_predator_retina,predator_neurons_connected_prey_retina,mutual_info
1,9249.000000,20751.000000,2,12487.130868,56901051.705883,17673.968319,0.567718,2,2,1,0.117140
1,8546.000000,21454.000000,2,34844.233143,927758977.535924,64241.291605,0.583886,2,2,1,0.097021
2,9481.000000,20519.000000,2,10122.783624,57604667.254014,12592.520046,0.553183,2,2,1,0.074183
3,9626.000000,20374.000000,2,20857.337950,599575919.078834,14800.920313,0.559884,2,2,1,0.083152
