generation,prey_fitness,predator_fitness,num_alive_end,avg_bb_size,var_bb_size,avg_shortest_dist,swarm_density_count,prey_neurons_connected_prey_retina,prey_neurons_connected_predator_retina,predator_neurons_connected_prey_retina,mutual_info
1,21159.000000,8841.000000,4,504.878368,94400.262671,22.418278,8.351301,3,2,1,0.010247
1,18366.000000,11634.000000,4,422.742501,44315.290609,27.042416,7.635390,3,2,1,0.010453
2,16739.000000,13261.000000,2,400.578007,81555.196166,57.898816,6.550079,3,2,1,0.010476
3,20422.000000,9578.000000,7,409.073185,57051.285587,20.124513,8.697142,3,2,1,0.010675
