generation,prey_fitness,predator_fitness,num_alive_end,avg_bb_size,var_bb_size,avg_shortest_dist,swarm_density_count,prey_neurons_connected_prey_retina,prey_neurons_connected_predator_retina,predator_neurons_connected_prey_retina,mutual_info
1,10697.000000,19303.000000,2,25380.853115,310619143.895859,17043.832136,0.559388,0,1,1,0.126327
1,10604.000000,19396.000000,2,23905.537377,296475981.794363,27675.103040,0.488955,0,1,1,0.117773
2,9830.000000,20170.000000,2,58912.714686,783023669.605033,82170.347696,0.396818,0,1,1,0.090771
3,9889.000000,20111.000000,2,55550.823580,1014491860.786796,80140.280463,0.448588,0,1,1,0.115709
