generation,prey_fitness,predator_fitness,num_alive_end,avg_bb_size,var_bb_size,avg_shortest_dist,swarm_density_count,prey_neurons_connected_prey_retina,prey_neurons_connected_predator_retina,predator_neurons_connected_prey_retina,mutual_info
1,15906.000000,14094.000000,2,1311.420354,872177.254920,472.596859,4.557435,3,0,1,0.041163
1,16010.000000,13990.000000,2,1160.856749,650724.266554,398.303165,4.542681,3,0,1,0.027457
2,12886.000000,17114.000000,2,812.590939,356839.833040,553.606687,3.920897,3,0,1,0.042655
3,14080.000000,15920.000000,2,1071.490970,685583.115212,675.631860,3.996531,3,0,1,0.039796
