generation,prey_fitness,predator_fitness,num_alive_end,avg_bb_size,var_bb_size,avg_shortest_dist,swarm_density_count,prey_neurons_connected_prey_retina,prey_neurons_connected_predator_retina,predator_neurons_connected_prey_retina,mutual_info
1,14462.000000,15538.000000,2,34525.467023,875712175.841645,7637.211203,0.792653,1,1,5,0.061155
1,11944.000000,18056.000000,2,24685.929029,194204015.170943,18316.179241,0.648995,1,1,5,0.087619
2,9162.000000,20838.000000,2,8352.940845,39207613.297720,10856.771031,0.693745,1,1,5,0.141405
3,9239.000000,20761.000000,2,58136.597081,538954249.035949,82004.358849,0.490467,1,1,5,0.101812
