generation,prey_fitness,predator_fitness,num_alive_end,avg_bb_size,var_bb_size,avg_shortest_dist,swarm_density_count,prey_neurons_connected_prey_retina,prey_neurons_connected_predator_retina,predator_neurons_connected_prey_retina,mutual_info
1,10077.000000,19923.000000,2,6795.920630,52414066.079984,2420.481037,0.950814,1,1,1,0.083931
1,8429.000000,21571.000000,2,2962.466584,8888502.779541,3163.060652,0.917596,1,1,1,0.063368
2,12096.000000,17904.000000,2,8387.896091,110637638.282260,1439.211761,1.032317,1,1,1,0.054942
3,10770.000000,19230.000000,2,3850.072853,24739082.071382,1313.645173,1.272829,1,1,1,0.063025
