generation,prey_fitness,predator_fitness,num_alive_end,avg_bb_size,var_bb_size,avg_shortest_dist,swarm_density_count,prey_neurons_connected_prey_retina,prey_neurons_connected_predator_retina,predator_neurons_connected_prey_retina,mutual_info
1,9214.000000,20786.000000,2,28537.907681,317450981.214109,59881.097125,0.454748,1,0,1,0.079464
1,10268.000000,19732.000000,2,38968.269130,402079074.253014,61586.139084,0.471373,1,0,1,0.058219
2,10960.000000,19040.000000,2,33235.175273,177296135.665892,38114.683279,0.505432,1,0,1,0.131352
3,12589.000000,17411.000000,2,33445.746661,398051149.021478,21584.528635,0.482201,1,0,1,0.056976
