generation,prey_fitness,predator_fitness,num_alive_end,avg_bb_size,var_bb_size,avg_shortest_dist,swarm_density_count,prey_neurons_connected_prey_retina,prey_neurons_connected_predator_retina,predator_neurons_connected_prey_retina,mutual_info
1,8894.000000,21106.000000,2,21071.360665,152348549.075352,41724.545435,0.558947,1,2,1,0.131426
1,11630.000000,18370.000000,2,35646.098280,539244804.390982,29368.905270,0.475592,1,2,1,0.074990
2,11266.000000,18734.000000,2,27627.391572,990449177.993717,11446.485082,0.521038,1,2,1,0.114345
3,9228.000000,20772.000000,2,42302.639344,550665665.149838,73336.986434,0.417626,1,2,1,0.063779
