generation,prey_fitness,predator_fitness,num_alive_end,avg_bb_size,var_bb_size,avg_shortest_dist,swarm_density_count,prey_neurons_connected_prey_retina,prey_neurons_connected_predator_retina,predator_neurons_connected_prey_retina,mutual_info
1,16627.000000,13373.000000,2,763.217519,332419.040122,74.038174,5.695587,1,2,1,0.026190
1,17020.000000,12980.000000,2,589.566078,151936.094537,67.101053,6.406312,1,2,1,0.016698
2,15445.000000,14555.000000,2,470.398607,117574.163542,120.447526,6.073244,1,2,1,0.019828
3,18800.000000,11200.000000,2,592.228316,149083.032480,58.302054,7.552444,1,2,1,0.010564
