generation,prey_fitness,predator_fitness,num_alive_end,avg_bb_size,var_bb_size,avg_shortest_dist,swarm_density_count,prey_neurons_connected_prey_retina,prey_neurons_connected_predator_retina,predator_neurons_connected_prey_retina,mutual_info
1,24645.000000,5355.000000,7,333.649559,12822.487728,13.826821,11.321734,2,1,1,0.016375
1,25748.000000,4252.000000,11,382.885562,14527.830333,14.630949,11.823652,2,1,1,0.013168
2,25473.000000,4527.000000,10,329.966471,8166.502471,13.324055,11.731709,2,1,1,0.014457
3,23697.000000,6303.000000,11,324.434050,9865.405911,14.803951,10.844333,2,1,1,0.021867
