generation,prey_fitness,predator_fitness,num_alive_end,avg_bb_size,var_bb_size,avg_shortest_dist,swarm_density_count,prey_neurons_connected_prey_retina,prey_neurons_connected_predator_retina,predator_neurons_connected_prey_retina,mutual_info
1,15267.000000,14733.000000,2,658.603861,241294.895993,137.135229,5.597940,2,2,1,0.017919
1,21583.000000,8417.000000,3,1086.069699,340182.698155,57.787267,7.183345,2,2,1,0.019858
2,12853.000000,17147.000000,2,714.812081,380258.055860,222.193681,3.943408,2,2,1,0.033727
3,14980.000000,15020.000000,2,1030.612376,545569.823081,385.940533,4.188036,2,2,1,0.028790
