generation,prey_fitness,predator_fitness,num_alive_end,avg_bb_size,var_bb_size,avg_shortest_dist,swarm_density_count,prey_neurons_connected_prey_retina,prey_neurons_connected_predator_retina,predator_neurons_connected_prey_retina,mutual_info
1,24023.000000,5977.000000,5,628.385795,65396.284436,25.478244,9.801988,1,1,1,0.010693
1,19808.000000,10192.000000,8,475.324079,36283.808391,25.504903,8.388817,1,1,1,0.016095
2,24638.000000,5362.000000,8,561.766755,57626.027348,17.532580,10.605998,1,1,1,0.009149
3,22354.000000,7646.000000,8,594.147348,69597.125632,18.257436,9.121751,1,1,1,0.013596
