generation,prey_fitness,predator_fitness,num_alive_end,avg_bb_size,var_bb_size,avg_shortest_dist,swarm_density_count,prey_neurons_connected_prey_retina,prey_neurons_connected_predator_retina,predator_neurons_connected_prey_retina,mutual_info
1,28365.000000,1635.000000,12,500.079070,35145.175195,11.126704,12.333983,2,2,3,0.032214
1,24966.000000,5034.000000,10,442.919049,22220.073312,13.655522,11.168733,2,2,3,0.050259
2,24668.000000,5332.000000,9,432.909561,32305.210464,13.888780,10.934515,2,2,3,0.035571
3,23882.000000,6118.000000,7,441.111004,33748.595309,13.550660,10.363780,2,2,3,0.037371
