generation,prey_fitness,predator_fitness,num_alive_end,avg_bb_size,var_bb_size,avg_shortest_dist,swarm_density_count,prey_neurons_connected_prey_retina,prey_neurons_connected_predator_retina,predator_neurons_connected_prey_retina,mutual_info
1,19290.000000,10710.000000,4,513.951643,65838.857909,35.434654,8.234727,1,1,3,0.027524
1,19272.000000,10728.000000,2,544.136433,95129.463161,45.320755,8.202800,1,1,3,0.022312
2,23685.000000,6315.000000,6,576.369291,46735.001098,26.450281,10.435152,1,1,3,0.012237
3,26897.000000,3103.000000,11,707.742592,78953.745619,23.243342,11.551327,1,1,3,0.025666
