generation,prey_fitness,predator_fitness,num_alive_end,avg_bb_size,var_bb_size,avg_shortest_dist,swarm_density_count,prey_neurons_connected_prey_retina,prey_neurons_connected_predator_retina,predator_neurons_connected_prey_retina,mutual_info
1,12136.000000,17864.000000,2,1819.900014,6021320.704974,362.267425,2.500704,1,0,2,0.055049
1,11988.000000,18012.000000,2,1464.396796,2210339.412524,623.050169,2.308234,1,0,2,0.031413
2,11215.000000,18785.000000,2,1501.054458,2768159.257238,513.397427,2.170165,1,0,2,0.032185
3,11475.000000,18525.000000,2,1147.455519,1160279.882977,790.007920,2.848301,1,0,2,0.035658
