generation,prey_fitness,predator_fitness,num_alive_end,avg_bb_size,var_bb_size,avg_shortest_dist,swarm_density_count,prey_neurons_connected_prey_retina,prey_neurons_connected_predator_retina,predator_neurons_connected_prey_retina,mutual_info
1,15393.000000,14607.000000,2,1295.340633,1192333.066365,185.503173,4.365916,1,0,1,0.030917
1,21215.000000,8785.000000,4,1586.942805,744176.455552,86.494329,6.558319,1,0,1,0.018979
2,14877.000000,15123.000000,2,1539.865569,2021997.266344,224.161414,3.738438,1,0,1,0.026214
3,12632.000000,17368.000000,2,1016.261017,1333260.171929,232.628032,3.436659,1,0,1,0.039102
