generation,prey_fitness,predator_fitness,num_alive_end,avg_bb_size,var_bb_size,avg_shortest_dist,swarm_density_count,prey_neurons_connected_prey_retina,prey_neurons_connected_predator_retina,predator_neurons_connected_prey_retina,mutual_info
1,13723.000000,16277.000000,2,927.695785,867288.925368,188.196799,3.938836,1,0,1,0.027818
1,13254.000000,16746.000000,2,1021.530759,806472.200246,440.631901,3.374432,1,0,1,0.028799
2,12643.000000,17357.000000,2,821.876778,650908.372250,275.605968,3.538058,1,0,1,0.032287
3,11065.000000,18935.000000,2,942.995463,1068817.402423,421.276084,2.770036,1,0,1,0.047210
