generation,prey_fitness,predator_fitness,num_alive_end,avg_bb_size,var_bb_size,avg_shortest_dist,swarm_density_count,prey_neurons_connected_prey_retina,prey_neurons_connected_predator_retina,predator_neurons_connected_prey_retina,mutual_info
1,13351.000000,16649.000000,2,96937.317224,2875163656.445589,61344.238984,0.586344,3,0,2,0.052951
1,12147.000000,17853.000000,2,60473.471162,1949334162.300145,28885.998492,0.759874,3,0,2,0.072878
2,12997.000000,17003.000000,2,44076.498184,1448989068.946995,20982.438377,0.569123,3,0,2,0.076155
3,9360.000000,20640.000000,2,29766.412032,1338811849.694498,17747.430095,0.572797,3,0,2,0.101834
