generation,prey_fitness,predator_fitness,num_alive_end,avg_bb_size,var_bb_size,avg_shortest_dist,swarm_density_count,prey_neurons_connected_prey_retina,prey_neurons_connected_predator_retina,predator_neurons_connected_prey_retina,mutual_info
1,9003.000000,20997.000000,2,17408.750909,194434672.732947,16958.716906,0.481156,3,1,1,0.046205
1,10818.000000,19182.000000,2,45384.777731,1017324780.697248,29936.699821,0.418910,3,1,1,0.035096
2,13316.000000,16684.000000,2,48860.180920,1806443165.518279,20142.442500,0.490195,3,1,1,0.059818
3,15712.000000,14288.000000,4,123151.843906,3786756904.722884,29629.948617,0.510611,3,1,1,0.035356
