generation,prey_fitness,predator_fitness,num_alive_end,avg_bb_size,var_bb_size,avg_shortest_dist,swarm_density_count,prey_neurons_connected_prey_retina,prey_neurons_connected_predator_retina,predator_neurons_connected_prey_retina,mutual_info
1,21984.000000,8016.000000,4,507.367966,42050.133142,22.936314,9.337124,1,1,1,0.024227
1,20023.000000,9977.000000,3,464.940169,54951.808155,30.512163,8.416864,1,1,1,0.041316
2,18036.000000,11964.000000,3,453.784703,54590.396708,42.885987,7.667531,1,1,1,0.024595
3,16959.000000,13041.000000,4,375.927663,27441.610496,39.535081,7.136755,1,1,1,0.074377
