generation,prey_fitness,predator_fitness,num_alive_end,avg_bb_size,var_bb_size,avg_shortest_dist,swarm_density_count,prey_neurons_connected_prey_retina,prey_neurons_connected_predator_retina,predator_neurons_connected_prey_retina,mutual_info
1,26750.000000,3250.000000,12,291.979901,3706.574815,14.164808,12.376500,1,1,1,0.007236
1,28409.000000,1591.000000,13,286.176103,5696.704764,11.315335,13.205500,1,1,1,0.011499
2,28414.000000,1586.000000,13,270.047080,4160.302574,9.453713,13.208000,1,1,1,0.008082
3,29580.000000,420.000000,14,305.244176,5384.679867,10.542429,13.790500,1,1,1,0.004107
