generation,prey_fitness,predator_fitness,num_alive_end,avg_bb_size,var_bb_size,avg_shortest_dist,swarm_density_count,prey_neurons_connected_prey_retina,prey_neurons_connected_predator_retina,predator_neurons_connected_prey_retina,mutual_info
1,14411.000000,15589.000000,3,108655.685443,5530274352.224402,22255.835201,0.507518,1,3,1,0.046553
1,11674.000000,18326.000000,2,63637.221573,1964135905.843656,20704.152628,0.612974,1,3,1,0.061810
2,16373.000000,13627.000000,3,124154.563147,4243873696.259944,18558.116756,0.622274,1,3,1,0.061054
3,12666.000000,17334.000000,3,69654.886958,2148676526.123603,36262.876629,0.658355,1,3,1,0.063959
