generation,prey_fitness,predator_fitness,num_alive_end,avg_bb_size,var_bb_size,avg_shortest_dist,swarm_density_count,prey_neurons_connected_prey_retina,prey_neurons_connected_predator_retina,predator_neurons_connected_prey_retina,mutual_info
1,9629.000000,20371.000000,2,9060.284097,70976506.703481,11622.249951,0.593777,0,2,1,0.072223
1,9217.000000,20783.000000,2,13981.807667,115133728.925528,15967.322822,0.463587,0,2,1,0.120084
2,7903.000000,22097.000000,2,7773.958986,56038705.106543,16391.297643,0.586044,0,2,1,0.127262
3,9670.000000,20330.000000,2,12769.597065,163609728.382281,8556.977697,0.561678,0,2,1,0.096992
