generation,prey_fitness,predator_fitness,num_alive_end,avg_bb_size,var_bb_size,avg_shortest_dist,swarm_density_count,prey_neurons_connected_prey_retina,prey_neurons_connected_predator_retina,predator_neurons_connected_prey_retina,mutual_info
1,10395.000000,19605.000000,2,635.314188,350011.770221,539.133441,3.027003,4,1,2,0.025917
1,15407.000000,14593.000000,2,974.724191,591149.608520,276.355361,4.445307,4,1,2,0.035337
2,14786.000000,15214.000000,2,861.941512,492458.503177,333.390376,4.343082,4,1,2,0.027356
3,11460.000000,18540.000000,2,796.290550,490775.479978,446.487743,3.129575,4,1,2,0.040641
