generation,prey_fitness,predator_fitness,num_alive_end,avg_bb_size,var_bb_size,avg_shortest_dist,swarm_density_count,prey_neurons_connected_prey_retina,prey_neurons_connected_predator_retina,predator_neurons_connected_prey_retina,mutual_info
1,14608.000000,15392.000000,2,954.727041,475788.927004,257.418285,4.408512,1,1,4,0.026076
1,11739.000000,18261.000000,2,719.257381,547691.348977,312.151940,3.467400,1,1,4,0.022534
2,12593.000000,17407.000000,2,693.242856,462497.030973,156.310471,3.800287,1,1,4,0.020108
3,12340.000000,17660.000000,2,606.741827,238107.955619,187.935616,4.077287,1,1,4,0.029813
