generation,prey_fitness,predator_fitness,num_alive_end,avg_bb_size,var_bb_size,avg_shortest_dist,swarm_density_count,prey_neurons_connected_prey_retina,prey_neurons_connected_predator_retina,predator_neurons_connected_prey_retina,mutual_info
1,10603.000000,19397.000000,2,20247.701915,164849489.372611,23163.284636,0.619903,1,1,1,0.056316
1,8797.000000,21203.000000,2,14467.222298,78306516.810371,21323.114744,0.546250,1,1,1,0.060610
2,8628.000000,21372.000000,2,22187.164473,231910117.114944,44139.859755,0.519261,1,1,1,0.085805
3,11154.000000,18846.000000,2,30780.382970,375347353.417751,50301.945104,0.571111,1,1,1,0.068773
