generation,prey_fitness,predator_fitness,num_alive_end,avg_bb_size,var_bb_size,avg_shortest_dist,swarm_density_count,prey_neurons_connected_prey_retina,prey_neurons_connected_predator_retina,predator_neurons_connected_prey_retina,mutual_info
1,14927.000000,15073.000000,2,663.736620,384414.329929,67.545865,5.246913,3,3,1,0.017508
1,20777.000000,9223.000000,2,997.861268,312803.303864,45.552098,7.014712,3,3,1,0.024276
2,20597.000000,9403.000000,4,1161.985743,684957.889601,48.125143,6.650686,3,3,1,0.025491
3,13920.000000,16080.000000,2,542.662391,238279.253873,141.658236,5.070020,3,3,1,0.015205
