generation,prey_fitness,predator_fitness,num_alive_end,avg_bb_size,var_bb_size,avg_shortest_dist,swarm_density_count,prey_neurons_connected_prey_retina,prey_neurons_connected_predator_retina,predator_neurons_connected_prey_retina,mutual_info
1,22946.000000,7054.000000,6,1685.923752,749444.631905,60.083328,6.512426,3,3,1,0.018667
1,9491.000000,20509.000000,2,574.709876,368141.904904,313.031042,2.807498,3,3,1,0.040323
2,13804.000000,16196.000000,2,779.476537,467697.784824,326.330179,4.303372,3,3,1,0.028122
3,17693.000000,12307.000000,2,1246.553929,760161.051708,152.198817,5.262960,3,3,1,0.034588
