generation,prey_fitness,predator_fitness,num_alive_end,avg_bb_size,var_bb_size,avg_shortest_dist,swarm_density_count,prey_neurons_connected_prey_retina,prey_neurons_connected_predator_retina,predator_neurons_connected_prey_retina,mutual_info
1,9522.000000,20478.000000,2,6246.996841,28905039.099199,12182.079362,0.763199,1,1,1,0.097818
1,8417.000000,21583.000000,2,8473.738827,25983623.711063,24925.511817,0.558618,1,1,1,0.064214
2,8928.000000,21072.000000,2,7010.421075,26783923.777348,10589.854939,0.792739,1,1,1,0.087982
3,8381.000000,21619.000000,2,3741.946721,13745457.327976,4146.773400,0.771657,1,1,1,0.073198
