generation,prey_fitness,predator_fitness,num_alive_end,avg_bb_size,var_bb_size,avg_shortest_dist,swarm_density_count,prey_neurons_connected_prey_retina,prey_neurons_connected_predator_retina,predator_neurons_connected_prey_retina,mutual_info
1,10731.000000,19269.000000,2,6252.828159,74654541.587685,1684.888486,1.066826,1,0,1,0.054767
1,8165.000000,21835.000000,2,10821.576422,39270764.515859,17917.323892,0.623880,1,0,1,0.059898
2,8913.000000,21087.000000,2,5741.074132,28366912.897545,9380.087742,0.706596,1,0,1,0.090976
3,9582.000000,20418.000000,2,10013.441846,44394446.794860,15607.281346,0.723437,1,0,1,0.093951
