generation,prey_fitness,predator_fitness,num_alive_end,avg_bb_size,var_bb_size,avg_shortest_dist,swarm_density_count,prey_neurons_connected_prey_retina,prey_neurons_connected_predator_retina,predator_neurons_connected_prey_retina,mutual_info
1,14778.000000,15222.000000,2,1025.659875,814326.605662,335.720679,4.511718,1,0,1,0.018701
1,13788.000000,16212.000000,2,898.466154,612107.122560,165.855897,4.016142,1,0,1,0.035707
2,11962.000000,18038.000000,2,943.314866,667603.829075,581.343967,3.189922,1,0,1,0.041310
3,15771.000000,14229.000000,2,1038.640843,675545.120503,210.904513,4.752340,1,0,1,0.028274
