generation,prey_fitness,predator_fitness,num_alive_end,avg_bb_size,var_bb_size,avg_shortest_dist,swarm_density_count,prey_neurons_connected_prey_retina,prey_neurons_connected_predator_retina,predator_neurons_connected_prey_retina,mutual_info
1,9197.000000,20803.000000,2,9278.953268,40016086.914729,18020.206012,0.620926,0,0,1,0.064743
1,11441.000000,18559.000000,2,10145.043477,77084078.290260,10591.198658,0.848969,0,0,1,0.091421
2,8656.000000,21344.000000,2,7211.379019,52677816.639655,9396.103587,0.601564,0,0,1,0.101352
3,10114.000000,19886.000000,2,9909.958964,88706471.499200,7838.486637,0.685610,0,0,1,0.057696
