generation,prey_fitness,predator_fitness,num_alive_end,avg_bb_size,var_bb_size,avg_shortest_dist,swarm_density_count,prey_neurons_connected_prey_retina,prey_neurons_connected_predator_retina,predator_neurons_connected_prey_retina,mutual_info
1,25088.000000,4912.000000,7,446.176866,37177.535380,15.341361,11.216042,1,0,1,0.008226
1,23819.000000,6181.000000,5,465.608351,36146.603103,17.273989,10.478262,1,0,1,0.012668
2,28791.000000,1209.000000,12,468.597910,35145.173944,11.891515,13.053255,1,0,1,0.009732
3,21547.000000,8453.000000,6,359.781805,17714.567643,16.715176,9.697386,1,0,1,0.014044
