generation,prey_fitness,predator_fitness,num_alive_end,avg_bb_size,var_bb_size,avg_shortest_dist,swarm_density_count,prey_neurons_connected_prey_retina,prey_neurons_connected_predator_retina,predator_neurons_connected_prey_retina,mutual_info
1,9431.000000,20569.000000,2,19655.169269,91030392.856707,31891.274627,0.630346,1,1,1,0.088745
1,8943.000000,21057.000000,2,8859.006224,60160695.124956,28928.643532,0.636673,1,1,1,0.114263
2,9211.000000,20789.000000,2,5834.974279,46160642.583576,2896.238193,0.683970,1,1,1,0.130530
3,11277.000000,18723.000000,2,34894.867852,272152677.688135,49187.310439,0.730525,1,1,1,0.088309
