generation,prey_fitness,predator_fitness,num_alive_end,avg_bb_size,var_bb_size,avg_shortest_dist,swarm_density_count,prey_neurons_connected_prey_retina,prey_neurons_connected_predator_retina,predator_neurons_connected_prey_retina,mutual_info
1,10690.000000,19310.000000,2,4975.848649,17186659.620998,4230.744422,1.010623,0,4,1,0.107825
1,12332.000000,17668.000000,2,8919.648673,37370498.229426,6219.728447,0.905394,0,4,1,0.116677
2,9378.000000,20622.000000,2,4067.896330,25474497.538284,1789.223362,0.932473,0,4,1,0.092980
3,13736.000000,16264.000000,2,8258.066585,42215466.598937,4909.200597,0.945223,0,4,1,0.095157
