generation,prey_fitness,predator_fitness,num_alive_end,avg_bb_size,var_bb_size,avg_shortest_dist,swarm_density_count,prey_neurons_connected_prey_retina,prey_neurons_connected_predator_retina,predator_neurons_connected_prey_retina,mutual_info
1,8887.000000,21113.000000,2,7447.936314,36863197.560636,11305.917274,0.602120,2,1,1,0.086158
1,10576.000000,19424.000000,2,12841.338277,205717837.469811,7168.615233,0.583181,2,1,1,0.051001
2,9055.000000,20945.000000,2,17797.893350,166389678.276737,23831.854068,0.498477,2,1,1,0.126341
3,11932.000000,18068.000000,2,13032.980359,113674045.238358,9827.962940,0.704441,2,1,1,0.081199
