generation,prey_fitness,predator_fitness,num_alive_end,avg_bb_size,var_bb_size,avg_shortest_dist,swarm_density_count,prey_neurons_connected_prey_retina,prey_neurons_connected_predator_retina,predator_neurons_connected_prey_retina,mutual_info
1,10399.000000,19601.000000,2,1507.036679,2752321.511142,1144.976172,2.025064,1,0,2,0.042675
1,11657.000000,18343.000000,2,2080.806051,5363895.775141,1050.495209,1.899649,1,0,2,0.052937
2,13696.000000,16304.000000,2,1603.464037,2256621.258818,680.355778,3.087117,1,0,2,0.037535
3,10258.000000,19742.000000,2,1276.333092,1245527.229223,1208.003004,2.148893,1,0,2,0.055971
