generation,prey_fitness,predator_fitness,num_alive_end,avg_bb_size,var_bb_size,avg_shortest_dist,swarm_density_count,prey_neurons_connected_prey_retina,prey_neurons_connected_predator_retina,predator_neurons_connected_prey_retina,mutual_info
1,10314.000000,19686.000000,2,887.982619,1042770.022060,514.819116,2.630024,2,0,2,0.054495
1,13309.000000,16691.000000,2,1268.997162,1231756.512861,755.122989,3.038136,2,0,2,0.054520
2,10389.000000,19611.000000,2,1122.364911,1518533.693026,815.792155,2.182926,2,0,2,0.051660
3,11456.000000,18544.000000,2,1280.170997,1973608.036863,530.965411,2.576024,2,0,2,0.033112
