generation,prey_fitness,predator_fitness,num_alive_end,avg_bb_size,var_bb_size,avg_shortest_dist,swarm_density_count,prey_neurons_connected_prey_retina,prey_neurons_connected_predator_retina,predator_neurons_connected_prey_retina,mutual_info
1,12480.000000,17520.000000,2,22520.585123,224620389.482581,16680.346564,0.463951,0,0,4,0.069052
1,13806.000000,16194.000000,2,21905.848892,289929983.049013,10485.587599,0.663686,0,0,4,0.068741
2,11588.000000,18412.000000,2,15941.898135,137851005.481999,11842.490575,0.608548,0,0,4,0.092004
3,11339.000000,18661.000000,2,13845.525184,151627117.077070,5685.370298,0.532750,0,0,4,0.108703
