generation,prey_fitness,predator_fitness,num_alive_end,avg_bb_size,var_bb_size,avg_shortest_dist,swarm_density_count,prey_neurons_connected_prey_retina,prey_neurons_connected_predator_retina,predator_neurons_connected_prey_retina,mutual_info
1,9069.000000,20931.000000,2,50939.476817,1530451370.718462,119060.451700,0.538006,0,2,1,0.113807
1,15068.000000,14932.000000,3,141144.240091,5340081328.830037,56436.345575,0.805149,0,2,1,0.071320
2,12139.000000,17861.000000,2,46719.261984,574355173.977260,57267.988309,0.578972,0,2,1,0.079937
3,12226.000000,17774.000000,2,83129.098608,2292210214.989543,79978.390326,0.607366,0,2,1,0.072468
