generation,prey_fitness,predator_fitness,num_alive_end,avg_bb_size,var_bb_size,avg_shortest_dist,swarm_density_count,prey_neurons_connected_prey_retina,prey_neurons_connected_predator_retina,predator_neurons_connected_prey_retina,mutual_info
1,16957.000000,13043.000000,2,762.788424,283336.402937,113.800249,6.313642,2,1,2,0.017732
1,14371.000000,15629.000000,2,630.759189,391892.793572,74.416218,5.091232,2,1,2,0.023757
2,14190.000000,15810.000000,2,823.196265,495138.978418,206.006426,4.542149,2,1,2,0.020509
3,13264.000000,16736.000000,2,580.612288,216306.995048,144.220232,4.826027,2,1,2,0.030740
