generation,prey_fitness,predator_fitness,num_alive_end,avg_bb_size,var_bb_size,avg_shortest_dist,swarm_density_count,prey_neurons_connected_prey_retina,prey_neurons_connected_predator_retina,predator_neurons_connected_prey_retina,mutual_info
1,22611.000000,7389.000000,9,539.560616,43658.290734,20.258033,9.537402,2,1,1,0.016698
1,23296.000000,6704.000000,10,458.301578,35682.002866,16.159724,10.186312,2,1,1,0.022052
2,24959.000000,5041.000000,8,531.983864,42668.653435,15.911535,10.511776,2,1,1,0.017235
3,26234.000000,3766.000000,10,664.558522,90354.485137,17.925636,10.802182,2,1,1,0.021964
