generation,prey_fitness,predator_fitness,num_alive_end,avg_bb_size,var_bb_size,avg_shortest_dist,swarm_density_count,prey_neurons_connected_prey_retina,prey_neurons_connected_predator_retina,predator_neurons_connected_prey_retina,mutual_info
1,8688.000000,21312.000000,2,5732.666902,27397916.125074,6759.419989,0.603180,2,0,1,0.099046
1,10086.000000,19914.000000,2,31094.138337,225168140.499828,54626.435216,0.537830,2,0,1,0.071253
2,11415.000000,18585.000000,2,10592.426825,156989617.305297,2934.199648,0.760461,2,0,1,0.066960
3,10111.000000,19889.000000,2,7058.723537,48368566.782282,4814.715592,0.677651,2,0,1,0.080383
