generation,prey_fitness,predator_fitness,num_alive_end,avg_bb_size,var_bb_size,avg_shortest_dist,swarm_density_count,prey_neurons_connected_prey_retina,prey_neurons_connected_predator_retina,predator_neurons_connected_prey_retina,mutual_info
1,21461.000000,8539.000000,3,622.545115,66678.845545,31.451849,8.605900,2,0,1,0.011300
1,18119.000000,11881.000000,2,533.006716,151231.933876,43.139918,7.100860,2,0,1,0.013748
2,23013.000000,6987.000000,7,632.113780,53309.911053,27.583943,9.770655,2,0,1,0.008898
3,21400.000000,8600.000000,3,748.316987,162445.472179,44.908688,8.043995,2,0,1,0.016128
