generation,prey_fitness,predator_fitness,num_alive_end,avg_bb_size,var_bb_size,avg_shortest_dist,swarm_density_count,prey_neurons_connected_prey_retina,prey_neurons_connected_predator_retina,predator_neurons_connected_prey_retina,mutual_info
1,16217.000000,13783.000000,2,683.821973,229230.298081,105.549344,5.970123,1,0,3,0.010798
1,15879.000000,14121.000000,2,735.339888,272063.490442,169.447767,5.411569,1,0,3,0.033911
2,18909.000000,11091.000000,2,864.846859,275360.309446,284.159446,6.630036,1,0,3,0.009611
3,11771.000000,18229.000000,2,604.140336,318172.296658,459.282009,3.703253,1,0,3,0.020960
