generation,prey_fitness,predator_fitness,num_alive_end,avg_bb_size,var_bb_size,avg_shortest_dist,swarm_density_count,prey_neurons_connected_prey_retina,prey_neurons_connected_predator_retina,predator_neurons_connected_prey_retina,mutual_info
1,18327.000000,11673.000000,2,843.895073,329180.204478,73.531828,6.212788,2,2,1,0.020529
1,16857.000000,13143.000000,2,666.910535,189450.408469,153.967178,5.833589,2,2,1,0.015208
2,20673.000000,9327.000000,3,897.764178,252776.099920,54.894554,7.098757,2,2,1,0.021179
3,20297.000000,9703.000000,5,1010.979602,271083.877387,39.069979,6.675612,2,2,1,0.015736
