generation,prey_fitness,predator_fitness,num_alive_end,avg_bb_size,var_bb_size,avg_shortest_dist,swarm_density_count,prey_neurons_connected_prey_retina,prey_neurons_connected_predator_retina,predator_neurons_connected_prey_retina,mutual_info
1,10231.000000,19769.000000,2,11418.277286,29515126.442250,16507.975003,0.772038,1,5,1,0.080987
1,9778.000000,20222.000000,2,7347.667599,77167026.396849,3274.725468,0.716485,1,5,1,0.077576
2,11046.000000,18954.000000,2,4084.256038,10060502.768811,3074.185064,1.360944,1,5,1,0.110372
3,13713.000000,16287.000000,2,10965.071234,83580843.793565,2124.224370,0.989417,1,5,1,0.038914
