generation,prey_fitness,predator_fitness,num_alive_end,avg_bb_size,var_bb_size,avg_shortest_dist,swarm_density_count,prey_neurons_connected_prey_retina,prey_neurons_connected_predator_retina,predator_neurons_connected_prey_retina,mutual_info
1,14275.000000,15725.000000,2,1612.059330,1867974.899254,535.612214,3.343355,1,1,1,0.031537
1,9451.000000,20549.000000,2,895.113908,1236412.235676,663.063793,2.158657,1,1,1,0.027550
2,8740.000000,21260.000000,2,1142.608618,1281419.956382,1218.525427,1.664137,1,1,1,0.049617
3,10612.000000,19388.000000,2,1765.285895,1067353.762992,2416.936519,2.052355,1,1,1,0.037378
