generation,prey_fitness,predator_fitness,num_alive_end,avg_bb_size,var_bb_size,avg_shortest_dist,swarm_density_count,prey_neurons_connected_prey_retina,prey_neurons_connected_predator_retina,predator_neurons_connected_prey_retina,mutual_info
1,7574.000000,22426.000000,2,50501.576573,792664337.422534,108126.242305,0.448487,3,1,1,0.089771
1,11259.000000,18741.000000,3,78951.377037,3319721946.346952,31610.381226,0.468688,3,1,1,0.044438
2,9641.000000,20359.000000,3,86888.117367,1042638283.002763,50016.139686,0.546055,3,1,1,0.055332
3,9030.000000,20970.000000,3,32149.838873,309154421.212559,20072.249551,0.430062,3,1,1,0.058024
