generation,prey_fitness,predator_fitness,num_alive_end,avg_bb_size,var_bb_size,avg_shortest_dist,swarm_density_count,prey_neurons_connected_prey_retina,prey_neurons_connected_predator_retina,predator_neurons_connected_prey_retina,mutual_info
1,9124.000000,20876.000000,2,1225.361176,1675135.877387,1312.156735,1.753972,1,0,1,0.026377
1,13449.000000,16551.000000,2,2319.192501,3858763.704192,1217.639195,2.490899,1,0,1,0.048062
2,11511.000000,18489.000000,2,1220.102592,2415260.198490,562.911067,2.588919,1,0,1,0.033075
3,13172.000000,16828.000000,2,1254.614992,1331284.542114,423.054372,3.310702,1,0,1,0.041968
