generation,prey_fitness,predator_fitness,num_alive_end,avg_bb_size,var_bb_size,avg_shortest_dist,swarm_density_count,prey_neurons_connected_prey_retina,prey_neurons_connected_predator_retina,predator_neurons_connected_prey_retina,mutual_info
1,8692.000000,21308.000000,2,8901.907654,100777327.782069,7256.344668,0.450108,3,2,1,0.114712
1,9568.000000,20432.000000,2,25208.931501,178896644.703279,45534.119525,0.500216,3,2,1,0.074780
2,9149.000000,20851.000000,2,10588.805436,167508113.419894,6667.818405,0.585820,3,2,1,0.071951
3,10660.000000,19340.000000,2,34414.312404,178663929.191327,48882.443796,0.512334,3,2,1,0.081629
