generation,prey_fitness,predator_fitness,num_alive_end,avg_bb_size,var_bb_size,avg_shortest_dist,swarm_density_count,prey_neurons_connected_prey_retina,prey_neurons_connected_predator_retina,predator_neurons_connected_prey_retina,mutual_info
1,23235.000000,6765.000000,7,670.279258,56656.202280,31.956510,9.862827,2,1,1,0.007521
1,21542.000000,8458.000000,4,603.907650,48545.519580,39.382838,9.247660,2,1,1,0.007345
2,27530.000000,2470.000000,12,698.458069,29934.712244,23.959148,11.972369,2,1,1,0.010300
3,24837.000000,5163.000000,8,726.065689,50768.322220,32.011938,10.583705,2,1,1,0.005184
