generation,prey_fitness,predator_fitness,num_alive_end,avg_bb_size,var_bb_size,avg_shortest_dist,swarm_density_count,prey_neurons_connected_prey_retina,prey_neurons_connected_predator_retina,predator_neurons_connected_prey_retina,mutual_info
1,22220.000000,7780.000000,4,886.430762,155032.777839,53.826153,9.023262,4,0,1,0.009611
1,15545.000000,14455.000000,2,761.565626,286055.630440,148.765423,5.684238,4,0,1,0.021850
2,17630.000000,12370.000000,2,905.575998,245431.553615,128.208073,6.439901,4,0,1,0.010124
3,21939.000000,8061.000000,6,954.320109,138200.214987,61.871676,8.501550,4,0,1,0.009466
