generation,prey_fitness,predator_fitness,num_alive_end,avg_bb_size,var_bb_size,avg_shortest_dist,swarm_density_count,prey_neurons_connected_prey_retina,prey_neurons_connected_predator_retina,predator_neurons_connected_prey_retina,mutual_info
1,10478.000000,19522.000000,2,7033.305978,61833590.052242,2425.567140,0.895922,0,2,1,0.102263
1,10919.000000,19081.000000,2,16363.938207,97295974.557137,18940.800236,0.615670,0,2,1,0.083384
2,8277.000000,21723.000000,2,5936.342244,45247934.827604,5617.956747,0.542057,0,2,1,0.072054
3,9021.000000,20979.000000,2,3908.738315,32189668.686137,2915.941427,0.782345,0,2,1,0.076248
