generation,prey_fitness,predator_fitness,num_alive_end,avg_bb_size,var_bb_size,avg_shortest_dist,swarm_density_count,prey_neurons_connected_prey_retina,prey_neurons_connected_predator_retina,predator_neurons_connected_prey_retina,mutual_info
1,25369.000000,4631.000000,10,459.893029,39965.075473,14.977184,11.326430,2,1,1,0.008768
1,25623.000000,4377.000000,8,624.492920,79942.952949,19.131203,10.905564,2,1,1,0.017639
2,23619.000000,6381.000000,7,441.328464,44134.489792,16.844604,10.461168,2,1,1,0.013535
3,23337.000000,6663.000000,5,403.867036,32685.255451,18.487220,10.415194,2,1,1,0.020041
