generation,prey_fitness,predator_fitness,num_alive_end,avg_bb_size,var_bb_size,avg_shortest_dist,swarm_density_count,prey_neurons_connected_prey_retina,prey_neurons_connected_predator_retina,predator_neurons_connected_prey_retina,mutual_info
1,8051.000000,21949.000000,2,11024.274989,196092576.533018,8772.613686,0.540686,1,4,1,0.098310
1,10943.000000,19057.000000,2,10111.217646,133088127.332456,5358.383189,0.752856,1,4,1,0.087943
2,9456.000000,20544.000000,2,13373.853313,84077285.703981,13451.868230,0.616011,1,4,1,0.096833
3,11907.000000,18093.000000,2,23369.181618,507183741.138088,12997.436940,0.703849,1,4,1,0.074588
