generation,prey_fitness,predator_fitness,num_alive_end,avg_bb_size,var_bb_size,avg_shortest_dist,swarm_density_count,prey_neurons_connected_prey_retina,prey_neurons_connected_predator_retina,predator_neurons_connected_prey_retina,mutual_info
1,20068.000000,9932.000000,5,1344.233538,400522.099664,63.904671,6.334286,3,3,1,0.017129
1,14662.000000,15338.000000,2,1174.183890,1229461.921980,193.335904,4.244595,3,3,1,0.031127
2,23617.000000,6383.000000,6,2265.482314,1628508.545385,70.861817,6.076363,3,3,1,0.035856
3,13468.000000,16532.000000,2,1047.140613,1341255.746626,146.577419,3.823315,3,3,1,0.027768
