generation,prey_fitness,predator_fitness,num_alive_end,avg_bb_size,var_bb_size,avg_shortest_dist,swarm_density_count,prey_neurons_connected_prey_retina,prey_neurons_connected_predator_retina,predator_neurons_connected_prey_retina,mutual_info
1,15632.000000,14368.000000,3,399.154239,106943.338344,45.026499,5.947179,3,0,1,0.013590
1,23114.000000,6886.000000,8,600.056279,81371.474113,15.863026,9.187908,3,0,1,0.014879
2,21999.000000,8001.000000,4,612.310894,84615.486436,23.923251,8.442785,3,0,1,0.019974
3,20922.000000,9078.000000,5,487.653048,69367.667656,20.743490,8.327877,3,0,1,0.012155
