generation,prey_fitness,predator_fitness,num_alive_end,avg_bb_size,var_bb_size,avg_shortest_dist,swarm_density_count,prey_neurons_connected_prey_retina,prey_neurons_connected_predator_retina,predator_neurons_connected_prey_retina,mutual_info
1,16375.000000,13625.000000,2,367.232993,49891.590580,42.447431,6.805041,2,1,1,0.028527
1,20991.000000,9009.000000,4,533.079819,94699.360119,29.452117,8.643998,2,1,1,0.019021
2,17449.000000,12551.000000,2,423.877764,52516.621655,59.596131,7.116981,2,1,1,0.015584
3,17602.000000,12398.000000,4,485.506610,69867.087687,32.139027,7.008470,2,1,1,0.027514
