generation,prey_fitness,predator_fitness,num_alive_end,avg_bb_size,var_bb_size,avg_shortest_dist,swarm_density_count,prey_neurons_connected_prey_retina,prey_neurons_connected_predator_retina,predator_neurons_connected_prey_retina,mutual_info
1,14934.000000,15066.000000,3,95303.359383,5142644230.323084,23205.827966,0.485241,0,1,2,0.054927
1,11409.000000,18591.000000,2,61881.906941,4751741322.930606,19677.243021,0.622807,0,1,2,0.083686
2,12657.000000,17343.000000,2,88887.190124,5303184779.542866,33446.589518,0.474633,0,1,2,0.059559
3,13485.000000,16515.000000,3,146684.064554,4836851471.291257,40005.624590,0.572292,0,1,2,0.041115
