generation,prey_fitness,predator_fitness,num_alive_end,avg_bb_size,var_bb_size,avg_shortest_dist,swarm_density_count,prey_neurons_connected_prey_retina,prey_neurons_connected_predator_retina,predator_neurons_connected_prey_retina,mutual_info
1,9372.000000,20628.000000,2,6140.564235,38617268.266033,13479.180352,1.067790,4,0,3,0.071384
1,9161.000000,20839.000000,2,5735.857110,38238612.536137,6314.193539,0.916746,4,0,3,0.071109
2,9811.000000,20189.000000,2,5826.823460,22601633.026275,6525.227576,1.076083,4,0,3,0.075699
3,10879.000000,19121.000000,2,14555.274944,114317376.934292,22123.575034,1.073368,4,0,3,0.103665
