generation,prey_fitness,predator_fitness,num_alive_end,avg_bb_size,var_bb_size,avg_shortest_dist,swarm_density_count,prey_neurons_connected_prey_retina,prey_neurons_connected_predator_retina,predator_neurons_connected_prey_retina,mutual_info
1,9665.000000,20335.000000,2,17296.519057,131206478.279724,21823.888887,0.526195,1,0,2,0.049969
1,10358.000000,19642.000000,2,26921.063826,825955208.186546,9154.456176,0.493396,1,0,2,0.102166
2,8404.000000,21596.000000,2,18354.697985,338888360.038974,17742.805353,0.505143,1,0,2,0.097021
3,9303.000000,20697.000000,2,38780.338611,613573568.259644,46420.775673,0.543645,1,0,2,0.068769
