generation,prey_fitness,predator_fitness,num_alive_end,avg_bb_size,var_bb_size,avg_shortest_dist,swarm_density_count,prey_neurons_connected_prey_retina,prey_neurons_connected_predator_retina,predator_neurons_connected_prey_retina,mutual_info
1,17444.000000,12556.000000,2,1171.288029,598609.784300,242.145012,5.240841,4,1,1,0.024361
1,9587.000000,20413.000000,2,569.976836,363440.953727,375.375659,2.696981,4,1,1,0.030629
2,11909.000000,18091.000000,2,708.418501,454994.283367,381.466528,3.615421,4,1,1,0.024001
3,11755.000000,18245.000000,2,782.240317,681187.387930,385.622890,3.279882,4,1,1,0.023799
