generation,prey_fitness,predator_fitness,num_alive_end,avg_bb_size,var_bb_size,avg_shortest_dist,swarm_density_count,prey_neurons_connected_prey_retina,prey_neurons_connected_predator_retina,predator_neurons_connected_prey_retina,mutual_info
1,20716.000000,9284.000000,2,625.784123,102009.655738,54.665869,8.590723,2,0,1,0.007264
1,25058.000000,4942.000000,8,676.607121,71656.515910,27.095574,10.750185,2,0,1,0.015518
2,26307.000000,3693.000000,10,650.754549,45646.747121,23.402526,11.409762,2,0,1,0.013093
3,22956.000000,7044.000000,8,615.473551,68247.432462,31.030074,9.994353,2,0,1,0.005854
