generation,prey_fitness,predator_fitness,num_alive_end,avg_bb_size,var_bb_size,avg_shortest_dist,swarm_density_count,prey_neurons_connected_prey_retina,prey_neurons_connected_predator_retina,predator_neurons_connected_prey_retina,mutual_info
1,22001.000000,7999.000000,7,657.141898,119649.208097,20.774468,8.153575,3,1,1,0.018951
1,24619.000000,5381.000000,7,714.577739,90038.235593,18.752623,9.388279,3,1,1,0.034846
2,24102.000000,5898.000000,9,749.458179,96998.587132,17.474912,8.696145,3,1,1,0.020688
3,24279.000000,5721.000000,5,761.115243,130043.643784,19.075224,8.900471,3,1,1,0.021866
