generation,prey_fitness,predator_fitness,num_alive_end,avg_bb_size,var_bb_size,avg_shortest_dist,swarm_density_count,prey_neurons_connected_prey_retina,prey_neurons_connected_predator_retina,predator_neurons_connected_prey_retina,mutual_info
1,15870.000000,14130.000000,2,2177.634738,2380149.826949,786.384438,3.332810,3,3,6,0.031430
1,13742.000000,16258.000000,2,1789.835694,2526407.864712,494.259192,3.146157,3,3,6,0.057037
2,19539.000000,10461.000000,2,2500.509103,3093487.806444,244.598172,4.246733,3,3,6,0.039060
3,10581.000000,19419.000000,2,1176.665624,1437718.767454,706.922520,2.152669,3,3,6,0.043630
