generation,prey_fitness,predator_fitness,num_alive_end,avg_bb_size,var_bb_size,avg_shortest_dist,swarm_density_count,prey_neurons_connected_prey_retina,prey_neurons_connected_predator_retina,predator_neurons_connected_prey_retina,mutual_info
1,12666.000000,17334.000000,2,998.993340,1067170.911749,394.629240,3.299409,1,1,1,0.018211
1,11830.000000,18170.000000,2,977.380323,985361.682209,441.308570,2.994425,1,1,1,0.034110
2,15192.000000,14808.000000,2,1194.186991,1016754.583852,202.913534,4.221733,1,1,1,0.023360
3,13218.000000,16782.000000,2,1263.761995,1640046.926926,371.522040,3.094943,1,1,1,0.029824
