generation,prey_fitness,predator_fitness,num_alive_end,avg_bb_size,var_bb_size,avg_shortest_dist,swarm_density_count,prey_neurons_connected_prey_retina,prey_neurons_connected_predator_retina,predator_neurons_connected_prey_retina,mutual_info
1,10696.000000,19304.000000,2,728.222406,450181.830604,485.809677,2.883996,5,3,3,0.026783
1,14763.000000,15237.000000,2,904.464983,694828.387403,139.620363,4.350667,5,3,3,0.019827
2,14825.000000,15175.000000,2,1235.735626,1606442.875770,191.953239,3.878497,5,3,3,0.043308
3,14367.000000,15633.000000,2,862.995062,659082.021883,134.986858,4.245274,5,3,3,0.029421
