generation,prey_fitness,predator_fitness,num_alive_end,avg_bb_size,var_bb_size,avg_shortest_dist,swarm_density_count,prey_neurons_connected_prey_retina,prey_neurons_connected_predator_retina,predator_neurons_connected_prey_retina,mutual_info
1,9773.000000,20227.000000,2,633.153277,308475.915370,610.955843,2.921343,4,3,1,0.031380
1,13014.000000,16986.000000,2,862.052097,470514.175235,529.874611,4.115362,4,3,1,0.022424
2,9137.000000,20863.000000,2,551.941839,354025.179376,504.750643,2.687378,4,3,1,0.028247
3,11396.000000,18604.000000,2,871.223476,469741.128814,459.564785,3.321125,4,3,1,0.033119
