generation,prey_fitness,predator_fitness,num_alive_end,avg_bb_size,var_bb_size,avg_shortest_dist,swarm_density_count,prey_neurons_connected_prey_retina,prey_neurons_connected_predator_retina,predator_neurons_connected_prey_retina,mutual_info
1,19092.000000,10908.000000,4,573.338938,82495.542421,47.755135,7.905004,3,2,1,0.011663
1,22973.000000,7027.000000,9,544.896902,34320.247786,28.478259,10.282348,3,2,1,0.008497
2,26279.000000,3721.000000,11,713.011665,103989.466834,27.535564,11.234659,3,2,1,0.006906
3,24930.000000,5070.000000,8,640.826953,64057.439141,26.926353,10.846893,3,2,1,0.008515
