generation,prey_fitness,predator_fitness,num_alive_end,avg_bb_size,var_bb_size,avg_shortest_dist,swarm_density_count,prey_neurons_connected_prey_retina,prey_neurons_connected_predator_retina,predator_neurons_connected_prey_retina,mutual_info
1,11432.000000,18568.000000,2,5774.203426,30293871.004267,2960.021516,1.017056,1,1,1,0.073170
1,8650.000000,21350.000000,2,5471.827196,12816090.534637,10437.760617,0.714270,1,1,1,0.150794
2,9971.000000,20029.000000,2,6978.506495,25104121.415096,7974.408587,0.669148,1,1,1,0.114592
3,8623.000000,21377.000000,2,4753.230957,18617358.534452,6764.361191,0.897214,1,1,1,0.124791
