generation,prey_fitness,predator_fitness,num_alive_end,avg_bb_size,var_bb_size,avg_shortest_dist,swarm_density_count,prey_neurons_connected_prey_retina,prey_neurons_connected_predator_retina,predator_neurons_connected_prey_retina,mutual_info
1,24942.000000,5058.000000,11,369.604281,27035.963242,16.102225,11.432053,3,6,1,0.293449
1,26839.000000,3161.000000,13,394.771387,23057.531304,16.137344,12.382044,3,6,1,0.361881
2,27696.000000,2304.000000,13,363.189517,23444.100979,14.859109,12.798830,3,6,1,0.393657
3,30000.000000,1.000000,15,303.112412,18187.712750,10.452629,13.979200,3,6,1,0.623303
