generation,prey_fitness,predator_fitness,num_alive_end,avg_bb_size,var_bb_size,avg_shortest_dist,swarm_density_count,prey_neurons_connected_prey_retina,prey_neurons_connected_predator_retina,predator_neurons_connected_prey_retina,mutual_info
1,10047.000000,19953.000000,2,17698.786816,247673095.109199,24356.410845,0.647054,1,1,1,0.108035
1,10535.000000,19465.000000,2,34093.294308,464544770.450796,50374.593647,0.476238,1,1,1,0.095114
2,14289.000000,15711.000000,2,42481.497559,1169130075.091399,21941.699865,0.553570,1,1,1,0.097359
3,9110.000000,20890.000000,2,26989.810780,147815744.273579,38683.752797,0.415727,1,1,1,0.084259
