generation,prey_fitness,predator_fitness,num_alive_end,avg_bb_size,var_bb_size,avg_shortest_dist,swarm_density_count,prey_neurons_connected_prey_retina,prey_neurons_connected_predator_retina,predator_neurons_connected_prey_retina,mutual_info
1,26185.000000,3815.000000,10,1870.792727,381027.325929,51.363581,7.578369,1,5,2,0.055022
1,28071.000000,1929.000000,12,1852.669146,366994.398435,42.006681,8.169910,1,5,2,0.050004
2,24196.000000,5804.000000,9,1579.248468,396243.131007,49.903954,7.251168,1,5,2,0.067276
3,25925.000000,4075.000000,9,1699.234002,569862.755818,43.530964,7.563498,1,5,2,0.038472
