generation,prey_fitness,predator_fitness,num_alive_end,avg_bb_size,var_bb_size,avg_shortest_dist,swarm_density_count,prey_neurons_connected_prey_retina,prey_neurons_connected_predator_retina,predator_neurons_connected_prey_retina,mutual_info
1,26952.000000,3048.000000,11,1015.762052,90850.101819,32.693212,9.984870,1,1,3,0.011809
1,26081.000000,3919.000000,10,888.066454,55562.059925,30.831913,10.104501,1,1,3,0.009564
2,22161.000000,7839.000000,7,800.884348,88056.109219,38.781197,8.518058,1,1,3,0.011912
3,20306.000000,9694.000000,5,763.652823,128690.945286,40.694003,7.580471,1,1,3,0.015697
