generation,prey_fitness,predator_fitness,num_alive_end,avg_bb_size,var_bb_size,avg_shortest_dist,swarm_density_count,prey_neurons_connected_prey_retina,prey_neurons_connected_predator_retina,predator_neurons_connected_prey_retina,mutual_info
1,10956.000000,19044.000000,2,2637.882440,7354016.085888,1744.185238,1.549302,4,1,5,0.042230
1,10158.000000,19842.000000,2,2529.981002,8276956.711400,1064.887975,1.400195,4,1,5,0.043840
2,12586.000000,17414.000000,2,3484.366030,13413237.555393,1158.431048,1.691297,4,1,5,0.047660
3,9812.000000,20188.000000,2,2427.606427,9926484.319367,883.564808,1.411805,4,1,5,0.067967
