generation,prey_fitness,predator_fitness,num_alive_end,avg_bb_size,var_bb_size,avg_shortest_dist,swarm_density_count,prey_neurons_connected_prey_retina,prey_neurons_connected_predator_retina,predator_neurons_connected_prey_retina,mutual_info
1,19265.000000,10735.000000,2,527.407632,71700.693931,44.663456,7.594249,1,4,1,0.027450
1,24839.000000,5161.000000,8,830.986295,332661.665788,22.529489,9.328085,1,4,1,0.013872
2,22093.000000,7907.000000,4,775.793763,146983.192709,29.528184,8.243462,1,4,1,0.024232
3,15426.000000,14574.000000,2,425.449213,110294.634039,91.348453,5.851916,1,4,1,0.023587
