generation,prey_fitness,predator_fitness,num_alive_end,avg_bb_size,var_bb_size,avg_shortest_dist,swarm_density_count,prey_neurons_connected_prey_retina,prey_neurons_connected_predator_retina,predator_neurons_connected_prey_retina,mutual_info
1,12685.000000,17315.000000,2,988.918470,571964.533527,654.805232,3.330014,1,0,1,0.037772
1,10620.000000,19380.000000,2,675.540656,589065.005117,404.171174,3.124520,1,0,1,0.025586
2,12565.000000,17435.000000,2,885.427033,691911.731103,239.933555,3.684393,1,0,1,0.019305
3,13543.000000,16457.000000,2,1079.129051,775901.661826,442.830838,3.886271,1,0,1,0.024248
