generation,prey_fitness,predator_fitness,num_alive_end,avg_bb_size,var_bb_size,avg_shortest_dist,swarm_density_count,prey_neurons_connected_prey_retina,prey_neurons_connected_predator_retina,predator_neurons_connected_prey_retina,mutual_info
1,9441.000000,20559.000000,2,11861.830405,52825350.702615,16120.709213,0.669652,2,1,1,0.089849
1,11424.000000,18576.000000,2,8956.969974,39129435.090608,9981.166009,0.767293,2,1,1,0.065597
2,10883.000000,19117.000000,2,11532.580038,173121463.083594,2584.074837,0.704628,2,1,1,0.072718
3,8201.000000,21799.000000,2,18745.723605,309145950.863361,39058.976468,0.587624,2,1,1,0.068420
