generation,prey_fitness,predator_fitness,num_alive_end,avg_bb_size,var_bb_size,avg_shortest_dist,swarm_density_count,prey_neurons_connected_prey_retina,prey_neurons_connected_predator_retina,predator_neurons_connected_prey_retina,mutual_info
1,28297.000000,1703.000000,13,418.922629,18022.018163,14.754699,13.105401,1,2,1,0.015303
1,25625.000000,4375.000000,11,422.184993,20302.451330,16.244594,11.729027,1,2,1,0.013856
2,27945.000000,2055.000000,13,402.764074,12678.484614,14.538919,12.961623,1,2,1,0.018403
3,23640.000000,6360.000000,9,408.728241,20152.213836,17.271430,10.736068,1,2,1,0.015734
