generation,prey_fitness,predator_fitness,num_alive_end,avg_bb_size,var_bb_size,avg_shortest_dist,swarm_density_count,prey_neurons_connected_prey_retina,prey_neurons_connected_predator_retina,predator_neurons_connected_prey_retina,mutual_info
1,20408.000000,9592.000000,4,521.435210,116455.822188,27.079654,8.213382,2,1,2,0.019984
1,22531.000000,7469.000000,5,765.399615,142457.875459,35.116731,8.405320,2,1,2,0.015026
2,19985.000000,10015.000000,4,550.066506,105423.862848,29.757963,8.046331,2,1,2,0.016772
3,23646.000000,6354.000000,9,797.865751,154676.967196,26.073420,8.692755,2,1,2,0.013196
