generation,prey_fitness,predator_fitness,num_alive_end,avg_bb_size,var_bb_size,avg_shortest_dist,swarm_density_count,prey_neurons_connected_prey_retina,prey_neurons_connected_predator_retina,predator_neurons_connected_prey_retina,mutual_info
1,8824.000000,21176.000000,2,2915.084602,8772029.894161,3945.405149,0.897808,0,1,1,0.054465
1,9215.000000,20785.000000,2,3823.432151,12325151.581863,4658.219198,0.940410,0,1,1,0.061726
2,8101.000000,21899.000000,2,3898.584965,8658382.778349,10004.920207,0.814283,0,1,1,0.062949
3,8757.000000,21243.000000,2,2607.433198,8060185.680191,2645.315079,0.878251,0,1,1,0.042153
