generation,prey_fitness,predator_fitness,num_alive_end,avg_bb_size,var_bb_size,avg_shortest_dist,swarm_density_count,prey_neurons_connected_prey_retina,prey_neurons_connected_predator_retina,predator_neurons_connected_prey_retina,mutual_info
1,11559.000000,18441.000000,2,326.832868,115535.959948,131.058100,4.250745,2,1,2,0.037198
1,17016.000000,12984.000000,2,595.541797,136559.205381,48.934640,6.341199,2,1,2,0.024721
2,20739.000000,9261.000000,2,631.083030,139830.514638,62.090187,7.738984,2,1,2,0.014776
3,19172.000000,10828.000000,2,616.137191,94459.125889,60.144466,7.277409,2,1,2,0.014103
