generation,prey_fitness,predator_fitness,num_alive_end,avg_bb_size,var_bb_size,avg_shortest_dist,swarm_density_count,prey_neurons_connected_prey_retina,prey_neurons_connected_predator_retina,predator_neurons_connected_prey_retina,mutual_info
1,30000.000000,1.000000,15,425.853212,11702.059377,13.542686,13.992667,2,0,1,0.004744
1,30000.000000,1.000000,15,415.856000,10190.648071,13.073203,13.994467,2,0,1,0.013794
2,26251.000000,3749.000000,10,382.908461,10721.312109,14.824580,12.126267,2,0,1,0.005365
3,28250.000000,1750.000000,14,404.904270,9595.256899,13.496523,13.124319,2,0,1,0.008638
