generation,prey_fitness,predator_fitness,num_alive_end,avg_bb_size,var_bb_size,avg_shortest_dist,swarm_density_count,prey_neurons_connected_prey_retina,prey_neurons_connected_predator_retina,predator_neurons_connected_prey_retina,mutual_info
1,22128.000000,7872.000000,6,372.628537,21564.204770,20.508367,9.987190,1,1,1,0.029964
1,27762.000000,2238.000000,12,401.039028,18109.297084,11.547067,12.744955,1,1,1,0.010677
2,25690.000000,4310.000000,11,406.572758,20791.285118,14.678525,11.723813,1,1,1,0.007069
3,27230.000000,2770.000000,13,379.693240,13192.842531,12.359893,12.544562,1,1,1,0.013096
