generation,prey_fitness,predator_fitness,num_alive_end,avg_bb_size,var_bb_size,avg_shortest_dist,swarm_density_count,prey_neurons_connected_prey_retina,prey_neurons_connected_predator_retina,predator_neurons_connected_prey_retina,mutual_info
1,13176.000000,16824.000000,2,86792.126528,3413237779.475334,29892.996770,0.520852,3,1,1,0.070824
1,18060.000000,11940.000000,5,130227.089106,5925134366.847809,15039.801696,0.623212,3,1,1,0.045324
2,12838.000000,17162.000000,4,160468.895108,5274018193.025488,18229.972524,0.492485,3,1,1,0.062988
3,11253.000000,18747.000000,2,66662.905390,1970538067.438570,55951.881161,0.768483,3,1,1,0.060373
