generation,prey_fitness,predator_fitness,num_alive_end,avg_bb_size,var_bb_size,avg_shortest_dist,swarm_density_count,prey_neurons_connected_prey_retina,prey_neurons_connected_predator_retina,predator_neurons_connected_prey_retina,mutual_info
1,20727.000000,9273.000000,2,1489.202040,757527.589089,104.569016,5.979172,1,0,1,0.017919
1,12079.000000,17921.000000,2,830.636983,580574.612167,433.637464,3.330402,1,0,1,0.050981
2,13669.000000,16331.000000,2,961.677042,556074.233684,228.966220,3.917733,1,0,1,0.033535
3,11143.000000,18857.000000,2,681.300431,370266.021241,490.535138,3.390805,1,0,1,0.016655
