generation,prey_fitness,predator_fitness,num_alive_end,avg_bb_size,var_bb_size,avg_shortest_dist,swarm_density_count,prey_neurons_connected_prey_retina,prey_neurons_connected_predator_retina,predator_neurons_connected_prey_retina,mutual_info
1,9094.000000,20906.000000,2,6260.914847,56318038.104616,5938.994702,0.673127,0,5,1,0.070343
1,10537.000000,19463.000000,2,13925.353447,75824068.005410,13168.185089,0.784552,0,5,1,0.101719
2,8046.000000,21954.000000,2,11793.005110,69303405.941498,22425.245208,0.555655,0,5,1,0.110661
3,9239.000000,20761.000000,2,9562.109323,118383472.856889,8063.009623,0.725826,0,5,1,0.137534
