generation,prey_fitness,predator_fitness,num_alive_end,avg_bb_size,var_bb_size,avg_shortest_dist,swarm_density_count,prey_neurons_connected_prey_retina,prey_neurons_connected_predator_retina,predator_neurons_connected_prey_retina,mutual_info
1,19738.000000,10262.000000,2,1170.725802,395859.214775,76.147427,5.836344,2,0,4,0.028843
1,11747.000000,18253.000000,2,766.509498,716754.519203,378.436500,3.100413,2,0,4,0.041924
2,12071.000000,17929.000000,2,568.854610,212961.258802,425.664633,4.010844,2,0,4,0.029530
3,15820.000000,14180.000000,2,948.304622,484524.232101,282.563955,4.800036,2,0,4,0.034648
