generation,prey_fitness,predator_fitness,num_alive_end,avg_bb_size,var_bb_size,avg_shortest_dist,swarm_density_count,prey_neurons_connected_prey_retina,prey_neurons_connected_predator_retina,predator_neurons_connected_prey_retina,mutual_info
1,17815.000000,12185.000000,2,674.661393,145000.214738,145.360464,7.186100,3,4,1,0.017431
1,17052.000000,12948.000000,2,586.029649,106435.269160,63.422071,7.038361,3,4,1,0.020615
2,18297.000000,11703.000000,2,674.635784,124155.092578,166.722332,7.467276,3,4,1,0.013051
3,18815.000000,11185.000000,2,752.077515,223720.790050,70.427216,7.580365,3,4,1,0.012609
