generation,prey_fitness,predator_fitness,num_alive_end,avg_bb_size,var_bb_size,avg_shortest_dist,swarm_density_count,prey_neurons_connected_prey_retina,prey_neurons_connected_predator_retina,predator_neurons_connected_prey_retina,mutual_info
1,11006.000000,18994.000000,2,1192.689218,1733797.536485,324.995271,2.414146,2,1,2,0.028116
1,11899.000000,18101.000000,2,2132.051800,6616239.816252,446.162804,2.161224,2,1,2,0.038899
2,12557.000000,17443.000000,2,2156.143943,5831038.607530,775.415376,2.323827,2,1,2,0.046758
3,12772.000000,17228.000000,2,1764.165564,3270219.171009,385.716392,2.595819,2,1,2,0.033558
