generation,prey_fitness,predator_fitness,num_alive_end,avg_bb_size,var_bb_size,avg_shortest_dist,swarm_density_count,prey_neurons_connected_prey_retina,prey_neurons_connected_predator_retina,predator_neurons_connected_prey_retina,mutual_info
1,9123.000000,20877.000000,2,6532.010143,12398603.729548,12482.650102,0.845589,1,4,1,0.155947
1,11146.000000,18854.000000,2,4431.374540,8890616.724181,5161.265207,1.174373,1,4,1,0.188714
2,8074.000000,21926.000000,2,3579.780925,7057503.277173,8583.006798,0.885201,1,4,1,0.133012
3,8621.000000,21379.000000,2,2722.793993,9250651.240667,2724.437644,0.863723,1,4,1,0.086500
