generation,prey_fitness,predator_fitness,num_alive_end,avg_bb_size,var_bb_size,avg_shortest_dist,swarm_density_count,prey_neurons_connected_prey_retina,prey_neurons_connected_predator_retina,predator_neurons_connected_prey_retina,mutual_info
1,19363.000000,10637.000000,3,500.493558,59760.727713,30.569425,8.096313,3,3,1,0.015784
1,21994.000000,8006.000000,8,724.241135,96052.741346,25.656363,8.405858,3,3,1,0.017984
2,23246.000000,6754.000000,7,493.360685,30050.523552,20.182230,10.301216,3,3,1,0.012334
3,21866.000000,8134.000000,3,556.877743,116925.127776,29.890383,9.153356,3,3,1,0.010224
