generation,prey_fitness,predator_fitness,num_alive_end,avg_bb_size,var_bb_size,avg_shortest_dist,swarm_density_count,prey_neurons_connected_prey_retina,prey_neurons_connected_predator_retina,predator_neurons_connected_prey_retina,mutual_info
1,8350.000000,21650.000000,2,5462.094165,40051982.877419,5391.948839,0.626951,1,0,1,0.130493
1,9649.000000,20351.000000,2,10632.689132,144776171.751239,4671.559405,0.652572,1,0,1,0.127535
2,9392.000000,20608.000000,2,10265.314720,134491827.875670,4932.002598,0.510604,1,0,1,0.106809
3,8553.000000,21447.000000,2,14980.439240,99353619.702421,20454.238662,0.548899,1,0,1,0.087196
