generation,prey_fitness,predator_fitness,num_alive_end,avg_bb_size,var_bb_size,avg_shortest_dist,swarm_density_count,prey_neurons_connected_prey_retina,prey_neurons_connected_predator_retina,predator_neurons_connected_prey_retina,mutual_info
1,23071.000000,6929.000000,9,899.371173,74601.839429,39.484353,9.098606,2,0,1,0.005994
1,24494.000000,5506.000000,8,952.605315,103995.829546,37.593769,9.534294,2,0,1,0.009440
2,27620.000000,2380.000000,12,1194.387331,87834.802717,38.021400,9.845106,2,0,1,0.006849
3,26030.000000,3970.000000,12,1065.205703,70550.621545,36.772377,9.869261,2,0,1,0.008144
