generation,prey_fitness,predator_fitness,num_alive_end,avg_bb_size,var_bb_size,avg_shortest_dist,swarm_density_count,prey_neurons_connected_prey_retina,prey_neurons_connected_predator_retina,predator_neurons_connected_prey_retina,mutual_info
1,9847.000000,20153.000000,2,23813.192540,338522890.504823,29076.831738,0.518948,0,0,1,0.088928
1,11738.000000,18262.000000,2,49003.994564,568117970.706912,62490.457953,0.479370,0,0,1,0.061038
2,15282.000000,14718.000000,5,98149.900434,2723510327.842495,20693.466145,0.648086,0,0,1,0.054939
3,9946.000000,20054.000000,2,48064.281466,1834353315.477081,38634.049686,0.495437,0,0,1,0.093377
