generation,prey_fitness,predator_fitness,num_alive_end,avg_bb_size,var_bb_size,avg_shortest_dist,swarm_density_count,prey_neurons_connected_prey_retina,prey_neurons_connected_predator_retina,predator_neurons_connected_prey_retina,mutual_info
1,10587.000000,19413.000000,2,83929.853922,1392273002.357929,83619.872270,0.476402,2,3,1,0.104450
1,11806.000000,18194.000000,2,43642.497614,1555751013.655025,14453.384973,0.489339,2,3,1,0.145525
2,13223.000000,16777.000000,3,94490.528836,3011202256.021996,42868.761972,0.459654,2,3,1,0.057917
3,12039.000000,17961.000000,2,85919.421794,2492168979.763612,52604.634557,0.398631,2,3,1,0.072971
