generation,prey_fitness,predator_fitness,num_alive_end,avg_bb_size,var_bb_size,avg_shortest_dist,swarm_density_count,prey_neurons_connected_prey_retina,prey_neurons_connected_predator_retina,predator_neurons_connected_prey_retina,mutual_info
1,8712.000000,21288.000000,2,2854.812345,12029526.697156,1949.930336,1.022451,2,3,5,0.082842
1,8857.000000,21143.000000,2,3684.563050,9625360.040770,6954.954775,0.807412,2,3,5,0.072359
2,10409.000000,19591.000000,2,4455.747855,18227548.674419,2796.376450,1.119814,2,3,5,0.051631
3,9763.000000,20237.000000,2,3339.071783,10486797.555544,2978.552430,1.013281,2,3,5,0.058844
