generation,prey_fitness,predator_fitness,num_alive_end,avg_bb_size,var_bb_size,avg_shortest_dist,swarm_density_count,prey_neurons_connected_prey_retina,prey_neurons_connected_predator_retina,predator_neurons_connected_prey_retina,mutual_info
1,9728.000000,20272.000000,2,54145.697406,576816764.692864,89248.954347,0.480322,1,1,1,0.111203
1,10184.000000,19816.000000,2,37706.720408,1854938816.320413,38470.734435,0.610449,1,1,1,0.083705
2,13668.000000,16332.000000,3,79840.668527,3859448203.583550,17305.850573,0.685538,1,1,1,0.061909
3,11354.000000,18646.000000,2,76245.242481,5084542201.738948,36798.091503,0.550824,1,1,1,0.081538
