generation,prey_fitness,predator_fitness,num_alive_end,avg_bb_size,var_bb_size,avg_shortest_dist,swarm_density_count,prey_neurons_connected_prey_retina,prey_neurons_connected_predator_retina,predator_neurons_connected_prey_retina,mutual_info
1,11625.000000,18375.000000,2,947.870051,587455.520105,806.714988,3.265148,3,3,3,0.040522
1,10199.000000,19801.000000,2,812.979799,644453.779443,864.383808,2.721700,3,3,3,0.048485
2,10136.000000,19864.000000,2,1803.938301,1069825.124914,3158.581799,2.133873,3,3,3,0.022681
3,11635.000000,18365.000000,2,1185.158126,1038749.724518,657.086413,3.030947,3,3,3,0.035783
