generation,prey_fitness,predator_fitness,num_alive_end,avg_bb_size,var_bb_size,avg_shortest_dist,swarm_density_count,prey_neurons_connected_prey_retina,prey_neurons_connected_predator_retina,predator_neurons_connected_prey_retina,mutual_info
1,20290.000000,9710.000000,2,977.991658,288089.162178,62.348549,7.188185,1,3,1,0.008376
1,20234.000000,9766.000000,7,936.420154,214279.578652,42.094641,7.126608,1,3,1,0.017155
2,12820.000000,17180.000000,2,544.455945,239591.470876,226.130302,4.427696,1,3,1,0.020337
3,18680.000000,11320.000000,2,860.319281,296231.098465,64.663370,6.503633,1,3,1,0.013412
