generation,prey_fitness,predator_fitness,num_alive_end,avg_bb_size,var_bb_size,avg_shortest_dist,swarm_density_count,prey_neurons_connected_prey_retina,prey_neurons_connected_predator_retina,predator_neurons_connected_prey_retina,mutual_info
1,28995.000000,1005.000000,13,287.893727,5491.156907,10.580583,13.498500,0,1,1,0.009923
1,29672.000000,328.000000,14,307.135815,4267.021931,11.107516,13.836500,0,1,1,0.008493
2,26466.000000,3534.000000,13,306.139133,6020.067589,13.380368,12.234000,0,1,1,0.022331
3,27987.000000,2013.000000,13,279.719146,6357.968060,10.143028,12.994500,0,1,1,0.007064
