generation,prey_fitness,predator_fitness,num_alive_end,avg_bb_size,var_bb_size,avg_shortest_dist,swarm_density_count,prey_neurons_connected_prey_retina,prey_neurons_connected_predator_retina,predator_neurons_connected_prey_retina,mutual_info
1,67081.000000,12919.000000,26,5034.357067,3523587.874815,21.884979,14.478990,2,1,3,0.032452
1,62550.000000,17450.000000,21,4296.766852,2198868.658737,20.724920,13.865874,2,1,3,0.031071
2,71680.000000,8320.000000,31,4332.631697,1782742.554689,20.300295,16.230862,2,1,3,0.036443
3,70475.000000,9525.000000,29,4680.020885,2003897.147955,19.165068,15.089011,2,1,3,0.032445
