generation,prey_fitness,predator_fitness,num_alive_end,avg_bb_size,var_bb_size,avg_shortest_dist,swarm_density_count,prey_neurons_connected_prey_retina,prey_neurons_connected_predator_retina,predator_neurons_connected_prey_retina,mutual_info
1,74743.000000,5257.000000,35,2354.545997,552015.228378,17.963868,24.137604,1,0,1,0.011544
1,69875.000000,10125.000000,30,2198.218402,418997.478782,16.923832,23.079576,1,0,1,0.009188
2,72742.000000,7258.000000,31,2151.182882,426571.303182,16.735810,24.413468,1,0,1,0.011254
3,73753.000000,6247.000000,33,2523.745324,694726.850452,19.225922,22.539980,1,0,1,0.013340
