generation,prey_fitness,predator_fitness,num_alive_end,avg_bb_size,var_bb_size,avg_shortest_dist,swarm_density_count,prey_neurons_connected_prey_retina,prey_neurons_connected_predator_retina,predator_neurons_connected_prey_retina,mutual_info
1,72465.000000,7535.000000,33,2821.521767,551664.828743,21.226370,20.618841,1,2,1,0.015782
1,70474.000000,9526.000000,29,2896.864622,725783.265074,20.680950,19.551452,1,2,1,0.014215
2,71846.000000,8154.000000,31,3238.311815,965058.443987,22.525796,19.131189,1,2,1,0.037241
3,71823.000000,8177.000000,31,2513.331583,320541.011291,18.315916,21.099586,1,2,1,0.011429
