generation,prey_fitness,predator_fitness,num_alive_end,avg_bb_size,var_bb_size,avg_shortest_dist,swarm_density_count,prey_neurons_connected_prey_retina,prey_neurons_connected_predator_retina,predator_neurons_connected_prey_retina,mutual_info
1,77151.000000,2849.000000,36,1580.964938,540312.482103,5.074143,25.406703,3,2,1,0.037018
1,78334.000000,1666.000000,38,1538.139255,486000.823671,4.711121,25.410548,3,2,1,0.040544
2,77957.000000,2043.000000,37,1645.232514,602222.162724,4.860512,25.234640,3,2,1,0.043379
3,77618.000000,2382.000000,35,1516.233498,513742.596682,4.602158,25.407551,3,2,1,0.036050
