generation,prey_fitness,predator_fitness,num_alive_end,avg_bb_size,var_bb_size,avg_shortest_dist,swarm_density_count,prey_neurons_connected_prey_retina,prey_neurons_connected_predator_retina,predator_neurons_connected_prey_retina,mutual_info
1,52686.000000,27314.000000,14,158162.293871,3729699845.209911,3331.376088,1.712644,0,0,1,0.021299
1,54754.000000,25246.000000,16,155606.016355,4100565049.653530,3410.684626,1.797987,0,0,1,0.040139
2,42929.000000,37071.000000,8,147665.450121,3454685103.912752,5963.075331,1.575147,0,0,1,0.021740
3,56210.000000,23790.000000,18,172597.540044,4940731230.561425,3403.493181,1.674333,0,0,1,0.030674
