generation,prey_fitness,predator_fitness,num_alive_end,avg_bb_size,var_bb_size,avg_shortest_dist,swarm_density_count,prey_neurons_connected_prey_retina,prey_neurons_connected_predator_retina,predator_neurons_connected_prey_retina,mutual_info
1,49820.000000,30180.000000,10,97422.203203,2660546187.172775,2083.834528,2.314966,1,1,1,0.033990
1,56403.000000,23597.000000,15,92645.857517,1208364831.233492,1386.540415,2.472687,1,1,1,0.021325
2,53840.000000,26160.000000,12,110992.173486,2587075604.233884,2585.230003,2.218138,1,1,1,0.016413
3,56349.000000,23651.000000,15,145877.728456,5284572991.142574,2762.899148,2.258285,1,1,1,0.027000
