generation,prey_fitness,predator_fitness,num_alive_end,avg_bb_size,var_bb_size,avg_shortest_dist,swarm_density_count,prey_neurons_connected_prey_retina,prey_neurons_connected_predator_retina,predator_neurons_connected_prey_retina,mutual_info
1,78370.000000,1630.000000,38,2622.038998,1092006.885361,11.292447,22.409087,4,3,2,0.030671
1,77313.000000,2687.000000,36,2810.823106,899183.675631,11.196895,20.704311,4,3,2,0.030337
2,76493.000000,3507.000000,35,2746.857456,1319011.267624,11.721440,21.295965,4,3,2,0.028376
3,74492.000000,5508.000000,34,2240.543941,559815.875493,9.107493,22.317807,4,3,2,0.017763
