generation,prey_fitness,predator_fitness,num_alive_end,avg_bb_size,var_bb_size,avg_shortest_dist,swarm_density_count,prey_neurons_connected_prey_retina,prey_neurons_connected_predator_retina,predator_neurons_connected_prey_retina,mutual_info
1,73004.000000,6996.000000,33,2649.753494,1040347.228675,12.844244,20.689563,4,1,3,0.031612
1,73268.000000,6732.000000,32,2716.435805,791082.142310,12.249968,20.206814,4,1,3,0.034923
2,78211.000000,1789.000000,36,3109.165270,1859853.832105,12.466145,21.698580,4,1,3,0.039968
3,69329.000000,10671.000000,31,2484.863221,757003.601360,13.233437,20.116388,4,1,3,0.034552
