generation,prey_fitness,predator_fitness,num_alive_end,avg_bb_size,var_bb_size,avg_shortest_dist,swarm_density_count,prey_neurons_connected_prey_retina,prey_neurons_connected_predator_retina,predator_neurons_connected_prey_retina,mutual_info
1,75078.000000,4922.000000,34,1975.827093,529702.023026,9.748401,23.818721,2,5,1,0.034227
1,73697.000000,6303.000000,34,1846.536160,686404.306094,9.589497,24.164287,2,5,1,0.022999
2,74523.000000,5477.000000,31,2058.365080,578758.383944,9.348898,22.785485,2,5,1,0.033172
3,76756.000000,3244.000000,35,1717.061620,366464.350422,8.870582,25.107122,2,5,1,0.022199
