generation,prey_fitness,predator_fitness,num_alive_end,avg_bb_size,var_bb_size,avg_shortest_dist,swarm_density_count,prey_neurons_connected_prey_retina,prey_neurons_connected_predator_retina,predator_neurons_connected_prey_retina,mutual_info
1,55625.000000,24375.000000,17,46082.931263,248417665.517766,824.634849,2.996624,0,0,1,0.014586
1,46212.000000,33788.000000,9,35006.986354,159592209.168418,981.204287,3.510022,0,0,1,0.021270
2,45157.000000,34843.000000,7,31918.025847,96589060.994301,1109.927122,2.936204,0,0,1,0.020368
3,50774.000000,29226.000000,11,35830.429158,123890459.951313,840.569601,2.888221,0,0,1,0.023032
