generation,prey_fitness,predator_fitness,num_alive_end,avg_bb_size,var_bb_size,avg_shortest_dist,swarm_density_count,prey_neurons_connected_prey_retina,prey_neurons_connected_predator_retina,predator_neurons_connected_prey_retina,mutual_info
1,75222.000000,4778.000000,35,1049.972959,208764.945947,6.532247,30.591590,2,0,3,0.010047
1,78259.000000,1741.000000,39,1084.339296,142808.158263,6.573456,31.175692,2,0,3,0.012198
2,78801.000000,1199.000000,37,1028.337226,134496.221954,6.006549,31.812189,2,0,3,0.017396
3,78464.000000,1536.000000,37,1042.062102,177323.182902,6.520244,32.168103,2,0,3,0.009397
