generation,prey_fitness,predator_fitness,num_alive_end,avg_bb_size,var_bb_size,avg_shortest_dist,swarm_density_count,prey_neurons_connected_prey_retina,prey_neurons_connected_predator_retina,predator_neurons_connected_prey_retina,mutual_info
1,76360.000000,3640.000000,35,9006.794748,13461535.409050,33.155928,12.672042,1,1,2,0.046601
1,71462.000000,8538.000000,32,10453.945914,13661541.374532,39.844741,11.037566,1,1,2,0.048947
2,71525.000000,8475.000000,30,9297.979892,21627333.968070,35.885792,12.894320,1,1,2,0.059154
3,72233.000000,7767.000000,33,7999.764333,12474976.609264,30.126432,12.567905,1,1,2,0.044742
