generation,prey_fitness,predator_fitness,num_alive_end,avg_bb_size,var_bb_size,avg_shortest_dist,swarm_density_count,prey_neurons_connected_prey_retina,prey_neurons_connected_predator_retina,predator_neurons_connected_prey_retina,mutual_info
1,72109.000000,7891.000000,33,1635.621270,231878.712308,8.351594,25.810272,4,1,1,0.012846
1,70419.000000,9581.000000,31,1639.824410,275561.426897,9.157896,24.992449,4,1,1,0.015784
2,74251.000000,5749.000000,33,1810.101415,422979.214623,8.708180,25.379061,4,1,1,0.015072
3,69174.000000,10826.000000,30,1560.554748,285324.950259,9.067145,24.855930,4,1,1,0.011118
