generation,prey_fitness,predator_fitness,num_alive_end,avg_bb_size,var_bb_size,avg_shortest_dist,swarm_density_count,prey_neurons_connected_prey_retina,prey_neurons_connected_predator_retina,predator_neurons_connected_prey_retina,mutual_info
1,59509.000000,20491.000000,20,168825.927780,5303370877.200434,2833.046504,1.689237,0,1,3,0.016062
1,64295.000000,15705.000000,24,141732.696056,3051002601.974491,2081.891175,1.842455,0,1,3,0.019926
2,49992.000000,30008.000000,17,117951.556115,2309797321.550134,2632.755327,1.735721,0,1,3,0.018096
3,52998.000000,27002.000000,14,132241.380003,3441450870.998867,2466.556821,1.740164,0,1,3,0.017914
