generation,prey_fitness,predator_fitness,num_alive_end,avg_bb_size,var_bb_size,avg_shortest_dist,swarm_density_count,prey_neurons_connected_prey_retina,prey_neurons_connected_predator_retina,predator_neurons_connected_prey_retina,mutual_info
1,66346.000000,13654.000000,27,180261.112384,5447077534.112108,2589.704210,1.781889,3,1,1,0.019809
1,65200.000000,14800.000000,26,163143.002578,4711106760.156226,2547.323501,1.777267,3,1,1,0.020097
2,69350.000000,10650.000000,28,179991.447884,5395051665.075525,2285.930776,1.680631,3,1,1,0.018660
3,63735.000000,16265.000000,25,193694.681433,5457087724.869708,3181.923663,1.641496,3,1,1,0.011326
