generation,prey_fitness,predator_fitness,num_alive_end,avg_bb_size,var_bb_size,avg_shortest_dist,swarm_density_count,prey_neurons_connected_prey_retina,prey_neurons_connected_predator_retina,predator_neurons_connected_prey_retina,mutual_info
1,56980.000000,23020.000000,15,98679.745125,1622901899.979663,1857.783093,1.875161,0,1,1,0.018172
1,57450.000000,22550.000000,19,105942.973394,2343583756.254589,1917.604089,2.013146,0,1,1,0.024374
2,54356.000000,25644.000000,17,123811.909952,2037860217.053683,2221.130125,1.958239,0,1,1,0.021910
3,56762.000000,23238.000000,16,109182.296887,1317533353.146030,1997.359106,1.821339,0,1,1,0.014482
