generation,prey_fitness,predator_fitness,num_alive_end,avg_bb_size,var_bb_size,avg_shortest_dist,swarm_density_count,prey_neurons_connected_prey_retina,prey_neurons_connected_predator_retina,predator_neurons_connected_prey_retina,mutual_info
1,60763.000000,19237.000000,19,131590.044917,3379843073.757255,1296.996034,2.468601,1,0,1,0.030505
1,57366.000000,22634.000000,18,134799.024230,4033556397.766397,1916.044120,2.217826,1,0,1,0.020599
2,51587.000000,28413.000000,11,114130.310921,2723770944.206763,2064.602281,2.469647,1,0,1,0.026949
3,53772.000000,26228.000000,16,116565.859320,2239456336.174893,1369.039941,2.216892,1,0,1,0.026147
