generation,prey_fitness,predator_fitness,num_alive_end,avg_bb_size,var_bb_size,avg_shortest_dist,swarm_density_count,prey_neurons_connected_prey_retina,prey_neurons_connected_predator_retina,predator_neurons_connected_prey_retina,mutual_info
1,58596.000000,21404.000000,20,150154.977376,3882019197.146809,3203.289058,1.793070,1,0,1,0.027705
1,63878.000000,16122.000000,24,146272.158000,3749589497.681945,2321.844307,1.756676,1,0,1,0.013388
2,52519.000000,27481.000000,16,123384.077531,2589423000.217357,2952.727258,1.759919,1,0,1,0.020622
3,54046.000000,25954.000000,16,121168.377247,2382934056.972945,2460.777469,1.698639,1,0,1,0.041653
