generation,prey_fitness,predator_fitness,num_alive_end,avg_bb_size,var_bb_size,avg_shortest_dist,swarm_density_count,prey_neurons_connected_prey_retina,prey_neurons_connected_predator_retina,predator_neurons_connected_prey_retina,mutual_info
1,65364.000000,14636.000000,27,111380.162619,1823580797.004006,762.554946,2.487096,1,0,1,0.024073
1,59740.000000,20260.000000,21,75683.712747,838089277.104631,708.572665,2.983455,1,0,1,0.029167
2,59034.000000,20966.000000,19,160523.742029,3751036720.053085,2579.574043,2.223774,1,0,1,0.025541
3,63749.000000,16251.000000,25,96841.384289,2820545779.497550,882.289913,2.609091,1,0,1,0.018622
