generation,prey_fitness,predator_fitness,num_alive_end,avg_bb_size,var_bb_size,avg_shortest_dist,swarm_density_count,prey_neurons_connected_prey_retina,prey_neurons_connected_predator_retina,predator_neurons_connected_prey_retina,mutual_info
1,66183.000000,13817.000000,27,5600.311402,3039849.725017,31.083649,13.879103,1,0,1,0.024374
1,66379.000000,13621.000000,29,5514.167336,3387711.588483,33.994775,14.350176,1,0,1,0.028553
2,70511.000000,9489.000000,29,4899.954975,2169114.498626,26.795316,15.736056,1,0,1,0.039381
3,69791.000000,10209.000000,28,5191.285547,3352992.155943,29.175400,15.279259,1,0,1,0.032932
