generation,prey_fitness,predator_fitness,num_alive_end,avg_bb_size,var_bb_size,avg_shortest_dist,swarm_density_count,prey_neurons_connected_prey_retina,prey_neurons_connected_predator_retina,predator_neurons_connected_prey_retina,mutual_info
1,63161.000000,16839.000000,24,3588.031738,1059738.578467,39.715408,17.201671,1,2,4,0.006571
1,59007.000000,20993.000000,20,3668.734586,1263348.886984,47.728686,16.000852,1,2,4,0.010250
2,61759.000000,18241.000000,19,4045.483716,1159230.349653,49.633511,16.040751,1,2,4,0.007835
3,64252.000000,15748.000000,23,5124.152434,2611537.572570,57.692936,14.763260,1,2,4,0.010427
