generation,prey_fitness,predator_fitness,num_alive_end,avg_bb_size,var_bb_size,avg_shortest_dist,swarm_density_count,prey_neurons_connected_prey_retina,prey_neurons_connected_predator_retina,predator_neurons_connected_prey_retina,mutual_info
1,74776.000000,5224.000000,32,1416.240635,267096.445497,8.044465,26.759851,1,1,1,0.029659
1,73292.000000,6708.000000,32,1518.185363,258635.663630,7.584096,25.707219,1,1,1,0.034807
2,72769.000000,7231.000000,32,1413.842246,257151.252169,7.725663,26.239530,1,1,1,0.025716
3,73234.000000,6766.000000,33,1564.131993,612949.692189,7.825838,25.801470,1,1,1,0.036930
