generation,prey_fitness,predator_fitness,num_alive_end,avg_bb_size,var_bb_size,avg_shortest_dist,swarm_density_count,prey_neurons_connected_prey_retina,prey_neurons_connected_predator_retina,predator_neurons_connected_prey_retina,mutual_info
1,50826.000000,29174.000000,12,65497.342722,703527508.741487,1726.804404,2.391802,2,2,1,0.014451
1,57304.000000,22696.000000,17,81182.139622,845313317.529515,1432.993075,2.344667,2,2,1,0.023857
2,55390.000000,24610.000000,18,86719.289450,1336613308.431380,1640.789234,2.283376,2,2,1,0.018979
3,57292.000000,22708.000000,18,69467.696214,744410590.213688,1306.169868,2.461862,2,2,1,0.022103
