generation,prey_fitness,predator_fitness,num_alive_end,avg_bb_size,var_bb_size,avg_shortest_dist,swarm_density_count,prey_neurons_connected_prey_retina,prey_neurons_connected_predator_retina,predator_neurons_connected_prey_retina,mutual_info
1,69492.000000,10508.000000,32,3113.169118,701940.890394,25.401368,16.874353,2,2,1,0.011259
1,64735.000000,15265.000000,26,3312.856647,667878.129165,31.087058,16.006899,2,2,1,0.014351
2,71797.000000,8203.000000,31,3321.766919,1051859.481168,26.154513,17.271004,2,2,1,0.015848
3,70592.000000,9408.000000,30,2940.803037,648959.126056,24.639120,17.571519,2,2,1,0.007279
