generation,prey_fitness,predator_fitness,num_alive_end,avg_bb_size,var_bb_size,avg_shortest_dist,swarm_density_count,prey_neurons_connected_prey_retina,prey_neurons_connected_predator_retina,predator_neurons_connected_prey_retina,mutual_info
1,77172.000000,2828.000000,36,626.036840,33812.016605,4.315559,36.144129,2,1,1,0.005627
1,77552.000000,2448.000000,37,663.408608,35713.573794,4.655674,35.916314,2,1,1,0.007588
2,78929.000000,1071.000000,38,694.012898,37957.903632,4.777734,36.429926,2,1,1,0.009619
3,80000.000000,1.000000,40,705.856329,44815.644032,4.646505,36.585775,2,1,1,0.013250
