generation,prey_fitness,predator_fitness,num_alive_end,avg_bb_size,var_bb_size,avg_shortest_dist,swarm_density_count,prey_neurons_connected_prey_retina,prey_neurons_connected_predator_retina,predator_neurons_connected_prey_retina,mutual_info
1,74127.000000,5873.000000,33,1383.159236,279029.054258,6.627550,26.674950,1,0,1,0.023407
1,78986.000000,1014.000000,39,1372.239460,300015.934692,6.203493,29.782784,1,0,1,0.016787
2,76776.000000,3224.000000,37,1362.140835,244803.195309,5.944346,27.587919,1,0,1,0.024292
3,73662.000000,6338.000000,33,1339.579589,261397.246740,6.681427,26.930530,1,0,1,0.020330
