generation,prey_fitness,predator_fitness,num_alive_end,avg_bb_size,var_bb_size,avg_shortest_dist,swarm_density_count,prey_neurons_connected_prey_retina,prey_neurons_connected_predator_retina,predator_neurons_connected_prey_retina,mutual_info
1,78233.000000,1767.000000,36,3135.505671,1824743.089757,13.467674,20.815594,2,2,1,0.053913
1,75338.000000,4662.000000,34,2850.778815,975944.860288,14.300932,20.805471,2,2,1,0.035072
2,77093.000000,2907.000000,35,2934.457842,1217588.255889,14.884366,20.851996,2,2,1,0.051910
3,74056.000000,5944.000000,35,3067.054517,1121825.159552,16.690872,19.532653,2,2,1,0.056848
