generation,prey_fitness,predator_fitness,num_alive_end,avg_bb_size,var_bb_size,avg_shortest_dist,swarm_density_count,prey_neurons_connected_prey_retina,prey_neurons_connected_predator_retina,predator_neurons_connected_prey_retina,mutual_info
1,48763.000000,31237.000000,11,97756.444579,1036829898.770154,2055.271433,1.836318,3,0,2,0.027848
1,51921.000000,28079.000000,13,161631.349351,3548753690.311503,2605.377532,1.820702,3,0,2,0.018979
2,54512.000000,25488.000000,18,141070.389370,2454419717.167956,1732.730378,1.766260,3,0,2,0.017931
3,57594.000000,22406.000000,18,143154.680452,2612211886.176964,2041.746142,1.846773,3,0,2,0.029574
