generation,prey_fitness,predator_fitness,num_alive_end,avg_bb_size,var_bb_size,avg_shortest_dist,swarm_density_count,prey_neurons_connected_prey_retina,prey_neurons_connected_predator_retina,predator_neurons_connected_prey_retina,mutual_info
1,74758.000000,5242.000000,34,2441.400589,530117.609502,15.258992,23.311393,2,2,1,0.016457
1,71705.000000,8295.000000,31,2897.016735,789176.135820,21.151957,20.324642,2,2,1,0.031911
2,73337.000000,6663.000000,34,2891.120670,850160.026723,18.371874,21.109282,2,2,1,0.021749
3,76084.000000,3916.000000,34,2954.873472,667931.805858,19.641502,21.603218,2,2,1,0.028206
