generation,prey_fitness,predator_fitness,num_alive_end,avg_bb_size,var_bb_size,avg_shortest_dist,swarm_density_count,prey_neurons_connected_prey_retina,prey_neurons_connected_predator_retina,predator_neurons_connected_prey_retina,mutual_info
1,51204.000000,28796.000000,11,26021.713619,55893250.988983,620.809489,3.833088,0,2,2,0.044297
1,44160.000000,35840.000000,2,18085.650575,94185373.962906,799.478113,3.578194,0,2,2,0.032350
2,43849.000000,36151.000000,6,23321.085516,93964026.480217,741.907848,3.117583,0,2,2,0.043872
3,50437.000000,29563.000000,8,20594.597708,51674471.822933,498.384270,4.291565,0,2,2,0.040881
