generation,prey_fitness,predator_fitness,num_alive_end,avg_bb_size,var_bb_size,avg_shortest_dist,swarm_density_count,prey_neurons_connected_prey_retina,prey_neurons_connected_predator_retina,predator_neurons_connected_prey_retina,mutual_info
1,69793.000000,10207.000000,27,4094.884432,3135591.745672,16.546971,18.107030,3,3,1,0.014981
1,70802.000000,9198.000000,27,2827.818131,2537801.316564,10.760198,20.930884,3,3,1,0.030685
2,72356.000000,7644.000000,32,3311.612099,2743498.735000,12.383105,20.478651,3,3,1,0.017860
3,69072.000000,10928.000000,31,2598.804713,897117.559831,11.106401,20.301801,3,3,1,0.024254
