generation,prey_fitness,predator_fitness,num_alive_end,avg_bb_size,var_bb_size,avg_shortest_dist,swarm_density_count,prey_neurons_connected_prey_retina,prey_neurons_connected_predator_retina,predator_neurons_connected_prey_retina,mutual_info
1,71120.000000,8880.000000,30,1640.297052,283604.947081,13.098067,27.317218,3,1,1,0.014438
1,72421.000000,7579.000000,32,1551.101235,224729.015689,12.734564,28.955324,3,1,1,0.014425
2,72494.000000,7506.000000,32,1749.977065,267901.505375,13.364770,27.574747,3,1,1,0.010799
3,77428.000000,2572.000000,38,1650.131114,288891.440076,11.893282,30.219137,3,1,1,0.008839
