generation,prey_fitness,predator_fitness,num_alive_end,avg_bb_size,var_bb_size,avg_shortest_dist,swarm_density_count,prey_neurons_connected_prey_retina,prey_neurons_connected_predator_retina,predator_neurons_connected_prey_retina,mutual_info
1,49239.000000,30761.000000,13,77390.882873,1116641913.082588,1903.102333,2.111151,0,1,1,0.041946
1,54462.000000,25538.000000,16,93986.128393,1460225516.548508,1865.954617,2.165244,0,1,1,0.018900
2,63185.000000,16815.000000,20,129914.049797,3082111634.180934,2098.765042,1.999598,0,1,1,0.012930
3,55846.000000,24154.000000,17,87466.131242,1264112259.260156,1826.035730,2.098261,0,1,1,0.011271
