generation,prey_fitness,predator_fitness,num_alive_end,avg_bb_size,var_bb_size,avg_shortest_dist,swarm_density_count,prey_neurons_connected_prey_retina,prey_neurons_connected_predator_retina,predator_neurons_connected_prey_retina,mutual_info
1,77549.000000,2451.000000,36,2516.450936,766559.852979,10.560768,22.806381,4,1,2,0.046325
1,76000.000000,4000.000000,36,2406.111094,603202.362469,10.988792,22.823663,4,1,2,0.045960
2,70940.000000,9060.000000,33,2459.572548,495786.506284,11.343840,20.969675,4,1,2,0.031846
3,75978.000000,4022.000000,34,2379.383411,596606.719022,10.751205,22.804843,4,1,2,0.032215
