generation,prey_fitness,predator_fitness,num_alive_end,avg_bb_size,var_bb_size,avg_shortest_dist,swarm_density_count,prey_neurons_connected_prey_retina,prey_neurons_connected_predator_retina,predator_neurons_connected_prey_retina,mutual_info
1,57353.000000,22647.000000,17,126583.569833,3646915515.157560,2513.839921,1.814148,1,1,1,0.018108
1,60261.000000,19739.000000,19,144606.869213,3804570148.927449,2125.941934,1.807154,1,1,1,0.018554
2,48158.000000,31842.000000,10,87075.178581,1252879258.839062,2018.804403,1.763541,1,1,1,0.017986
3,53206.000000,26794.000000,15,92395.799067,1552222061.153418,2108.168859,1.989203,1,1,1,0.021488
