generation,prey_fitness,predator_fitness,num_alive_end,avg_bb_size,var_bb_size,avg_shortest_dist,swarm_density_count,prey_neurons_connected_prey_retina,prey_neurons_connected_predator_retina,predator_neurons_connected_prey_retina,mutual_info
1,67603.000000,12397.000000,26,7502.618991,6936905.500078,54.785088,12.519908,2,3,1,0.026081
1,62959.000000,17041.000000,21,6968.221455,7081676.123151,61.285344,12.313986,2,3,1,0.020519
2,64086.000000,15914.000000,23,7033.741916,4225247.888823,62.939579,12.213695,2,3,1,0.016273
3,67689.000000,12311.000000,28,7460.056911,6884026.122773,54.788758,12.489223,2,3,1,0.024460
