generation,prey_fitness,predator_fitness,num_alive_end,avg_bb_size,var_bb_size,avg_shortest_dist,swarm_density_count,prey_neurons_connected_prey_retina,prey_neurons_connected_predator_retina,predator_neurons_connected_prey_retina,mutual_info
1,54219.000000,25781.000000,16,148986.752126,4054156992.655175,2973.182270,1.576382,0,1,2,0.016826
1,54764.000000,25236.000000,18,158692.862322,4693458789.699625,3314.147201,1.595601,0,1,2,0.014692
2,60836.000000,19164.000000,21,148058.719050,3461681273.443637,2444.468637,1.686570,0,1,2,0.023940
3,50803.000000,29197.000000,10,159555.046952,3343832081.630092,3950.760596,1.514832,0,1,2,0.026836
