generation,prey_fitness,predator_fitness,num_alive_end,avg_bb_size,var_bb_size,avg_shortest_dist,swarm_density_count,prey_neurons_connected_prey_retina,prey_neurons_connected_predator_retina,predator_neurons_connected_prey_retina,mutual_info
1,60915.000000,19085.000000,22,131837.614745,2519749487.835728,2472.245014,2.544759,1,1,5,0.017227
1,50810.000000,29190.000000,15,91072.128468,4369413339.385085,2750.073235,2.508340,1,1,5,0.033732
2,59905.000000,20095.000000,18,71155.529689,1046944253.202455,1123.087825,2.619910,1,1,5,0.011332
3,54583.000000,25417.000000,16,96595.296591,2483234186.499013,2406.855776,2.666819,1,1,5,0.023590
