generation,prey_fitness,predator_fitness,num_alive_end,avg_bb_size,var_bb_size,avg_shortest_dist,swarm_density_count,prey_neurons_connected_prey_retina,prey_neurons_connected_predator_retina,predator_neurons_connected_prey_retina,mutual_info
1,50506.000000,29494.000000,11,28775.569766,85083048.072432,680.277826,3.407862,2,0,3,0.015539
1,57384.000000,22616.000000,15,34932.242526,196600177.891062,643.186915,3.488272,2,0,3,0.021095
2,43780.000000,36220.000000,6,25061.254439,61334910.730943,777.423844,3.210244,2,0,3,0.015750
3,51594.000000,28406.000000,11,32737.571470,122840031.487891,671.656551,3.519751,2,0,3,0.019839
