generation,prey_fitness,predator_fitness,num_alive_end,avg_bb_size,var_bb_size,avg_shortest_dist,swarm_density_count,prey_neurons_connected_prey_retina,prey_neurons_connected_predator_retina,predator_neurons_connected_prey_retina,mutual_info
1,54655.000000,25345.000000,16,96242.954041,2065094229.871794,995.909978,3.476194,3,1,1,0.020621
1,54474.000000,25526.000000,16,113391.829030,3516849538.342639,1826.010544,2.870395,3,1,1,0.021758
2,58281.000000,21719.000000,18,95898.777542,2929056240.794201,739.038355,3.482602,3,1,1,0.028828
3,59359.000000,20641.000000,19,99929.518519,2803049141.576892,998.138521,3.982305,3,1,1,0.017907
