generation,prey_fitness,predator_fitness,num_alive_end,avg_bb_size,var_bb_size,avg_shortest_dist,swarm_density_count,prey_neurons_connected_prey_retina,prey_neurons_connected_predator_retina,predator_neurons_connected_prey_retina,mutual_info
1,46200.000000,33800.000000,8,27820.808192,170732749.675966,367.993069,3.470642,1,1,1,0.046779
1,58468.000000,21532.000000,16,48602.389817,258225187.378397,420.831567,3.118345,1,1,1,0.031062
2,57667.000000,22333.000000,17,58819.163368,859114823.902670,413.130384,3.142906,1,1,1,0.034878
3,53744.000000,26256.000000,13,48605.518992,884655445.146876,441.747878,3.374751,1,1,1,0.044482
