generation,prey_fitness,predator_fitness,num_alive_end,avg_bb_size,var_bb_size,avg_shortest_dist,swarm_density_count,prey_neurons_connected_prey_retina,prey_neurons_connected_predator_retina,predator_neurons_connected_prey_retina,mutual_info
1,39442.000000,40558.000000,5,70815.934313,829899877.112104,2819.121778,1.976247,0,1,1,0.026535
1,53622.000000,26378.000000,13,90693.118359,1380703688.309750,1864.469338,1.846538,0,1,1,0.016474
2,51396.000000,28604.000000,15,90903.349529,1712519937.115417,2290.706746,1.944250,0,1,1,0.024259
3,51425.000000,28575.000000,12,93362.778653,1223557759.421293,2047.501116,1.993724,0,1,1,0.028714
