generation,prey_fitness,predator_fitness,num_alive_end,avg_bb_size,var_bb_size,avg_shortest_dist,swarm_density_count,prey_neurons_connected_prey_retina,prey_neurons_connected_predator_retina,predator_neurons_connected_prey_retina,mutual_info
1,72463.000000,7537.000000,31,3329.392272,1662474.156313,15.410059,18.768128,1,0,1,0.031828
1,75273.000000,4727.000000,34,3409.183039,1474774.642340,14.981058,19.419339,1,0,1,0.026811
2,65133.000000,14867.000000,24,3667.883272,1584459.197343,19.125519,16.600083,1,0,1,0.022786
3,66988.000000,13012.000000,29,3676.037283,1504843.662922,18.173007,16.726339,1,0,1,0.026286
