generation,prey_fitness,predator_fitness,num_alive_end,avg_bb_size,var_bb_size,avg_shortest_dist,swarm_density_count,prey_neurons_connected_prey_retina,prey_neurons_connected_predator_retina,predator_neurons_connected_prey_retina,mutual_info
1,45118.000000,34882.000000,8,39163.702251,263128109.152434,1147.632348,2.511742,0,1,1,0.029913
1,49415.000000,30585.000000,8,43518.996940,199645152.029224,1279.999515,3.053469,0,1,1,0.036147
2,53438.000000,26562.000000,13,57958.680417,476882152.185248,1134.565641,2.501361,0,1,1,0.028070
3,52747.000000,27253.000000,11,61410.099176,448528014.519933,1415.454724,2.419218,0,1,1,0.018214
