generation,prey_fitness,predator_fitness,num_alive_end,avg_bb_size,var_bb_size,avg_shortest_dist,swarm_density_count,prey_neurons_connected_prey_retina,prey_neurons_connected_predator_retina,predator_neurons_connected_prey_retina,mutual_info
1,68040.000000,11960.000000,26,3158.276136,1966231.361425,29.049811,19.431132,3,1,2,0.021343
1,73102.000000,6898.000000,31,2940.191507,1438360.304410,19.478411,21.841898,3,1,2,0.023033
2,74062.000000,5938.000000,33,2878.743493,1283223.321546,20.099506,22.269191,3,1,2,0.029800
3,70776.000000,9224.000000,30,2764.591233,1347371.615599,20.159577,21.821777,3,1,2,0.020452
