generation,prey_fitness,predator_fitness,num_alive_end,avg_bb_size,var_bb_size,avg_shortest_dist,swarm_density_count,prey_neurons_connected_prey_retina,prey_neurons_connected_predator_retina,predator_neurons_connected_prey_retina,mutual_info
1,76458.000000,3542.000000,36,4015.210520,2439978.184816,13.318993,18.032010,1,1,4,0.058200
1,76334.000000,3666.000000,36,4083.124868,2314343.913414,13.863489,17.397457,1,1,4,0.049280
2,71414.000000,8586.000000,33,3998.325148,2789957.398136,14.801043,16.274795,1,1,4,0.055911
3,74603.000000,5397.000000,36,4600.428984,2426105.159618,15.880691,15.951068,1,1,4,0.054846
