generation,prey_fitness,predator_fitness,num_alive_end,avg_bb_size,var_bb_size,avg_shortest_dist,swarm_density_count,prey_neurons_connected_prey_retina,prey_neurons_connected_predator_retina,predator_neurons_connected_prey_retina,mutual_info
1,76461.000000,3539.000000,37,2384.027963,1056572.042918,10.359231,22.216831,5,0,1,0.042625
1,78201.000000,1799.000000,35,2538.679671,1010585.171219,10.120591,22.013200,5,0,1,0.067490
2,79428.000000,572.000000,39,2414.985875,1188003.796713,9.872670,23.374402,5,0,1,0.034641
3,75057.000000,4943.000000,34,2744.693928,1349711.380963,11.112540,20.722111,5,0,1,0.052752
