generation,prey_fitness,predator_fitness,num_alive_end,avg_bb_size,var_bb_size,avg_shortest_dist,swarm_density_count,prey_neurons_connected_prey_retina,prey_neurons_connected_predator_retina,predator_neurons_connected_prey_retina,mutual_info
1,78469.000000,1531.000000,37,1284.657776,241518.418157,5.127438,28.922513,2,1,1,0.025707
1,66573.000000,13427.000000,27,1228.398716,243775.482901,6.183404,24.076240,2,1,1,0.028758
2,76934.000000,3066.000000,36,1326.563794,241865.258533,5.443627,28.276263,2,1,1,0.029831
3,75586.000000,4414.000000,34,1173.074297,270867.480397,4.999170,27.804022,2,1,1,0.025504
