generation,prey_fitness,predator_fitness,num_alive_end,avg_bb_size,var_bb_size,avg_shortest_dist,swarm_density_count,prey_neurons_connected_prey_retina,prey_neurons_connected_predator_retina,predator_neurons_connected_prey_retina,mutual_info
1,52186.000000,27814.000000,11,42545.205783,233543452.154424,999.978528,3.062823,1,0,1,0.016376
1,49896.000000,30104.000000,11,38411.218486,349799132.979438,814.457467,3.001412,1,0,1,0.018492
2,59566.000000,20434.000000,16,47493.425357,455607021.842914,740.812440,3.272298,1,0,1,0.016021
3,46295.000000,33705.000000,6,22680.768195,66301709.398553,636.299461,3.610358,1,0,1,0.014559
