generation,prey_fitness,predator_fitness,num_alive_end,avg_bb_size,var_bb_size,avg_shortest_dist,swarm_density_count,prey_neurons_connected_prey_retina,prey_neurons_connected_predator_retina,predator_neurons_connected_prey_retina,mutual_info
1,75709.000000,4291.000000,33,11437.293526,31563895.759534,40.364837,10.748496,1,0,2,0.072855
1,73486.000000,6514.000000,34,10475.319646,23851619.549751,36.544124,10.859666,1,0,2,0.069668
2,68823.000000,11177.000000,29,10666.539143,18411759.661666,42.349919,10.038991,1,0,2,0.051731
3,73238.000000,6762.000000,33,10115.161139,20918315.812153,37.850766,11.488944,1,0,2,0.057238
