generation,prey_fitness,predator_fitness,num_alive_end,avg_bb_size,var_bb_size,avg_shortest_dist,swarm_density_count,prey_neurons_connected_prey_retina,prey_neurons_connected_predator_retina,predator_neurons_connected_prey_retina,mutual_info
1,80000.000000,1.000000,40,1006.598682,96518.775037,5.785067,34.502325,2,0,3,0.005616
1,75049.000000,4951.000000,35,1018.194209,75270.316115,6.338806,32.166178,2,0,3,0.008086
2,76807.000000,3193.000000,37,977.550590,70169.840645,5.939927,33.723139,2,0,3,0.006320
3,75868.000000,4132.000000,36,895.896527,82133.508306,5.611960,33.303249,2,0,3,0.005833
