generation,prey_fitness,predator_fitness,num_alive_end,avg_bb_size,var_bb_size,avg_shortest_dist,swarm_density_count,prey_neurons_connected_prey_retina,prey_neurons_connected_predator_retina,predator_neurons_connected_prey_retina,mutual_info
1,55481.000000,24519.000000,17,120337.808753,2038998126.864859,2102.239848,1.792444,1,1,3,0.026186
1,52505.000000,27495.000000,14,89170.294254,940808395.236125,1971.833934,1.785691,1,1,3,0.026536
2,51170.000000,28830.000000,13,104582.744189,2542177408.296898,2586.502192,1.882658,1,1,3,0.024812
3,56065.000000,23935.000000,17,114069.379157,1890745372.532432,2163.324210,1.937806,1,1,3,0.017986
