generation,prey_fitness,predator_fitness,num_alive_end,avg_bb_size,var_bb_size,avg_shortest_dist,swarm_density_count,prey_neurons_connected_prey_retina,prey_neurons_connected_predator_retina,predator_neurons_connected_prey_retina,mutual_info
1,60315.000000,19685.000000,21,6221.145473,4358126.816557,63.518389,11.658496,1,0,1,0.021340
1,62812.000000,17188.000000,22,7738.568726,8675863.362984,71.204080,11.382303,1,0,1,0.022181
2,60733.000000,19267.000000,15,5009.256730,2861632.445730,60.752241,13.695259,1,0,1,0.008388
3,61586.000000,18414.000000,18,6256.875515,5686622.247503,65.248037,12.369794,1,0,1,0.019725
