generation,prey_fitness,predator_fitness,num_alive_end,avg_bb_size,var_bb_size,avg_shortest_dist,swarm_density_count,prey_neurons_connected_prey_retina,prey_neurons_connected_predator_retina,predator_neurons_connected_prey_retina,mutual_info
1,77675.000000,2325.000000,38,2269.836010,687374.298961,10.318511,23.268385,2,3,1,0.031824
1,75332.000000,4668.000000,34,2084.650447,570563.877117,11.336444,23.269228,2,3,1,0.036100
2,73909.000000,6091.000000,36,2177.131706,657723.007029,11.028222,22.135171,2,3,1,0.097836
3,76022.000000,3978.000000,34,2175.403515,627762.727028,10.032195,22.930079,2,3,1,0.045068
