generation,prey_fitness,predator_fitness,num_alive_end,avg_bb_size,var_bb_size,avg_shortest_dist,swarm_density_count,prey_neurons_connected_prey_retina,prey_neurons_connected_predator_retina,predator_neurons_connected_prey_retina,mutual_info
1,61688.000000,18312.000000,19,207572.625328,6372898312.467317,3173.136831,1.911250,2,0,1,0.018437
1,55288.000000,24712.000000,20,194035.021323,6301837450.163891,2984.706050,1.970028,2,0,1,0.028101
2,50663.000000,29337.000000,14,194260.734633,6162075874.187628,4024.963520,2.012762,2,0,1,0.026893
3,57944.000000,22056.000000,15,166589.909007,5713926114.567190,2876.646549,1.724780,2,0,1,0.020177
