generation,prey_fitness,predator_fitness,num_alive_end,avg_bb_size,var_bb_size,avg_shortest_dist,swarm_density_count,prey_neurons_connected_prey_retina,prey_neurons_connected_predator_retina,predator_neurons_connected_prey_retina,mutual_info
1,49951.000000,30049.000000,8,5859.509250,4085049.384298,131.775992,9.878623,1,2,3,0.012112
1,55294.000000,24706.000000,8,6719.945720,5252904.998582,129.186239,9.950938,1,2,3,0.022351
2,48510.000000,31490.000000,5,6339.653314,5232668.328295,178.295784,9.133513,1,2,3,0.021846
3,51593.000000,28407.000000,10,5810.537731,2977754.442604,125.701850,10.190836,1,2,3,0.022520
