generation,prey_fitness,predator_fitness,num_alive_end,avg_bb_size,var_bb_size,avg_shortest_dist,swarm_density_count,prey_neurons_connected_prey_retina,prey_neurons_connected_predator_retina,predator_neurons_connected_prey_retina,mutual_info
1,76202.000000,3798.000000,37,1856.934829,303461.630347,7.583919,24.476194,1,1,1,0.034500
1,75699.000000,4301.000000,32,1656.066953,406528.157958,7.944262,25.763793,1,1,1,0.028133
2,75632.000000,4368.000000,34,1666.418477,435561.253333,7.465631,26.809113,1,1,1,0.021202
3,75363.000000,4637.000000,36,1723.127879,508072.355899,7.123299,25.041826,1,1,1,0.033258
