generation,prey_fitness,predator_fitness,num_alive_end,avg_bb_size,var_bb_size,avg_shortest_dist,swarm_density_count,prey_neurons_connected_prey_retina,prey_neurons_connected_predator_retina,predator_neurons_connected_prey_retina,mutual_info
1,64994.000000,15006.000000,27,141771.723579,3217354786.608777,1952.896433,1.958632,0,1,5,0.046073
1,66607.000000,13393.000000,27,149385.436943,3563754856.776584,1999.921485,2.139083,0,1,5,0.025796
2,64871.000000,15129.000000,25,143514.397239,4288584493.168946,2013.807962,2.255740,0,1,5,0.019803
3,63714.000000,16286.000000,25,124625.308734,2605778079.405279,1800.219064,2.152659,0,1,5,0.053472
