generation,prey_fitness,predator_fitness,num_alive_end,avg_bb_size,var_bb_size,avg_shortest_dist,swarm_density_count,prey_neurons_connected_prey_retina,prey_neurons_connected_predator_retina,predator_neurons_connected_prey_retina,mutual_info
1,75912.000000,4088.000000,35,3191.528314,2515943.648445,9.287751,20.304059,1,2,1,0.059714
1,76149.000000,3851.000000,35,3178.164338,1871120.576836,10.434553,19.850179,1,2,1,0.059384
2,76524.000000,3476.000000,34,3471.343927,3271046.544453,13.266793,19.646393,1,2,1,0.071112
3,73220.000000,6780.000000,34,3429.086382,3145602.478103,11.302543,18.363546,1,2,1,0.065015
