generation,prey_fitness,predator_fitness,num_alive_end,avg_bb_size,var_bb_size,avg_shortest_dist,swarm_density_count,prey_neurons_connected_prey_retina,prey_neurons_connected_predator_retina,predator_neurons_connected_prey_retina,mutual_info
1,62097.000000,17903.000000,21,36169.247890,275689127.677773,186.517131,4.620822,1,2,2,0.045002
1,56809.000000,23191.000000,20,20933.896511,64527099.747360,162.421883,5.359880,1,2,2,0.066526
2,66781.000000,13219.000000,24,22081.690225,75870666.757006,130.946246,6.267194,1,2,2,0.048546
3,62608.000000,17392.000000,21,26474.721550,135736712.257513,150.717781,5.303533,1,2,2,0.056934
