generation,prey_fitness,predator_fitness,num_alive_end,avg_bb_size,var_bb_size,avg_shortest_dist,swarm_density_count,prey_neurons_connected_prey_retina,prey_neurons_connected_predator_retina,predator_neurons_connected_prey_retina,mutual_info
1,51627.000000,28373.000000,12,161776.273497,3430761038.206719,3601.278132,1.498941,1,0,1,0.031941
1,53219.000000,26781.000000,14,155673.376046,3063177176.819846,3021.930520,1.564482,1,0,1,0.036447
2,50258.000000,29742.000000,13,151182.936548,3111493423.301490,3625.839665,1.576854,1,0,1,0.030960
3,48181.000000,31819.000000,8,147962.919102,3166716940.971713,4084.515627,1.694820,1,0,1,0.027760
