generation,prey_fitness,predator_fitness,num_alive_end,avg_bb_size,var_bb_size,avg_shortest_dist,swarm_density_count,prey_neurons_connected_prey_retina,prey_neurons_connected_predator_retina,predator_neurons_connected_prey_retina,mutual_info
1,49298.000000,30702.000000,6,29078.621238,127580315.678368,1016.793041,3.307469,0,3,1,0.092444
1,51398.000000,28602.000000,12,42525.234461,271066109.042416,942.193178,2.953446,0,3,1,0.024042
2,49883.000000,30117.000000,9,49542.623404,395753976.433626,1289.036197,2.350080,0,3,1,0.017947
3,51896.000000,28104.000000,10,44188.998035,426023083.784679,1223.191407,2.841121,0,3,1,0.034258
