generation,prey_fitness,predator_fitness,num_alive_end,avg_bb_size,var_bb_size,avg_shortest_dist,swarm_density_count,prey_neurons_connected_prey_retina,prey_neurons_connected_predator_retina,predator_neurons_connected_prey_retina,mutual_info
1,75640.000000,4360.000000,36,1516.381410,169613.518788,12.326030,30.053345,2,2,1,0.005203
1,75822.000000,4178.000000,35,1757.796966,149424.199128,14.937378,27.528888,2,2,1,0.004779
2,74933.000000,5067.000000,33,1819.920367,315409.220190,14.119101,27.792186,2,2,1,0.007343
3,77893.000000,2107.000000,37,1626.740025,140981.535769,12.910265,29.707436,2,2,1,0.004581
