generation,prey_fitness,predator_fitness,num_alive_end,avg_bb_size,var_bb_size,avg_shortest_dist,swarm_density_count,prey_neurons_connected_prey_retina,prey_neurons_connected_predator_retina,predator_neurons_connected_prey_retina,mutual_info
1,57973.000000,22027.000000,19,82036.324243,1008407545.104230,1480.105717,2.177163,0,2,1,0.016164
1,56641.000000,23359.000000,16,66469.830506,614045933.522312,1210.709190,2.620074,0,2,1,0.025290
2,46613.000000,33387.000000,9,49062.951477,234556549.611750,1737.918639,2.476382,0,2,1,0.032363
3,56923.000000,23077.000000,16,69558.902611,593993641.524463,1342.365347,2.343187,0,2,1,0.023413
