generation,prey_fitness,predator_fitness,num_alive_end,avg_bb_size,var_bb_size,avg_shortest_dist,swarm_density_count,prey_neurons_connected_prey_retina,prey_neurons_connected_predator_retina,predator_neurons_connected_prey_retina,mutual_info
1,61072.000000,18928.000000,21,6588.883583,4992770.258943,35.127877,11.290384,3,1,1,0.025957
1,67524.000000,12476.000000,25,8070.628796,12389681.144734,34.996309,11.590332,3,1,1,0.028297
2,71347.000000,8653.000000,31,7316.204435,7584911.920986,31.260452,12.704231,3,1,1,0.032511
3,68962.000000,11038.000000,29,6319.425410,5324002.662262,32.757125,13.206952,3,1,1,0.054048
