generation,prey_fitness,predator_fitness,num_alive_end,avg_bb_size,var_bb_size,avg_shortest_dist,swarm_density_count,prey_neurons_connected_prey_retina,prey_neurons_connected_predator_retina,predator_neurons_connected_prey_retina,mutual_info
1,61030.000000,18970.000000,23,78726.262771,1324014715.924844,1413.366266,2.523713,1,1,1,0.018832
1,54380.000000,25620.000000,14,71784.812556,850736672.612359,1752.338753,2.342215,1,1,1,0.017327
2,49784.000000,30216.000000,12,56431.533256,388696416.842062,1199.470271,2.355221,1,1,1,0.022446
3,52195.000000,27805.000000,12,67931.739382,974342363.030255,1837.581153,2.559195,1,1,1,0.018579
