generation,prey_fitness,predator_fitness,num_alive_end,avg_bb_size,var_bb_size,avg_shortest_dist,swarm_density_count,prey_neurons_connected_prey_retina,prey_neurons_connected_predator_retina,predator_neurons_connected_prey_retina,mutual_info
1,74252.000000,5748.000000,33,4449.273380,1968773.362778,22.124393,17.384961,2,2,1,0.048357
1,62190.000000,17810.000000,25,3779.714101,1624292.759075,26.391450,15.109320,2,2,1,0.022064
2,70997.000000,9003.000000,28,3808.046392,1583929.038718,23.169059,17.424726,2,2,1,0.032613
3,72779.000000,7221.000000,32,4638.973119,2106875.775343,27.128028,16.662488,2,2,1,0.044590
