generation,prey_fitness,predator_fitness,num_alive_end,avg_bb_size,var_bb_size,avg_shortest_dist,swarm_density_count,prey_neurons_connected_prey_retina,prey_neurons_connected_predator_retina,predator_neurons_connected_prey_retina,mutual_info
1,79092.000000,908.000000,39,695.060395,83978.761241,2.045544,33.060210,2,1,2,0.015969
1,79470.000000,530.000000,39,751.948308,96237.992227,2.081839,32.315396,2,1,2,0.022868
2,77500.000000,2500.000000,37,677.329495,80156.476595,2.022206,32.572050,2,1,2,0.014563
3,74464.000000,5536.000000,35,660.417442,65829.566388,2.168841,31.526167,2,1,2,0.017571
