generation,prey_fitness,predator_fitness,num_alive_end,avg_bb_size,var_bb_size,avg_shortest_dist,swarm_density_count,prey_neurons_connected_prey_retina,prey_neurons_connected_predator_retina,predator_neurons_connected_prey_retina,mutual_info
1,76484.000000,3516.000000,37,1322.192088,253811.152710,9.810176,32.410657,1,1,3,0.013276
1,78696.000000,1304.000000,37,1259.051727,182380.114875,8.985888,33.200030,1,1,3,0.008759
2,71657.000000,8343.000000,32,1220.432506,188537.541950,10.159230,30.796283,1,1,3,0.010777
3,73814.000000,6186.000000,32,1243.446450,164122.927963,9.989083,31.598839,1,1,3,0.011157
