generation,prey_fitness,predator_fitness,num_alive_end,avg_bb_size,var_bb_size,avg_shortest_dist,swarm_density_count,prey_neurons_connected_prey_retina,prey_neurons_connected_predator_retina,predator_neurons_connected_prey_retina,mutual_info
1,58051.000000,21949.000000,12,17658.888374,152215495.329496,192.686318,8.170292,3,0,1,0.020362
1,57399.000000,22601.000000,11,16099.638781,111452482.178062,223.925967,8.466283,3,0,1,0.015389
2,65886.000000,14114.000000,16,20447.502037,192350780.502466,260.152377,9.975658,3,0,1,0.012298
3,61425.000000,18575.000000,15,20992.470181,188266139.678174,237.167744,7.781166,3,0,1,0.024847
