generation,prey_fitness,predator_fitness,num_alive_end,avg_bb_size,var_bb_size,avg_shortest_dist,swarm_density_count,prey_neurons_connected_prey_retina,prey_neurons_connected_predator_retina,predator_neurons_connected_prey_retina,mutual_info
1,76987.000000,3013.000000,37,2128.160683,618247.312324,9.726363,24.550429,2,2,1,0.030046
1,75355.000000,4645.000000,36,2029.746706,380515.724958,9.093881,23.515032,2,2,1,0.025858
2,73367.000000,6633.000000,33,2189.285412,594869.782078,9.576370,22.329643,2,2,1,0.039519
3,74269.000000,5731.000000,33,2143.707287,524851.496315,9.882290,22.944903,2,2,1,0.027375
