generation,prey_fitness,predator_fitness,num_alive_end,avg_bb_size,var_bb_size,avg_shortest_dist,swarm_density_count,prey_neurons_connected_prey_retina,prey_neurons_connected_predator_retina,predator_neurons_connected_prey_retina,mutual_info
1,77293.000000,2707.000000,34,1647.038807,105720.419315,16.714843,32.676109,1,2,2,0.005759
1,77667.000000,2333.000000,37,1819.337676,150152.902537,18.605862,31.751377,1,2,2,0.008054
2,76941.000000,3059.000000,37,1671.068707,187707.034350,17.156762,32.438177,1,2,2,0.006635
3,76044.000000,3956.000000,37,1593.277458,114215.615970,16.892783,32.497670,1,2,2,0.003436
