generation,prey_fitness,predator_fitness,num_alive_end,avg_bb_size,var_bb_size,avg_shortest_dist,swarm_density_count,prey_neurons_connected_prey_retina,prey_neurons_connected_predator_retina,predator_neurons_connected_prey_retina,mutual_info
1,54891.000000,25109.000000,16,121762.784271,5529889861.615852,2640.147041,2.820350,3,0,2,0.015983
1,50675.000000,29325.000000,11,176128.494212,6661963602.008969,4128.289586,2.654318,3,0,2,0.033393
2,55331.000000,24669.000000,17,154100.240040,6014617047.899052,2152.774102,2.501551,3,0,2,0.027892
3,50925.000000,29075.000000,15,122169.732822,5526872785.433531,2173.263833,2.657845,3,0,2,0.038864
