generation,prey_fitness,predator_fitness,num_alive_end,avg_bb_size,var_bb_size,avg_shortest_dist,swarm_density_count,prey_neurons_connected_prey_retina,prey_neurons_connected_predator_retina,predator_neurons_connected_prey_retina,mutual_info
1,49129.000000,30871.000000,9,36970.016705,200368572.164625,1050.609794,3.006507,1,1,1,0.016873
1,44970.000000,35030.000000,6,25248.446165,64889694.994429,1267.371487,3.536533,1,1,1,0.029138
2,55044.000000,24956.000000,13,35558.375237,224747080.791615,671.195416,3.514750,1,1,1,0.024478
3,44330.000000,35670.000000,5,30140.444742,96556396.663210,1159.379671,2.766126,1,1,1,0.026974
