generation,prey_fitness,predator_fitness,num_alive_end,avg_bb_size,var_bb_size,avg_shortest_dist,swarm_density_count,prey_neurons_connected_prey_retina,prey_neurons_connected_predator_retina,predator_neurons_connected_prey_retina,mutual_info
1,76185.000000,3815.000000,36,1865.812296,144103.624425,12.876340,21.947834,2,1,1,0.003419
1,76082.000000,3918.000000,36,1818.835257,116796.418979,11.813667,21.969871,2,1,1,0.002668
2,71478.000000,8522.000000,31,1711.128656,115948.382143,11.974503,21.775465,2,1,1,0.002963
3,77405.000000,2595.000000,37,1826.539080,68086.006978,11.520397,21.956220,2,1,1,0.003359
