generation,prey_fitness,predator_fitness,num_alive_end,avg_bb_size,var_bb_size,avg_shortest_dist,swarm_density_count,prey_neurons_connected_prey_retina,prey_neurons_connected_predator_retina,predator_neurons_connected_prey_retina,mutual_info
1,52528.000000,27472.000000,14,94695.667958,1326562569.655072,1900.230957,2.084603,1,0,1,0.023108
1,64910.000000,15090.000000,25,90830.419247,1659678518.665638,1360.915218,2.419525,1,0,1,0.015674
2,64753.000000,15247.000000,22,84964.277080,942445766.924257,1205.509631,2.286017,1,0,1,0.021053
3,56672.000000,23328.000000,18,60899.856911,397182078.603436,1179.152325,2.635639,1,0,1,0.021324
