generation,prey_fitness,predator_fitness,num_alive_end,avg_bb_size,var_bb_size,avg_shortest_dist,swarm_density_count,prey_neurons_connected_prey_retina,prey_neurons_connected_predator_retina,predator_neurons_connected_prey_retina,mutual_info
1,52048.000000,27952.000000,13,86722.725718,1002628657.910618,1836.482609,1.900465,5,3,1,0.016791
1,49437.000000,30563.000000,8,64481.954240,462480039.415085,1790.125864,1.916412,5,3,1,0.023975
2,51853.000000,28147.000000,14,111417.744368,1902357033.421808,2571.340294,1.743716,5,3,1,0.023152
3,46396.000000,33604.000000,8,101212.061797,1894520832.155068,3509.122238,1.714589,5,3,1,0.018127
