generation,prey_fitness,predator_fitness,num_alive_end,avg_bb_size,var_bb_size,avg_shortest_dist,swarm_density_count,prey_neurons_connected_prey_retina,prey_neurons_connected_predator_retina,predator_neurons_connected_prey_retina,mutual_info
1,57680.000000,22320.000000,14,200946.560127,6313572912.800179,3684.585446,1.846212,3,0,2,0.017409
1,47385.000000,32615.000000,10,187062.354683,5792092061.009128,4292.419344,1.779612,3,0,2,0.021147
2,49795.000000,30205.000000,9,186997.744247,6013746739.451181,3548.836433,1.912763,3,0,2,0.024912
3,53809.000000,26191.000000,12,188423.860097,5906194384.486810,4120.757242,1.643318,3,0,2,0.020173
