generation,prey_fitness,predator_fitness,num_alive_end,avg_bb_size,var_bb_size,avg_shortest_dist,swarm_density_count,prey_neurons_connected_prey_retina,prey_neurons_connected_predator_retina,predator_neurons_connected_prey_retina,mutual_info
1,66996.000000,13004.000000,27,5707.563213,5912105.270279,22.470396,13.788230,3,3,1,0.018988
1,70113.000000,9887.000000,28,5256.043695,5172115.485055,21.245137,14.647104,3,3,1,0.029709
2,67955.000000,12045.000000,29,4836.479551,3480838.345330,21.043030,14.655548,3,3,1,0.024968
3,72908.000000,7092.000000,34,4887.114545,3249614.268883,17.520115,15.385543,3,3,1,0.046770
