generation,prey_fitness,predator_fitness,num_alive_end,avg_bb_size,var_bb_size,avg_shortest_dist,swarm_density_count,prey_neurons_connected_prey_retina,prey_neurons_connected_predator_retina,predator_neurons_connected_prey_retina,mutual_info
1,60747.000000,19253.000000,21,2878.681816,526175.704759,46.401901,21.157744,1,2,3,0.138061
1,53023.000000,26977.000000,12,3156.847698,704319.509262,65.480937,17.087535,1,2,3,0.105702
2,61090.000000,18910.000000,19,3754.914327,1474352.676580,60.213705,18.849974,1,2,3,0.077953
3,62678.000000,17322.000000,19,3526.270710,901925.595985,50.868325,19.557367,1,2,3,0.082993
