generation,prey_fitness,predator_fitness,num_alive_end,avg_bb_size,var_bb_size,avg_shortest_dist,swarm_density_count,prey_neurons_connected_prey_retina,prey_neurons_connected_predator_retina,predator_neurons_connected_prey_retina,mutual_info
1,71250.000000,8750.000000,30,5923.935854,3810545.460554,23.635155,14.300193,1,0,1,0.035396
1,70347.000000,9653.000000,29,5839.054328,4663308.902208,25.423724,13.926171,1,0,1,0.039099
2,68353.000000,11647.000000,29,5062.447729,4932567.925924,22.775778,14.854614,1,0,1,0.029065
3,68651.000000,11349.000000,30,6312.236562,4309554.626706,27.302464,12.942859,1,0,1,0.030543
