generation,prey_fitness,predator_fitness,num_alive_end,avg_bb_size,var_bb_size,avg_shortest_dist,swarm_density_count,prey_neurons_connected_prey_retina,prey_neurons_connected_predator_retina,predator_neurons_connected_prey_retina,mutual_info
1,45604.000000,34396.000000,9,148836.097945,4341351274.533311,4623.710836,1.755708,2,2,1,0.024901
1,47742.000000,32258.000000,13,161672.668187,4760689911.740357,3558.839895,1.714669,2,2,1,0.017760
2,53358.000000,26642.000000,15,116221.214883,1906716515.138043,2205.931141,1.834564,2,2,1,0.017946
3,49847.000000,30153.000000,11,142245.884616,3655224809.755550,3319.202542,1.808327,2,2,1,0.020224
