generation,prey_fitness,predator_fitness,num_alive_end,avg_bb_size,var_bb_size,avg_shortest_dist,swarm_density_count,prey_neurons_connected_prey_retina,prey_neurons_connected_predator_retina,predator_neurons_connected_prey_retina,mutual_info
1,74472.000000,5528.000000,35,3437.038669,676791.842134,20.837851,15.975852,5,3,1,0.009838
1,75584.000000,4416.000000,34,3903.883241,859397.582516,21.975422,15.416220,5,3,1,0.020491
2,74431.000000,5569.000000,33,3470.792910,532345.944429,20.885600,14.632818,5,3,1,0.015495
3,71421.000000,8579.000000,32,3490.294702,645063.266010,22.029376,14.503780,5,3,1,0.009411
