generation,prey_fitness,predator_fitness,num_alive_end,avg_bb_size,var_bb_size,avg_shortest_dist,swarm_density_count,prey_neurons_connected_prey_retina,prey_neurons_connected_predator_retina,predator_neurons_connected_prey_retina,mutual_info
1,67127.000000,12873.000000,26,2960.309538,634224.996540,26.806834,15.369111,3,0,1,0.003630
1,66767.000000,13233.000000,27,3130.344429,498124.758854,29.233836,14.854620,3,0,1,0.005258
2,74909.000000,5091.000000,35,3237.302788,301486.274603,25.745092,16.063960,3,0,1,0.002735
3,66661.000000,13339.000000,29,3088.506283,403543.426800,29.374476,15.045373,3,0,1,0.004490
