generation,prey_fitness,predator_fitness,num_alive_end,avg_bb_size,var_bb_size,avg_shortest_dist,swarm_density_count,prey_neurons_connected_prey_retina,prey_neurons_connected_predator_retina,predator_neurons_connected_prey_retina,mutual_info
1,56469.000000,23531.000000,14,81316.128402,1573592382.951860,1811.668169,2.251106,3,1,1,0.017882
1,50079.000000,29921.000000,14,93811.219599,2314119738.706611,2244.146315,2.269994,3,1,1,0.013171
2,48075.000000,31925.000000,12,65944.098118,751697447.413793,1848.676428,2.220537,3,1,1,0.019079
3,48024.000000,31976.000000,13,72768.306087,963703066.044725,1946.131405,2.066672,3,1,1,0.011419
