generation,prey_fitness,predator_fitness,num_alive_end,avg_bb_size,var_bb_size,avg_shortest_dist,swarm_density_count,prey_neurons_connected_prey_retina,prey_neurons_connected_predator_retina,predator_neurons_connected_prey_retina,mutual_info
1,58136.000000,21864.000000,16,26605.720560,91225801.046917,403.552205,4.033165,1,0,1,0.011863
1,56285.000000,23715.000000,14,33748.643679,195102667.319686,551.661391,3.743502,1,0,1,0.019459
2,60848.000000,19152.000000,19,30170.104491,109668243.096077,375.280983,4.186490,1,0,1,0.014382
3,54873.000000,25127.000000,13,29104.946216,143549615.396228,407.803381,4.092567,1,0,1,0.016952
