generation,prey_fitness,predator_fitness,num_alive_end,avg_bb_size,var_bb_size,avg_shortest_dist,swarm_density_count,prey_neurons_connected_prey_retina,prey_neurons_connected_predator_retina,predator_neurons_connected_prey_retina,mutual_info
1,57977.000000,22023.000000,16,157882.881498,4243506213.117391,2578.736701,1.782643,1,2,1,0.028542
1,51638.000000,28362.000000,13,149019.559125,3058949151.781265,3384.063773,1.535643,1,2,1,0.015030
2,54885.000000,25115.000000,14,140585.620553,3185020996.029592,2647.108253,1.704162,1,2,1,0.034146
3,56905.000000,23095.000000,19,173928.776591,4828526739.873126,3557.123656,1.637600,1,2,1,0.016763
