generation,prey_fitness,predator_fitness,num_alive_end,avg_bb_size,var_bb_size,avg_shortest_dist,swarm_density_count,prey_neurons_connected_prey_retina,prey_neurons_connected_predator_retina,predator_neurons_connected_prey_retina,mutual_info
1,54460.000000,25540.000000,14,186818.172879,6753961936.667183,3759.017062,1.977994,0,2,1,0.027632
1,52590.000000,27410.000000,13,182747.231740,6296334777.481833,3844.424359,1.773714,0,2,1,0.023727
2,51656.000000,28344.000000,14,186991.075124,6495557791.929506,4394.664970,1.833885,0,2,1,0.028700
3,61146.000000,18854.000000,20,196103.098531,7098814545.819577,3521.424691,1.939122,0,2,1,0.017343
