generation,prey_fitness,predator_fitness,num_alive_end,avg_bb_size,var_bb_size,avg_shortest_dist,swarm_density_count,prey_neurons_connected_prey_retina,prey_neurons_connected_predator_retina,predator_neurons_connected_prey_retina,mutual_info
1,70069.000000,9931.000000,30,5059.439760,4169413.447414,39.663530,16.627622,2,1,2,0.032809
1,67057.000000,12943.000000,22,6670.947253,7242064.722091,55.001252,13.831412,2,1,2,0.029275
2,65022.000000,14978.000000,23,5263.325449,4931830.992667,50.567810,15.104911,2,1,2,0.022522
3,65633.000000,14367.000000,24,6238.786428,8507219.336879,61.799630,14.633229,2,1,2,0.032201
