generation,prey_fitness,predator_fitness,num_alive_end,avg_bb_size,var_bb_size,avg_shortest_dist,swarm_density_count,prey_neurons_connected_prey_retina,prey_neurons_connected_predator_retina,predator_neurons_connected_prey_retina,mutual_info
1,51543.000000,28457.000000,13,44570.048537,233254908.036555,931.520690,2.698397,0,0,1,0.026360
1,55493.000000,24507.000000,14,59299.318283,515370302.228732,1217.446756,2.710408,0,0,1,0.026001
2,41243.000000,38757.000000,5,48865.224092,409114901.854440,2279.030159,2.260662,0,0,1,0.039560
3,51107.000000,28893.000000,11,52259.609854,291293411.611220,1388.045143,2.344679,0,0,1,0.019089
