generation,prey_fitness,predator_fitness,num_alive_end,avg_bb_size,var_bb_size,avg_shortest_dist,swarm_density_count,prey_neurons_connected_prey_retina,prey_neurons_connected_predator_retina,predator_neurons_connected_prey_retina,mutual_info
1,75596.000000,4404.000000,35,970.062573,85862.493570,6.324075,32.451147,1,0,1,0.010996
1,75018.000000,4982.000000,35,954.924281,91265.198040,6.279943,31.962171,1,0,1,0.011797
2,76812.000000,3188.000000,36,981.948853,90142.009198,6.352245,32.718689,1,0,1,0.008785
3,75651.000000,4349.000000,35,934.427159,86758.340913,5.815164,33.009543,1,0,1,0.007673
