generation,prey_fitness,predator_fitness,num_alive_end,avg_bb_size,var_bb_size,avg_shortest_dist,swarm_density_count,prey_neurons_connected_prey_retina,prey_neurons_connected_predator_retina,predator_neurons_connected_prey_retina,mutual_info
1,66871.000000,13129.000000,25,3017.146758,620854.968024,31.512017,19.102255,4,1,1,0.007881
1,70150.000000,9850.000000,27,2786.602550,485210.980444,27.425843,21.183006,4,1,1,0.007639
2,63825.000000,16175.000000,25,2883.960865,691867.855758,31.353648,18.639195,4,1,1,0.006072
3,67944.000000,12056.000000,27,2910.246080,556410.899251,30.818222,20.299437,4,1,1,0.007419
