generation,prey_fitness,predator_fitness,num_alive_end,avg_bb_size,var_bb_size,avg_shortest_dist,swarm_density_count,prey_neurons_connected_prey_retina,prey_neurons_connected_predator_retina,predator_neurons_connected_prey_retina,mutual_info
1,59804.000000,20196.000000,17,12164.651121,27815116.120114,109.322275,8.414281,1,0,2,0.025358
1,55758.000000,24242.000000,15,6987.667377,4973563.076750,83.530762,10.778033,1,0,2,0.016910
2,67545.000000,12455.000000,25,10507.584041,12821976.615166,72.840963,10.034120,1,0,2,0.035418
3,57992.000000,22008.000000,18,11078.214759,15552885.137121,103.660807,8.213282,1,0,2,0.021011
