generation,prey_fitness,predator_fitness,num_alive_end,avg_bb_size,var_bb_size,avg_shortest_dist,swarm_density_count,prey_neurons_connected_prey_retina,prey_neurons_connected_predator_retina,predator_neurons_connected_prey_retina,mutual_info
1,56578.000000,23422.000000,16,25434.511216,95061222.388279,455.811431,4.452891,0,4,1,0.012528
1,55897.000000,24103.000000,13,35804.280816,157764702.518328,713.045638,3.364585,0,4,1,0.024534
2,51319.000000,28681.000000,12,32536.517162,122834436.717796,652.441952,3.128489,0,4,1,0.016914
3,52933.000000,27067.000000,14,29513.688868,84765752.354181,618.701264,3.757792,0,4,1,0.021037
