generation,prey_fitness,predator_fitness,num_alive_end,avg_bb_size,var_bb_size,avg_shortest_dist,swarm_density_count,prey_neurons_connected_prey_retina,prey_neurons_connected_predator_retina,predator_neurons_connected_prey_retina,mutual_info
1,48000.000000,32000.000000,12,70163.513852,730841956.789167,1688.474084,2.107299,1,1,1,0.020748
1,54227.000000,25773.000000,15,89029.376758,1757284985.299765,1765.051402,2.123376,1,1,1,0.013943
2,45780.000000,34220.000000,8,53369.316159,626508652.453261,1698.860652,2.298090,1,1,1,0.013050
3,53156.000000,26844.000000,13,83825.910672,1748327064.575171,2013.767042,2.244532,1,1,1,0.018432
