generation,prey_fitness,predator_fitness,num_alive_end,avg_bb_size,var_bb_size,avg_shortest_dist,swarm_density_count,prey_neurons_connected_prey_retina,prey_neurons_connected_predator_retina,predator_neurons_connected_prey_retina,mutual_info
1,57252.000000,22748.000000,17,104050.807213,1923566843.740508,2372.856768,2.154182,0,0,4,0.026385
1,53392.000000,26608.000000,14,69313.144884,656040286.988519,1379.140162,2.252669,0,0,4,0.033824
2,60767.000000,19233.000000,21,114978.978617,2011376681.843771,1705.368138,2.074978,0,0,4,0.016968
3,61994.000000,18006.000000,18,98102.728265,1508291156.824441,1695.147702,2.053715,0,0,4,0.026601
