generation,prey_fitness,predator_fitness,num_alive_end,avg_bb_size,var_bb_size,avg_shortest_dist,swarm_density_count,prey_neurons_connected_prey_retina,prey_neurons_connected_predator_retina,predator_neurons_connected_prey_retina,mutual_info
1,54840.000000,25160.000000,17,65849.762651,802660904.963670,1034.522599,2.468651,2,1,1,0.018089
1,59328.000000,20672.000000,19,89091.745821,1148760390.036405,1321.234164,2.124086,2,1,1,0.014978
2,57387.000000,22613.000000,18,83637.865874,923712843.121540,1355.116825,2.282982,2,1,1,0.024779
3,57299.000000,22701.000000,19,82580.530430,1229685380.272749,1709.734289,2.298329,2,1,1,0.032043
