generation,prey_fitness,predator_fitness,num_alive_end,avg_bb_size,var_bb_size,avg_shortest_dist,swarm_density_count,prey_neurons_connected_prey_retina,prey_neurons_connected_predator_retina,predator_neurons_connected_prey_retina,mutual_info
1,44676.000000,35324.000000,7,196035.239136,5905249016.126215,7074.907470,1.586497,3,1,1,0.032804
1,43945.000000,36055.000000,8,190613.634579,5917725716.774177,5176.824027,1.583096,3,1,1,0.024859
2,48738.000000,31262.000000,9,164956.334240,4844893329.528110,3774.294613,1.795202,3,1,1,0.032338
3,52778.000000,27222.000000,13,206776.977177,6279634661.659434,4771.854566,1.534662,3,1,1,0.023383
