generation,prey_fitness,predator_fitness,num_alive_end,avg_bb_size,var_bb_size,avg_shortest_dist,swarm_density_count,prey_neurons_connected_prey_retina,prey_neurons_connected_predator_retina,predator_neurons_connected_prey_retina,mutual_info
1,58028.000000,21972.000000,14,4251.126295,1778186.447685,70.652705,12.771376,1,1,1,0.024087
1,57496.000000,22504.000000,19,4615.101004,1636988.867250,73.199449,12.525544,1,1,1,0.035032
2,51035.000000,28965.000000,11,4157.058001,2241505.197730,86.219181,11.426178,1,1,1,0.025445
3,55624.000000,24376.000000,13,4609.811054,2221272.129854,83.760794,11.886749,1,1,1,0.026742
