generation,prey_fitness,predator_fitness,num_alive_end,avg_bb_size,var_bb_size,avg_shortest_dist,swarm_density_count,prey_neurons_connected_prey_retina,prey_neurons_connected_predator_retina,predator_neurons_connected_prey_retina,mutual_info
1,74854.000000,5146.000000,35,2547.936789,1017342.235094,13.865120,21.909062,2,0,1,0.040644
1,73583.000000,6417.000000,32,2447.149559,983732.955239,13.301063,21.959753,2,0,1,0.037789
2,74020.000000,5980.000000,34,2333.731977,921816.628721,12.136305,21.895067,2,0,1,0.039361
3,73163.000000,6837.000000,33,2180.120456,300941.546206,11.788723,22.896467,2,0,1,0.024230
