generation,prey_fitness,predator_fitness,num_alive_end,avg_bb_size,var_bb_size,avg_shortest_dist,swarm_density_count,prey_neurons_connected_prey_retina,prey_neurons_connected_predator_retina,predator_neurons_connected_prey_retina,mutual_info
1,79341.000000,659.000000,39,900.800963,102617.198379,4.044391,33.169328,2,1,1,0.012553
1,80000.000000,1.000000,40,742.173743,150132.790207,3.770153,35.440925,2,1,1,0.007018
2,78452.000000,1548.000000,38,1019.020797,102731.888487,5.097351,31.678053,2,1,1,0.011485
3,74529.000000,5471.000000,36,970.388816,184305.333910,5.067620,30.806853,2,1,1,0.011774
