generation,prey_fitness,predator_fitness,num_alive_end,avg_bb_size,var_bb_size,avg_shortest_dist,swarm_density_count,prey_neurons_connected_prey_retina,prey_neurons_connected_predator_retina,predator_neurons_connected_prey_retina,mutual_info
1,74498.000000,5502.000000,34,2284.801441,829902.627826,7.440968,22.854911,2,2,1,0.019322
1,77826.000000,2174.000000,37,2124.989876,915284.754001,6.912676,23.280339,2,2,1,0.037618
2,75096.000000,4904.000000,33,2152.736202,1003541.309237,7.185260,23.740093,2,2,1,0.025023
3,72886.000000,7114.000000,33,2179.033554,957891.695645,7.810967,22.920523,2,2,1,0.019067
