generation,prey_fitness,predator_fitness,num_alive_end,avg_bb_size,var_bb_size,avg_shortest_dist,swarm_density_count,prey_neurons_connected_prey_retina,prey_neurons_connected_predator_retina,predator_neurons_connected_prey_retina,mutual_info
1,64893.000000,15107.000000,25,62997.088588,798872871.624688,978.586319,2.914242,1,5,1,0.008914
1,62754.000000,17246.000000,21,51300.078635,376765936.773039,821.442893,2.805035,1,5,1,0.009895
2,53842.000000,26158.000000,16,32319.631489,131074777.700298,689.912730,3.473355,1,5,1,0.025918
3,63831.000000,16169.000000,25,56165.030049,408832003.415984,813.690127,2.984534,1,5,1,0.018912
