generation,prey_fitness,predator_fitness,num_alive_end,avg_bb_size,var_bb_size,avg_shortest_dist,swarm_density_count,prey_neurons_connected_prey_retina,prey_neurons_connected_predator_retina,predator_neurons_connected_prey_retina,mutual_info
1,46523.000000,33477.000000,6,23521.464185,146228656.018041,429.410180,3.433447,1,2,1,0.023266
1,55694.000000,24306.000000,16,31989.285295,97580905.705488,482.233501,3.820797,1,2,1,0.017893
2,46010.000000,33990.000000,7,21905.896271,103417319.179236,450.552687,3.664749,1,2,1,0.021829
3,61023.000000,18977.000000,18,33654.116640,175043645.864044,434.230087,4.361142,1,2,1,0.026716
