generation,prey_fitness,predator_fitness,num_alive_end,avg_bb_size,var_bb_size,avg_shortest_dist,swarm_density_count,prey_neurons_connected_prey_retina,prey_neurons_connected_predator_retina,predator_neurons_connected_prey_retina,mutual_info
1,52057.000000,27943.000000,8,5839.609439,5588079.697686,109.279288,9.425716,1,0,1,0.009493
1,60466.000000,19534.000000,20,7217.664535,3781026.474999,100.120977,10.003006,1,0,1,0.008802
2,57086.000000,22914.000000,13,6812.861906,6443743.419793,109.978828,9.928826,1,0,1,0.007722
3,47627.000000,32373.000000,5,5768.872215,5830249.868032,137.984964,8.521409,1,0,1,0.010872
