generation,prey_fitness,predator_fitness,num_alive_end,avg_bb_size,var_bb_size,avg_shortest_dist,swarm_density_count,prey_neurons_connected_prey_retina,prey_neurons_connected_predator_retina,predator_neurons_connected_prey_retina,mutual_info
1,51971.000000,28029.000000,10,51328.062903,438168077.238133,1188.390645,2.393102,2,0,1,0.023818
1,53728.000000,26272.000000,13,71162.667392,703308322.482305,1605.905838,2.450177,2,0,1,0.015948
2,56528.000000,23472.000000,17,55698.111166,562054211.621896,1018.822023,2.476200,2,0,1,0.014140
3,48144.000000,31856.000000,11,75276.640031,1270922346.067791,2162.669927,2.113527,2,0,1,0.036727
