generation,prey_fitness,predator_fitness,num_alive_end,avg_bb_size,var_bb_size,avg_shortest_dist,swarm_density_count,prey_neurons_connected_prey_retina,prey_neurons_connected_predator_retina,predator_neurons_connected_prey_retina,mutual_info
1,49653.000000,30347.000000,14,148372.839000,3508732340.619812,3541.473143,1.572753,1,1,1,0.021884
1,53122.000000,26878.000000,14,128509.185070,2155207937.375317,2775.599805,1.732021,1,1,1,0.023196
2,61377.000000,18623.000000,21,172291.139067,4191834687.349331,2735.832604,1.575420,1,1,1,0.015186
3,51992.000000,28008.000000,15,158624.032419,4122499568.379911,3210.377955,1.477648,1,1,1,0.031930
