generation,prey_fitness,predator_fitness,num_alive_end,avg_bb_size,var_bb_size,avg_shortest_dist,swarm_density_count,prey_neurons_connected_prey_retina,prey_neurons_connected_predator_retina,predator_neurons_connected_prey_retina,mutual_info
1,45663.000000,34337.000000,11,84172.839773,1017751746.396445,2593.441272,1.910780,1,4,1,0.039830
1,53444.000000,26556.000000,17,89937.030054,1487513557.738039,1858.131389,2.132682,1,4,1,0.020409
2,46099.000000,33901.000000,9,94420.946632,1490331546.218630,3481.239507,1.880546,1,4,1,0.039407
3,53560.000000,26440.000000,15,94008.779424,1392001269.760370,1959.170982,2.070995,1,4,1,0.035421
