generation,prey_fitness,predator_fitness,num_alive_end,avg_bb_size,var_bb_size,avg_shortest_dist,swarm_density_count,prey_neurons_connected_prey_retina,prey_neurons_connected_predator_retina,predator_neurons_connected_prey_retina,mutual_info
1,52789.000000,27211.000000,14,134060.675108,2177477331.134104,2905.810200,1.522423,3,2,1,0.022564
1,48630.000000,31370.000000,10,104805.932008,1735108188.842144,2476.269716,1.571460,3,2,1,0.030823
2,55039.000000,24961.000000,16,130645.673085,2049582412.857958,2453.429489,1.671066,3,2,1,0.029592
3,55912.000000,24088.000000,17,151140.278576,2795111355.963258,3176.146125,1.503501,3,2,1,0.024939
