generation,prey_fitness,predator_fitness,num_alive_end,avg_bb_size,var_bb_size,avg_shortest_dist,swarm_density_count,prey_neurons_connected_prey_retina,prey_neurons_connected_predator_retina,predator_neurons_connected_prey_retina,mutual_info
1,61766.000000,18234.000000,23,7351.623629,6387091.117316,36.501030,10.470265,3,3,1,0.013710
1,72343.000000,7657.000000,27,8971.843692,16870177.176732,35.248731,12.268510,3,3,1,0.029666
2,71724.000000,8276.000000,30,7538.840902,7181001.871636,29.872739,12.539868,3,3,1,0.020672
3,64334.000000,15666.000000,22,6752.161411,6837196.228653,33.833331,11.644994,3,3,1,0.017996
