generation,prey_fitness,predator_fitness,num_alive_end,avg_bb_size,var_bb_size,avg_shortest_dist,swarm_density_count,prey_neurons_connected_prey_retina,prey_neurons_connected_predator_retina,predator_neurons_connected_prey_retina,mutual_info
1,56764.000000,23236.000000,14,55184.799285,452537947.850391,1134.638597,2.710780,0,2,1,0.020705
1,44400.000000,35600.000000,11,57287.297922,564332393.691325,1791.734584,2.352863,0,2,1,0.027529
2,48610.000000,31390.000000,10,42190.787480,319791000.999346,979.080208,2.758898,0,2,1,0.028155
3,41516.000000,38484.000000,5,30572.552327,204291862.770224,1035.858432,2.599276,0,2,1,0.022821
