generation,prey_fitness,predator_fitness,num_alive_end,avg_bb_size,var_bb_size,avg_shortest_dist,swarm_density_count,prey_neurons_connected_prey_retina,prey_neurons_connected_predator_retina,predator_neurons_connected_prey_retina,mutual_info
1,75013.000000,4987.000000,36,1692.391177,89750.955959,14.065615,27.586498,2,1,1,0.002558
1,72853.000000,7147.000000,33,1601.258946,77948.572526,14.373829,27.151188,2,1,1,0.002905
2,73287.000000,6713.000000,33,1524.239297,68268.235614,13.642954,27.926468,2,1,1,0.002763
3,74826.000000,5174.000000,35,1685.921252,128988.838138,14.293763,27.499643,2,1,1,0.003060
