generation,prey_fitness,predator_fitness,num_alive_end,avg_bb_size,var_bb_size,avg_shortest_dist,swarm_density_count,prey_neurons_connected_prey_retina,prey_neurons_connected_predator_retina,predator_neurons_connected_prey_retina,mutual_info
1,72122.000000,7878.000000,33,1410.313566,443672.406746,4.236943,24.134227,3,0,1,0.054073
1,76348.000000,3652.000000,37,1551.368461,556655.637461,4.557576,25.348735,3,0,1,0.044083
2,74454.000000,5546.000000,34,1403.642314,362630.065245,4.289290,24.858139,3,0,1,0.040643
3,78981.000000,1019.000000,39,1440.037971,412582.887415,3.965959,26.592652,3,0,1,0.053010
