generation,prey_fitness,predator_fitness,num_alive_end,avg_bb_size,var_bb_size,avg_shortest_dist,swarm_density_count,prey_neurons_connected_prey_retina,prey_neurons_connected_predator_retina,predator_neurons_connected_prey_retina,mutual_info
1,78609.000000,1391.000000,39,1527.054837,401024.811184,8.530584,29.297060,2,1,1,0.011393
1,76824.000000,3176.000000,36,1366.941159,505948.694711,8.392088,30.014661,2,1,1,0.012372
2,76617.000000,3383.000000,36,1675.864360,320100.968611,10.498178,27.919185,2,1,1,0.021765
3,78817.000000,1183.000000,38,1616.028233,385729.486496,9.703642,28.597341,2,1,1,0.018472
