generation,prey_fitness,predator_fitness,num_alive_end,avg_bb_size,var_bb_size,avg_shortest_dist,swarm_density_count,prey_neurons_connected_prey_retina,prey_neurons_connected_predator_retina,predator_neurons_connected_prey_retina,mutual_info
1,76490.000000,3510.000000,36,1360.998575,207164.275045,6.621000,29.068704,2,1,1,0.021345
1,77820.000000,2180.000000,36,1348.536607,172640.026682,6.466590,29.061083,2,1,1,0.018247
2,77149.000000,2851.000000,34,1386.339892,208076.396401,7.052515,28.418972,2,1,1,0.021105
3,77332.000000,2668.000000,36,1292.398902,173434.614395,6.448437,28.299714,2,1,1,0.022609
