generation,prey_fitness,predator_fitness,num_alive_end,avg_bb_size,var_bb_size,avg_shortest_dist,swarm_density_count,prey_neurons_connected_prey_retina,prey_neurons_connected_predator_retina,predator_neurons_connected_prey_retina,mutual_info
1,79018.000000,982.000000,37,1153.713202,118087.336464,8.448159,34.640062,2,0,1,0.006987
1,78140.000000,1860.000000,38,1305.741820,200425.135523,9.295224,32.788051,2,0,1,0.005869
2,75269.000000,4731.000000,35,1377.901399,213443.370999,9.879893,30.266249,2,0,1,0.007701
3,74186.000000,5814.000000,35,1086.955520,148264.317339,8.792025,32.572782,2,0,1,0.006076
