generation,prey_fitness,predator_fitness,num_alive_end,avg_bb_size,var_bb_size,avg_shortest_dist,swarm_density_count,prey_neurons_connected_prey_retina,prey_neurons_connected_predator_retina,predator_neurons_connected_prey_retina,mutual_info
1,67227.000000,12773.000000,28,8221.161270,9380444.695488,33.160754,11.216495,1,1,1,0.052526
1,75272.000000,4728.000000,34,9723.972373,23078915.003927,32.999174,11.602727,1,1,1,0.043996
2,67951.000000,12049.000000,28,10569.417382,33597266.642575,42.907869,10.446579,1,1,1,0.032734
3,65659.000000,14341.000000,27,8835.936618,14830712.592342,44.132802,10.689821,1,1,1,0.033655
