generation,prey_fitness,predator_fitness,num_alive_end,avg_bb_size,var_bb_size,avg_shortest_dist,swarm_density_count,prey_neurons_connected_prey_retina,prey_neurons_connected_predator_retina,predator_neurons_connected_prey_retina,mutual_info
1,67700.000000,12300.000000,28,6147.448182,6129846.994751,25.336830,12.516313,5,3,3,0.103113
1,71825.000000,8175.000000,33,5915.049071,5387778.964970,21.350667,13.148569,5,3,3,0.087965
2,68899.000000,11101.000000,29,5246.612826,3391608.817958,20.527824,13.235331,5,3,3,0.066325
3,72848.000000,7152.000000,35,6579.614994,8165828.579552,21.167837,13.173643,5,3,3,0.088156
