generation,prey_fitness,predator_fitness,num_alive_end,avg_bb_size,var_bb_size,avg_shortest_dist,swarm_density_count,prey_neurons_connected_prey_retina,prey_neurons_connected_predator_retina,predator_neurons_connected_prey_retina,mutual_info
1,55158.000000,24842.000000,13,198352.441977,5567059240.342146,4380.548548,1.595413,0,1,2,0.029762
1,55115.000000,24885.000000,16,204569.841627,6406464456.640802,3637.907190,1.614473,0,1,2,0.028897
2,56430.000000,23570.000000,18,203784.640768,5975875238.839473,4308.332279,1.483694,0,1,2,0.018015
3,49536.000000,30464.000000,14,199038.069208,5994401080.248777,4657.014682,1.473268,0,1,2,0.039414
