generation,prey_fitness,predator_fitness,num_alive_end,avg_bb_size,var_bb_size,avg_shortest_dist,swarm_density_count,prey_neurons_connected_prey_retina,prey_neurons_connected_predator_retina,predator_neurons_connected_prey_retina,mutual_info
1,60572.000000,19428.000000,20,181342.441206,5311150052.832962,3127.874552,1.767579,1,0,2,0.018003
1,52390.000000,27610.000000,16,146592.907746,3048206770.536630,2805.287689,1.709853,1,0,2,0.019631
2,55498.000000,24502.000000,15,139491.838057,3304856103.518847,2424.757580,1.992541,1,0,2,0.022941
3,49176.000000,30824.000000,12,167496.022508,4426332201.194449,4512.425885,1.685120,1,0,2,0.035963
