generation,prey_fitness,predator_fitness,num_alive_end,avg_bb_size,var_bb_size,avg_shortest_dist,swarm_density_count,prey_neurons_connected_prey_retina,prey_neurons_connected_predator_retina,predator_neurons_connected_prey_retina,mutual_info
1,52889.000000,27111.000000,13,39275.704101,280788712.663747,533.530377,4.826578,4,0,3,0.038309
1,57737.000000,22263.000000,16,30329.432589,132292900.215037,389.852258,5.626011,4,0,3,0.024379
2,63891.000000,16109.000000,22,82646.030119,3345378184.351336,1238.234729,5.106729,4,0,3,0.029391
3,58907.000000,21093.000000,14,38782.894768,249856598.221446,526.380878,5.452456,4,0,3,0.033395
