generation,prey_fitness,predator_fitness,num_alive_end,avg_bb_size,var_bb_size,avg_shortest_dist,swarm_density_count,prey_neurons_connected_prey_retina,prey_neurons_connected_predator_retina,predator_neurons_connected_prey_retina,mutual_info
1,75589.000000,4411.000000,34,1247.911917,236717.375869,4.569623,26.885695,3,1,1,0.021653
1,76135.000000,3865.000000,37,1368.441800,291110.195722,4.622102,26.866077,3,1,1,0.021739
2,78049.000000,1951.000000,38,1428.168250,265383.427310,4.418898,26.885728,3,1,1,0.029671
3,76536.000000,3464.000000,37,1293.791616,262069.349851,4.397078,27.145196,3,1,1,0.023400
