generation,prey_fitness,predator_fitness,num_alive_end,avg_bb_size,var_bb_size,avg_shortest_dist,swarm_density_count,prey_neurons_connected_prey_retina,prey_neurons_connected_predator_retina,predator_neurons_connected_prey_retina,mutual_info
1,64746.000000,15254.000000,25,5646.124148,2622970.797904,31.365077,13.746276,3,3,6,0.026683
1,74720.000000,5280.000000,34,6441.288003,4406631.209398,28.516496,14.223201,3,3,6,0.028896
2,68307.000000,11693.000000,28,5671.874329,3084637.497027,29.913225,13.479172,3,3,6,0.031225
3,72823.000000,7177.000000,32,6636.542149,3698135.121723,32.258854,14.280405,3,3,6,0.027236
