generation,prey_fitness,predator_fitness,num_alive_end,avg_bb_size,var_bb_size,avg_shortest_dist,swarm_density_count,prey_neurons_connected_prey_retina,prey_neurons_connected_predator_retina,predator_neurons_connected_prey_retina,mutual_info
1,74161.000000,5839.000000,33,3668.396030,2108864.337079,13.936294,18.757933,4,1,1,0.038703
1,67807.000000,12193.000000,29,3199.826355,1288203.278414,13.962034,17.993884,4,1,1,0.034090
2,71183.000000,8817.000000,33,3393.714888,1059228.119320,14.666783,18.198392,4,1,1,0.035690
3,70619.000000,9381.000000,31,3352.395787,1649321.084102,14.522538,18.320288,4,1,1,0.032670
