generation,prey_fitness,predator_fitness,num_alive_end,avg_bb_size,var_bb_size,avg_shortest_dist,swarm_density_count,prey_neurons_connected_prey_retina,prey_neurons_connected_predator_retina,predator_neurons_connected_prey_retina,mutual_info
1,78670.000000,1330.000000,37,3590.757491,778553.172355,15.090470,18.267661,1,5,2,0.031763
1,78921.000000,1079.000000,39,3841.000234,1357001.997720,13.741331,18.275800,1,5,2,0.043639
2,79714.000000,286.000000,39,3721.001748,1236467.356969,14.213756,18.594912,1,5,2,0.030355
3,74212.000000,5788.000000,33,3837.103496,1831296.903865,16.692830,17.436266,1,5,2,0.049743
