generation,prey_fitness,predator_fitness,num_alive_end,avg_bb_size,var_bb_size,avg_shortest_dist,swarm_density_count,prey_neurons_connected_prey_retina,prey_neurons_connected_predator_retina,predator_neurons_connected_prey_retina,mutual_info
1,66488.000000,13512.000000,27,2598.075986,648745.309954,21.482168,21.633623,4,3,1,0.012172
1,68414.000000,11586.000000,26,2707.393849,814509.421355,22.794880,21.254873,4,3,1,0.016464
2,72152.000000,7848.000000,30,2611.893769,546934.063870,21.018268,23.471296,4,3,1,0.016682
3,64683.000000,15317.000000,25,2663.860267,568793.706580,25.317889,20.715178,4,3,1,0.014823
