generation,prey_fitness,predator_fitness,num_alive_end,avg_bb_size,var_bb_size,avg_shortest_dist,swarm_density_count,prey_neurons_connected_prey_retina,prey_neurons_connected_predator_retina,predator_neurons_connected_prey_retina,mutual_info
1,55519.000000,24481.000000,14,23396.042937,97979573.679649,363.531197,4.610991,1,1,1,0.013151
1,53269.000000,26731.000000,13,21460.124677,48857384.934233,441.984390,4.453090,1,1,1,0.017424
2,53466.000000,26534.000000,14,39082.824281,189033206.996991,870.675264,3.530992,1,1,1,0.016667
3,42062.000000,37938.000000,2,17279.777222,66746855.417212,779.760476,4.069248,1,1,1,0.018959
