generation,prey_fitness,predator_fitness,num_alive_end,avg_bb_size,var_bb_size,avg_shortest_dist,swarm_density_count,prey_neurons_connected_prey_retina,prey_neurons_connected_predator_retina,predator_neurons_connected_prey_retina,mutual_info
1,66602.000000,13398.000000,25,29955.912757,96516992.579154,172.698345,4.766166,4,1,5,0.045966
1,66181.000000,13819.000000,25,28411.476606,62213232.730958,199.636775,4.656358,4,1,5,0.040282
2,58945.000000,21055.000000,21,27582.905968,170677757.355941,171.115277,4.733083,4,1,5,0.060862
3,64980.000000,15020.000000,23,29873.425178,123091783.931041,173.051567,4.848773,4,1,5,0.070550
