generation,prey_fitness,predator_fitness,num_alive_end,avg_bb_size,var_bb_size,avg_shortest_dist,swarm_density_count,prey_neurons_connected_prey_retina,prey_neurons_connected_predator_retina,predator_neurons_connected_prey_retina,mutual_info
1,66280.000000,13720.000000,24,4862.342386,2931651.489476,43.264424,15.642149,1,0,1,0.023301
1,64378.000000,15622.000000,25,4788.398394,2724232.486387,45.319899,15.109017,1,0,1,0.011800
2,71046.000000,8954.000000,30,4764.443837,2529508.163275,42.386728,17.001953,1,0,1,0.020445
3,66900.000000,13100.000000,24,4577.893038,1501208.177037,37.869024,16.119993,1,0,1,0.017016
