generation,prey_fitness,predator_fitness,num_alive_end,avg_bb_size,var_bb_size,avg_shortest_dist,swarm_density_count,prey_neurons_connected_prey_retina,prey_neurons_connected_predator_retina,predator_neurons_connected_prey_retina,mutual_info
1,52371.000000,27629.000000,15,137701.783676,3089990499.723925,3031.310024,1.636622,1,1,1,0.033531
1,60018.000000,19982.000000,18,167187.842971,4843993278.471045,3180.927953,1.581840,1,1,1,0.018811
2,51326.000000,28674.000000,13,141613.788771,2528817557.658312,3177.919536,1.521481,1,1,1,0.018212
3,49647.000000,30353.000000,14,128287.568759,2501524098.450877,2856.309971,1.584238,1,1,1,0.029268
