generation,prey_fitness,predator_fitness,num_alive_end,avg_bb_size,var_bb_size,avg_shortest_dist,swarm_density_count,prey_neurons_connected_prey_retina,prey_neurons_connected_predator_retina,predator_neurons_connected_prey_retina,mutual_info
1,72012.000000,7988.000000,32,1994.693723,539785.222008,18.357900,25.392248,3,2,1,0.012859
1,75005.000000,4995.000000,34,1779.729689,405932.879522,14.171930,27.774428,3,2,1,0.007172
2,72973.000000,7027.000000,32,1942.736871,431249.231506,15.437545,25.725255,3,2,1,0.011716
3,72078.000000,7922.000000,33,1818.574865,287467.949856,15.923486,26.152210,3,2,1,0.012833
