generation,prey_fitness,predator_fitness,num_alive_end,avg_bb_size,var_bb_size,avg_shortest_dist,swarm_density_count,prey_neurons_connected_prey_retina,prey_neurons_connected_predator_retina,predator_neurons_connected_prey_retina,mutual_info
1,67527.000000,12473.000000,31,1622.462837,224561.447746,9.848274,24.142309,2,1,2,0.016104
1,75592.000000,4408.000000,35,1686.401795,373972.733122,8.807479,26.667284,2,1,2,0.015122
2,69701.000000,10299.000000,30,1909.257662,436010.580243,9.580000,24.127184,2,1,2,0.014783
3,71224.000000,8776.000000,30,1540.457066,323126.428906,7.525845,25.701141,2,1,2,0.016705
