generation,prey_fitness,predator_fitness,num_alive_end,avg_bb_size,var_bb_size,avg_shortest_dist,swarm_density_count,prey_neurons_connected_prey_retina,prey_neurons_connected_predator_retina,predator_neurons_connected_prey_retina,mutual_info
1,71218.000000,8782.000000,28,1487.712128,230029.156227,10.398199,26.500732,2,0,1,0.014830
1,79524.000000,476.000000,39,1577.074280,270065.294770,9.010320,29.053846,2,0,1,0.022889
2,75626.000000,4374.000000,37,1495.129545,190920.791340,9.368526,28.342503,2,0,1,0.017211
3,78798.000000,1202.000000,37,1564.597488,281384.944412,8.608483,28.707655,2,0,1,0.016240
