generation,prey_fitness,predator_fitness,num_alive_end,avg_bb_size,var_bb_size,avg_shortest_dist,swarm_density_count,prey_neurons_connected_prey_retina,prey_neurons_connected_predator_retina,predator_neurons_connected_prey_retina,mutual_info
1,46572.000000,33428.000000,4,107249.434787,1561284974.717556,4954.173069,1.654623,1,1,1,0.026157
1,37826.000000,42174.000000,3,70209.442005,789164567.716078,3082.675655,1.691226,1,1,1,0.028515
2,50483.000000,29517.000000,14,122339.080948,2488767765.085333,2516.182932,1.680107,1,1,1,0.021024
3,49099.000000,30901.000000,10,91582.153245,1517467925.979827,1632.129914,1.877158,1,1,1,0.021349
