generation,prey_fitness,predator_fitness,num_alive_end,avg_bb_size,var_bb_size,avg_shortest_dist,swarm_density_count,prey_neurons_connected_prey_retina,prey_neurons_connected_predator_retina,predator_neurons_connected_prey_retina,mutual_info
1,54715.000000,25285.000000,15,51548.882654,414356391.739535,993.368146,3.177065,2,1,1,0.017251
1,51368.000000,28632.000000,8,45199.237009,540496984.728724,981.284249,2.711542,2,1,1,0.021266
2,50187.000000,29813.000000,9,39947.420980,193526246.175397,1059.415096,3.006776,2,1,1,0.019735
3,55997.000000,24003.000000,16,66529.326974,743737368.216482,1297.603706,2.461114,2,1,1,0.032829
