generation,prey_fitness,predator_fitness,num_alive_end,avg_bb_size,var_bb_size,avg_shortest_dist,swarm_density_count,prey_neurons_connected_prey_retina,prey_neurons_connected_predator_retina,predator_neurons_connected_prey_retina,mutual_info
1,73633.000000,6367.000000,35,661.423377,45817.065210,5.076133,34.385393,1,1,1,0.004938
1,77738.000000,2262.000000,38,713.115769,45028.743263,5.174663,36.197016,1,1,1,0.009776
2,79470.000000,530.000000,39,763.216717,60343.712822,5.208807,36.662076,1,1,1,0.006147
3,75917.000000,4083.000000,35,749.888959,64430.068513,5.571599,35.052019,1,1,1,0.006252
