generation,prey_fitness,predator_fitness,num_alive_end,avg_bb_size,var_bb_size,avg_shortest_dist,swarm_density_count,prey_neurons_connected_prey_retina,prey_neurons_connected_predator_retina,predator_neurons_connected_prey_retina,mutual_info
1,50363.000000,29637.000000,6,16643.944081,31548575.258564,449.715549,5.030255,0,1,1,0.022815
1,37008.000000,42992.000000,2,12296.686774,43528730.309799,963.693496,3.726750,0,1,1,0.040502
2,41554.000000,38446.000000,5,17754.452923,32549270.944597,560.993207,3.838165,0,1,1,0.017317
3,44685.000000,35315.000000,4,20407.087822,56248609.375339,690.836104,3.455109,0,1,1,0.012160
