generation,prey_fitness,predator_fitness,num_alive_end,avg_bb_size,var_bb_size,avg_shortest_dist,swarm_density_count,prey_neurons_connected_prey_retina,prey_neurons_connected_predator_retina,predator_neurons_connected_prey_retina,mutual_info
1,75722.000000,4278.000000,34,1564.211033,485464.280448,7.306646,25.842917,2,1,2,0.030214
1,77344.000000,2656.000000,36,2315.526007,1083987.269959,9.660006,23.663751,2,1,2,0.029622
2,74309.000000,5691.000000,35,1639.364410,591146.275268,7.541831,25.067330,2,1,2,0.023965
3,74365.000000,5635.000000,35,1617.551625,546331.926422,7.343678,25.385451,2,1,2,0.025940
