generation,prey_fitness,predator_fitness,num_alive_end,avg_bb_size,var_bb_size,avg_shortest_dist,swarm_density_count,prey_neurons_connected_prey_retina,prey_neurons_connected_predator_retina,predator_neurons_connected_prey_retina,mutual_info
1,45168.000000,34832.000000,3,13791.157516,50057455.599060,464.362690,5.006944,1,4,1,0.044215
1,45962.000000,34038.000000,2,16228.701325,66744178.010121,595.074859,4.251716,1,4,1,0.032975
2,46797.000000,33203.000000,7,14040.634046,35980254.437161,362.634761,5.218937,1,4,1,0.067139
3,46632.000000,33368.000000,4,18704.099551,59638193.227001,595.651493,4.516343,1,4,1,0.048518
