generation,prey_fitness,predator_fitness,num_alive_end,avg_bb_size,var_bb_size,avg_shortest_dist,swarm_density_count,prey_neurons_connected_prey_retina,prey_neurons_connected_predator_retina,predator_neurons_connected_prey_retina,mutual_info
1,60609.000000,19391.000000,20,10948.027044,26704721.704805,62.896144,8.980505,2,1,2,0.035778
1,69112.000000,10888.000000,31,17307.182288,69896660.920449,76.999974,8.162039,2,1,2,0.053698
2,70203.000000,9797.000000,27,15321.129761,101974354.469125,61.255534,8.802812,2,1,2,0.051556
3,71741.000000,8259.000000,31,19527.156210,98186511.582004,72.302093,8.122856,2,1,2,0.026352
