generation,prey_fitness,predator_fitness,num_alive_end,avg_bb_size,var_bb_size,avg_shortest_dist,swarm_density_count,prey_neurons_connected_prey_retina,prey_neurons_connected_predator_retina,predator_neurons_connected_prey_retina,mutual_info
1,52891.000000,27109.000000,17,88725.826995,1426441807.348293,1962.288740,2.319862,0,5,1,0.022560
1,46883.000000,33117.000000,10,49486.418902,406305354.652876,1233.364793,2.461392,0,5,1,0.016388
2,47613.000000,32387.000000,10,52005.596829,443973257.933194,1336.490343,2.489632,0,5,1,0.025754
3,50349.000000,29651.000000,10,51951.439573,442524560.500632,1144.400813,2.528320,0,5,1,0.023096
