generation,prey_fitness,predator_fitness,num_alive_end,avg_bb_size,var_bb_size,avg_shortest_dist,swarm_density_count,prey_neurons_connected_prey_retina,prey_neurons_connected_predator_retina,predator_neurons_connected_prey_retina,mutual_info
1,70348.000000,9652.000000,30,2872.326079,689166.281529,14.754921,20.102317,3,1,1,0.018331
1,71818.000000,8182.000000,31,3015.249355,1405932.655167,15.441132,20.237908,3,1,1,0.031601
2,71794.000000,8206.000000,34,2814.737119,1135568.323545,14.877936,20.481159,3,1,1,0.040958
3,73985.000000,6015.000000,34,2912.972066,1277705.709432,13.595074,21.394346,3,1,1,0.032409
