generation,prey_fitness,predator_fitness,num_alive_end,avg_bb_size,var_bb_size,avg_shortest_dist,swarm_density_count,prey_neurons_connected_prey_retina,prey_neurons_connected_predator_retina,predator_neurons_connected_prey_retina,mutual_info
1,72505.000000,7495.000000,34,1229.048907,114776.452124,9.964240,32.338927,3,4,1,0.007551
1,70464.000000,9536.000000,31,1203.469271,94861.742204,10.502777,31.683613,3,4,1,0.005939
2,77773.000000,2227.000000,37,1297.478055,99601.130413,9.242655,33.997420,3,4,1,0.006154
3,75313.000000,4687.000000,36,1307.874684,80490.650644,10.169964,32.809454,3,4,1,0.007032
