generation,prey_fitness,predator_fitness,num_alive_end,avg_bb_size,var_bb_size,avg_shortest_dist,swarm_density_count,prey_neurons_connected_prey_retina,prey_neurons_connected_predator_retina,predator_neurons_connected_prey_retina,mutual_info
1,73590.000000,6410.000000,33,2421.948488,682042.184964,10.062392,21.158842,2,0,4,0.036972
1,71482.000000,8518.000000,30,2432.521445,676386.743059,10.284896,20.860906,2,0,4,0.040010
2,69681.000000,10319.000000,29,2245.744235,716780.233549,10.827834,20.956955,2,0,4,0.043135
3,71924.000000,8076.000000,32,2410.821641,900342.638985,10.121656,21.140456,2,0,4,0.041320
