generation,prey_fitness,predator_fitness,num_alive_end,avg_bb_size,var_bb_size,avg_shortest_dist,swarm_density_count,prey_neurons_connected_prey_retina,prey_neurons_connected_predator_retina,predator_neurons_connected_prey_retina,mutual_info
1,64978.000000,15022.000000,28,3783.298047,2162717.682863,23.237739,15.597882,1,0,1,0.049365
1,68184.000000,11816.000000,30,4337.107179,2211690.157525,21.762030,15.452156,1,0,1,0.062289
2,74194.000000,5806.000000,33,4727.925234,3172190.170576,20.822948,15.890382,1,0,1,0.087044
3,71589.000000,8411.000000,32,4369.466365,2420602.641208,22.512268,15.438514,1,0,1,0.065280
