generation,prey_fitness,predator_fitness,num_alive_end,avg_bb_size,var_bb_size,avg_shortest_dist,swarm_density_count,prey_neurons_connected_prey_retina,prey_neurons_connected_predator_retina,predator_neurons_connected_prey_retina,mutual_info
1,77808.000000,2192.000000,38,1764.700749,629252.189699,10.291129,29.234155,3,3,1,0.009302
1,76704.000000,3296.000000,36,1804.838901,495482.967919,10.402973,27.530823,3,3,1,0.014950
2,74472.000000,5528.000000,35,1585.650626,246788.267844,10.264798,27.780117,3,3,1,0.011483
3,74641.000000,5359.000000,31,1950.724965,623596.803957,12.776564,26.075492,3,3,1,0.015829
