generation,prey_fitness,predator_fitness,num_alive_end,avg_bb_size,var_bb_size,avg_shortest_dist,swarm_density_count,prey_neurons_connected_prey_retina,prey_neurons_connected_predator_retina,predator_neurons_connected_prey_retina,mutual_info
1,52773.000000,27227.000000,14,190333.199336,6182882462.623715,4658.484237,1.641854,1,1,1,0.028358
1,51681.000000,28319.000000,15,202135.955321,6267486080.074745,4973.442123,1.624470,1,1,1,0.031882
2,51588.000000,28412.000000,12,170660.059009,5896058780.494981,4140.775070,1.745673,1,1,1,0.020810
3,46096.000000,33904.000000,10,187602.328390,6578507671.325149,4287.844031,1.713156,1,1,1,0.019696
