generation,prey_fitness,predator_fitness,num_alive_end,avg_bb_size,var_bb_size,avg_shortest_dist,swarm_density_count,prey_neurons_connected_prey_retina,prey_neurons_connected_predator_retina,predator_neurons_connected_prey_retina,mutual_info
1,60410.000000,19590.000000,19,167998.660047,4497564557.702371,2928.131722,2.229029,2,3,1,0.028010
1,56131.000000,23869.000000,16,123313.032445,4376490641.207241,2946.877563,2.649837,2,3,1,0.026364
2,57718.000000,22282.000000,18,154442.290419,4437830720.383213,2975.343817,2.299470,2,3,1,0.044325
3,58404.000000,21596.000000,19,128905.083043,3932260360.829476,2314.387119,2.346946,2,3,1,0.062392
