generation,prey_fitness,predator_fitness,num_alive_end,avg_bb_size,var_bb_size,avg_shortest_dist,swarm_density_count,prey_neurons_connected_prey_retina,prey_neurons_connected_predator_retina,predator_neurons_connected_prey_retina,mutual_info
1,76380.000000,3620.000000,36,942.410024,126772.988401,4.460414,31.244227,2,2,2,0.021877
1,76571.000000,3429.000000,36,860.384015,108650.476201,4.094688,31.368320,2,2,2,0.029871
2,75489.000000,4511.000000,37,894.704262,109612.790153,4.474419,30.530496,2,2,2,0.032744
3,75104.000000,4896.000000,36,950.904831,107513.702832,4.956766,30.133713,2,2,2,0.015930
