generation,prey_fitness,predator_fitness,num_alive_end,avg_bb_size,var_bb_size,avg_shortest_dist,swarm_density_count,prey_neurons_connected_prey_retina,prey_neurons_connected_predator_retina,predator_neurons_connected_prey_retina,mutual_info
1,54962.000000,25038.000000,16,177097.223878,4778150947.920372,3142.459731,1.841548,0,0,1,0.024544
1,49470.000000,30530.000000,10,187446.080626,5524240537.362171,4912.502840,1.547364,0,0,1,0.045539
2,56442.000000,23558.000000,19,190870.090148,5914030300.015497,3019.137676,1.760323,0,0,1,0.028468
3,50590.000000,29410.000000,12,178060.324054,5640298368.090031,4595.008028,1.669238,0,0,1,0.015905
