generation,prey_fitness,predator_fitness,num_alive_end,avg_bb_size,var_bb_size,avg_shortest_dist,swarm_density_count,prey_neurons_connected_prey_retina,prey_neurons_connected_predator_retina,predator_neurons_connected_prey_retina,mutual_info
1,64164.000000,15836.000000,22,4054.790073,2075760.094726,47.112404,16.120056,3,1,2,0.005516
1,57705.000000,22295.000000,14,3632.614231,1352107.169632,51.723655,14.735533,3,1,2,0.006130
2,64741.000000,15259.000000,23,4148.954389,1365678.521167,48.144763,15.690047,3,1,2,0.006637
3,64492.000000,15508.000000,17,4078.804719,1563996.987207,47.141777,15.517314,3,1,2,0.009855
