generation,prey_fitness,predator_fitness,num_alive_end,avg_bb_size,var_bb_size,avg_shortest_dist,swarm_density_count,prey_neurons_connected_prey_retina,prey_neurons_connected_predator_retina,predator_neurons_connected_prey_retina,mutual_info
1,65678.000000,14322.000000,25,4350.636480,1921153.223625,30.575786,10.970746,2,0,1,0.004759
1,73051.000000,6949.000000,31,4966.641159,1316853.699955,32.558717,11.182386,2,0,1,0.003938
2,69275.000000,10725.000000,29,4422.321617,1117718.804576,30.860496,11.491287,2,0,1,0.003429
3,67571.000000,12429.000000,29,4517.603455,1570151.125187,33.638862,10.996528,2,0,1,0.003928
