generation,prey_fitness,predator_fitness,num_alive_end,avg_bb_size,var_bb_size,avg_shortest_dist,swarm_density_count,prey_neurons_connected_prey_retina,prey_neurons_connected_predator_retina,predator_neurons_connected_prey_retina,mutual_info
1,61091.000000,18909.000000,17,3599.872205,1492830.878824,57.158131,18.790461,3,3,3,0.014696
1,57920.000000,22080.000000,17,3727.112401,933131.538217,66.455998,16.811460,3,3,3,0.008638
2,52545.000000,27455.000000,13,3672.521841,1247205.039048,77.033087,14.645018,3,3,3,0.008610
3,62000.000000,18000.000000,19,3354.601230,1053117.211180,48.314746,18.922975,3,3,3,0.008941
