generation,prey_fitness,predator_fitness,num_alive_end,avg_bb_size,var_bb_size,avg_shortest_dist,swarm_density_count,prey_neurons_connected_prey_retina,prey_neurons_connected_predator_retina,predator_neurons_connected_prey_retina,mutual_info
1,38067.000000,41933.000000,3,11527.736134,39070283.345189,599.712210,4.498820,2,3,5,0.018449
1,45149.000000,34851.000000,4,12823.818228,18623442.141972,513.931485,4.894068,2,3,5,0.014675
2,44991.000000,35009.000000,5,13801.795153,38874875.826644,383.220037,5.270689,2,3,5,0.015544
3,43745.000000,36255.000000,4,15734.703409,22979524.975402,748.314407,4.338178,2,3,5,0.051526
