generation,prey_fitness,predator_fitness,num_alive_end,avg_bb_size,var_bb_size,avg_shortest_dist,swarm_density_count,prey_neurons_connected_prey_retina,prey_neurons_connected_predator_retina,predator_neurons_connected_prey_retina,mutual_info
1,74652.000000,5348.000000,33,3763.277552,1746591.979356,18.855439,18.451329,1,3,1,0.035863
1,72609.000000,7391.000000,31,3923.152160,1992708.268644,20.922829,17.588118,1,3,1,0.033172
2,73668.000000,6332.000000,32,3359.590191,2238740.236789,20.998865,19.519988,1,3,1,0.029050
3,67147.000000,12853.000000,26,3267.670555,1653555.984887,21.424362,17.600644,1,3,1,0.040185
