generation,prey_fitness,predator_fitness,num_alive_end,avg_bb_size,var_bb_size,avg_shortest_dist,swarm_density_count,prey_neurons_connected_prey_retina,prey_neurons_connected_predator_retina,predator_neurons_connected_prey_retina,mutual_info
1,20852.000000,19148.000000,4,127208.440988,5257902374.267066,15188.083286,0.807196,0,2,2,0.053981
1,17728.000000,22272.000000,6,122321.278280,2336462919.794079,13275.130767,0.789688,0,2,2,0.062453
2,16407.000000,23593.000000,4,86168.976594,4003164155.499050,13433.134445,0.857286,0,2,2,0.047473
3,22521.000000,17479.000000,6,139156.719291,4982692635.165653,10204.609141,0.819256,0,2,2,0.023391
