generation,prey_fitness,predator_fitness,num_alive_end,avg_bb_size,var_bb_size,avg_shortest_dist,swarm_density_count,prey_neurons_connected_prey_retina,prey_neurons_connected_predator_retina,predator_neurons_connected_prey_retina,mutual_info
1,18138.000000,21862.000000,2,17300.154066,191018548.554819,2136.991659,1.040482,1,1,1,0.089123
1,16716.000000,23284.000000,2,13088.295899,106343687.171666,3272.802313,1.026094,1,1,1,0.092191
2,14670.000000,25330.000000,2,11657.668850,134203025.808714,2065.092266,1.021985,1,1,1,0.058838
3,12909.000000,27091.000000,2,8427.137558,98484857.584301,2455.932635,0.981291,1,1,1,0.086360
