generation,prey_fitness,predator_fitness,num_alive_end,avg_bb_size,var_bb_size,avg_shortest_dist,swarm_density_count,prey_neurons_connected_prey_retina,prey_neurons_connected_predator_retina,predator_neurons_connected_prey_retina,mutual_info
1,19843.000000,20157.000000,2,79958.767692,1911086099.639178,11602.883827,0.668091,2,0,1,0.046131
1,14631.000000,25369.000000,2,37487.921670,1693524221.326287,6927.959092,0.728972,2,0,1,0.073374
2,12860.000000,27140.000000,2,48907.345606,906568157.783811,41160.513669,0.716852,2,0,1,0.107864
3,13384.000000,26616.000000,2,35546.480443,731194016.278344,13716.750833,0.627218,2,0,1,0.065482
