generation,prey_fitness,predator_fitness,num_alive_end,avg_bb_size,var_bb_size,avg_shortest_dist,swarm_density_count,prey_neurons_connected_prey_retina,prey_neurons_connected_predator_retina,predator_neurons_connected_prey_retina,mutual_info
1,13972.000000,26028.000000,2,52926.526101,3274462525.120803,14827.696685,0.651697,1,0,5,0.057468
1,18077.000000,21923.000000,3,50336.723261,1606495436.761597,6170.853009,0.744663,1,0,5,0.086208
2,14603.000000,25397.000000,2,47047.786695,1340834192.361325,24456.565235,0.678019,1,0,5,0.112253
3,14608.000000,25392.000000,2,42284.491737,865889948.294976,32994.067716,0.637107,1,0,5,0.039830
