generation,prey_fitness,predator_fitness,num_alive_end,avg_bb_size,var_bb_size,avg_shortest_dist,swarm_density_count,prey_neurons_connected_prey_retina,prey_neurons_connected_predator_retina,predator_neurons_connected_prey_retina,mutual_info
1,12428.000000,27572.000000,2,10766.281199,54361417.031060,10616.019385,0.993688,4,4,1,0.061775
1,17328.000000,22672.000000,2,18900.872753,193182282.147224,8008.412357,0.965233,4,4,1,0.058895
2,15679.000000,24321.000000,2,22212.190383,171671193.359913,18370.581081,0.972553,4,4,1,0.089288
3,17041.000000,22959.000000,2,12029.351072,51640420.036580,11231.505962,1.253669,4,4,1,0.086873
