generation,prey_fitness,predator_fitness,num_alive_end,avg_bb_size,var_bb_size,avg_shortest_dist,swarm_density_count,prey_neurons_connected_prey_retina,prey_neurons_connected_predator_retina,predator_neurons_connected_prey_retina,mutual_info
1,12731.000000,27269.000000,2,8395.875884,48450236.600809,11774.633900,1.158543,0,1,1,0.122030
1,14002.000000,25998.000000,2,9713.214536,106569022.063933,2066.198292,0.945940,0,1,1,0.070305
2,16387.000000,23613.000000,2,17236.773900,147064285.083560,7064.649843,0.964834,0,1,1,0.064458
3,14518.000000,25482.000000,2,19382.223823,138374905.756010,15707.480755,0.830342,0,1,1,0.050396
