generation,prey_fitness,predator_fitness,num_alive_end,avg_bb_size,var_bb_size,avg_shortest_dist,swarm_density_count,prey_neurons_connected_prey_retina,prey_neurons_connected_predator_retina,predator_neurons_connected_prey_retina,mutual_info
1,15036.000000,24964.000000,2,14018.542653,155487397.108052,4068.849942,0.936613,4,5,1,0.042333
1,15964.000000,24036.000000,2,12786.075704,186162367.468496,1847.831747,1.175367,4,5,1,0.058040
2,17996.000000,22004.000000,2,32484.412821,623647923.983404,4620.489708,0.850568,4,5,1,0.093015
3,13791.000000,26209.000000,2,16749.637389,73551796.412976,13298.317100,0.853212,4,5,1,0.083320
