generation,prey_fitness,predator_fitness,num_alive_end,avg_bb_size,var_bb_size,avg_shortest_dist,swarm_density_count,prey_neurons_connected_prey_retina,prey_neurons_connected_predator_retina,predator_neurons_connected_prey_retina,mutual_info
1,16974.000000,23026.000000,2,31965.745348,175889207.357870,25644.058993,0.926209,2,1,3,0.056090
1,18651.000000,21349.000000,2,33971.871394,237938989.196900,17850.199170,0.840318,2,1,3,0.055449
2,13803.000000,26197.000000,2,12180.340820,78539809.066884,14562.904669,0.930267,2,1,3,0.065462
3,18327.000000,21673.000000,2,29432.389645,287786714.038687,8896.070318,0.730321,2,1,3,0.047778
