generation,prey_fitness,predator_fitness,num_alive_end,avg_bb_size,var_bb_size,avg_shortest_dist,swarm_density_count,prey_neurons_connected_prey_retina,prey_neurons_connected_predator_retina,predator_neurons_connected_prey_retina,mutual_info
1,11496.000000,28504.000000,2,7258.616730,42949783.766327,10062.112099,1.028541,1,1,1,0.097658
1,12280.000000,27720.000000,2,10145.630436,153112534.202408,2974.490634,0.807403,1,1,1,0.072431
2,17544.000000,22456.000000,2,20564.350394,268188934.418499,3656.491567,1.116727,1,1,1,0.038485
3,16545.000000,23455.000000,2,13641.749961,118204517.888790,3425.850152,1.044949,1,1,1,0.055541
