generation,prey_fitness,predator_fitness,num_alive_end,avg_bb_size,var_bb_size,avg_shortest_dist,swarm_density_count,prey_neurons_connected_prey_retina,prey_neurons_connected_predator_retina,predator_neurons_connected_prey_retina,mutual_info
1,19596.000000,20404.000000,2,61280.961464,1168154275.288308,15219.597409,0.695006,0,1,1,0.046159
1,17668.000000,22332.000000,2,74695.714641,3183307691.374497,38830.894421,0.534503,0,1,1,0.076370
2,17161.000000,22839.000000,2,58520.220773,1065678467.634269,25049.379346,0.635727,0,1,1,0.089018
3,11754.000000,28246.000000,2,51090.788000,1838333285.496120,98837.731878,0.587373,0,1,1,0.129415
