generation,prey_fitness,predator_fitness,num_alive_end,avg_bb_size,var_bb_size,avg_shortest_dist,swarm_density_count,prey_neurons_connected_prey_retina,prey_neurons_connected_predator_retina,predator_neurons_connected_prey_retina,mutual_info
1,16222.000000,23778.000000,2,23412.346790,82958777.856320,23956.368258,0.923681,1,4,1,0.047166
1,13900.000000,26100.000000,2,11486.442665,61884835.090713,8184.242682,0.989314,1,4,1,0.053298
2,16526.000000,23474.000000,2,16920.276304,340536048.070982,4742.441701,0.960681,1,4,1,0.038321
3,14066.000000,25934.000000,2,14480.568863,187874632.259944,7009.232090,0.830682,1,4,1,0.052327
