generation,prey_fitness,predator_fitness,num_alive_end,avg_bb_size,var_bb_size,avg_shortest_dist,swarm_density_count,prey_neurons_connected_prey_retina,prey_neurons_connected_predator_retina,predator_neurons_connected_prey_retina,mutual_info
1,18904.000000,21096.000000,2,81750.272974,2023335854.826966,27418.069461,0.792348,2,3,1,0.046141
1,15117.000000,24883.000000,2,75119.528565,3091647856.001175,61332.800785,0.575814,2,3,1,0.056248
2,16273.000000,23727.000000,2,56106.592232,1080264723.145501,25338.506636,0.630309,2,3,1,0.049206
3,18150.000000,21850.000000,4,97874.856902,2625021387.346023,16614.394343,0.695734,2,3,1,0.071191
