generation,prey_fitness,predator_fitness,num_alive_end,avg_bb_size,var_bb_size,avg_shortest_dist,swarm_density_count,prey_neurons_connected_prey_retina,prey_neurons_connected_predator_retina,predator_neurons_connected_prey_retina,mutual_info
1,37319.000000,2681.000000,18,316.298985,5359.136144,7.609608,17.660500,1,0,3,0.005204
1,39644.000000,356.000000,19,297.281062,5340.945119,7.266175,18.822500,1,0,3,0.004505
2,38940.000000,1060.000000,18,319.152678,5213.347712,7.246735,18.471000,1,0,3,0.006158
3,36991.000000,3009.000000,16,300.432659,4207.981814,7.462036,17.497500,1,0,3,0.007284
