generation,prey_fitness,predator_fitness,num_alive_end,avg_bb_size,var_bb_size,avg_shortest_dist,swarm_density_count,prey_neurons_connected_prey_retina,prey_neurons_connected_predator_retina,predator_neurons_connected_prey_retina,mutual_info
1,16421.000000,23579.000000,2,94356.320551,5751572798.725638,18177.773522,0.948981,5,0,1,0.044165
1,18810.000000,21190.000000,2,96495.705254,6178640555.426594,16040.631406,0.715179,5,0,1,0.067626
2,18133.000000,21867.000000,5,127364.860154,3154284512.738547,23200.863871,0.733162,5,0,1,0.063898
3,17096.000000,22904.000000,2,113191.991719,5635573296.157783,50822.910236,0.685453,5,0,1,0.068370
