generation,prey_fitness,predator_fitness,num_alive_end,avg_bb_size,var_bb_size,avg_shortest_dist,swarm_density_count,prey_neurons_connected_prey_retina,prey_neurons_connected_predator_retina,predator_neurons_connected_prey_retina,mutual_info
1,14169.000000,25831.000000,2,4142.010591,13488243.842085,3316.736053,1.861398,2,0,1,0.029400
1,17149.000000,22851.000000,2,7348.993176,39443255.367878,2777.558112,1.811469,2,0,1,0.034365
2,15085.000000,24915.000000,2,7166.137244,35868444.823267,4375.951773,1.712745,2,0,1,0.044751
3,14978.000000,25022.000000,2,5132.214540,22175050.939861,2104.593345,1.827332,2,0,1,0.044867
