generation,prey_fitness,predator_fitness,num_alive_end,avg_bb_size,var_bb_size,avg_shortest_dist,swarm_density_count,prey_neurons_connected_prey_retina,prey_neurons_connected_predator_retina,predator_neurons_connected_prey_retina,mutual_info
1,21276.000000,18724.000000,2,45138.726170,366269065.783292,20249.415237,1.077865,1,5,1,0.048830
1,15616.000000,24384.000000,2,14966.490003,176115202.134912,5140.766896,1.004234,1,5,1,0.084526
2,15521.000000,24479.000000,2,29989.255019,312387511.963614,26252.547912,0.837213,1,5,1,0.053233
3,16204.000000,23796.000000,2,16224.349503,140499292.517842,9280.067411,0.837118,1,5,1,0.066704
