generation,prey_fitness,predator_fitness,num_alive_end,avg_bb_size,var_bb_size,avg_shortest_dist,swarm_density_count,prey_neurons_connected_prey_retina,prey_neurons_connected_predator_retina,predator_neurons_connected_prey_retina,mutual_info
1,17128.000000,22872.000000,2,26215.910285,684554958.721634,8133.548270,0.998222,3,1,1,0.067880
1,14565.000000,25435.000000,2,18547.077693,359262328.064079,11374.598920,0.830878,3,1,1,0.062399
2,15132.000000,24868.000000,2,18752.258955,284312533.408250,11172.069921,0.838982,3,1,1,0.063695
3,12842.000000,27158.000000,2,15476.519936,88192689.192181,16551.318170,0.766188,3,1,1,0.054515
