generation,prey_fitness,predator_fitness,num_alive_end,avg_bb_size,var_bb_size,avg_shortest_dist,swarm_density_count,prey_neurons_connected_prey_retina,prey_neurons_connected_predator_retina,predator_neurons_connected_prey_retina,mutual_info
1,23012.000000,16988.000000,3,104305.795866,4247263282.167181,6660.185349,0.899247,2,1,1,0.049585
1,17874.000000,22126.000000,2,57835.290547,702830321.719574,31125.595725,0.780853,2,1,1,0.067350
2,14111.000000,25889.000000,2,55799.300804,459269555.527090,59898.570288,0.837905,2,1,1,0.044644
3,20359.000000,19641.000000,2,91241.993096,1928319962.563830,29705.810123,0.800626,2,1,1,0.062323
