generation,prey_fitness,predator_fitness,num_alive_end,avg_bb_size,var_bb_size,avg_shortest_dist,swarm_density_count,prey_neurons_connected_prey_retina,prey_neurons_connected_predator_retina,predator_neurons_connected_prey_retina,mutual_info
1,14020.000000,25980.000000,2,5473.741711,35190854.726021,2244.164608,1.810001,1,2,2,0.053935
1,13853.000000,26147.000000,2,7730.799271,59862594.782245,6674.743174,1.379110,1,2,2,0.053809
2,17750.000000,22250.000000,2,10926.463033,99026991.684051,3742.438661,1.786068,1,2,2,0.046657
3,14905.000000,25095.000000,2,7670.005109,25978759.827988,5488.874760,1.725248,1,2,2,0.096425
