generation,prey_fitness,predator_fitness,num_alive_end,avg_bb_size,var_bb_size,avg_shortest_dist,swarm_density_count,prey_neurons_connected_prey_retina,prey_neurons_connected_predator_retina,predator_neurons_connected_prey_retina,mutual_info
1,16509.000000,23491.000000,2,93061.254687,2196894632.233725,54531.035093,0.636281,1,0,1,0.075024
1,17520.000000,22480.000000,2,80326.332961,2156027667.362031,33789.192737,0.641735,1,0,1,0.048406
2,21350.000000,18650.000000,2,99222.314336,5254397800.492661,10223.757106,0.626556,1,0,1,0.040961
3,16770.000000,23230.000000,2,57503.917880,3005978079.425359,6223.846239,0.711091,1,0,1,0.038795
