generation,prey_fitness,predator_fitness,num_alive_end,avg_bb_size,var_bb_size,avg_shortest_dist,swarm_density_count,prey_neurons_connected_prey_retina,prey_neurons_connected_predator_retina,predator_neurons_connected_prey_retina,mutual_info
1,13789.000000,26211.000000,2,38136.886174,342807537.395376,55659.857564,0.715088,2,1,3,0.098526
1,17512.000000,22488.000000,2,28465.837928,536312124.880654,4523.753363,1.074867,2,1,3,0.077245
2,14914.000000,25086.000000,2,14898.706651,212009024.712946,3247.476551,0.936151,2,1,3,0.038869
3,18407.000000,21593.000000,2,22070.607056,158492349.339602,4608.208372,0.896498,2,1,3,0.048485
