generation,prey_fitness,predator_fitness,num_alive_end,avg_bb_size,var_bb_size,avg_shortest_dist,swarm_density_count,prey_neurons_connected_prey_retina,prey_neurons_connected_predator_retina,predator_neurons_connected_prey_retina,mutual_info
1,18035.000000,21965.000000,2,41863.258655,553467598.713637,14003.539926,0.729417,1,1,1,0.062445
1,20203.000000,19797.000000,2,29536.685324,326941089.262069,6758.845146,0.902133,1,1,1,0.035604
2,20624.000000,19376.000000,2,50758.143985,916261613.882772,5937.866599,0.808103,1,1,1,0.048266
3,21037.000000,18963.000000,2,71327.043694,1199666408.762700,16894.155127,0.712037,1,1,1,0.036694
