generation,prey_fitness,predator_fitness,num_alive_end,avg_bb_size,var_bb_size,avg_shortest_dist,swarm_density_count,prey_neurons_connected_prey_retina,prey_neurons_connected_predator_retina,predator_neurons_connected_prey_retina,mutual_info
1,16160.000000,23840.000000,2,78810.999771,2208020827.820806,66155.419394,0.661698,2,0,1,0.085764
1,17996.000000,22004.000000,3,109623.096058,1980991096.579461,34813.216528,0.702759,2,0,1,0.047837
2,14650.000000,25350.000000,2,43918.481649,970016760.968539,36908.023860,0.747778,2,0,1,0.056320
3,16393.000000,23607.000000,2,59008.896938,3482246629.793217,20001.067163,0.682326,2,0,1,0.077492
