generation,prey_fitness,predator_fitness,num_alive_end,avg_bb_size,var_bb_size,avg_shortest_dist,swarm_density_count,prey_neurons_connected_prey_retina,prey_neurons_connected_predator_retina,predator_neurons_connected_prey_retina,mutual_info
1,23484.000000,16516.000000,10,91924.365759,2555054672.771295,5768.506650,0.985877,1,1,1,0.032301
1,17327.000000,22673.000000,2,94621.070233,3403906879.759552,46109.184811,0.787723,1,1,1,0.052035
2,16390.000000,23610.000000,2,45365.720173,735966386.799549,16874.450021,0.991665,1,1,1,0.053568
3,17271.000000,22729.000000,2,35128.626704,1449721024.838223,5483.884235,1.138776,1,1,1,0.051213
