generation,prey_fitness,predator_fitness,num_alive_end,avg_bb_size,var_bb_size,avg_shortest_dist,swarm_density_count,prey_neurons_connected_prey_retina,prey_neurons_connected_predator_retina,predator_neurons_connected_prey_retina,mutual_info
1,21533.000000,18467.000000,4,98438.161376,3808560636.307740,12819.278526,0.905285,1,2,1,0.057087
1,19945.000000,20055.000000,2,62450.614099,1964588663.563351,5906.157551,0.813239,1,2,1,0.045261
2,16985.000000,23015.000000,2,39428.640573,630372715.237120,11547.115758,0.733524,1,2,1,0.066756
3,12673.000000,27327.000000,2,34087.159862,1411671183.668722,8721.786835,0.711254,1,2,1,0.070907
