generation,prey_fitness,predator_fitness,num_alive_end,avg_bb_size,var_bb_size,avg_shortest_dist,swarm_density_count,prey_neurons_connected_prey_retina,prey_neurons_connected_predator_retina,predator_neurons_connected_prey_retina,mutual_info
1,18926.000000,21074.000000,2,64573.861968,2493556415.929897,16382.091641,0.656228,0,1,1,0.043021
1,15839.000000,24161.000000,2,49035.668731,1533972111.514022,11898.262390,0.695026,0,1,1,0.068105
2,23349.000000,16651.000000,7,95427.635351,2348027226.558882,6683.635228,0.707414,0,1,1,0.040181
3,17017.000000,22983.000000,2,77987.988754,1227787279.023215,48557.001440,0.713925,0,1,1,0.042943
