generation,prey_fitness,predator_fitness,num_alive_end,avg_bb_size,var_bb_size,avg_shortest_dist,swarm_density_count,prey_neurons_connected_prey_retina,prey_neurons_connected_predator_retina,predator_neurons_connected_prey_retina,mutual_info
1,19106.000000,20894.000000,2,34605.187839,575962056.093811,11971.384105,1.046890,0,0,1,0.074315
1,13983.000000,26017.000000,2,27932.750173,528507356.450270,33900.012077,0.901114,0,0,1,0.059753
2,17028.000000,22972.000000,2,24371.222305,373401763.662520,5581.219858,0.821286,0,0,1,0.069230
3,14453.000000,25547.000000,2,36411.955403,229890629.974568,36500.191218,0.720625,0,0,1,0.073982
