generation,prey_fitness,predator_fitness,num_alive_end,avg_bb_size,var_bb_size,avg_shortest_dist,swarm_density_count,prey_neurons_connected_prey_retina,prey_neurons_connected_predator_retina,predator_neurons_connected_prey_retina,mutual_info
1,13897.000000,26103.000000,2,5087.142869,17498765.887870,5415.667192,1.469575,0,1,1,0.045495
1,14248.000000,25752.000000,2,8828.539906,43423395.245078,6361.322498,1.320672,0,1,1,0.059681
2,13109.000000,26891.000000,2,3306.365374,13699661.251894,3058.662327,1.729939,0,1,1,0.059471
3,13010.000000,26990.000000,2,7033.820905,46582119.728279,4695.954984,1.109102,0,1,1,0.051764
