generation,prey_fitness,predator_fitness,num_alive_end,avg_bb_size,var_bb_size,avg_shortest_dist,swarm_density_count,prey_neurons_connected_prey_retina,prey_neurons_connected_predator_retina,predator_neurons_connected_prey_retina,mutual_info
1,17803.000000,22197.000000,2,162510.523773,5230538875.845429,35907.793071,0.706214,1,1,1,0.040508
1,18106.000000,21894.000000,2,120044.550298,3916192646.157230,33009.226324,0.649219,1,1,1,0.051712
2,19372.000000,20628.000000,6,102397.922898,1729714685.815704,10184.696934,0.770708,1,1,1,0.034432
3,19940.000000,20060.000000,6,95427.873143,2419590579.985145,8688.720193,0.804057,1,1,1,0.037183
