generation,prey_fitness,predator_fitness,num_alive_end,avg_bb_size,var_bb_size,avg_shortest_dist,swarm_density_count,prey_neurons_connected_prey_retina,prey_neurons_connected_predator_retina,predator_neurons_connected_prey_retina,mutual_info
1,25468.000000,14532.000000,3,4253.660445,4518985.851589,272.243407,5.023827,0,0,1,0.018609
1,26125.000000,13875.000000,4,4117.215529,2110553.364989,350.117245,5.346117,0,0,1,0.024569
2,27618.000000,12382.000000,5,5709.008541,3160937.234264,304.103385,4.468035,0,0,1,0.013466
3,27773.000000,12227.000000,6,5471.818447,3974930.408598,274.172182,4.849206,0,0,1,0.009760
