generation,prey_fitness,predator_fitness,num_alive_end,avg_bb_size,var_bb_size,avg_shortest_dist,swarm_density_count,prey_neurons_connected_prey_retina,prey_neurons_connected_predator_retina,predator_neurons_connected_prey_retina,mutual_info
1,10845.000000,29155.000000,2,115019.958881,2861738123.210309,162145.543434,0.603269,1,0,1,0.075660
1,23519.000000,16481.000000,3,148780.398858,4411200026.497761,11920.293823,0.789603,1,0,1,0.041273
2,24053.000000,15947.000000,5,153041.737715,3518825132.556204,14086.748106,0.758543,1,0,1,0.056637
3,18815.000000,21185.000000,3,105716.899316,3678383172.975204,15660.284053,0.845226,1,0,1,0.056092
