generation,prey_fitness,predator_fitness,num_alive_end,avg_bb_size,var_bb_size,avg_shortest_dist,swarm_density_count,prey_neurons_connected_prey_retina,prey_neurons_connected_predator_retina,predator_neurons_connected_prey_retina,mutual_info
1,14231.000000,25769.000000,2,49465.900457,1999649885.577524,18626.658111,0.594161,1,0,1,0.087936
1,16692.000000,23308.000000,2,109960.146196,2100174611.987960,80767.806651,0.775195,1,0,1,0.057379
2,23656.000000,16344.000000,6,93573.159394,1559258257.008249,5253.405257,0.740319,1,0,1,0.049417
3,13911.000000,26089.000000,2,53954.568681,1228826752.085741,26847.558122,0.675933,1,0,1,0.053930
