generation,prey_fitness,predator_fitness,num_alive_end,avg_bb_size,var_bb_size,avg_shortest_dist,swarm_density_count,prey_neurons_connected_prey_retina,prey_neurons_connected_predator_retina,predator_neurons_connected_prey_retina,mutual_info
1,15700.000000,24300.000000,2,23465.804045,288848295.439646,14398.395473,0.854265,0,2,2,0.084347
1,14867.000000,25133.000000,2,34441.515159,1106653791.126893,7828.987892,0.682787,0,2,2,0.087720
2,18545.000000,21455.000000,2,45908.405831,1285312434.684511,11102.853049,0.603603,0,2,2,0.049574
3,12252.000000,27748.000000,2,16403.001343,156159990.728959,13472.773250,0.824693,0,2,2,0.107370
