generation,prey_fitness,predator_fitness,num_alive_end,avg_bb_size,var_bb_size,avg_shortest_dist,swarm_density_count,prey_neurons_connected_prey_retina,prey_neurons_connected_predator_retina,predator_neurons_connected_prey_retina,mutual_info
1,16058.000000,23942.000000,2,28329.113659,682961917.838780,17505.476731,0.911353,5,0,1,0.058426
1,15546.000000,24454.000000,2,29117.716118,1097818372.441155,3468.149207,0.866131,5,0,1,0.077516
2,13348.000000,26652.000000,2,18837.878445,137483814.930575,26428.412040,0.864134,5,0,1,0.059168
3,21694.000000,18306.000000,2,37610.497800,381204778.232126,4169.688803,0.907566,5,0,1,0.066082
