generation,prey_fitness,predator_fitness,num_alive_end,avg_bb_size,var_bb_size,avg_shortest_dist,swarm_density_count,prey_neurons_connected_prey_retina,prey_neurons_connected_predator_retina,predator_neurons_connected_prey_retina,mutual_info
1,15428.000000,24572.000000,2,5683.347816,19484418.880533,4555.472512,1.828898,0,5,1,0.073269
1,14124.000000,25876.000000,2,5154.924711,28217475.885814,1771.745282,1.456770,0,5,1,0.051962
2,12579.000000,27421.000000,2,4954.625044,26149734.286228,4242.205867,1.120883,0,5,1,0.058786
3,12179.000000,27821.000000,2,3650.843249,12940386.432944,1630.760236,1.437497,0,5,1,0.074656
