generation,prey_fitness,predator_fitness,num_alive_end,avg_bb_size,var_bb_size,avg_shortest_dist,swarm_density_count,prey_neurons_connected_prey_retina,prey_neurons_connected_predator_retina,predator_neurons_connected_prey_retina,mutual_info
1,13425.000000,26575.000000,2,5439.563639,31763933.401282,3384.701994,1.354428,3,1,1,0.054138
1,12282.000000,27718.000000,2,3581.799864,18134867.734527,2154.958153,1.475692,3,1,1,0.042409
2,13932.000000,26068.000000,2,5536.114208,30106543.358703,3108.736331,1.411851,3,1,1,0.027585
3,12974.000000,27026.000000,2,4937.830056,32520093.638981,2105.352801,1.338016,3,1,1,0.053340
