generation,prey_fitness,predator_fitness,num_alive_end,avg_bb_size,var_bb_size,avg_shortest_dist,swarm_density_count,prey_neurons_connected_prey_retina,prey_neurons_connected_predator_retina,predator_neurons_connected_prey_retina,mutual_info
1,38252.000000,1748.000000,19,0.000000,0.000000,0.000000,18.126500,0,0,1,0.000074
1,38670.000000,1330.000000,17,0.000000,0.000000,0.000000,18.336500,0,0,1,0.000015
2,38430.000000,1570.000000,19,0.000000,0.000000,0.000000,18.215500,0,0,1,0.000044
3,35964.000000,4036.000000,17,0.000000,0.000000,0.000000,16.983500,0,0,1,0.000083
