generation,prey_fitness,predator_fitness,num_alive_end,avg_bb_size,var_bb_size,avg_shortest_dist,swarm_density_count,prey_neurons_connected_prey_retina,prey_neurons_connected_predator_retina,predator_neurons_connected_prey_retina,mutual_info
1,8890.000000,31110.000000,2,3840.400904,10976820.714183,5596.208829,0.896591,3,3,1,0.071434
1,11171.000000,28829.000000,2,4513.824332,21286510.795030,4462.277165,1.242388,3,3,1,0.064816
2,13628.000000,26372.000000,2,5236.208718,26593471.650013,1626.072619,1.575541,3,3,1,0.058672
3,13287.000000,26713.000000,2,5234.706335,37869329.609943,1377.391994,1.376861,3,3,1,0.061539
