generation,prey_fitness,predator_fitness,num_alive_end,avg_bb_size,var_bb_size,avg_shortest_dist,swarm_density_count,prey_neurons_connected_prey_retina,prey_neurons_connected_predator_retina,predator_neurons_connected_prey_retina,mutual_info
1,22888.000000,17112.000000,5,163120.420647,4139288794.734173,13591.311102,0.721881,1,0,4,0.044695
1,17967.000000,22033.000000,2,126914.291196,8118319750.771607,26410.468178,0.598568,1,0,4,0.055475
2,21977.000000,18023.000000,5,185141.176182,5344502319.728301,29462.215359,0.668010,1,0,4,0.031533
3,16030.000000,23970.000000,2,120740.194928,3974705260.523560,54215.687685,0.642262,1,0,4,0.046950
