generation,prey_fitness,predator_fitness,num_alive_end,avg_bb_size,var_bb_size,avg_shortest_dist,swarm_density_count,prey_neurons_connected_prey_retina,prey_neurons_connected_predator_retina,predator_neurons_connected_prey_retina,mutual_info
1,20130.000000,19870.000000,2,86047.754605,1526534576.758572,13687.440772,0.736279,0,0,1,0.048625
1,18378.000000,21622.000000,2,34948.703540,376692613.769328,13274.152728,0.803568,0,0,1,0.063971
2,15549.000000,24451.000000,2,52616.933961,805190193.128538,56502.486021,0.782456,0,0,1,0.064914
3,15617.000000,24383.000000,2,35720.603515,403685913.528804,42914.722831,0.699032,0,0,1,0.065345
