generation,prey_fitness,predator_fitness,num_alive_end,avg_bb_size,var_bb_size,avg_shortest_dist,swarm_density_count,prey_neurons_connected_prey_retina,prey_neurons_connected_predator_retina,predator_neurons_connected_prey_retina,mutual_info
1,14626.000000,25374.000000,2,24524.482015,120070206.350235,26023.613139,0.813708,2,3,2,0.040524
1,16457.000000,23543.000000,2,25675.999218,438877434.716097,11872.838240,0.843357,2,3,2,0.071592
2,17385.000000,22615.000000,2,16747.925054,135843449.155293,8098.429191,1.120531,2,3,2,0.077011
3,15084.000000,24916.000000,2,13733.150454,145483865.688975,3168.014667,0.847741,2,3,2,0.053913
