generation,prey_fitness,predator_fitness,num_alive_end,avg_bb_size,var_bb_size,avg_shortest_dist,swarm_density_count,prey_neurons_connected_prey_retina,prey_neurons_connected_predator_retina,predator_neurons_connected_prey_retina,mutual_info
1,14550.000000,25450.000000,2,10300.749564,43711829.739886,10395.323092,1.481436,3,3,1,0.083068
1,13983.000000,26017.000000,2,12426.278739,144656269.523164,4449.960485,1.287389,3,3,1,0.049195
2,15395.000000,24605.000000,2,13573.043860,114785921.865418,8943.557609,1.295895,3,3,1,0.049156
3,16928.000000,23072.000000,2,26964.678555,262977022.859762,29384.635109,1.110951,3,3,1,0.029611
