generation,prey_fitness,predator_fitness,num_alive_end,avg_bb_size,var_bb_size,avg_shortest_dist,swarm_density_count,prey_neurons_connected_prey_retina,prey_neurons_connected_predator_retina,predator_neurons_connected_prey_retina,mutual_info
1,23309.000000,16691.000000,2,62961.450957,2191955853.791502,5024.734109,0.732499,1,1,1,0.053721
1,16957.000000,23043.000000,2,41847.367827,1822823783.603787,29165.278606,0.702433,1,1,1,0.081933
2,21294.000000,18706.000000,5,65421.476878,1182041986.489949,6371.334006,0.768473,1,1,1,0.036358
3,22204.000000,17796.000000,3,111646.286459,2783178509.686596,13427.981857,0.749280,1,1,1,0.054684
