generation,prey_fitness,predator_fitness,num_alive_end,avg_bb_size,var_bb_size,avg_shortest_dist,swarm_density_count,prey_neurons_connected_prey_retina,prey_neurons_connected_predator_retina,predator_neurons_connected_prey_retina,mutual_info
1,20385.000000,19615.000000,2,110864.581793,3226203917.132443,7471.922813,0.748876,1,4,1,0.051205
1,18046.000000,21954.000000,2,65556.151062,1978055202.821110,34527.500606,0.726078,1,4,1,0.040371
2,16218.000000,23782.000000,2,43793.500109,269400510.923932,30125.015940,0.740762,1,4,1,0.079292
3,19713.000000,20287.000000,2,52624.059194,1573836169.721710,9633.183576,0.955257,1,4,1,0.061789
