generation,prey_fitness,predator_fitness,num_alive_end,avg_bb_size,var_bb_size,avg_shortest_dist,swarm_density_count,prey_neurons_connected_prey_retina,prey_neurons_connected_predator_retina,predator_neurons_connected_prey_retina,mutual_info
1,16407.000000,23593.000000,2,9487.359788,58229850.269466,5557.880253,1.302100,0,2,1,0.053402
1,10179.000000,29821.000000,2,12003.922763,101761527.789102,20409.529697,0.821961,0,2,1,0.070913
2,13215.000000,26785.000000,2,11896.295028,74765763.289292,10822.093194,0.948346,0,2,1,0.057961
3,15285.000000,24715.000000,2,12188.067383,89851933.429318,6849.218132,1.042430,0,2,1,0.059906
