generation,prey_fitness,predator_fitness,num_alive_end,avg_bb_size,var_bb_size,avg_shortest_dist,swarm_density_count,prey_neurons_connected_prey_retina,prey_neurons_connected_predator_retina,predator_neurons_connected_prey_retina,mutual_info
1,15681.000000,24319.000000,2,24347.086443,411097706.825037,8213.032636,0.824798,1,0,1,0.060874
1,13314.000000,26686.000000,2,30499.675956,324817302.731107,38901.368976,0.711115,1,0,1,0.064794
2,12241.000000,27759.000000,2,10099.704262,98054034.995596,8980.700368,0.905278,1,0,1,0.069625
3,16440.000000,23560.000000,2,41091.464188,337980616.481724,22313.312614,0.830611,1,0,1,0.080935
