generation,prey_fitness,predator_fitness,num_alive_end,avg_bb_size,var_bb_size,avg_shortest_dist,swarm_density_count,prey_neurons_connected_prey_retina,prey_neurons_connected_predator_retina,predator_neurons_connected_prey_retina,mutual_info
1,14568.000000,25432.000000,2,10886.061590,96804475.401594,9611.764965,1.030598,1,1,1,0.062807
1,16076.000000,23924.000000,2,28705.166941,138932265.033832,29682.717663,0.923990,1,1,1,0.040377
2,13999.000000,26001.000000,2,19666.420027,270959105.492014,13863.863413,0.851048,1,1,1,0.058093
3,14248.000000,25752.000000,2,10640.729072,71455817.693117,7593.667785,1.185129,1,1,1,0.139917
