generation,prey_fitness,predator_fitness,num_alive_end,avg_bb_size,var_bb_size,avg_shortest_dist,swarm_density_count,prey_neurons_connected_prey_retina,prey_neurons_connected_predator_retina,predator_neurons_connected_prey_retina,mutual_info
1,17329.000000,22671.000000,2,24243.218200,276113703.637918,19546.476235,1.005197,1,0,3,0.079231
1,21515.000000,18485.000000,2,74513.836619,1707862024.749462,13807.154377,0.853603,1,0,3,0.082742
2,23876.000000,16124.000000,2,67116.494610,1389521475.781962,5728.711592,1.187056,1,0,3,0.052224
3,16159.000000,23841.000000,2,25177.814839,355099053.597745,12914.522674,0.868456,1,0,3,0.087597
