generation,prey_fitness,predator_fitness,num_alive_end,avg_bb_size,var_bb_size,avg_shortest_dist,swarm_density_count,prey_neurons_connected_prey_retina,prey_neurons_connected_predator_retina,predator_neurons_connected_prey_retina,mutual_info
1,14626.000000,25374.000000,2,21801.594763,311341234.607659,19999.596521,0.876932,1,0,2,0.079474
1,12635.000000,27365.000000,2,35544.245870,431965800.861188,41179.838832,0.725291,1,0,2,0.091555
2,15909.000000,24091.000000,2,26366.853536,343390007.728034,11943.336619,0.793624,1,0,2,0.047309
3,18471.000000,21529.000000,2,40337.205531,861339655.947780,5552.011299,0.820504,1,0,2,0.050660
