generation,prey_fitness,predator_fitness,num_alive_end,avg_bb_size,var_bb_size,avg_shortest_dist,swarm_density_count,prey_neurons_connected_prey_retina,prey_neurons_connected_predator_retina,predator_neurons_connected_prey_retina,mutual_info
1,20571.000000,19429.000000,2,108007.155474,4982709701.013748,8762.057562,0.781889,1,5,1,0.061839
1,15714.000000,24286.000000,2,74556.896719,1430328391.054467,24790.747443,0.607795,1,5,1,0.059757
2,18000.000000,22000.000000,2,76712.893873,1053839286.039908,48259.447259,0.805433,1,5,1,0.110707
3,18623.000000,21377.000000,2,113044.606581,5428203438.592885,52191.957318,0.663083,1,5,1,0.049082
