generation,prey_fitness,predator_fitness,num_alive_end,avg_bb_size,var_bb_size,avg_shortest_dist,swarm_density_count,prey_neurons_connected_prey_retina,prey_neurons_connected_predator_retina,predator_neurons_connected_prey_retina,mutual_info
1,13806.000000,26194.000000,2,9993.123700,113040099.190318,7840.242459,0.964673,1,1,1,0.049904
1,14905.000000,25095.000000,2,13506.590151,129036618.664188,6153.563867,1.084101,1,1,1,0.090109
2,16029.000000,23971.000000,2,22452.753094,267784750.596807,14557.645847,1.221421,1,1,1,0.087209
3,11785.000000,28215.000000,2,11993.462089,78645878.622452,14171.434925,0.735003,1,1,1,0.045836
