generation,prey_fitness,predator_fitness,num_alive_end,avg_bb_size,var_bb_size,avg_shortest_dist,swarm_density_count,prey_neurons_connected_prey_retina,prey_neurons_connected_predator_retina,predator_neurons_connected_prey_retina,mutual_info
1,25167.000000,14833.000000,6,167998.065730,5080673509.051725,9451.860131,0.860203,1,3,1,0.037954
1,26091.000000,13909.000000,9,180469.517171,5334958347.704226,10664.081197,0.739402,1,3,1,0.031813
2,28609.000000,11391.000000,9,186024.522677,5186258859.095634,10300.119371,0.699216,1,3,1,0.047027
3,30743.000000,9257.000000,10,189694.033863,5523294903.994413,7041.021848,0.745403,1,3,1,0.012134
