generation,prey_fitness,predator_fitness,num_alive_end,avg_bb_size,var_bb_size,avg_shortest_dist,swarm_density_count,prey_neurons_connected_prey_retina,prey_neurons_connected_predator_retina,predator_neurons_connected_prey_retina,mutual_info
1,19686.000000,20314.000000,6,156851.072519,4943167523.179862,23233.450550,1.050977,2,1,3,0.036544
1,17890.000000,22110.000000,2,93906.855659,2311159816.853893,10728.984416,0.802492,2,1,3,0.045773
2,22914.000000,17086.000000,2,121830.704904,6693459267.677093,12110.012717,0.865873,2,1,3,0.052602
3,18748.000000,21252.000000,4,118679.750972,6053267110.364519,15525.137606,0.700541,2,1,3,0.048651
