generation,prey_fitness,predator_fitness,num_alive_end,avg_bb_size,var_bb_size,avg_shortest_dist,swarm_density_count,prey_neurons_connected_prey_retina,prey_neurons_connected_predator_retina,predator_neurons_connected_prey_retina,mutual_info
1,21307.000000,18693.000000,3,93980.428314,2472029525.099683,9489.537660,0.801926,1,2,2,0.035950
1,17595.000000,22405.000000,2,67160.238200,3074831403.179191,7639.436425,0.694021,1,2,2,0.082052
2,23803.000000,16197.000000,5,143207.394077,2950204705.505901,10178.893857,0.667734,1,2,2,0.060556
3,14143.000000,25857.000000,2,46520.963207,655699362.124139,37866.206719,0.736946,1,2,2,0.073946
