generation,prey_fitness,predator_fitness,num_alive_end,avg_bb_size,var_bb_size,avg_shortest_dist,swarm_density_count,prey_neurons_connected_prey_retina,prey_neurons_connected_predator_retina,predator_neurons_connected_prey_retina,mutual_info
1,19339.000000,20661.000000,4,95125.726500,1913031461.341724,16826.153487,1.118032,2,1,1,0.064689
1,24323.000000,15677.000000,4,99208.183910,1660245763.698330,10538.915371,1.036106,2,1,1,0.045028
2,15543.000000,24457.000000,2,67946.513609,1822122555.896553,39120.028350,0.870371,2,1,1,0.041863
3,16415.000000,23585.000000,2,41522.074216,1078891174.589966,23413.850409,1.068530,2,1,1,0.057380
