generation,prey_fitness,predator_fitness,num_alive_end,avg_bb_size,var_bb_size,avg_shortest_dist,swarm_density_count,prey_neurons_connected_prey_retina,prey_neurons_connected_predator_retina,predator_neurons_connected_prey_retina,mutual_info
1,16202.000000,23798.000000,2,23636.157942,436534251.997465,3040.264522,0.948163,1,2,2,0.137215
1,16035.000000,23965.000000,2,10965.810413,140945834.716852,5100.401143,1.164727,1,2,2,0.039235
2,13649.000000,26351.000000,2,14721.995924,122817193.260787,25591.660347,0.976694,1,2,2,0.052149
3,14810.000000,25190.000000,2,16418.549917,415190606.029583,2442.493447,0.896102,1,2,2,0.062826
