generation,prey_fitness,predator_fitness,num_alive_end,avg_bb_size,var_bb_size,avg_shortest_dist,swarm_density_count,prey_neurons_connected_prey_retina,prey_neurons_connected_predator_retina,predator_neurons_connected_prey_retina,mutual_info
1,24171.000000,15829.000000,2,27094.566341,204149499.037077,2809.833489,1.469076,0,1,1,0.031362
1,20427.000000,19573.000000,2,16717.774063,123885889.433017,2555.079776,1.318097,0,1,1,0.032372
2,13111.000000,26889.000000,2,9154.210268,45310487.174945,8312.032999,1.136671,0,1,1,0.035494
3,14228.000000,25772.000000,2,9289.458553,67583631.286852,4560.653798,1.084923,0,1,1,0.086374
