generation,prey_fitness,predator_fitness,num_alive_end,avg_bb_size,var_bb_size,avg_shortest_dist,swarm_density_count,prey_neurons_connected_prey_retina,prey_neurons_connected_predator_retina,predator_neurons_connected_prey_retina,mutual_info
1,13784.000000,26216.000000,2,5831.904357,32277912.197053,3866.214160,1.242425,2,4,1,0.049491
1,16354.000000,23646.000000,2,5806.992845,20518557.366210,3579.345757,1.839525,2,4,1,0.048643
2,13359.000000,26641.000000,2,4600.120617,32065433.745412,1309.472414,1.381012,2,4,1,0.060867
3,14982.000000,25018.000000,2,7787.437399,56025126.980494,2493.859503,1.446173,2,4,1,0.054790
