generation,prey_fitness,predator_fitness,num_alive_end,avg_bb_size,var_bb_size,avg_shortest_dist,swarm_density_count,prey_neurons_connected_prey_retina,prey_neurons_connected_predator_retina,predator_neurons_connected_prey_retina,mutual_info
1,12018.000000,27982.000000,2,63215.131807,1563830133.847639,57338.481629,0.632443,1,1,1,0.072822
1,16546.000000,23454.000000,3,73038.861442,2113466123.176978,12201.849340,0.633596,1,1,1,0.103914
2,19608.000000,20392.000000,5,125183.623367,5880355596.560177,12626.789844,0.666091,1,1,1,0.041440
3,16592.000000,23408.000000,3,109917.065894,10095244307.629942,19027.005440,0.807016,1,1,1,0.103318
