generation,prey_fitness,predator_fitness,num_alive_end,avg_bb_size,var_bb_size,avg_shortest_dist,swarm_density_count,prey_neurons_connected_prey_retina,prey_neurons_connected_predator_retina,predator_neurons_connected_prey_retina,mutual_info
1,14997.000000,25003.000000,2,47268.215706,1067072059.527005,12034.290620,0.800886,2,1,3,0.044872
1,16438.000000,23562.000000,2,40199.284845,773433929.156252,17168.839074,0.875173,2,1,3,0.036785
2,17086.000000,22914.000000,2,18882.109362,274285907.153436,2977.798247,1.055461,2,1,3,0.084665
3,14355.000000,25645.000000,2,23347.435167,512010052.201805,8674.440173,0.940284,2,1,3,0.053660
