generation,prey_fitness,predator_fitness,num_alive_end,avg_bb_size,var_bb_size,avg_shortest_dist,swarm_density_count,prey_neurons_connected_prey_retina,prey_neurons_connected_predator_retina,predator_neurons_connected_prey_retina,mutual_info
1,23121.000000,16879.000000,2,4483.939787,7935955.417192,358.450311,4.445934,0,4,5,0.044255
1,20431.000000,19569.000000,2,4271.882260,5624979.263905,953.837847,3.284784,0,4,5,0.017903
2,18494.000000,21506.000000,2,3577.909514,5317728.715977,810.879748,3.474919,0,4,5,0.028318
3,20043.000000,19957.000000,2,2687.774169,3009804.451253,232.724731,4.443198,0,4,5,0.031829
