generation,prey_fitness,predator_fitness,num_alive_end,avg_bb_size,var_bb_size,avg_shortest_dist,swarm_density_count,prey_neurons_connected_prey_retina,prey_neurons_connected_predator_retina,predator_neurons_connected_prey_retina,mutual_info
1,18487.000000,21513.000000,2,52885.237648,1276803020.307408,11246.944255,0.539126,5,4,3,0.038648
1,12056.000000,27944.000000,2,27017.063696,945448553.759905,10452.341007,0.564185,5,4,3,0.056719
2,19234.000000,20766.000000,2,54703.491876,1263459789.533365,6170.003543,0.583392,5,4,3,0.037741
3,13037.000000,26963.000000,2,20900.621723,449189881.858848,6648.310593,0.643260,5,4,3,0.086298
