generation,prey_fitness,predator_fitness,num_alive_end,avg_bb_size,var_bb_size,avg_shortest_dist,swarm_density_count,prey_neurons_connected_prey_retina,prey_neurons_connected_predator_retina,predator_neurons_connected_prey_retina,mutual_info
1,14493.000000,25507.000000,2,36690.995883,433026886.406570,32948.259756,0.897656,2,0,3,0.049709
1,17036.000000,22964.000000,2,63082.218650,849825652.227716,58855.451375,1.082560,2,0,3,0.044987
2,19950.000000,20050.000000,6,74493.051958,1216720764.362141,6255.662878,1.029302,2,0,3,0.053109
3,19114.000000,20886.000000,2,45815.638098,870574742.304830,10234.954993,1.088639,2,0,3,0.047014
