generation,prey_fitness,predator_fitness,num_alive_end,avg_bb_size,var_bb_size,avg_shortest_dist,swarm_density_count,prey_neurons_connected_prey_retina,prey_neurons_connected_predator_retina,predator_neurons_connected_prey_retina,mutual_info
1,18425.000000,21575.000000,2,25166.426803,334197816.344315,20883.127287,0.873152,0,2,1,0.048379
1,14261.000000,25739.000000,2,14762.311954,160936818.810448,7364.940400,0.848647,0,2,1,0.039156
2,14647.000000,25353.000000,2,16218.777423,188164551.735739,6800.981804,0.763025,0,2,1,0.077207
3,15025.000000,24975.000000,2,22040.577792,174287092.306117,12008.133377,0.940397,0,2,1,0.078568
