generation,prey_fitness,predator_fitness,num_alive_end,avg_bb_size,var_bb_size,avg_shortest_dist,swarm_density_count,prey_neurons_connected_prey_retina,prey_neurons_connected_predator_retina,predator_neurons_connected_prey_retina,mutual_info
1,14414.000000,25586.000000,2,7408.835698,49144098.748326,3542.579688,1.328873,2,4,1,0.062648
1,11581.000000,28419.000000,2,8408.008590,49625680.801867,13579.319615,0.991510,2,4,1,0.102520
2,15589.000000,24411.000000,2,10130.936869,49524669.729430,6408.155005,1.373140,2,4,1,0.133861
3,13909.000000,26091.000000,2,8301.037355,61393752.684024,2796.528926,1.322764,2,4,1,0.089498
