generation,prey_fitness,predator_fitness,num_alive_end,avg_bb_size,var_bb_size,avg_shortest_dist,swarm_density_count,prey_neurons_connected_prey_retina,prey_neurons_connected_predator_retina,predator_neurons_connected_prey_retina,mutual_info
1,15377.000000,24623.000000,2,26357.721634,503639426.285684,8120.809165,0.730398,3,0,1,0.041208
1,21068.000000,18932.000000,2,37843.137413,684044472.572980,3972.912246,0.781165,3,0,1,0.060054
2,19946.000000,20054.000000,3,65865.606176,1889665977.046940,5849.478303,0.752607,3,0,1,0.042866
3,15629.000000,24371.000000,2,30804.208957,605919436.948030,8495.939582,0.683526,3,0,1,0.054632
