generation,prey_fitness,predator_fitness,num_alive_end,avg_bb_size,var_bb_size,avg_shortest_dist,swarm_density_count,prey_neurons_connected_prey_retina,prey_neurons_connected_predator_retina,predator_neurons_connected_prey_retina,mutual_info
1,27707.000000,12293.000000,8,135620.850182,3901072798.557178,7145.988507,0.880965,1,3,3,0.052164
1,17809.000000,22191.000000,2,54442.463072,434507911.338890,22099.873835,0.679886,1,3,3,0.099043
2,19900.000000,20100.000000,3,52101.285760,1149387685.370945,7664.873746,0.836146,1,3,3,0.066076
3,21252.000000,18748.000000,2,52749.724944,331786478.925477,13170.953556,0.843660,1,3,3,0.059617
