generation,prey_fitness,predator_fitness,num_alive_end,avg_bb_size,var_bb_size,avg_shortest_dist,swarm_density_count,prey_neurons_connected_prey_retina,prey_neurons_connected_predator_retina,predator_neurons_connected_prey_retina,mutual_info
1,15278.000000,24722.000000,2,58792.010581,1722223169.482803,67145.304814,0.710806,0,0,1,0.062889
1,18300.000000,21700.000000,2,79800.567336,1294198683.216734,40609.307578,0.873433,0,0,1,0.060980
2,21277.000000,18723.000000,4,147943.703383,6618759526.496071,16422.150478,0.711827,0,0,1,0.046011
3,15088.000000,24912.000000,2,96617.925056,5136432655.505808,65391.840676,0.859984,0,0,1,0.064181
