generation,prey_fitness,predator_fitness,num_alive_end,avg_bb_size,var_bb_size,avg_shortest_dist,swarm_density_count,prey_neurons_connected_prey_retina,prey_neurons_connected_predator_retina,predator_neurons_connected_prey_retina,mutual_info
1,21363.000000,18637.000000,5,118902.181839,4052454307.091814,8297.675440,0.745540,4,2,2,0.034199
1,16766.000000,23234.000000,2,112865.631844,3964242755.170833,55706.413899,0.839218,4,2,2,0.049121
2,17946.000000,22054.000000,2,101354.378318,7737709747.757936,11281.252945,0.762517,4,2,2,0.083727
3,16400.000000,23600.000000,2,110181.833486,4356459535.221630,36127.269269,0.735944,4,2,2,0.048224
