generation,prey_fitness,predator_fitness,num_alive_end,avg_bb_size,var_bb_size,avg_shortest_dist,swarm_density_count,prey_neurons_connected_prey_retina,prey_neurons_connected_predator_retina,predator_neurons_connected_prey_retina,mutual_info
1,17730.000000,22270.000000,2,26477.534189,464814119.075119,7536.530507,0.850307,2,1,2,0.040358
1,16293.000000,23707.000000,2,15239.199655,122802171.400349,8829.057034,1.046759,2,1,2,0.046405
2,15027.000000,24973.000000,2,36180.234197,691620075.986074,26873.270573,0.755100,2,1,2,0.048079
3,13532.000000,26468.000000,2,24487.468615,179213006.845160,33943.404439,0.861754,2,1,2,0.076495
