generation,prey_fitness,predator_fitness,num_alive_end,avg_bb_size,var_bb_size,avg_shortest_dist,swarm_density_count,prey_neurons_connected_prey_retina,prey_neurons_connected_predator_retina,predator_neurons_connected_prey_retina,mutual_info
1,15679.000000,24321.000000,2,20140.510186,244264763.674097,5953.986229,0.910690,0,1,2,0.074122
1,16190.000000,23810.000000,2,22664.571985,219906517.435423,8757.446724,0.870523,0,1,2,0.064254
2,16665.000000,23335.000000,2,39676.781850,218358511.801021,43377.763047,0.868201,0,1,2,0.053813
3,18017.000000,21983.000000,2,28821.739120,201338179.737948,8902.546476,0.878628,0,1,2,0.032489
