generation,prey_fitness,predator_fitness,num_alive_end,avg_bb_size,var_bb_size,avg_shortest_dist,swarm_density_count,prey_neurons_connected_prey_retina,prey_neurons_connected_predator_retina,predator_neurons_connected_prey_retina,mutual_info
1,21323.000000,18677.000000,5,132681.851174,3273278705.497531,4468.269598,0.819059,1,2,1,0.044927
1,18295.000000,21705.000000,2,57341.524718,1442901286.174447,13891.241527,0.863446,1,2,1,0.064611
2,17828.000000,22172.000000,2,65734.698139,648974227.926049,31745.816633,0.793913,1,2,1,0.083094
3,14695.000000,25305.000000,2,47667.864150,794916024.719228,24142.021535,0.742230,1,2,1,0.069965
