generation,prey_fitness,predator_fitness,num_alive_end,avg_bb_size,var_bb_size,avg_shortest_dist,swarm_density_count,prey_neurons_connected_prey_retina,prey_neurons_connected_predator_retina,predator_neurons_connected_prey_retina,mutual_info
1,13614.000000,26386.000000,2,34552.920149,197073925.242670,47002.590393,0.722273,1,2,3,0.045918
1,17883.000000,22117.000000,2,28259.544054,382015675.802695,10462.284526,0.969601,1,2,3,0.063983
2,13628.000000,26372.000000,2,36046.065704,533126525.371097,50030.471541,0.799042,1,2,3,0.064342
3,14574.000000,25426.000000,2,49150.109164,547473061.683599,62547.781144,0.802815,1,2,3,0.071169
