generation,prey_fitness,predator_fitness,num_alive_end,avg_bb_size,var_bb_size,avg_shortest_dist,swarm_density_count,prey_neurons_connected_prey_retina,prey_neurons_connected_predator_retina,predator_neurons_connected_prey_retina,mutual_info
1,21634.000000,18366.000000,2,86216.313899,1901874320.845326,19330.407658,0.848154,0,2,1,0.055158
1,14742.000000,25258.000000,2,74542.968513,4267170012.615992,30853.523458,0.705249,0,2,1,0.069666
2,13406.000000,26594.000000,2,79443.744807,3752693827.919972,34121.382337,0.565155,0,2,1,0.087842
3,22874.000000,17126.000000,2,152661.290847,6112941125.281899,14045.913150,0.679307,0,2,1,0.052887
