generation,prey_fitness,predator_fitness,num_alive_end,avg_bb_size,var_bb_size,avg_shortest_dist,swarm_density_count,prey_neurons_connected_prey_retina,prey_neurons_connected_predator_retina,predator_neurons_connected_prey_retina,mutual_info
1,19796.000000,20204.000000,4,159914.917979,4939074981.371799,23121.989169,0.740887,1,2,1,0.037801
1,16787.000000,23213.000000,2,89349.518146,2129996179.142305,46648.324840,0.758625,1,2,1,0.082372
2,16247.000000,23753.000000,2,72832.609840,2325091507.825608,49767.518250,0.687553,1,2,1,0.061463
3,14315.000000,25685.000000,3,43127.540451,1164708234.543786,18023.421995,0.791182,1,2,1,0.034645
