generation,prey_fitness,predator_fitness,num_alive_end,avg_bb_size,var_bb_size,avg_shortest_dist,swarm_density_count,prey_neurons_connected_prey_retina,prey_neurons_connected_predator_retina,predator_neurons_connected_prey_retina,mutual_info
1,16650.000000,23350.000000,2,7778.417524,65023918.912869,1122.940245,1.638319,1,1,1,0.044138
1,23467.000000,16533.000000,2,14016.046673,76321172.889376,1199.443823,2.081947,1,1,1,0.035682
2,14757.000000,25243.000000,2,6601.815839,48450437.121342,1411.020129,1.555338,1,1,1,0.031643
3,13269.000000,26731.000000,2,11588.192672,94159333.591065,7725.664312,1.105394,1,1,1,0.071068
