generation,prey_fitness,predator_fitness,num_alive_end,avg_bb_size,var_bb_size,avg_shortest_dist,swarm_density_count,prey_neurons_connected_prey_retina,prey_neurons_connected_predator_retina,predator_neurons_connected_prey_retina,mutual_info
1,16951.000000,23049.000000,2,39297.170449,402315189.532826,25641.403123,0.896631,0,1,1,0.070383
1,14221.000000,25779.000000,2,16431.876074,208031607.609937,11793.320596,0.870990,0,1,1,0.052852
2,16911.000000,23089.000000,2,52044.154976,1106645859.704705,29505.447331,0.709520,0,1,1,0.074413
3,16220.000000,23780.000000,2,46483.458571,967454929.277075,29269.826053,0.664164,0,1,1,0.051462
