generation,prey_fitness,predator_fitness,num_alive_end,avg_bb_size,var_bb_size,avg_shortest_dist,swarm_density_count,prey_neurons_connected_prey_retina,prey_neurons_connected_predator_retina,predator_neurons_connected_prey_retina,mutual_info
1,20764.000000,19236.000000,3,124312.210768,4310941268.200773,22345.757509,0.741321,3,0,1,0.046724
1,25156.000000,14844.000000,4,145111.050048,3736492986.212861,10560.252563,0.769327,3,0,1,0.056187
2,19792.000000,20208.000000,2,86471.697585,1892580213.606649,25416.152054,0.772322,3,0,1,0.079727
3,19876.000000,20124.000000,2,92988.752714,1666795562.981598,34531.280669,0.931605,3,0,1,0.080041
