generation,prey_fitness,predator_fitness,num_alive_end,avg_bb_size,var_bb_size,avg_shortest_dist,swarm_density_count,prey_neurons_connected_prey_retina,prey_neurons_connected_predator_retina,predator_neurons_connected_prey_retina,mutual_info
1,26809.000000,13191.000000,6,62178.208118,749480150.913421,4032.670829,1.134375,0,2,1,0.037624
1,18111.000000,21889.000000,2,35396.240640,580723781.162847,7771.325205,0.881296,0,2,1,0.082943
2,16295.000000,23705.000000,2,30540.877857,729711721.814486,3001.612498,1.132566,0,2,1,0.069731
3,24381.000000,15619.000000,2,52190.157611,484208847.737324,4472.837433,1.018319,0,2,1,0.039005
