generation,prey_fitness,predator_fitness,num_alive_end,avg_bb_size,var_bb_size,avg_shortest_dist,swarm_density_count,prey_neurons_connected_prey_retina,prey_neurons_connected_predator_retina,predator_neurons_connected_prey_retina,mutual_info
1,27122.000000,12878.000000,8,188511.812023,6056064263.268268,8708.660007,0.812179,0,1,1,0.020498
1,24376.000000,15624.000000,7,164731.196163,4108461308.376659,12166.717687,0.740972,0,1,1,0.029926
2,22177.000000,17823.000000,3,151969.866867,4330120919.240643,18285.141072,0.829020,0,1,1,0.037712
3,30151.000000,9849.000000,10,195771.091192,6342616836.984448,10012.560472,0.778522,0,1,1,0.025902
