generation,prey_fitness,predator_fitness,num_alive_end,avg_bb_size,var_bb_size,avg_shortest_dist,swarm_density_count,prey_neurons_connected_prey_retina,prey_neurons_connected_predator_retina,predator_neurons_connected_prey_retina,mutual_info
1,14793.000000,25207.000000,2,13264.543776,118922592.479566,10813.467687,1.045350,0,6,1,0.065294
1,18564.000000,21436.000000,2,19610.935920,267740862.249000,6547.402453,1.100785,0,6,1,0.053766
2,16569.000000,23431.000000,2,19477.972789,147595623.416384,6823.061887,0.968871,0,6,1,0.055867
3,12342.000000,27658.000000,2,14483.362597,170055772.264288,9927.665745,0.740696,0,6,1,0.062741
