generation,prey_fitness,predator_fitness,num_alive_end,avg_bb_size,var_bb_size,avg_shortest_dist,swarm_density_count,prey_neurons_connected_prey_retina,prey_neurons_connected_predator_retina,predator_neurons_connected_prey_retina,mutual_info
1,14885.000000,25115.000000,2,14368.442952,113490772.885466,8472.033663,0.864925,1,0,3,0.072976
1,17914.000000,22086.000000,2,21517.456957,290109979.009382,4103.422730,1.014988,1,0,3,0.033083
2,18003.000000,21997.000000,2,20913.078694,257836998.797372,6501.036598,0.889471,1,0,3,0.040585
3,16529.000000,23471.000000,2,11666.222804,118602787.757095,2245.845236,1.079798,1,0,3,0.044414
