generation,prey_fitness,predator_fitness,num_alive_end,avg_bb_size,var_bb_size,avg_shortest_dist,swarm_density_count,prey_neurons_connected_prey_retina,prey_neurons_connected_predator_retina,predator_neurons_connected_prey_retina,mutual_info
1,22293.000000,17707.000000,2,79716.929503,836098638.756084,7608.702136,0.677606,0,3,1,0.044729
1,14811.000000,25189.000000,2,21632.116941,145160185.861447,20152.647432,0.855229,0,3,1,0.050390
2,17760.000000,22240.000000,2,28620.362872,395724830.322856,4830.212170,0.820345,0,3,1,0.050701
3,23169.000000,16831.000000,2,58531.944064,752646773.444252,11494.001660,0.867091,0,3,1,0.035930
