generation,prey_fitness,predator_fitness,num_alive_end,avg_bb_size,var_bb_size,avg_shortest_dist,swarm_density_count,prey_neurons_connected_prey_retina,prey_neurons_connected_predator_retina,predator_neurons_connected_prey_retina,mutual_info
1,12712.000000,27288.000000,2,11805.944984,137430023.598172,5538.414532,0.860311,1,1,1,0.056928
1,13115.000000,26885.000000,2,15879.916377,43433217.211004,14510.610752,0.939745,1,1,1,0.072042
2,14702.000000,25298.000000,2,15502.784347,102561231.029777,14313.410183,1.005688,1,1,1,0.082138
3,15293.000000,24707.000000,2,17889.965495,89052799.316409,10951.544385,0.937587,1,1,1,0.100724
