generation,prey_fitness,predator_fitness,num_alive_end,avg_bb_size,var_bb_size,avg_shortest_dist,swarm_density_count,prey_neurons_connected_prey_retina,prey_neurons_connected_predator_retina,predator_neurons_connected_prey_retina,mutual_info
1,16168.000000,23832.000000,2,11459.357796,55619805.798450,5772.149500,1.203711,1,1,2,0.059123
1,11830.000000,28170.000000,2,11394.305883,44910626.567927,17909.187720,1.082773,1,1,2,0.059920
2,9241.000000,30759.000000,2,3662.750625,11621704.819624,6030.900736,0.890695,1,1,2,0.061622
3,14173.000000,25827.000000,2,6373.844077,25595071.573129,3644.499734,1.392474,1,1,2,0.034976
