generation,prey_fitness,predator_fitness,num_alive_end,avg_bb_size,var_bb_size,avg_shortest_dist,swarm_density_count,prey_neurons_connected_prey_retina,prey_neurons_connected_predator_retina,predator_neurons_connected_prey_retina,mutual_info
1,13759.000000,26241.000000,2,40688.776625,1336488634.836918,29211.337493,0.657927,2,2,2,0.054227
1,20739.000000,19261.000000,2,112599.054176,2020411129.170655,21854.941705,0.781549,2,2,2,0.051224
2,16606.000000,23394.000000,4,72804.679004,2495353845.025536,13448.475260,0.717431,2,2,2,0.033200
3,19955.000000,20045.000000,2,123275.403901,4139454615.618675,24925.193868,0.959119,2,2,2,0.070017
