generation,prey_fitness,predator_fitness,num_alive_end,avg_bb_size,var_bb_size,avg_shortest_dist,swarm_density_count,prey_neurons_connected_prey_retina,prey_neurons_connected_predator_retina,predator_neurons_connected_prey_retina,mutual_info
1,11427.000000,28573.000000,2,11755.402038,59428767.536540,11105.627955,0.820236,0,2,1,0.111359
1,17455.000000,22545.000000,2,29997.539237,434502275.300441,6550.228735,0.826258,0,2,1,0.040913
2,18346.000000,21654.000000,2,28965.118173,420841870.100800,7009.122870,1.053199,0,2,1,0.043153
3,17230.000000,22770.000000,2,17497.291445,151785037.643663,5804.098096,0.940654,0,2,1,0.078967
