generation,prey_fitness,predator_fitness,num_alive_end,avg_bb_size,var_bb_size,avg_shortest_dist,swarm_density_count,prey_neurons_connected_prey_retina,prey_neurons_connected_predator_retina,predator_neurons_connected_prey_retina,mutual_info
1,22069.000000,17931.000000,2,101989.203376,2842799189.514268,18554.071761,0.872821,2,1,1,0.052884
1,21117.000000,18883.000000,2,70799.001725,1725402369.796614,19842.669388,0.916579,2,1,1,0.063223
2,25529.000000,14471.000000,3,76879.756384,1292756615.122856,6161.807087,1.189056,2,1,1,0.043134
3,17249.000000,22751.000000,2,38276.399200,674678858.538690,10066.525535,0.969467,2,1,1,0.047420
