generation,prey_fitness,predator_fitness,num_alive_end,avg_bb_size,var_bb_size,avg_shortest_dist,swarm_density_count,prey_neurons_connected_prey_retina,prey_neurons_connected_predator_retina,predator_neurons_connected_prey_retina,mutual_info
1,14907.000000,25093.000000,2,9769.062002,97923913.112687,2154.832820,1.133935,2,3,2,0.054472
1,13746.000000,26254.000000,2,11891.372362,109719691.095376,9571.156277,0.961494,2,3,2,0.056852
2,16288.000000,23712.000000,2,13380.623049,119485015.845572,4710.261786,1.216437,2,3,2,0.051050
3,15060.000000,24940.000000,2,28333.691205,172162964.466858,47412.983071,1.055418,2,3,2,0.061998
