generation,prey_fitness,predator_fitness,num_alive_end,avg_bb_size,var_bb_size,avg_shortest_dist,swarm_density_count,prey_neurons_connected_prey_retina,prey_neurons_connected_predator_retina,predator_neurons_connected_prey_retina,mutual_info
1,18424.000000,21576.000000,5,99676.317492,1953452921.135787,15310.862283,0.581071,0,1,2,0.063594
1,22456.000000,17544.000000,5,90375.653121,1323813934.000458,9169.587354,0.705014,0,1,2,0.049033
2,21036.000000,18964.000000,2,79542.101457,1297409686.624648,11046.364632,0.803814,0,1,2,0.099851
3,21565.000000,18435.000000,3,81378.392001,1366422116.891980,10696.688223,0.636912,0,1,2,0.073926
