generation,prey_fitness,predator_fitness,num_alive_end,avg_bb_size,var_bb_size,avg_shortest_dist,swarm_density_count,prey_neurons_connected_prey_retina,prey_neurons_connected_predator_retina,predator_neurons_connected_prey_retina,mutual_info
1,19456.000000,20544.000000,6,124634.622961,3731573487.214405,10062.144553,0.669898,1,2,1,0.037262
1,19505.000000,20495.000000,2,108978.854430,4452803492.431182,22585.363549,0.658146,1,2,1,0.096276
2,20756.000000,19244.000000,2,106017.576396,4299414059.462922,9355.557615,0.669688,1,2,1,0.043704
3,19692.000000,20308.000000,2,113583.218916,3323059285.453001,20242.231968,0.614649,1,2,1,0.058788
