generation,prey_fitness,predator_fitness,num_alive_end,avg_bb_size,var_bb_size,avg_shortest_dist,swarm_density_count,prey_neurons_connected_prey_retina,prey_neurons_connected_predator_retina,predator_neurons_connected_prey_retina,mutual_info
1,15940.000000,24060.000000,2,64466.439237,2554695129.495025,44121.066525,0.672169,0,2,2,0.074143
1,19597.000000,20403.000000,2,72111.779081,2383659738.552497,13520.338969,0.867584,0,2,2,0.081808
2,13738.000000,26262.000000,2,123233.554868,3584552817.251445,97171.517703,0.592969,0,2,2,0.066850
3,17219.000000,22781.000000,2,103399.566525,2452993229.366541,65210.619254,0.725421,0,2,2,0.065934
