generation,prey_fitness,predator_fitness,num_alive_end,avg_bb_size,var_bb_size,avg_shortest_dist,swarm_density_count,prey_neurons_connected_prey_retina,prey_neurons_connected_predator_retina,predator_neurons_connected_prey_retina,mutual_info
1,16109.000000,23891.000000,2,59570.625431,1343750067.493744,49259.193108,0.644338,0,1,1,0.086376
1,11030.000000,28970.000000,2,28542.371373,756477567.571506,30704.502479,0.636062,0,1,1,0.069691
2,16117.000000,23883.000000,2,49133.855494,874798170.109476,27832.719767,0.667493,0,1,1,0.055203
3,13568.000000,26432.000000,2,46018.909316,549487294.179044,46929.057971,0.634563,0,1,1,0.045262
