generation,prey_fitness,predator_fitness,num_alive_end,avg_bb_size,var_bb_size,avg_shortest_dist,swarm_density_count,prey_neurons_connected_prey_retina,prey_neurons_connected_predator_retina,predator_neurons_connected_prey_retina,mutual_info
1,18399.000000,21601.000000,2,59081.855332,2021368439.333820,13801.968715,0.852981,0,2,1,0.059085
1,16377.000000,23623.000000,2,49439.462738,1457618020.462365,15431.183480,0.862665,0,2,1,0.076172
2,14598.000000,25402.000000,2,28012.884244,412388342.588297,22805.778486,0.796467,0,2,1,0.094829
3,17247.000000,22753.000000,2,63552.819489,3414763120.431509,18616.715070,0.831428,0,2,1,0.082681
