generation,prey_fitness,predator_fitness,num_alive_end,avg_bb_size,var_bb_size,avg_shortest_dist,swarm_density_count,prey_neurons_connected_prey_retina,prey_neurons_connected_predator_retina,predator_neurons_connected_prey_retina,mutual_info
1,14606.000000,25394.000000,2,33177.303143,962980529.045908,12100.586778,0.646136,1,1,4,0.080312
1,17512.000000,22488.000000,2,71924.735775,1538351392.102267,27851.235886,0.620630,1,1,4,0.047635
2,20657.000000,19343.000000,2,75559.800643,2349222275.499854,7949.014659,0.673939,1,1,4,0.065485
3,20689.000000,19311.000000,4,93571.681236,1700838361.808927,10016.671402,0.694439,1,1,4,0.089816
