generation,prey_fitness,predator_fitness,num_alive_end,avg_bb_size,var_bb_size,avg_shortest_dist,swarm_density_count,prey_neurons_connected_prey_retina,prey_neurons_connected_predator_retina,predator_neurons_connected_prey_retina,mutual_info
1,15650.000000,24350.000000,2,14252.726914,140030111.385684,4108.338588,0.994664,3,2,1,0.046557
1,13992.000000,26008.000000,2,47563.448647,331359118.319576,47478.841543,1.057692,3,2,1,0.040987
2,17581.000000,22419.000000,2,15870.408969,211456678.033471,3938.671137,1.097158,3,2,1,0.033064
3,12810.000000,27190.000000,2,12092.411203,48765360.475031,8729.271913,1.022563,3,2,1,0.067216
