generation,prey_fitness,predator_fitness,num_alive_end,avg_bb_size,var_bb_size,avg_shortest_dist,swarm_density_count,prey_neurons_connected_prey_retina,prey_neurons_connected_predator_retina,predator_neurons_connected_prey_retina,mutual_info
1,15192.000000,24808.000000,2,18998.252695,184971377.361689,18105.741769,0.832782,3,0,1,0.077861
1,15308.000000,24692.000000,2,15542.071513,128057017.282689,8996.309677,0.942919,3,0,1,0.047770
2,10237.000000,29763.000000,2,5365.373728,17366260.932097,7711.249485,1.040776,3,0,1,0.082160
3,16124.000000,23876.000000,2,14289.877726,192857901.914085,2915.360327,1.198320,3,0,1,0.060847
