generation,prey_fitness,predator_fitness,num_alive_end,avg_bb_size,var_bb_size,avg_shortest_dist,swarm_density_count,prey_neurons_connected_prey_retina,prey_neurons_connected_predator_retina,predator_neurons_connected_prey_retina,mutual_info
1,14708.000000,25292.000000,2,25506.114464,263163212.733337,13687.882772,0.940486,0,0,1,0.067636
1,16923.000000,23077.000000,2,66035.777238,2311407557.599484,15354.247400,0.813201,0,0,1,0.045032
2,15751.000000,24249.000000,2,27271.683692,342475284.704707,15747.637716,0.842330,0,0,1,0.082598
3,21074.000000,18926.000000,3,83097.646824,1627256980.576506,10483.776099,0.938336,0,0,1,0.090898
