generation,prey_fitness,predator_fitness,num_alive_end,avg_bb_size,var_bb_size,avg_shortest_dist,swarm_density_count,prey_neurons_connected_prey_retina,prey_neurons_connected_predator_retina,predator_neurons_connected_prey_retina,mutual_info
1,20261.000000,19739.000000,2,89936.319999,3517567333.801470,27056.538596,0.734961,1,0,1,0.038691
1,20288.000000,19712.000000,3,101105.090044,2457606003.897501,23936.599363,0.702314,1,0,1,0.049536
2,17389.000000,22611.000000,2,81303.559220,2163677758.751826,43206.502462,0.732498,1,0,1,0.048674
3,17493.000000,22507.000000,2,81829.770550,2762568707.874449,40021.553180,0.611181,1,0,1,0.046833
