generation,prey_fitness,predator_fitness,num_alive_end,avg_bb_size,var_bb_size,avg_shortest_dist,swarm_density_count,prey_neurons_connected_prey_retina,prey_neurons_connected_predator_retina,predator_neurons_connected_prey_retina,mutual_info
1,11200.000000,28800.000000,2,20848.359046,279059606.657464,31584.060551,0.741733,2,0,1,0.054662
1,14917.000000,25083.000000,2,37714.919464,256229572.963559,47592.465805,0.984786,2,0,1,0.055106
2,17413.000000,22587.000000,2,18026.062110,322507488.762884,3346.453520,1.057818,2,0,1,0.060795
3,14955.000000,25045.000000,2,11984.633436,130420457.108447,9516.692341,1.060808,2,0,1,0.071584
