generation,prey_fitness,predator_fitness,num_alive_end,avg_bb_size,var_bb_size,avg_shortest_dist,swarm_density_count,prey_neurons_connected_prey_retina,prey_neurons_connected_predator_retina,predator_neurons_connected_prey_retina,mutual_info
1,14908.000000,25092.000000,2,63023.554390,3882509759.338794,13006.718678,0.687054,0,1,3,0.070921
1,13161.000000,26839.000000,2,30619.989911,378291212.493426,36273.948033,0.682111,0,1,3,0.062928
2,14539.000000,25461.000000,2,65896.508106,1844554039.561269,30379.116169,0.622568,0,1,3,0.053631
3,13150.000000,26850.000000,2,58001.496660,1627274475.659850,41242.935347,0.662035,0,1,3,0.075882
