generation,prey_fitness,predator_fitness,num_alive_end,avg_bb_size,var_bb_size,avg_shortest_dist,swarm_density_count,prey_neurons_connected_prey_retina,prey_neurons_connected_predator_retina,predator_neurons_connected_prey_retina,mutual_info
1,16640.000000,23360.000000,2,56984.469594,1817830879.988153,12025.898290,0.772797,0,3,1,0.115710
1,15607.000000,24393.000000,2,33123.181286,371503618.773263,14595.587517,0.842225,0,3,1,0.071496
2,16149.000000,23851.000000,2,41821.877284,831618584.274607,16547.997888,0.774561,0,3,1,0.055685
3,14813.000000,25187.000000,2,39631.106144,718759715.166728,26584.454194,0.615289,0,3,1,0.053495
