generation,prey_fitness,predator_fitness,num_alive_end,avg_bb_size,var_bb_size,avg_shortest_dist,swarm_density_count,prey_neurons_connected_prey_retina,prey_neurons_connected_predator_retina,predator_neurons_connected_prey_retina,mutual_info
1,24176.000000,15824.000000,3,78313.364946,1166761356.747531,5537.249385,0.869876,2,1,1,0.045274
1,25267.000000,14733.000000,4,75991.669643,1745600929.571314,3880.130706,0.952566,2,1,1,0.098100
2,24487.000000,15513.000000,3,59756.643049,891091169.471676,6323.378721,1.094079,2,1,1,0.074757
3,21100.000000,18900.000000,2,48688.635203,802094976.572231,21771.504797,0.933752,2,1,1,0.063940
