generation,prey_fitness,predator_fitness,num_alive_end,avg_bb_size,var_bb_size,avg_shortest_dist,swarm_density_count,prey_neurons_connected_prey_retina,prey_neurons_connected_predator_retina,predator_neurons_connected_prey_retina,mutual_info
1,12600.000000,27400.000000,2,3327.937724,6591915.722189,3123.314617,1.983497,1,2,1,0.023724
1,11356.000000,28644.000000,2,7173.692500,27512123.996781,12604.570687,1.776918,1,2,1,0.080597
2,12469.000000,27531.000000,2,2685.994957,7790680.300258,1809.132327,1.916496,1,2,1,0.037557
3,13812.000000,26188.000000,2,4999.711155,8487833.901104,6209.054227,2.192508,1,2,1,0.075095
