generation,prey_fitness,predator_fitness,num_alive_end,avg_bb_size,var_bb_size,avg_shortest_dist,swarm_density_count,prey_neurons_connected_prey_retina,prey_neurons_connected_predator_retina,predator_neurons_connected_prey_retina,mutual_info
1,16339.000000,23661.000000,2,72332.839035,1819001241.680076,49290.439245,0.750542,0,0,1,0.049993
1,13390.000000,26610.000000,2,68027.714446,2222732023.661744,50564.874521,0.572912,0,0,1,0.048682
2,16617.000000,23383.000000,2,119574.022825,3022485266.586245,55143.198348,0.646412,0,0,1,0.045868
3,17618.000000,22382.000000,2,93093.732213,1025283435.575327,60919.346968,0.613469,0,0,1,0.051611
