generation,prey_fitness,predator_fitness,num_alive_end,avg_bb_size,var_bb_size,avg_shortest_dist,swarm_density_count,prey_neurons_connected_prey_retina,prey_neurons_connected_predator_retina,predator_neurons_connected_prey_retina,mutual_info
1,14416.000000,25584.000000,2,1871.166951,3485140.254971,554.810622,3.117166,1,1,1,0.028083
1,15968.000000,24032.000000,2,2997.063603,6934932.027672,1076.516569,2.882167,1,1,1,0.024169
2,19370.000000,20630.000000,2,2488.602644,3677210.441896,501.103639,4.142888,1,1,1,0.025065
3,15365.000000,24635.000000,2,2212.489931,3176396.935200,1305.021204,2.959397,1,1,1,0.023244
