generation,prey_fitness,predator_fitness,num_alive_end,avg_bb_size,var_bb_size,avg_shortest_dist,swarm_density_count,prey_neurons_connected_prey_retina,prey_neurons_connected_predator_retina,predator_neurons_connected_prey_retina,mutual_info
1,19581.000000,20419.000000,2,23264.652266,261944201.704345,16236.202816,1.407923,3,0,1,0.054866
1,19294.000000,20706.000000,2,19646.648054,307713475.287761,1566.726122,1.451309,3,0,1,0.060474
2,16721.000000,23279.000000,2,32002.118220,267215171.225623,25445.946692,1.140226,3,0,1,0.043812
3,12945.000000,27055.000000,2,10703.096763,94035177.893398,12465.919931,1.447249,3,0,1,0.054245
