generation,prey_fitness,predator_fitness,num_alive_end,avg_bb_size,var_bb_size,avg_shortest_dist,swarm_density_count,prey_neurons_connected_prey_retina,prey_neurons_connected_predator_retina,predator_neurons_connected_prey_retina,mutual_info
1,14780.000000,25220.000000,2,13628.205708,82936359.923402,19693.620962,1.043536,1,2,1,0.099968
1,12947.000000,27053.000000,2,11921.219668,68893778.581532,10714.525841,1.070041,1,2,1,0.052052
2,11894.000000,28106.000000,2,15847.406190,222751813.233579,12076.558072,0.912376,1,2,1,0.042669
3,14809.000000,25191.000000,2,15191.209755,104652346.742686,9585.690773,1.142710,1,2,1,0.078375
