generation,prey_fitness,predator_fitness,num_alive_end,avg_bb_size,var_bb_size,avg_shortest_dist,swarm_density_count,prey_neurons_connected_prey_retina,prey_neurons_connected_predator_retina,predator_neurons_connected_prey_retina,mutual_info
1,17594.000000,22406.000000,2,40662.252991,477202009.722700,18249.420064,1.126342,3,1,1,0.061050
1,15792.000000,24208.000000,2,23374.967209,205420099.537261,20785.627187,0.944525,3,1,1,0.051005
2,19782.000000,20218.000000,2,27191.818605,255486876.003057,7768.881739,1.084251,3,1,1,0.044397
3,15017.000000,24983.000000,2,17898.555767,263924852.516424,6688.323723,0.980497,3,1,1,0.039811
