generation,prey_fitness,predator_fitness,num_alive_end,avg_bb_size,var_bb_size,avg_shortest_dist,swarm_density_count,prey_neurons_connected_prey_retina,prey_neurons_connected_predator_retina,predator_neurons_connected_prey_retina,mutual_info
1,17156.000000,22844.000000,4,130390.847448,3897900293.086986,22388.431688,0.822437,3,2,1,0.045043
1,19092.000000,20908.000000,5,156568.071285,4946222419.058326,21042.634620,0.951670,3,2,1,0.043346
2,23387.000000,16613.000000,5,163219.167564,4909965957.261024,14478.137421,0.822766,3,2,1,0.048793
3,20413.000000,19587.000000,5,143341.191971,5602454239.712007,17023.147605,0.942381,3,2,1,0.047785
