generation,prey_fitness,predator_fitness,num_alive_end,avg_bb_size,var_bb_size,avg_shortest_dist,swarm_density_count,prey_neurons_connected_prey_retina,prey_neurons_connected_predator_retina,predator_neurons_connected_prey_retina,mutual_info
1,16171.000000,23829.000000,2,21359.452968,199937189.369707,17669.882565,0.860654,0,2,1,0.078105
1,15397.000000,24603.000000,2,27435.148799,310567639.157007,19069.448076,0.705005,0,2,1,0.099757
2,14091.000000,25909.000000,2,21346.706156,332785300.424011,10920.291428,0.666641,0,2,1,0.061986
3,13110.000000,26890.000000,2,22593.581144,351017121.800076,15633.652317,0.607238,0,2,1,0.076396
