generation,prey_fitness,predator_fitness,num_alive_end,avg_bb_size,var_bb_size,avg_shortest_dist,swarm_density_count,prey_neurons_connected_prey_retina,prey_neurons_connected_predator_retina,predator_neurons_connected_prey_retina,mutual_info
1,16244.000000,23756.000000,2,47032.097261,1654721469.817876,13725.782894,0.663023,0,1,2,0.055903
1,20783.000000,19217.000000,2,65492.607447,622567483.076968,26119.548216,0.826479,0,1,2,0.063689
2,19496.000000,20504.000000,2,49359.485443,789609323.310678,11905.775839,0.875839,0,1,2,0.057855
3,17686.000000,22314.000000,2,87729.922263,966167988.900555,62635.584634,0.722215,0,1,2,0.075403
