generation,prey_fitness,predator_fitness,num_alive_end,avg_bb_size,var_bb_size,avg_shortest_dist,swarm_density_count,prey_neurons_connected_prey_retina,prey_neurons_connected_predator_retina,predator_neurons_connected_prey_retina,mutual_info
1,15574.000000,24426.000000,2,21646.702752,354606956.567301,6053.349892,0.883850,3,0,3,0.056478
1,13142.000000,26858.000000,2,32116.777046,697777086.431077,9984.531152,0.769226,3,0,3,0.052155
2,17326.000000,22674.000000,2,32894.865832,671419678.821658,6808.852934,0.771321,3,0,3,0.042184
3,16584.000000,23416.000000,2,32838.069927,701363131.132472,6249.563042,0.828933,3,0,3,0.101620
