generation,prey_fitness,predator_fitness,num_alive_end,avg_bb_size,var_bb_size,avg_shortest_dist,swarm_density_count,prey_neurons_connected_prey_retina,prey_neurons_connected_predator_retina,predator_neurons_connected_prey_retina,mutual_info
1,27591.000000,12409.000000,6,92963.123940,1213716706.284266,6656.351416,0.930608,6,1,2,0.034652
1,23085.000000,16915.000000,4,50176.396227,450922638.829428,4656.074488,0.923034,6,1,2,0.029108
2,20111.000000,19889.000000,2,44116.884432,1098746630.511024,5329.912968,0.716812,6,1,2,0.041420
3,21629.000000,18371.000000,2,34779.230153,176162493.748065,4685.345993,0.992761,6,1,2,0.065974
