generation,prey_fitness,predator_fitness,num_alive_end,avg_bb_size,var_bb_size,avg_shortest_dist,swarm_density_count,prey_neurons_connected_prey_retina,prey_neurons_connected_predator_retina,predator_neurons_connected_prey_retina,mutual_info
1,17374.000000,22626.000000,3,134133.741238,7106059981.016129,33823.311094,0.878103,3,0,1,0.081033
1,21520.000000,18480.000000,5,185843.598924,6860800335.237394,12342.865617,0.805379,3,0,1,0.024387
2,13919.000000,26081.000000,2,79660.572812,4346166898.993839,43869.714356,0.652874,3,0,1,0.067102
3,17886.000000,22114.000000,3,152916.382366,4962523150.929070,26111.149364,0.698691,3,0,1,0.061970
