generation,prey_fitness,predator_fitness,num_alive_end,avg_bb_size,var_bb_size,avg_shortest_dist,swarm_density_count,prey_neurons_connected_prey_retina,prey_neurons_connected_predator_retina,predator_neurons_connected_prey_retina,mutual_info
1,21039.000000,18961.000000,2,89393.016758,1294403019.978459,16950.863753,0.693622,3,0,1,0.045820
1,20104.000000,19896.000000,4,71708.836039,1595087229.090526,6993.096894,0.687794,3,0,1,0.047807
2,17140.000000,22860.000000,2,63060.272267,2726882514.239700,10815.470282,0.606704,3,0,1,0.056356
3,18561.000000,21439.000000,2,57380.130610,1780535113.837068,6160.172484,0.669696,3,0,1,0.033657
