generation,prey_fitness,predator_fitness,num_alive_end,avg_bb_size,var_bb_size,avg_shortest_dist,swarm_density_count,prey_neurons_connected_prey_retina,prey_neurons_connected_predator_retina,predator_neurons_connected_prey_retina,mutual_info
1,16936.000000,23064.000000,2,53074.707983,1800909700.567064,9198.026071,0.701668,2,0,3,0.053846
1,15364.000000,24636.000000,2,61335.610656,1409227994.747821,86217.999973,0.827954,2,0,3,0.065424
2,19014.000000,20986.000000,2,57161.165699,2876208729.749692,5571.883296,0.726245,2,0,3,0.049154
3,15545.000000,24455.000000,2,34350.779487,794474312.544289,20924.749675,0.685615,2,0,3,0.055991
