generation,prey_fitness,predator_fitness,num_alive_end,avg_bb_size,var_bb_size,avg_shortest_dist,swarm_density_count,prey_neurons_connected_prey_retina,prey_neurons_connected_predator_retina,predator_neurons_connected_prey_retina,mutual_info
1,17075.000000,22925.000000,2,61604.063451,1941990557.419040,18042.487212,0.706219,1,1,1,0.051562
1,16981.000000,23019.000000,2,81709.107513,2453720199.900755,50085.001631,0.579759,1,1,1,0.057474
2,17270.000000,22730.000000,2,85364.604151,1536230940.045899,44677.656388,0.643433,1,1,1,0.065045
3,16123.000000,23877.000000,2,71268.263862,1015746075.136165,43810.882114,0.686478,1,1,1,0.053915
