generation,prey_fitness,predator_fitness,num_alive_end,avg_bb_size,var_bb_size,avg_shortest_dist,swarm_density_count,prey_neurons_connected_prey_retina,prey_neurons_connected_predator_retina,predator_neurons_connected_prey_retina,mutual_info
1,15372.000000,24628.000000,2,21185.351771,255996256.726168,10930.820561,0.785146,1,3,1,0.053015
1,13844.000000,26156.000000,2,20964.134667,363526292.648912,5113.398907,0.967007,1,3,1,0.101524
2,12536.000000,27464.000000,2,17832.102576,157284697.792967,16860.911023,0.791199,1,3,1,0.065459
3,14531.000000,25469.000000,2,25236.747807,128589691.099332,37477.892564,1.036120,1,3,1,0.055710
