generation,prey_fitness,predator_fitness,num_alive_end,avg_bb_size,var_bb_size,avg_shortest_dist,swarm_density_count,prey_neurons_connected_prey_retina,prey_neurons_connected_predator_retina,predator_neurons_connected_prey_retina,mutual_info
1,15865.000000,24135.000000,2,26789.934708,206339259.680789,26308.985624,0.879927,0,2,1,0.163586
1,14171.000000,25829.000000,2,26362.428878,710413436.918923,6693.439334,0.671873,0,2,1,0.057173
2,12964.000000,27036.000000,2,17521.517031,225094283.212192,14917.650693,0.707780,0,2,1,0.075922
3,14783.000000,25217.000000,2,17959.345737,363352528.173047,6222.816735,0.948472,0,2,1,0.080366
