generation,prey_fitness,predator_fitness,num_alive_end,avg_bb_size,var_bb_size,avg_shortest_dist,swarm_density_count,prey_neurons_connected_prey_retina,prey_neurons_connected_predator_retina,predator_neurons_connected_prey_retina,mutual_info
1,15338.000000,24662.000000,2,98698.119860,2220551962.582156,87962.649193,0.944999,1,2,1,0.071859
1,15527.000000,24473.000000,2,67293.671677,1512561186.454313,22463.071800,0.790574,1,2,1,0.063561
2,13832.000000,26168.000000,2,55642.448316,911852270.427967,70949.069563,0.758624,1,2,1,0.092454
3,13572.000000,26428.000000,2,44115.284261,237912699.323392,44761.173995,0.712597,1,2,1,0.093017
