generation,prey_fitness,predator_fitness,num_alive_end,avg_bb_size,var_bb_size,avg_shortest_dist,swarm_density_count,prey_neurons_connected_prey_retina,prey_neurons_connected_predator_retina,predator_neurons_connected_prey_retina,mutual_info
1,15444.000000,24556.000000,2,10934.963293,55358232.250592,6761.047889,1.118601,0,0,1,0.104166
1,13584.000000,26416.000000,2,5967.448256,23084930.516775,10027.883538,1.529685,0,0,1,0.041872
2,12388.000000,27612.000000,2,6057.290886,56727330.278310,2090.750300,1.162333,0,0,1,0.066679
3,10622.000000,29378.000000,2,7635.132068,36428351.848111,8984.053406,0.897691,0,0,1,0.091797
