generation,prey_fitness,predator_fitness,num_alive_end,avg_bb_size,var_bb_size,avg_shortest_dist,swarm_density_count,prey_neurons_connected_prey_retina,prey_neurons_connected_predator_retina,predator_neurons_connected_prey_retina,mutual_info
1,16087.000000,23913.000000,2,86205.335896,4640998395.622623,14225.936819,0.696928,2,1,1,0.041395
1,15202.000000,24798.000000,2,128493.153019,5539000551.593003,77139.547297,0.723463,2,1,1,0.094155
2,16155.000000,23845.000000,3,122810.591537,5766006962.120443,38504.832592,0.638285,2,1,1,0.023691
3,19488.000000,20512.000000,4,128667.186988,3738367492.032887,17962.868842,0.902387,2,1,1,0.040539
