generation,prey_fitness,predator_fitness,num_alive_end,avg_bb_size,var_bb_size,avg_shortest_dist,swarm_density_count,prey_neurons_connected_prey_retina,prey_neurons_connected_predator_retina,predator_neurons_connected_prey_retina,mutual_info
1,16322.000000,23678.000000,2,9317.802769,76241566.581268,1476.912855,1.343911,0,1,3,0.051811
1,20160.000000,19840.000000,2,12340.532060,86576929.343694,1421.007124,1.585785,0,1,3,0.038809
2,19007.000000,20993.000000,2,14216.396747,80962964.603015,1660.854493,1.238370,0,1,3,0.093101
3,16024.000000,23976.000000,2,9199.553085,98085863.264386,1877.401829,1.446789,0,1,3,0.060484
