generation,prey_fitness,predator_fitness,num_alive_end,avg_bb_size,var_bb_size,avg_shortest_dist,swarm_density_count,prey_neurons_connected_prey_retina,prey_neurons_connected_predator_retina,predator_neurons_connected_prey_retina,mutual_info
1,19748.000000,20252.000000,5,136266.752087,4512396671.289770,11142.438333,0.577523,3,1,5,0.048742
1,21622.000000,18378.000000,8,199707.829036,5219855590.040244,11556.575119,0.668374,3,1,5,0.028672
2,20029.000000,19971.000000,7,170316.921327,5571161130.178158,12511.732213,0.622770,3,1,5,0.041505
3,20899.000000,19101.000000,5,202555.287652,4866950767.349169,29102.688297,0.635675,3,1,5,0.050756
