generation,prey_fitness,predator_fitness,num_alive_end,avg_bb_size,var_bb_size,avg_shortest_dist,swarm_density_count,prey_neurons_connected_prey_retina,prey_neurons_connected_predator_retina,predator_neurons_connected_prey_retina,mutual_info
1,27628.000000,12372.000000,8,71190.178390,1149294965.355612,3091.058224,0.984354,1,2,2,0.068380
1,28747.000000,11253.000000,7,60515.381293,561201372.277617,3350.733821,1.095011,1,2,2,0.037077
2,21417.000000,18583.000000,2,37382.873713,670474365.607855,3150.377390,0.947674,1,2,2,0.035970
3,21287.000000,18713.000000,3,58462.784252,594341530.824254,8176.714719,0.993408,1,2,2,0.049975
