generation,prey_fitness,predator_fitness,num_alive_end,avg_bb_size,var_bb_size,avg_shortest_dist,swarm_density_count,prey_neurons_connected_prey_retina,prey_neurons_connected_predator_retina,predator_neurons_connected_prey_retina,mutual_info
1,16521.000000,23479.000000,2,57831.907691,1971000926.919955,13708.696291,0.914511,1,3,1,0.054229
1,17449.000000,22551.000000,2,29977.037850,534050410.245381,6889.601645,0.857167,1,3,1,0.051661
2,13883.000000,26117.000000,2,33837.338846,1216021293.159169,10600.081735,0.850522,1,3,1,0.057801
3,21009.000000,18991.000000,2,58994.182252,830496627.794986,13999.150866,1.028367,1,3,1,0.045044
