generation,prey_fitness,predator_fitness,num_alive_end,avg_bb_size,var_bb_size,avg_shortest_dist,swarm_density_count,prey_neurons_connected_prey_retina,prey_neurons_connected_predator_retina,predator_neurons_connected_prey_retina,mutual_info
1,16374.000000,23626.000000,2,14069.814513,100636361.693391,8169.702701,1.010396,2,1,2,0.051682
1,13562.000000,26438.000000,2,13274.082417,74182409.362755,11962.379369,0.936231,2,1,2,0.051018
2,14299.000000,25701.000000,2,13961.797281,72608581.452016,12887.658994,1.107273,2,1,2,0.057534
3,13729.000000,26271.000000,2,18211.284646,166785765.070517,9388.467964,0.884930,2,1,2,0.066455
