generation,prey_fitness,predator_fitness,num_alive_end,avg_bb_size,var_bb_size,avg_shortest_dist,swarm_density_count,prey_neurons_connected_prey_retina,prey_neurons_connected_predator_retina,predator_neurons_connected_prey_retina,mutual_info
1,16874.000000,23126.000000,2,10265.947553,95202533.464762,2564.911786,1.910422,2,2,1,0.056677
1,22229.000000,17771.000000,2,15523.054858,130011225.071658,1775.811139,2.214407,2,2,1,0.046184
2,17789.000000,22211.000000,2,9779.963181,43335270.078171,4891.186574,1.775829,2,2,1,0.043566
3,22725.000000,17275.000000,2,13709.320725,82247971.726025,1104.854370,2.058140,2,2,1,0.040024
