generation,prey_fitness,predator_fitness,num_alive_end,avg_bb_size,var_bb_size,avg_shortest_dist,swarm_density_count,prey_neurons_connected_prey_retina,prey_neurons_connected_predator_retina,predator_neurons_connected_prey_retina,mutual_info
1,16319.000000,23681.000000,2,44385.634947,624949976.367762,44710.282681,0.883414,2,1,1,0.062164
1,16038.000000,23962.000000,2,46545.269004,1094221818.450996,45402.111192,0.879826,2,1,1,0.052322
2,15156.000000,24844.000000,2,42481.238097,932455742.580550,61591.180349,0.981516,2,1,1,0.046869
3,18009.000000,21991.000000,2,49556.106746,950683460.692122,28615.898221,0.778285,2,1,1,0.047553
