generation,prey_fitness,predator_fitness,num_alive_end,avg_bb_size,var_bb_size,avg_shortest_dist,swarm_density_count,prey_neurons_connected_prey_retina,prey_neurons_connected_predator_retina,predator_neurons_connected_prey_retina,mutual_info
1,17764.000000,22236.000000,2,47664.898628,618395845.000744,18105.116326,0.729705,0,1,1,0.059141
1,11313.000000,28687.000000,2,17244.018782,250052531.612030,12767.566571,0.668421,0,1,1,0.082373
2,12546.000000,27454.000000,2,19851.794381,496380531.035829,6578.036962,0.771420,0,1,1,0.120901
3,15859.000000,24141.000000,2,31804.984672,357230345.818818,29717.669007,0.796403,0,1,1,0.062624
