generation,prey_fitness,predator_fitness,num_alive_end,avg_bb_size,var_bb_size,avg_shortest_dist,swarm_density_count,prey_neurons_connected_prey_retina,prey_neurons_connected_predator_retina,predator_neurons_connected_prey_retina,mutual_info
1,17651.000000,22349.000000,2,83614.438741,3741838830.948287,10562.137844,0.807639,3,0,1,0.029505
1,18416.000000,21584.000000,5,151998.027298,4250209287.186882,24692.556412,0.832956,3,0,1,0.035945
2,13476.000000,26524.000000,2,73927.237569,1998769057.034553,38947.678986,0.791653,3,0,1,0.037887
3,12513.000000,27487.000000,3,124716.899945,3943957193.614135,88451.603829,0.789943,3,0,1,0.062909
