generation,prey_fitness,predator_fitness,num_alive_end,avg_bb_size,var_bb_size,avg_shortest_dist,swarm_density_count,prey_neurons_connected_prey_retina,prey_neurons_connected_predator_retina,predator_neurons_connected_prey_retina,mutual_info
1,20505.000000,19495.000000,7,50099.339044,575839007.170786,4281.049512,0.885817,2,3,1,0.048306
1,20736.000000,19264.000000,2,48139.875067,397004504.695711,6836.843573,1.029721,2,3,1,0.057741
2,17577.000000,22423.000000,2,38137.119205,492054447.093090,10486.505504,0.892214,2,3,1,0.173980
3,23392.000000,16608.000000,2,72164.309997,1461598687.400593,7745.936735,0.801204,2,3,1,0.079571
