generation,prey_fitness,predator_fitness,num_alive_end,avg_bb_size,var_bb_size,avg_shortest_dist,swarm_density_count,prey_neurons_connected_prey_retina,prey_neurons_connected_predator_retina,predator_neurons_connected_prey_retina,mutual_info
1,23430.000000,16570.000000,6,48016.866285,306734444.122098,3430.386219,1.076663,0,1,1,0.024079
1,23181.000000,16819.000000,3,52245.367675,550419472.704229,11813.409020,1.051645,0,1,1,0.027368
2,27813.000000,12187.000000,8,51374.558314,397241057.316354,2647.258293,1.105471,0,1,1,0.026794
3,26040.000000,13960.000000,6,55166.432618,385429125.488872,3187.435100,1.160936,0,1,1,0.023019
