generation,prey_fitness,predator_fitness,num_alive_end,avg_bb_size,var_bb_size,avg_shortest_dist,swarm_density_count,prey_neurons_connected_prey_retina,prey_neurons_connected_predator_retina,predator_neurons_connected_prey_retina,mutual_info
1,20463.000000,19537.000000,5,126943.598552,2640688562.650177,18547.666204,0.761324,3,3,1,0.061011
1,16797.000000,23203.000000,2,76539.996779,2320691164.850492,32407.157698,0.717533,3,3,1,0.041546
2,16928.000000,23072.000000,2,39765.174404,965241338.410965,12345.499975,0.851719,3,3,1,0.088183
3,18532.000000,21468.000000,2,94635.347968,2030018194.404737,17843.253285,0.724692,3,3,1,0.065946
