generation,prey_fitness,predator_fitness,num_alive_end,avg_bb_size,var_bb_size,avg_shortest_dist,swarm_density_count,prey_neurons_connected_prey_retina,prey_neurons_connected_predator_retina,predator_neurons_connected_prey_retina,mutual_info
1,15344.000000,24656.000000,2,47446.856451,1124291645.983795,7686.326517,0.601144,4,0,1,0.104363
1,22070.000000,17930.000000,2,76902.486961,1657770106.201046,7550.786256,0.843787,4,0,1,0.038494
2,16284.000000,23716.000000,2,59109.312383,675774936.065547,22334.121746,0.599103,4,0,1,0.067587
3,15972.000000,24028.000000,2,56133.783160,3340859144.850772,35625.428219,0.642398,4,0,1,0.053198
