generation,prey_fitness,predator_fitness,num_alive_end,avg_bb_size,var_bb_size,avg_shortest_dist,swarm_density_count,prey_neurons_connected_prey_retina,prey_neurons_connected_predator_retina,predator_neurons_connected_prey_retina,mutual_info
1,19140.000000,20860.000000,2,70235.391990,2853780907.750021,15373.996180,0.728330,1,2,1,0.074288
1,18423.000000,21577.000000,2,110295.682287,5689894074.749354,67895.387538,0.661418,1,2,1,0.051408
2,18172.000000,21828.000000,2,57505.167634,2120435613.014753,32870.598146,0.687508,1,2,1,0.046721
3,18727.000000,21273.000000,2,95301.367703,2234804925.323888,20798.430881,0.703966,1,2,1,0.049855
