generation,prey_fitness,predator_fitness,num_alive_end,avg_bb_size,var_bb_size,avg_shortest_dist,swarm_density_count,prey_neurons_connected_prey_retina,prey_neurons_connected_predator_retina,predator_neurons_connected_prey_retina,mutual_info
1,15905.000000,24095.000000,2,24838.015697,335412521.438425,15882.228944,0.959151,0,1,4,0.078544
1,17961.000000,22039.000000,2,32053.733448,327354463.774776,14989.837893,1.005998,0,1,4,0.051505
2,21505.000000,18495.000000,2,50102.679434,931274724.508106,4730.151210,0.906117,0,1,4,0.056376
3,16851.000000,23149.000000,2,19578.377829,340652292.621419,4248.572872,1.019311,0,1,4,0.057911
