generation,prey_fitness,predator_fitness,num_alive_end,avg_bb_size,var_bb_size,avg_shortest_dist,swarm_density_count,prey_neurons_connected_prey_retina,prey_neurons_connected_predator_retina,predator_neurons_connected_prey_retina,mutual_info
1,19430.000000,20570.000000,2,44421.590140,737868003.427304,14664.910500,0.804456,0,1,1,0.062847
1,20348.000000,19652.000000,3,65098.458313,967238317.809252,10872.182696,0.787146,0,1,1,0.066476
2,16058.000000,23942.000000,2,36886.259634,742408297.015661,18113.700873,0.881441,0,1,1,0.100982
3,17445.000000,22555.000000,2,38835.786031,560823829.207226,11375.443841,0.817951,0,1,1,0.073571
