generation,prey_fitness,predator_fitness,num_alive_end,avg_bb_size,var_bb_size,avg_shortest_dist,swarm_density_count,prey_neurons_connected_prey_retina,prey_neurons_connected_predator_retina,predator_neurons_connected_prey_retina,mutual_info
1,13290.000000,26710.000000,2,22634.185132,290239501.148878,23990.296124,0.723175,2,1,1,0.094329
1,15170.000000,24830.000000,2,26740.091951,522591320.647662,5880.611827,0.725129,2,1,1,0.071531
2,17454.000000,22546.000000,2,34813.183457,797934620.916706,8509.480518,0.763309,2,1,1,0.045849
3,15388.000000,24612.000000,2,37828.793872,1035350686.953017,8225.030606,0.724216,2,1,1,0.045099
