generation,prey_fitness,predator_fitness,num_alive_end,avg_bb_size,var_bb_size,avg_shortest_dist,swarm_density_count,prey_neurons_connected_prey_retina,prey_neurons_connected_predator_retina,predator_neurons_connected_prey_retina,mutual_info
1,19614.000000,20386.000000,2,71870.111589,3510316616.107613,4529.106172,0.762343,0,1,1,0.059408
1,18868.000000,21132.000000,3,94323.328762,1932311722.427570,21589.882935,0.736558,0,1,1,0.057040
2,18527.000000,21473.000000,2,87813.668170,1625876431.843699,19594.338809,0.697768,0,1,1,0.077239
3,17311.000000,22689.000000,2,71935.165650,1541524020.120707,18471.844352,0.809281,0,1,1,0.056644
