generation,prey_fitness,predator_fitness,num_alive_end,avg_bb_size,var_bb_size,avg_shortest_dist,swarm_density_count,prey_neurons_connected_prey_retina,prey_neurons_connected_predator_retina,predator_neurons_connected_prey_retina,mutual_info
1,11216.000000,28784.000000,2,7673.721614,57302843.696187,7555.125590,0.922106,2,3,1,0.068927
1,13494.000000,26506.000000,2,11959.227233,137020469.573365,5580.738496,0.905194,2,3,1,0.040704
2,15878.000000,24122.000000,2,26137.103462,143384970.040247,41673.916125,1.126707,2,3,1,0.045000
3,17116.000000,22884.000000,2,16576.194081,211590389.981990,8859.502090,1.100805,2,3,1,0.064401
