generation,prey_fitness,predator_fitness,num_alive_end,avg_bb_size,var_bb_size,avg_shortest_dist,swarm_density_count,prey_neurons_connected_prey_retina,prey_neurons_connected_predator_retina,predator_neurons_connected_prey_retina,mutual_info
1,16792.000000,23208.000000,2,54436.948560,1535518483.201426,47322.564228,0.673119,0,3,2,0.057142
1,16577.000000,23423.000000,2,67676.369104,729166606.357375,87929.013597,0.693198,0,3,2,0.055027
2,17411.000000,22589.000000,3,53665.787597,1871964302.125614,5697.567810,0.702049,0,3,2,0.075651
3,20183.000000,19817.000000,2,61886.956046,1193510778.925287,18455.246452,0.755047,0,3,2,0.068307
