generation,prey_fitness,predator_fitness,num_alive_end,avg_bb_size,var_bb_size,avg_shortest_dist,swarm_density_count,prey_neurons_connected_prey_retina,prey_neurons_connected_predator_retina,predator_neurons_connected_prey_retina,mutual_info
1,20033.000000,19967.000000,2,28496.071339,402945132.382393,3231.713676,0.975058,2,2,3,0.047686
1,14690.000000,25310.000000,2,28806.371594,560217503.769802,36822.746167,0.815749,2,2,3,0.057905
2,21487.000000,18513.000000,2,27427.656076,311695047.160075,2416.078526,1.103712,2,2,3,0.056086
3,18637.000000,21363.000000,2,64528.093115,921182138.553144,38416.875071,0.848865,2,2,3,0.093280
