generation,prey_fitness,predator_fitness,num_alive_end,avg_bb_size,var_bb_size,avg_shortest_dist,swarm_density_count,prey_neurons_connected_prey_retina,prey_neurons_connected_predator_retina,predator_neurons_connected_prey_retina,mutual_info
1,19117.000000,20883.000000,2,78270.128822,2621533304.643601,11845.910768,0.894959,1,0,1,0.078573
1,19663.000000,20337.000000,2,78949.661121,2129793468.173564,15849.563291,0.827726,1,0,1,0.036496
2,14595.000000,25405.000000,2,33835.491356,920437778.514000,10319.603377,0.755238,1,0,1,0.081838
3,21829.000000,18171.000000,6,111854.124087,3390257242.525985,11186.360821,0.944817,1,0,1,0.035869
