generation,prey_fitness,predator_fitness,num_alive_end,avg_bb_size,var_bb_size,avg_shortest_dist,swarm_density_count,prey_neurons_connected_prey_retina,prey_neurons_connected_predator_retina,predator_neurons_connected_prey_retina,mutual_info
1,17916.000000,22084.000000,2,47425.552777,905755008.193808,11781.188433,0.734691,1,2,1,0.056502
1,16166.000000,23834.000000,2,49626.093638,458277682.640505,38576.147648,0.632904,1,2,1,0.067144
2,17007.000000,22993.000000,2,50840.845227,1420013112.675954,9999.511620,0.791000,1,2,1,0.056967
3,12103.000000,27897.000000,2,24435.079364,793973512.161959,7795.719140,0.570051,1,2,1,0.078599
