generation,prey_fitness,predator_fitness,num_alive_end,avg_bb_size,var_bb_size,avg_shortest_dist,swarm_density_count,prey_neurons_connected_prey_retina,prey_neurons_connected_predator_retina,predator_neurons_connected_prey_retina,mutual_info
1,19064.000000,20936.000000,2,51310.469973,1268388916.399902,5733.227104,0.835360,1,1,1,0.055825
1,17523.000000,22477.000000,3,125467.055352,3637802428.930672,37004.671085,0.645277,1,1,1,0.050066
2,17629.000000,22371.000000,2,90182.909096,1239910453.964082,45615.963388,0.701821,1,1,1,0.061977
3,17815.000000,22185.000000,2,59836.647130,636614444.649285,37565.980401,0.805597,1,1,1,0.076879
