generation,prey_fitness,predator_fitness,num_alive_end,avg_bb_size,var_bb_size,avg_shortest_dist,swarm_density_count,prey_neurons_connected_prey_retina,prey_neurons_connected_predator_retina,predator_neurons_connected_prey_retina,mutual_info
1,13960.000000,26040.000000,2,32618.681965,828381592.809826,18035.306185,0.748665,0,3,1,0.043377
1,11765.000000,28235.000000,2,36971.254788,543471737.813424,66765.336757,0.667817,0,3,1,0.069245
2,23013.000000,16987.000000,2,113239.637359,2652711658.657080,33807.109371,0.689752,0,3,1,0.041254
3,15543.000000,24457.000000,2,27285.665550,615872105.963326,3451.308843,0.790656,0,3,1,0.039448
