generation,prey_fitness,predator_fitness,num_alive_end,avg_bb_size,var_bb_size,avg_shortest_dist,swarm_density_count,prey_neurons_connected_prey_retina,prey_neurons_connected_predator_retina,predator_neurons_connected_prey_retina,mutual_info
1,14122.000000,25878.000000,2,18578.979500,276145066.782772,3936.563253,0.915904,1,2,2,0.073514
1,14603.000000,25397.000000,2,11908.590836,107103666.286987,7316.678745,0.865617,1,2,2,0.078432
2,13831.000000,26169.000000,2,9102.534977,77202898.822234,3281.976086,1.042662,1,2,2,0.184842
3,14846.000000,25154.000000,2,11503.702630,118973043.973874,3557.685827,1.031520,1,2,2,0.149230
