generation,prey_fitness,predator_fitness,num_alive_end,avg_bb_size,var_bb_size,avg_shortest_dist,swarm_density_count,prey_neurons_connected_prey_retina,prey_neurons_connected_predator_retina,predator_neurons_connected_prey_retina,mutual_info
1,22676.000000,17324.000000,7,102607.129303,1288856726.564383,7650.958796,0.719739,0,0,5,0.054865
1,14361.000000,25639.000000,2,46051.767234,2250476885.498660,20023.965677,0.723469,0,0,5,0.068878
2,25660.000000,14340.000000,3,70974.844069,780666556.544859,4831.444274,0.815193,0,0,5,0.039897
3,18697.000000,21303.000000,4,78508.067691,1408509757.467209,11286.525093,0.582464,0,0,5,0.028825
