generation,prey_fitness,predator_fitness,num_alive_end,avg_bb_size,var_bb_size,avg_shortest_dist,swarm_density_count,prey_neurons_connected_prey_retina,prey_neurons_connected_predator_retina,predator_neurons_connected_prey_retina,mutual_info
1,6814.000000,13186.000000,2,550.698301,254090.957269,1009.296087,1.597827,4,1,3,0.059663
1,8118.000000,11882.000000,2,620.804306,299666.566659,751.827646,1.928465,4,1,3,0.033492
2,7890.000000,12110.000000,2,466.770688,203835.104851,518.591744,2.338735,4,1,3,0.033263
3,10233.000000,9767.000000,2,770.609787,351095.525224,652.703767,2.799767,4,1,3,0.026057
