generation,prey_fitness,predator_fitness,num_alive_end,avg_bb_size,var_bb_size,avg_shortest_dist,swarm_density_count,prey_neurons_connected_prey_retina,prey_neurons_connected_predator_retina,predator_neurons_connected_prey_retina,mutual_info
1,5958.000000,14042.000000,2,3300.801419,9379449.750452,7095.411023,0.611919,1,3,1,0.154528
1,5692.000000,14308.000000,2,3109.747516,7670245.303882,20150.172199,0.552251,1,3,1,0.160500
2,5816.000000,14184.000000,2,7235.431147,29732801.099555,18364.197854,0.435449,1,3,1,0.161370
3,6122.000000,13878.000000,2,6868.094587,83452839.598232,14799.134491,0.513357,1,3,1,0.123708
