generation,prey_fitness,predator_fitness,num_alive_end,avg_bb_size,var_bb_size,avg_shortest_dist,swarm_density_count,prey_neurons_connected_prey_retina,prey_neurons_connected_predator_retina,predator_neurons_connected_prey_retina,mutual_info
1,10506.000000,9494.000000,2,273.149739,65665.497812,90.096494,3.978443,1,1,1,0.013995
1,9467.000000,10533.000000,2,262.469174,65482.799127,170.587969,3.477195,1,1,1,0.020164
2,9582.000000,10418.000000,2,258.500073,41636.564071,158.686858,3.667577,1,1,1,0.031256
3,10834.000000,9166.000000,2,258.815743,46265.115110,162.877281,4.227183,1,1,1,0.022501
