generation,prey_fitness,predator_fitness,num_alive_end,avg_bb_size,var_bb_size,avg_shortest_dist,swarm_density_count,prey_neurons_connected_prey_retina,prey_neurons_connected_predator_retina,predator_neurons_connected_prey_retina,mutual_info
1,6939.000000,13061.000000,2,19385.715533,156711267.401352,86966.324588,0.322501,0,0,1,0.096680
1,6346.000000,13654.000000,2,22651.431002,184357361.481996,57548.304803,0.377162,0,0,1,0.132223
2,5791.000000,14209.000000,2,28493.858228,775922124.307536,62719.700795,0.345389,0,0,1,0.100806
3,6506.000000,13494.000000,2,14283.277263,181474782.973772,36162.214988,0.309426,0,0,1,0.100984
