generation,prey_fitness,predator_fitness,num_alive_end,avg_bb_size,var_bb_size,avg_shortest_dist,swarm_density_count,prey_neurons_connected_prey_retina,prey_neurons_connected_predator_retina,predator_neurons_connected_prey_retina,mutual_info
1,5844.000000,14156.000000,2,695.530425,683394.041168,1099.337403,1.006960,2,3,1,0.052287
1,7426.000000,12574.000000,2,680.960248,547796.957280,831.424300,1.696654,2,3,1,0.032297
2,6394.000000,13606.000000,2,959.615675,684544.797336,1869.417988,1.162210,2,3,1,0.056806
3,6878.000000,13122.000000,2,674.914787,466943.707113,1087.765678,1.598627,2,3,1,0.039121
