generation,prey_fitness,predator_fitness,num_alive_end,avg_bb_size,var_bb_size,avg_shortest_dist,swarm_density_count,prey_neurons_connected_prey_retina,prey_neurons_connected_predator_retina,predator_neurons_connected_prey_retina,mutual_info
1,6778.000000,13222.000000,2,4794.827936,11427320.844525,7742.354080,0.443057,1,0,1,0.075497
1,6825.000000,13175.000000,2,3060.690001,19791750.416308,2306.267722,0.627087,1,0,1,0.066156
2,6883.000000,13117.000000,2,3844.656141,9146845.021701,19005.359031,0.577440,1,0,1,0.112444
3,6284.000000,13716.000000,2,2687.061225,10911899.178645,5406.722957,0.516655,1,0,1,0.123798
