generation,prey_fitness,predator_fitness,num_alive_end,avg_bb_size,var_bb_size,avg_shortest_dist,swarm_density_count,prey_neurons_connected_prey_retina,prey_neurons_connected_predator_retina,predator_neurons_connected_prey_retina,mutual_info
1,5330.000000,14670.000000,2,5210.172448,10775427.125232,12895.079087,0.289288,1,0,1,0.088345
1,5754.000000,14246.000000,2,2518.360871,5720792.134496,5552.831552,0.517469,1,0,1,0.069888
2,6384.000000,13616.000000,2,6023.498500,26661948.177759,10651.891259,0.435542,1,0,1,0.113148
3,7251.000000,12749.000000,2,7456.835878,63804558.788489,10137.363118,0.514333,1,0,1,0.082259
