generation,prey_fitness,predator_fitness,num_alive_end,avg_bb_size,var_bb_size,avg_shortest_dist,swarm_density_count,prey_neurons_connected_prey_retina,prey_neurons_connected_predator_retina,predator_neurons_connected_prey_retina,mutual_info
1,13621.000000,6379.000000,4,302.528544,20781.561376,36.278177,5.710051,2,0,3,0.010956
1,16121.000000,3879.000000,2,388.026140,46990.759111,49.365332,6.675860,2,0,3,0.016286
2,12245.000000,7755.000000,2,305.579756,39899.925065,71.366954,4.869503,2,0,3,0.024882
3,11544.000000,8456.000000,2,241.444558,22373.227089,97.205788,4.684659,2,0,3,0.016700
