generation,prey_fitness,predator_fitness,num_alive_end,avg_bb_size,var_bb_size,avg_shortest_dist,swarm_density_count,prey_neurons_connected_prey_retina,prey_neurons_connected_predator_retina,predator_neurons_connected_prey_retina,mutual_info
1,8956.000000,11044.000000,2,475.592929,208817.544658,350.851884,2.711452,2,1,3,0.040336
1,6479.000000,13521.000000,2,407.585182,239280.944523,482.758355,1.557392,2,1,3,0.043778
2,9242.000000,10758.000000,2,537.495329,213521.610336,331.130271,2.535560,2,1,3,0.036483
3,6219.000000,13781.000000,2,296.437790,141763.139349,312.566217,1.595619,2,1,3,0.059935
