generation,prey_fitness,predator_fitness,num_alive_end,avg_bb_size,var_bb_size,avg_shortest_dist,swarm_density_count,prey_neurons_connected_prey_retina,prey_neurons_connected_predator_retina,predator_neurons_connected_prey_retina,mutual_info
1,7794.000000,12206.000000,2,134981.888698,3826589254.122714,226798.935627,0.553144,2,0,1,0.079621
1,6691.000000,13309.000000,2,90204.801787,2281847603.973916,183677.781293,0.273624,2,0,1,0.092306
2,8101.000000,11899.000000,2,50852.093811,409063299.807952,144659.674567,0.492815,2,0,1,0.092782
3,5533.000000,14467.000000,2,5318.656645,36277721.873213,28275.215807,0.259279,2,0,1,0.194748
