generation,prey_fitness,predator_fitness,num_alive_end,avg_bb_size,var_bb_size,avg_shortest_dist,swarm_density_count,prey_neurons_connected_prey_retina,prey_neurons_connected_predator_retina,predator_neurons_connected_prey_retina,mutual_info
1,8155.000000,11845.000000,2,469.674071,333548.762232,351.986643,2.283881,4,1,2,0.038269
1,6645.000000,13355.000000,2,526.032181,265630.418497,897.198171,1.533056,4,1,2,0.047679
2,7174.000000,12826.000000,2,529.440366,264142.168220,751.199142,1.698906,4,1,2,0.041589
3,7321.000000,12679.000000,2,520.081213,214111.695701,743.955977,1.817840,4,1,2,0.044354
