generation,prey_fitness,predator_fitness,num_alive_end,avg_bb_size,var_bb_size,avg_shortest_dist,swarm_density_count,prey_neurons_connected_prey_retina,prey_neurons_connected_predator_retina,predator_neurons_connected_prey_retina,mutual_info
1,5963.000000,14037.000000,2,25390.254629,440690547.638088,54463.704590,0.339225,0,1,1,0.074156
1,8316.000000,11684.000000,2,15441.864993,189327722.952968,19445.145750,0.434348,0,1,1,0.100941
2,6594.000000,13406.000000,2,11309.901445,80565626.845056,18684.251482,0.506427,0,1,1,0.102858
3,6476.000000,13524.000000,2,8920.632822,65646530.616575,17842.570186,0.364602,0,1,1,0.128027
