generation,prey_fitness,predator_fitness,num_alive_end,avg_bb_size,var_bb_size,avg_shortest_dist,swarm_density_count,prey_neurons_connected_prey_retina,prey_neurons_connected_predator_retina,predator_neurons_connected_prey_retina,mutual_info
1,6063.000000,13937.000000,2,5168.301011,12047670.957917,21892.944331,0.382538,0,0,1,0.085178
1,6310.000000,13690.000000,2,5513.602432,35288471.622253,8533.322851,0.396385,0,0,1,0.118667
2,6378.000000,13622.000000,2,22098.010890,619800572.803656,43947.011598,0.368904,0,0,1,0.065996
3,6885.000000,13115.000000,2,5464.591723,21136871.211438,11683.782440,0.608176,0,0,1,0.117824
