generation,prey_fitness,predator_fitness,num_alive_end,avg_bb_size,var_bb_size,avg_shortest_dist,swarm_density_count,prey_neurons_connected_prey_retina,prey_neurons_connected_predator_retina,predator_neurons_connected_prey_retina,mutual_info
1,6500.000000,13500.000000,2,6812.421822,19233695.513475,11473.546898,0.365856,1,0,1,0.095733
1,6258.000000,13742.000000,2,8623.286051,22609967.921668,19597.018207,0.339248,1,0,1,0.105473
2,6649.000000,13351.000000,2,3099.052366,21185289.668971,4369.349481,0.492937,1,0,1,0.056270
3,6386.000000,13614.000000,2,8130.624739,35613885.194954,16162.708400,0.383077,1,0,1,0.056299
