generation,prey_fitness,predator_fitness,num_alive_end,avg_bb_size,var_bb_size,avg_shortest_dist,swarm_density_count,prey_neurons_connected_prey_retina,prey_neurons_connected_predator_retina,predator_neurons_connected_prey_retina,mutual_info
1,18207.000000,1793.000000,7,478.818106,34044.997885,28.693971,7.613302,1,1,1,0.016183
1,10825.000000,9175.000000,2,301.748503,56484.645826,133.313302,4.174770,1,1,1,0.051310
2,11800.000000,8200.000000,4,326.087597,28101.494629,58.288081,4.690557,1,1,1,0.080215
3,14770.000000,5230.000000,5,407.695950,55415.509754,37.817289,6.031566,1,1,1,0.025267
