generation,prey_fitness,predator_fitness,num_alive_end,avg_bb_size,var_bb_size,avg_shortest_dist,swarm_density_count,prey_neurons_connected_prey_retina,prey_neurons_connected_predator_retina,predator_neurons_connected_prey_retina,mutual_info
1,7473.000000,12527.000000,2,47879.795253,1231672292.243093,133508.653897,0.438938,3,0,2,0.122624
1,6438.000000,13562.000000,2,48897.144807,556465138.962429,123401.232525,0.283917,3,0,2,0.056235
2,5515.000000,14485.000000,2,53042.314665,1679918831.772276,159535.701883,0.332759,3,0,2,0.083965
3,5909.000000,14091.000000,2,19226.644300,518246162.531573,54069.812760,0.427039,3,0,2,0.103504
