generation,prey_fitness,predator_fitness,num_alive_end,avg_bb_size,var_bb_size,avg_shortest_dist,swarm_density_count,prey_neurons_connected_prey_retina,prey_neurons_connected_predator_retina,predator_neurons_connected_prey_retina,mutual_info
1,7082.000000,12918.000000,2,568.721018,313221.493694,925.868616,1.747212,3,0,1,0.039622
1,7642.000000,12358.000000,2,528.469007,309624.782961,610.728771,1.962695,3,0,1,0.029765
2,7517.000000,12483.000000,2,370.562506,201489.459666,337.642827,2.147743,3,0,1,0.027655
3,7465.000000,12535.000000,2,485.818144,189578.828177,649.844687,1.975686,3,0,1,0.025910
