generation,prey_fitness,predator_fitness,num_alive_end,avg_bb_size,var_bb_size,avg_shortest_dist,swarm_density_count,prey_neurons_connected_prey_retina,prey_neurons_connected_predator_retina,predator_neurons_connected_prey_retina,mutual_info
1,9500.000000,10500.000000,2,40203.766604,620640674.383493,58825.470028,0.315550,3,1,1,0.082970
1,8442.000000,11558.000000,2,74346.368235,3363343109.498195,42826.269613,0.249297,3,1,1,0.042768
2,5207.000000,14793.000000,2,5144.689928,21948038.728570,12340.736838,0.249279,3,1,1,0.088820
3,13643.000000,6357.000000,3,89651.953591,1428882206.641334,21121.343691,0.440325,3,1,1,0.050378
