generation,prey_fitness,predator_fitness,num_alive_end,avg_bb_size,var_bb_size,avg_shortest_dist,swarm_density_count,prey_neurons_connected_prey_retina,prey_neurons_connected_predator_retina,predator_neurons_connected_prey_retina,mutual_info
1,7590.000000,12410.000000,2,5559.677379,23962032.030680,6675.692537,0.636065,1,1,1,0.115111
1,6506.000000,13494.000000,2,2448.374223,15580498.366896,3613.026141,0.548895,1,1,1,0.102188
2,5625.000000,14375.000000,2,6357.582493,19030323.185558,16339.885919,0.302414,1,1,1,0.105383
3,6876.000000,13124.000000,2,8663.879196,80837179.891122,14196.922644,0.357261,1,1,1,0.147933
