generation,prey_fitness,predator_fitness,num_alive_end,avg_bb_size,var_bb_size,avg_shortest_dist,swarm_density_count,prey_neurons_connected_prey_retina,prey_neurons_connected_predator_retina,predator_neurons_connected_prey_retina,mutual_info
1,12440.000000,7560.000000,3,289.547522,39054.267869,39.489747,5.003606,1,1,1,0.016944
1,14620.000000,5380.000000,2,331.255994,38308.343985,49.056880,6.130492,1,1,1,0.017862
2,12234.000000,7766.000000,4,305.629847,22385.444653,47.789246,5.003367,1,1,1,0.029380
3,16892.000000,3108.000000,7,454.186085,47760.149287,25.954231,6.831456,1,1,1,0.010799
