generation,prey_fitness,predator_fitness,num_alive_end,avg_bb_size,var_bb_size,avg_shortest_dist,swarm_density_count,prey_neurons_connected_prey_retina,prey_neurons_connected_predator_retina,predator_neurons_connected_prey_retina,mutual_info
1,12540.000000,7460.000000,2,321.955003,75276.607351,39.194200,4.760299,1,1,2,0.023738
1,11989.000000,8011.000000,3,249.011192,17961.950980,43.363936,4.857002,1,1,2,0.016153
2,11604.000000,8396.000000,2,260.149457,31126.107648,88.765880,4.587556,1,1,2,0.035795
3,12543.000000,7457.000000,2,343.807325,45437.263814,51.644043,4.687442,1,1,2,0.022545
