generation,prey_fitness,predator_fitness,num_alive_end,avg_bb_size,var_bb_size,avg_shortest_dist,swarm_density_count,prey_neurons_connected_prey_retina,prey_neurons_connected_predator_retina,predator_neurons_connected_prey_retina,mutual_info
1,7803.000000,12197.000000,2,21288.975322,206272817.793119,35027.467843,0.369623,0,1,1,0.115102
1,5307.000000,14693.000000,2,6831.990349,22140501.330465,15405.033143,0.240458,0,1,1,0.154500
2,5932.000000,14068.000000,2,6234.447807,56672834.936792,7376.137433,0.282676,0,1,1,0.090138
3,5876.000000,14124.000000,2,17056.975728,99885452.627973,41588.603937,0.311193,0,1,1,0.105710
