generation,prey_fitness,predator_fitness,num_alive_end,avg_bb_size,var_bb_size,avg_shortest_dist,swarm_density_count,prey_neurons_connected_prey_retina,prey_neurons_connected_predator_retina,predator_neurons_connected_prey_retina,mutual_info
1,6591.000000,13409.000000,2,4181.668504,20693119.568841,8200.250995,0.528776,0,2,2,0.099802
1,5974.000000,14026.000000,2,2077.512911,3595435.330978,4408.242912,0.524792,0,2,2,0.073873
2,5800.000000,14200.000000,2,2202.840127,5705487.338328,5813.233695,0.494404,0,2,2,0.079968
3,5861.000000,14139.000000,2,2689.394905,7141755.723737,5012.173839,0.423472,0,2,2,0.098589
