generation,prey_fitness,predator_fitness,num_alive_end,avg_bb_size,var_bb_size,avg_shortest_dist,swarm_density_count,prey_neurons_connected_prey_retina,prey_neurons_connected_predator_retina,predator_neurons_connected_prey_retina,mutual_info
1,8603.000000,11397.000000,3,124.091578,17732.600555,43.129796,3.283436,2,2,3,0.412815
1,16030.000000,3970.000000,4,238.134987,21804.636155,18.340178,6.959255,2,2,3,0.102688
2,11179.000000,8821.000000,3,173.180780,13488.170131,32.595926,4.593000,2,2,3,0.205300
3,13419.000000,6581.000000,4,206.088700,14194.499313,22.730787,5.699857,2,2,3,0.187483
