generation,prey_fitness,predator_fitness,num_alive_end,avg_bb_size,var_bb_size,avg_shortest_dist,swarm_density_count,prey_neurons_connected_prey_retina,prey_neurons_connected_predator_retina,predator_neurons_connected_prey_retina,mutual_info
1,6180.000000,13820.000000,2,6344.954582,26330972.536535,11910.981301,0.295189,1,1,1,0.105379
1,7080.000000,12920.000000,2,8761.806749,122040137.459406,7379.350644,0.501068,1,1,1,0.075509
2,6774.000000,13226.000000,2,5972.364565,47781797.573082,12007.624443,0.592510,1,1,1,0.105395
3,6211.000000,13789.000000,2,10255.712171,79135780.976797,18513.555127,0.401439,1,1,1,0.111419
