generation,prey_fitness,predator_fitness,num_alive_end,avg_bb_size,var_bb_size,avg_shortest_dist,swarm_density_count,prey_neurons_connected_prey_retina,prey_neurons_connected_predator_retina,predator_neurons_connected_prey_retina,mutual_info
1,6059.000000,13941.000000,2,2231.254945,6628961.852822,4630.090995,0.474917,1,1,1,0.108731
1,7089.000000,12911.000000,2,4776.607537,19439298.434311,6854.650465,0.525813,1,1,1,0.071535
2,6158.000000,13842.000000,2,3813.481066,16760450.255357,5221.917214,0.353282,1,1,1,0.076567
3,6664.000000,13336.000000,2,4891.146744,18942585.943244,13129.698243,0.602420,1,1,1,0.102745
