generation,prey_fitness,predator_fitness,num_alive_end,avg_bb_size,var_bb_size,avg_shortest_dist,swarm_density_count,prey_neurons_connected_prey_retina,prey_neurons_connected_predator_retina,predator_neurons_connected_prey_retina,mutual_info
1,5863.000000,14137.000000,2,14971.303571,84571273.428087,38577.101576,0.332371,3,1,1,0.108746
1,5965.000000,14035.000000,2,3894.255641,9311265.270198,9340.628455,0.370389,3,1,1,0.153605
2,6922.000000,13078.000000,2,5305.980945,33478566.262489,5903.714014,0.335919,3,1,1,0.104358
3,6078.000000,13922.000000,2,3214.400294,6531250.276770,8997.292842,0.486919,3,1,1,0.084876
