generation,prey_fitness,predator_fitness,num_alive_end,avg_bb_size,var_bb_size,avg_shortest_dist,swarm_density_count,prey_neurons_connected_prey_retina,prey_neurons_connected_predator_retina,predator_neurons_connected_prey_retina,mutual_info
1,7389.000000,12611.000000,2,29276.475993,633165337.279979,49484.861927,0.391659,0,1,3,0.111112
1,5433.000000,14567.000000,2,9209.686515,59301076.225036,23756.683396,0.288831,0,1,3,0.100645
2,7025.000000,12975.000000,2,10380.357275,62769980.762350,24422.210996,0.359575,0,1,3,0.125432
3,6587.000000,13413.000000,2,10696.437433,78828976.607742,16861.852582,0.314237,0,1,3,0.115763
