generation,prey_fitness,predator_fitness,num_alive_end,avg_bb_size,var_bb_size,avg_shortest_dist,swarm_density_count,prey_neurons_connected_prey_retina,prey_neurons_connected_predator_retina,predator_neurons_connected_prey_retina,mutual_info
1,10958.000000,9042.000000,2,730.243735,565509.983726,159.358992,3.233858,1,1,2,0.040679
1,7778.000000,12222.000000,2,368.406601,189850.426861,241.186664,2.410283,1,1,2,0.043273
2,7863.000000,12137.000000,2,626.224204,678825.962316,249.884401,2.033702,1,1,2,0.048184
3,8128.000000,11872.000000,2,627.482433,816382.000601,304.590283,2.046125,1,1,2,0.042013
