generation,prey_fitness,predator_fitness,num_alive_end,avg_bb_size,var_bb_size,avg_shortest_dist,swarm_density_count,prey_neurons_connected_prey_retina,prey_neurons_connected_predator_retina,predator_neurons_connected_prey_retina,mutual_info
1,5222.000000,14778.000000,2,13386.272103,99506723.070453,42351.221426,0.215099,0,1,1,0.091105
1,6319.000000,13681.000000,2,24211.222227,193994100.308273,66476.112653,0.271127,0,1,1,0.073076
2,6911.000000,13089.000000,2,11663.761599,154849238.287798,12281.787188,0.269565,0,1,1,0.095039
3,5406.000000,14594.000000,2,23207.020735,410954355.898441,81600.462345,0.255592,0,1,1,0.111308
