generation,prey_fitness,predator_fitness,num_alive_end,avg_bb_size,var_bb_size,avg_shortest_dist,swarm_density_count,prey_neurons_connected_prey_retina,prey_neurons_connected_predator_retina,predator_neurons_connected_prey_retina,mutual_info
1,7064.000000,12936.000000,2,15199.648568,139725487.038773,42584.662649,0.276433,0,1,1,0.090986
1,8039.000000,11961.000000,2,45100.244706,1430051865.714414,85891.391258,0.278201,0,1,1,0.130820
2,6402.000000,13598.000000,2,15612.873955,402766770.136394,18904.628610,0.245569,0,1,1,0.160050
3,6554.000000,13446.000000,2,19091.289599,196970374.595204,35743.551867,0.216178,0,1,1,0.130723
