generation,prey_fitness,predator_fitness,num_alive_end,avg_bb_size,var_bb_size,avg_shortest_dist,swarm_density_count,prey_neurons_connected_prey_retina,prey_neurons_connected_predator_retina,predator_neurons_connected_prey_retina,mutual_info
1,6874.000000,13126.000000,2,349.178926,135596.817770,433.368869,1.941336,1,0,1,0.038566
1,7139.000000,12861.000000,2,287.818786,121469.887920,250.069067,2.246404,1,0,1,0.022710
2,7143.000000,12857.000000,2,425.733595,221883.281206,451.088557,1.915298,1,0,1,0.023906
3,8624.000000,11376.000000,2,491.236363,374132.857593,297.102040,2.529738,1,0,1,0.026977
