generation,prey_fitness,predator_fitness,num_alive_end,avg_bb_size,var_bb_size,avg_shortest_dist,swarm_density_count,prey_neurons_connected_prey_retina,prey_neurons_connected_predator_retina,predator_neurons_connected_prey_retina,mutual_info
1,13769.000000,6231.000000,3,278.075211,18221.010773,32.708538,5.748207,5,0,1,0.011522
1,13100.000000,6900.000000,3,288.388677,47545.870365,33.937003,5.250062,5,0,1,0.015667
2,11015.000000,8985.000000,3,171.673513,12908.112390,27.771042,4.488429,5,0,1,0.015464
3,12663.000000,7337.000000,2,217.657639,37474.492988,26.552476,5.149862,5,0,1,0.018741
