generation,prey_fitness,predator_fitness,num_alive_end,avg_bb_size,var_bb_size,avg_shortest_dist,swarm_density_count,prey_neurons_connected_prey_retina,prey_neurons_connected_predator_retina,predator_neurons_connected_prey_retina,mutual_info
1,10273.000000,9727.000000,2,207.659948,36824.483767,59.247710,4.060609,6,4,1,0.030761
1,11167.000000,8833.000000,2,211.652747,36812.526765,33.770831,4.518202,6,4,1,0.152973
2,12265.000000,7735.000000,3,238.125235,29481.060374,40.159524,5.052600,6,4,1,0.099119
3,17974.000000,2026.000000,7,436.833266,34635.680591,23.741025,7.657999,6,4,1,0.017805
