generation,prey_fitness,predator_fitness,num_alive_end,avg_bb_size,var_bb_size,avg_shortest_dist,swarm_density_count,prey_neurons_connected_prey_retina,prey_neurons_connected_predator_retina,predator_neurons_connected_prey_retina,mutual_info
1,16828.000000,3172.000000,5,575.201487,64921.994986,38.731132,6.618578,2,5,1,0.014196
1,14025.000000,5975.000000,3,431.000376,57354.568365,58.717857,5.588168,2,5,1,0.022700
2,16104.000000,3896.000000,5,454.169937,46778.000156,33.519637,6.637832,2,5,1,0.026899
3,14776.000000,5224.000000,6,422.197058,32550.712967,38.463789,6.119714,2,5,1,0.016967
