generation,prey_fitness,predator_fitness,num_alive_end,avg_bb_size,var_bb_size,avg_shortest_dist,swarm_density_count,prey_neurons_connected_prey_retina,prey_neurons_connected_predator_retina,predator_neurons_connected_prey_retina,mutual_info
1,16449.000000,3551.000000,5,322.895323,26211.531490,16.062846,6.903032,2,1,2,0.011788
1,13328.000000,6672.000000,4,233.683551,16272.792831,26.090518,5.574003,2,1,2,0.050047
2,10081.000000,9919.000000,2,179.274104,18008.261335,94.926866,4.002857,2,1,2,0.027949
3,12630.000000,7370.000000,3,246.399284,19182.088422,43.642864,5.182554,2,1,2,0.018821
