generation,prey_fitness,predator_fitness,num_alive_end,avg_bb_size,var_bb_size,avg_shortest_dist,swarm_density_count,prey_neurons_connected_prey_retina,prey_neurons_connected_predator_retina,predator_neurons_connected_prey_retina,mutual_info
1,6943.000000,13057.000000,2,21512.695407,254987817.912370,50251.892481,0.337883,1,0,1,0.097709
1,6048.000000,13952.000000,2,13982.435227,158588117.271317,39581.021232,0.334892,1,0,1,0.067861
2,7033.000000,12967.000000,2,10981.417809,61984989.783328,31490.877511,0.289722,1,0,1,0.139992
3,7299.000000,12701.000000,2,8783.376061,66894228.976109,16443.046702,0.350398,1,0,1,0.111101
