generation,prey_fitness,predator_fitness,num_alive_end,avg_bb_size,var_bb_size,avg_shortest_dist,swarm_density_count,prey_neurons_connected_prey_retina,prey_neurons_connected_predator_retina,predator_neurons_connected_prey_retina,mutual_info
1,5928.000000,14072.000000,2,3478.102541,21422976.143253,5111.301442,0.480226,1,1,1,0.140164
1,5596.000000,14404.000000,2,3214.646725,7065008.326509,6826.619557,0.362558,1,1,1,0.097277
2,6290.000000,13710.000000,2,11694.725158,154330501.297811,33502.235449,0.480982,1,1,1,0.092141
3,6254.000000,13746.000000,2,6120.361420,18307757.495875,18667.903329,0.287406,1,1,1,0.134367
