generation,prey_fitness,predator_fitness,num_alive_end,avg_bb_size,var_bb_size,avg_shortest_dist,swarm_density_count,prey_neurons_connected_prey_retina,prey_neurons_connected_predator_retina,predator_neurons_connected_prey_retina,mutual_info
1,6680.000000,13320.000000,2,8482.747979,76540852.794046,18469.456611,0.411163,3,0,2,0.101437
1,6727.000000,13273.000000,2,5906.439686,65881600.628831,6563.046650,0.375529,3,0,2,0.098981
2,7282.000000,12718.000000,2,7188.617408,51601586.758217,5824.091526,0.481057,3,0,2,0.090733
3,6246.000000,13754.000000,2,4008.977194,23316235.620695,6113.582663,0.673050,3,0,2,0.115474
