generation,prey_fitness,predator_fitness,num_alive_end,avg_bb_size,var_bb_size,avg_shortest_dist,swarm_density_count,prey_neurons_connected_prey_retina,prey_neurons_connected_predator_retina,predator_neurons_connected_prey_retina,mutual_info
1,5846.000000,14154.000000,2,960.378919,644287.416207,2053.240968,0.756858,1,2,3,0.052583
1,6002.000000,13998.000000,2,453.836121,456202.854386,480.526885,1.397327,1,2,3,0.066326
2,6952.000000,13048.000000,2,559.701581,419910.942392,741.365784,1.551921,1,2,3,0.056533
3,5690.000000,14310.000000,2,427.163504,223748.206575,769.812772,1.183061,1,2,3,0.055155
