generation,prey_fitness,predator_fitness,num_alive_end,avg_bb_size,var_bb_size,avg_shortest_dist,swarm_density_count,prey_neurons_connected_prey_retina,prey_neurons_connected_predator_retina,predator_neurons_connected_prey_retina,mutual_info
1,7045.000000,12955.000000,2,387.129731,198900.416425,381.338153,1.937119,1,1,4,0.060305
1,7074.000000,12926.000000,2,324.370377,116307.046877,436.839061,2.042012,1,1,4,0.054478
2,6409.000000,13591.000000,2,314.941215,95846.125861,508.668868,1.803334,1,1,4,0.059798
3,7241.000000,12759.000000,2,294.977764,185152.549380,166.192207,2.231105,1,1,4,0.034053
