generation,prey_fitness,predator_fitness,num_alive_end,avg_bb_size,var_bb_size,avg_shortest_dist,swarm_density_count,prey_neurons_connected_prey_retina,prey_neurons_connected_predator_retina,predator_neurons_connected_prey_retina,mutual_info
1,6489.000000,13511.000000,2,3992.654096,23381590.546064,4650.396091,0.497851,1,1,1,0.090804
1,7597.000000,12403.000000,2,27978.549419,541767169.954856,33298.393129,0.307835,1,1,1,0.095450
2,7149.000000,12851.000000,2,6979.528480,44374636.145731,12217.457887,0.443856,1,1,1,0.079128
3,6311.000000,13689.000000,2,8920.558531,39797952.904812,31664.701901,0.318070,1,1,1,0.084224
