generation,prey_fitness,predator_fitness,num_alive_end,avg_bb_size,var_bb_size,avg_shortest_dist,swarm_density_count,prey_neurons_connected_prey_retina,prey_neurons_connected_predator_retina,predator_neurons_connected_prey_retina,mutual_info
1,8773.000000,11227.000000,2,403.524382,128252.915004,360.381021,2.807356,2,2,1,0.030870
1,10737.000000,9263.000000,2,422.028837,81813.995996,121.044665,3.999324,2,2,1,0.025127
2,10281.000000,9719.000000,2,417.293659,90000.984331,215.826400,3.734648,2,2,1,0.027551
3,9806.000000,10194.000000,2,501.956183,145746.038588,239.961361,3.092487,2,2,1,0.025704
