generation,prey_fitness,predator_fitness,num_alive_end,avg_bb_size,var_bb_size,avg_shortest_dist,swarm_density_count,prey_neurons_connected_prey_retina,prey_neurons_connected_predator_retina,predator_neurons_connected_prey_retina,mutual_info
1,14148.000000,5852.000000,4,480.589331,61489.581584,42.201147,5.543352,4,3,2,0.016173
1,12631.000000,7369.000000,2,418.214593,106344.476000,62.175369,4.640797,4,3,2,0.019103
2,9783.000000,10217.000000,2,328.171148,102678.828497,118.435348,3.455794,4,3,2,0.032709
3,11400.000000,8600.000000,2,352.872946,129485.233304,71.401476,3.919214,4,3,2,0.027820
