generation,prey_fitness,predator_fitness,num_alive_end,avg_bb_size,var_bb_size,avg_shortest_dist,swarm_density_count,prey_neurons_connected_prey_retina,prey_neurons_connected_predator_retina,predator_neurons_connected_prey_retina,mutual_info
1,8973.000000,11027.000000,2,615.230847,624534.414215,192.241615,2.595206,3,1,2,0.036871
1,6211.000000,13789.000000,2,387.461462,255253.911353,469.624045,1.505362,3,1,2,0.030724
2,7142.000000,12858.000000,2,543.575394,514138.595425,233.164940,1.873932,3,1,2,0.038040
3,8014.000000,11986.000000,2,897.845808,649146.994560,1246.227808,1.798806,3,1,2,0.045920
