generation,prey_fitness,predator_fitness,num_alive_end,avg_bb_size,var_bb_size,avg_shortest_dist,swarm_density_count,prey_neurons_connected_prey_retina,prey_neurons_connected_predator_retina,predator_neurons_connected_prey_retina,mutual_info
1,6587.000000,13413.000000,2,5801.856753,56398774.434248,8482.287719,0.376499,2,0,3,0.062089
1,7029.000000,12971.000000,2,5189.384287,16221148.473928,7140.333633,0.396768,2,0,3,0.086572
2,6627.000000,13373.000000,2,5233.794765,21976359.767724,11888.543165,0.409267,2,0,3,0.111364
3,6526.000000,13474.000000,2,5073.587918,36170727.114221,13035.554711,0.406058,2,0,3,0.076354
