generation,prey_fitness,predator_fitness,num_alive_end,avg_bb_size,var_bb_size,avg_shortest_dist,swarm_density_count,prey_neurons_connected_prey_retina,prey_neurons_connected_predator_retina,predator_neurons_connected_prey_retina,mutual_info
1,5954.000000,14046.000000,2,7898.185523,46957352.199248,22395.953594,0.515690,0,3,1,0.081980
1,5786.000000,14214.000000,2,3635.264343,12392195.158928,7412.974171,0.366571,0,3,1,0.108732
2,5719.000000,14281.000000,2,8718.439743,103711892.122719,20262.894510,0.412304,0,3,1,0.135578
3,6533.000000,13467.000000,2,11128.214134,88143076.636510,25927.937937,0.431102,0,3,1,0.089240
