generation,prey_fitness,predator_fitness,num_alive_end,avg_bb_size,var_bb_size,avg_shortest_dist,swarm_density_count,prey_neurons_connected_prey_retina,prey_neurons_connected_predator_retina,predator_neurons_connected_prey_retina,mutual_info
1,7963.000000,12037.000000,2,463.861908,193295.506676,540.121692,2.223669,2,2,1,0.030314
1,8703.000000,11297.000000,2,559.069590,224111.472822,398.172617,2.638829,2,2,1,0.031952
2,7001.000000,12999.000000,2,339.069938,108188.765286,371.150960,1.998530,2,2,1,0.024179
3,8623.000000,11377.000000,2,416.982603,125246.925488,457.847072,2.773099,2,2,1,0.026361
