generation,prey_fitness,predator_fitness,num_alive_end,avg_bb_size,var_bb_size,avg_shortest_dist,swarm_density_count,prey_neurons_connected_prey_retina,prey_neurons_connected_predator_retina,predator_neurons_connected_prey_retina,mutual_info
1,8792.000000,11208.000000,2,448.135219,207368.140093,262.518086,2.767663,1,0,1,0.032365
1,9676.000000,10324.000000,2,434.104356,152882.840540,241.606626,3.314413,1,0,1,0.028520
2,11764.000000,8236.000000,2,466.171200,126099.559329,130.525822,4.479782,1,0,1,0.021810
3,9793.000000,10207.000000,2,490.842983,154126.336738,272.508349,3.322405,1,0,1,0.028030
