generation,prey_fitness,predator_fitness,num_alive_end,avg_bb_size,var_bb_size,avg_shortest_dist,swarm_density_count,prey_neurons_connected_prey_retina,prey_neurons_connected_predator_retina,predator_neurons_connected_prey_retina,mutual_info
1,7990.000000,12010.000000,2,9571.248064,76602826.093666,8417.264209,0.479647,1,0,1,0.077271
1,9534.000000,10466.000000,2,12458.235930,122658046.911377,6498.093803,0.652929,1,0,1,0.099839
2,7079.000000,12921.000000,2,15145.243318,109292529.096254,27103.614049,0.394904,1,0,1,0.154868
3,7290.000000,12710.000000,2,13004.698701,112327890.574969,29853.807880,0.426063,1,0,1,0.124064
