generation,prey_fitness,predator_fitness,num_alive_end,avg_bb_size,var_bb_size,avg_shortest_dist,swarm_density_count,prey_neurons_connected_prey_retina,prey_neurons_connected_predator_retina,predator_neurons_connected_prey_retina,mutual_info
1,11305.000000,8695.000000,2,379.947614,65642.214109,118.288786,4.334051,1,2,1,0.022632
1,8535.000000,11465.000000,2,268.682206,81284.994094,189.297826,3.060269,1,2,1,0.030708
2,10188.000000,9812.000000,2,345.322448,118807.338833,89.292944,3.521357,1,2,1,0.031531
3,11778.000000,8222.000000,2,378.479669,65697.977566,177.654653,4.512471,1,2,1,0.020318
