generation,prey_fitness,predator_fitness,num_alive_end,avg_bb_size,var_bb_size,avg_shortest_dist,swarm_density_count,prey_neurons_connected_prey_retina,prey_neurons_connected_predator_retina,predator_neurons_connected_prey_retina,mutual_info
1,14262.000000,5738.000000,5,198.593923,5777.980535,20.064404,6.133500,4,1,1,0.012475
1,14613.000000,5387.000000,4,210.158612,14074.973463,22.064344,6.301200,4,1,1,0.010901
2,14451.000000,5549.000000,4,190.455158,11246.259161,20.394919,6.225071,4,1,1,0.026906
3,13115.000000,6885.000000,3,229.499843,20957.394464,31.331979,5.527375,4,1,1,0.010632
