generation,prey_fitness,predator_fitness,num_alive_end,avg_bb_size,var_bb_size,avg_shortest_dist,swarm_density_count,prey_neurons_connected_prey_retina,prey_neurons_connected_predator_retina,predator_neurons_connected_prey_retina,mutual_info
1,7218.000000,12782.000000,2,27158.300070,736219724.354300,25857.973781,0.274458,1,3,1,0.060583
1,6740.000000,13260.000000,2,35107.471861,713034080.726304,73266.030437,0.264528,1,3,1,0.114123
2,6162.000000,13838.000000,2,31341.772076,546572941.299151,59871.081642,0.258518,1,3,1,0.101496
3,5106.000000,14894.000000,2,14289.714932,105152158.641437,91745.135626,0.239619,1,3,1,0.080936
