generation,prey_fitness,predator_fitness,num_alive_end,avg_bb_size,var_bb_size,avg_shortest_dist,swarm_density_count,prey_neurons_connected_prey_retina,prey_neurons_connected_predator_retina,predator_neurons_connected_prey_retina,mutual_info
1,6147.000000,13853.000000,2,1585.306169,6526325.665004,1605.838552,0.618369,1,1,1,0.058094
1,6233.000000,13767.000000,2,2043.951610,6466073.265079,3610.223450,0.658712,1,1,1,0.059685
2,6412.000000,13588.000000,2,3990.235444,6779294.387751,6805.004431,0.674405,1,1,1,0.100031
3,6534.000000,13466.000000,2,4361.734262,18334063.558953,6988.869772,0.466188,1,1,1,0.092520
