generation,prey_fitness,predator_fitness,num_alive_end,avg_bb_size,var_bb_size,avg_shortest_dist,swarm_density_count,prey_neurons_connected_prey_retina,prey_neurons_connected_predator_retina,predator_neurons_connected_prey_retina,mutual_info
1,10944.000000,9056.000000,2,406.805483,92995.947305,127.031533,4.148752,2,2,1,0.034171
1,11692.000000,8308.000000,2,494.394140,75986.407792,118.230055,4.453540,2,2,1,0.020785
2,10458.000000,9542.000000,2,478.389063,134155.668892,271.023292,3.674567,2,2,1,0.025763
3,8108.000000,11892.000000,2,348.963388,93013.294157,293.531559,2.766849,2,2,1,0.034425
