generation,prey_fitness,predator_fitness,num_alive_end,avg_bb_size,var_bb_size,avg_shortest_dist,swarm_density_count,prey_neurons_connected_prey_retina,prey_neurons_connected_predator_retina,predator_neurons_connected_prey_retina,mutual_info
1,5571.000000,14429.000000,2,4478.030205,20325233.553213,10444.761950,0.404284,1,1,3,0.112510
1,6711.000000,13289.000000,2,9488.536574,86127314.729586,17471.346038,0.295045,1,1,3,0.077107
2,7247.000000,12753.000000,2,15312.450146,189834689.752356,31793.856161,0.311925,1,1,3,0.109593
3,6634.000000,13366.000000,2,24734.513656,135721751.847781,47773.977718,0.373098,1,1,3,0.088377
