generation,prey_fitness,predator_fitness,num_alive_end,avg_bb_size,var_bb_size,avg_shortest_dist,swarm_density_count,prey_neurons_connected_prey_retina,prey_neurons_connected_predator_retina,predator_neurons_connected_prey_retina,mutual_info
1,6854.000000,13146.000000,2,11358.115518,50147106.417272,37528.825447,0.399237,3,1,1,0.084899
1,6628.000000,13372.000000,2,5433.794182,37178660.557933,4810.450657,0.455128,3,1,1,0.097334
2,6205.000000,13795.000000,2,28975.033208,343593403.986888,87683.057153,0.284811,3,1,1,0.078481
3,6423.000000,13577.000000,2,2994.782435,12255394.919598,3427.114870,0.417364,3,1,1,0.060169
