generation,prey_fitness,predator_fitness,num_alive_end,avg_bb_size,var_bb_size,avg_shortest_dist,swarm_density_count,prey_neurons_connected_prey_retina,prey_neurons_connected_predator_retina,predator_neurons_connected_prey_retina,mutual_info
1,7422.000000,12578.000000,2,632.170607,299300.714181,515.053940,1.930532,1,2,3,0.136481
1,8064.000000,11936.000000,2,1098.517454,502934.016111,1789.612235,1.561545,1,2,3,0.047773
2,9084.000000,10916.000000,2,1178.067795,494206.750638,1604.652493,2.437185,1,2,3,0.120187
3,10146.000000,9854.000000,2,589.783647,285544.960233,235.550895,3.299600,1,2,3,0.071179
