generation,prey_fitness,predator_fitness,num_alive_end,avg_bb_size,var_bb_size,avg_shortest_dist,swarm_density_count,prey_neurons_connected_prey_retina,prey_neurons_connected_predator_retina,predator_neurons_connected_prey_retina,mutual_info
1,7864.000000,12136.000000,2,712.295606,452004.753400,805.597580,1.835140,1,0,1,0.055202
1,7284.000000,12716.000000,2,657.412081,635226.077411,589.667018,1.727642,1,0,1,0.053408
2,6798.000000,13202.000000,2,736.981022,685678.990783,834.863627,1.305383,1,0,1,0.048123
3,7696.000000,12304.000000,2,702.268469,600982.766991,532.824342,1.813460,1,0,1,0.050502
