generation,prey_fitness,predator_fitness,num_alive_end,avg_bb_size,var_bb_size,avg_shortest_dist,swarm_density_count,prey_neurons_connected_prey_retina,prey_neurons_connected_predator_retina,predator_neurons_connected_prey_retina,mutual_info
1,9005.000000,10995.000000,3,89568.554470,2352487993.244509,51635.961894,0.303244,3,0,2,0.067192
1,7696.000000,12304.000000,2,40580.284907,842798592.736120,40785.582737,0.366360,3,0,2,0.086277
2,6771.000000,13229.000000,2,39453.254721,726382093.522613,106662.202572,0.477349,3,0,2,0.089846
3,6128.000000,13872.000000,2,5923.498300,41014711.142942,8500.136116,0.653802,3,0,2,0.168265
