generation,prey_fitness,predator_fitness,num_alive_end,avg_bb_size,var_bb_size,avg_shortest_dist,swarm_density_count,prey_neurons_connected_prey_retina,prey_neurons_connected_predator_retina,predator_neurons_connected_prey_retina,mutual_info
1,6342.000000,13658.000000,2,5933.406941,21842298.500002,9273.883467,0.315505,2,2,1,0.110443
1,6009.000000,13991.000000,2,12517.643399,108794466.886087,22206.144097,0.272385,2,2,1,0.104888
2,7063.000000,12937.000000,2,5502.752284,34819759.604415,4427.778806,0.367140,2,2,1,0.085691
3,7058.000000,12942.000000,2,27353.296528,147642421.511861,44380.524408,0.326632,2,2,1,0.106824
