generation,prey_fitness,predator_fitness,num_alive_end,avg_bb_size,var_bb_size,avg_shortest_dist,swarm_density_count,prey_neurons_connected_prey_retina,prey_neurons_connected_predator_retina,predator_neurons_connected_prey_retina,mutual_info
1,8137.000000,11863.000000,2,16093.125773,206385433.725918,17826.081311,0.348014,1,0,1,0.096793
1,7698.000000,12302.000000,2,12643.512750,76317546.309274,39243.313325,0.450823,1,0,1,0.119691
2,8346.000000,11654.000000,2,13032.792795,104472991.825044,14347.417430,0.372642,1,0,1,0.106328
3,7924.000000,12076.000000,2,24043.373546,378524577.519951,45458.556547,0.386636,1,0,1,0.077397
