generation,prey_fitness,predator_fitness,num_alive_end,avg_bb_size,var_bb_size,avg_shortest_dist,swarm_density_count,prey_neurons_connected_prey_retina,prey_neurons_connected_predator_retina,predator_neurons_connected_prey_retina,mutual_info
1,13221.000000,6779.000000,2,399.353830,49174.170194,65.627877,5.333397,1,1,3,0.068250
1,9901.000000,10099.000000,2,331.772143,90703.158551,113.262328,3.697608,1,1,3,0.063487
2,12267.000000,7733.000000,2,343.067064,52580.205013,77.763263,5.011058,1,1,3,0.076349
3,10774.000000,9226.000000,2,251.821243,37584.657540,73.056992,4.345199,1,1,3,0.129757
