generation,prey_fitness,predator_fitness,num_alive_end,avg_bb_size,var_bb_size,avg_shortest_dist,swarm_density_count,prey_neurons_connected_prey_retina,prey_neurons_connected_predator_retina,predator_neurons_connected_prey_retina,mutual_info
1,6313.000000,13687.000000,2,698.297767,542854.472345,1324.590234,1.432424,1,2,4,0.065678
1,8023.000000,11977.000000,2,564.340109,406775.068360,480.233226,2.173189,1,2,4,0.047142
2,7757.000000,12243.000000,2,537.621255,466030.199868,434.061092,2.107198,1,2,4,0.037083
3,7108.000000,12892.000000,2,817.174281,462163.253212,1389.942329,1.475175,1,2,4,0.040806
