generation,prey_fitness,predator_fitness,num_alive_end,avg_bb_size,var_bb_size,avg_shortest_dist,swarm_density_count,prey_neurons_connected_prey_retina,prey_neurons_connected_predator_retina,predator_neurons_connected_prey_retina,mutual_info
1,7951.000000,12049.000000,2,129.350727,20915.913767,106.707819,2.935029,3,2,1,0.027238
1,9136.000000,10864.000000,2,166.486306,27219.762284,102.427155,3.516148,3,2,1,0.021345
2,11843.000000,8157.000000,3,273.564328,30638.519439,53.770176,4.782479,3,2,1,0.021055
3,10346.000000,9654.000000,2,222.882633,27808.849565,141.489066,4.063532,3,2,1,0.031123
