generation,prey_fitness,predator_fitness,num_alive_end,avg_bb_size,var_bb_size,avg_shortest_dist,swarm_density_count,prey_neurons_connected_prey_retina,prey_neurons_connected_predator_retina,predator_neurons_connected_prey_retina,mutual_info
1,12583.000000,7417.000000,2,438.581096,86028.800722,155.344966,4.773181,1,0,1,0.020375
1,9881.000000,10119.000000,2,301.259224,108785.567390,61.819118,3.441784,1,0,1,0.031241
2,7574.000000,12426.000000,2,272.146232,77255.267922,234.267786,2.546678,1,0,1,0.019252
3,11075.000000,8925.000000,2,269.448654,42754.227245,136.314330,4.377835,1,0,1,0.038497
