generation,prey_fitness,predator_fitness,num_alive_end,avg_bb_size,var_bb_size,avg_shortest_dist,swarm_density_count,prey_neurons_connected_prey_retina,prey_neurons_connected_predator_retina,predator_neurons_connected_prey_retina,mutual_info
1,6216.000000,13784.000000,2,2495.713268,15619753.944531,2388.073579,0.689733,1,2,2,0.090038
1,6712.000000,13288.000000,2,1954.150388,5819303.105489,2714.148462,0.654291,1,2,2,0.063487
2,6887.000000,13113.000000,2,2285.438478,5642306.369508,2561.347630,0.668529,1,2,2,0.070598
3,6411.000000,13589.000000,2,1371.313120,2883927.129085,1857.116369,0.717761,1,2,2,0.066434
