generation,prey_fitness,predator_fitness,num_alive_end,avg_bb_size,var_bb_size,avg_shortest_dist,swarm_density_count,prey_neurons_connected_prey_retina,prey_neurons_connected_predator_retina,predator_neurons_connected_prey_retina,mutual_info
1,10504.000000,9496.000000,2,410.445653,139738.413836,156.958864,3.632040,3,3,1,0.016133
1,8228.000000,11772.000000,2,267.252988,125326.007575,112.336655,2.824432,3,3,1,0.025061
2,9084.000000,10916.000000,2,317.827709,86111.212131,204.870086,3.134306,3,3,1,0.030099
3,9107.000000,10893.000000,2,253.813386,56982.048011,151.021148,3.329022,3,3,1,0.025247
