generation,prey_fitness,predator_fitness,num_alive_end,avg_bb_size,var_bb_size,avg_shortest_dist,swarm_density_count,prey_neurons_connected_prey_retina,prey_neurons_connected_predator_retina,predator_neurons_connected_prey_retina,mutual_info
1,8275.000000,11725.000000,2,440.895955,158645.646228,325.463618,2.426786,3,3,1,0.030927
1,9318.000000,10682.000000,2,564.516612,370023.171362,284.937753,2.640586,3,3,1,0.029019
2,8293.000000,11707.000000,2,492.906751,258319.673829,315.910652,2.486245,3,3,1,0.035981
3,7240.000000,12760.000000,2,416.155864,339702.700331,354.662859,2.044184,3,3,1,0.038574
