generation,prey_fitness,predator_fitness,num_alive_end,avg_bb_size,var_bb_size,avg_shortest_dist,swarm_density_count,prey_neurons_connected_prey_retina,prey_neurons_connected_predator_retina,predator_neurons_connected_prey_retina,mutual_info
1,7058.000000,12942.000000,2,646.455174,332943.362477,1090.641633,1.655910,1,0,1,0.085173
1,8404.000000,11596.000000,2,735.310566,515459.388123,614.275816,1.998555,1,0,1,0.047636
2,7564.000000,12436.000000,2,698.365652,308806.500663,972.912112,1.728551,1,0,1,0.043880
3,7775.000000,12225.000000,2,578.114827,350960.412652,632.885540,1.924072,1,0,1,0.042108
