generation,prey_fitness,predator_fitness,num_alive_end,avg_bb_size,var_bb_size,avg_shortest_dist,swarm_density_count,prey_neurons_connected_prey_retina,prey_neurons_connected_predator_retina,predator_neurons_connected_prey_retina,mutual_info
1,7919.000000,12081.000000,2,515.058398,459794.879502,338.318584,2.060231,3,1,1,0.046099
1,6408.000000,13592.000000,2,432.167011,148534.938419,695.876140,1.470225,3,1,1,0.055729
2,6413.000000,13587.000000,2,333.356647,304208.217667,219.220148,1.758456,3,1,1,0.033741
3,7138.000000,12862.000000,2,460.245301,230519.075708,517.202923,1.756863,3,1,1,0.053114
