generation,prey_fitness,predator_fitness,num_alive_end,avg_bb_size,var_bb_size,avg_shortest_dist,swarm_density_count,prey_neurons_connected_prey_retina,prey_neurons_connected_predator_retina,predator_neurons_connected_prey_retina,mutual_info
1,12004.000000,7996.000000,2,285.232843,35357.775007,147.364530,4.885167,2,0,3,0.017858
1,13966.000000,6034.000000,4,341.843286,43256.746105,51.132704,5.858825,2,0,3,0.024313
2,11360.000000,8640.000000,2,297.024589,43830.220028,201.648574,4.537042,2,0,3,0.011804
3,13859.000000,6141.000000,4,341.744986,28838.357942,42.521702,5.769867,2,0,3,0.018599
