generation,prey_fitness,predator_fitness,num_alive_end,avg_bb_size,var_bb_size,avg_shortest_dist,swarm_density_count,prey_neurons_connected_prey_retina,prey_neurons_connected_predator_retina,predator_neurons_connected_prey_retina,mutual_info
1,8518.000000,11482.000000,2,175.283201,26705.793887,132.080409,3.234361,2,1,1,0.016217
1,8472.000000,11528.000000,2,207.012026,68251.134246,98.295817,2.985900,2,1,1,0.024453
2,8004.000000,11996.000000,2,189.195216,41226.485674,113.144568,2.821964,2,1,1,0.027998
3,9998.000000,10002.000000,2,276.591617,85143.144158,134.017920,3.658482,2,1,1,0.027501
