generation,prey_fitness,predator_fitness,num_alive_end,avg_bb_size,var_bb_size,avg_shortest_dist,swarm_density_count,prey_neurons_connected_prey_retina,prey_neurons_connected_predator_retina,predator_neurons_connected_prey_retina,mutual_info
1,7640.000000,12360.000000,2,583.914535,234180.158855,1009.602013,1.827346,2,2,1,0.058220
1,6995.000000,13005.000000,2,433.668354,228369.925834,393.679637,1.881329,2,2,1,0.038738
2,6647.000000,13353.000000,2,486.100762,303918.288864,662.254382,1.593825,2,2,1,0.066558
3,6898.000000,13102.000000,2,380.764956,207067.477176,366.281737,1.961677,2,2,1,0.044024
