generation,prey_fitness,predator_fitness,num_alive_end,avg_bb_size,var_bb_size,avg_shortest_dist,swarm_density_count,prey_neurons_connected_prey_retina,prey_neurons_connected_predator_retina,predator_neurons_connected_prey_retina,mutual_info
1,16740.000000,3260.000000,7,219.364826,6181.328140,18.619057,7.371500,3,1,3,0.022749
1,18964.000000,1036.000000,7,190.739534,7018.201537,10.026348,8.483500,3,1,3,0.028521
2,17414.000000,2586.000000,7,184.473598,7525.063787,13.245133,7.708500,3,1,3,0.043567
3,16555.000000,3445.000000,6,140.590066,4051.198975,11.692898,7.279500,3,1,3,0.066885
