generation,prey_fitness,predator_fitness,num_alive_end,avg_bb_size,var_bb_size,avg_shortest_dist,swarm_density_count,prey_neurons_connected_prey_retina,prey_neurons_connected_predator_retina,predator_neurons_connected_prey_retina,mutual_info
1,10856.000000,9144.000000,2,700.511072,261470.460789,378.080645,2.993095,2,2,1,0.043476
1,9162.000000,10838.000000,2,604.475693,205062.856282,517.527357,2.542708,2,2,1,0.024896
2,7538.000000,12462.000000,2,484.308845,208627.416856,575.025881,1.954710,2,2,1,0.037633
3,7354.000000,12646.000000,2,432.941632,216188.085366,481.876369,2.046650,2,2,1,0.040953
