generation,prey_fitness,predator_fitness,num_alive_end,avg_bb_size,var_bb_size,avg_shortest_dist,swarm_density_count,prey_neurons_connected_prey_retina,prey_neurons_connected_predator_retina,predator_neurons_connected_prey_retina,mutual_info
1,9589.000000,10411.000000,2,515.656171,219919.640476,193.831620,3.330589,5,3,1,0.019397
1,17440.000000,2560.000000,7,1021.433398,107895.584395,74.455581,6.249851,5,3,1,0.009928
2,8963.000000,11037.000000,2,474.109743,179981.844675,219.671666,3.129585,5,3,1,0.043259
3,7539.000000,12461.000000,2,351.188319,158949.230513,252.622667,2.437045,5,3,1,0.055664
