generation,prey_fitness,predator_fitness,num_alive_end,avg_bb_size,var_bb_size,avg_shortest_dist,swarm_density_count,prey_neurons_connected_prey_retina,prey_neurons_connected_predator_retina,predator_neurons_connected_prey_retina,mutual_info
1,7707.000000,12293.000000,2,202.950262,51595.073142,177.864964,2.698965,3,0,1,0.035260
1,9348.000000,10652.000000,2,433.085776,153137.094315,254.264310,3.169722,3,0,1,0.033195
2,8321.000000,11679.000000,2,268.724954,83460.863703,235.380254,2.745723,3,0,1,0.042490
3,7001.000000,12999.000000,2,237.358418,58308.380101,313.471317,2.211908,3,0,1,0.022758
