generation,prey_fitness,predator_fitness,num_alive_end,avg_bb_size,var_bb_size,avg_shortest_dist,swarm_density_count,prey_neurons_connected_prey_retina,prey_neurons_connected_predator_retina,predator_neurons_connected_prey_retina,mutual_info
1,6823.000000,13177.000000,2,5211.522413,66386510.157675,4985.227384,0.533016,0,2,1,0.078965
1,6416.000000,13584.000000,2,5229.782575,24305203.149113,9596.385186,0.362635,0,2,1,0.110272
2,6813.000000,13187.000000,2,19520.043059,175719730.734471,41678.446641,0.254084,0,2,1,0.097642
3,5897.000000,14103.000000,2,17397.446782,139485456.979784,45409.633422,0.283541,0,2,1,0.098376
