generation,prey_fitness,predator_fitness,num_alive_end,avg_bb_size,var_bb_size,avg_shortest_dist,swarm_density_count,prey_neurons_connected_prey_retina,prey_neurons_connected_predator_retina,predator_neurons_connected_prey_retina,mutual_info
1,12559.000000,7441.000000,2,605.786828,141294.965190,128.189248,4.675052,1,2,2,0.030330
1,10974.000000,9026.000000,2,454.733816,122921.350941,140.010170,4.086985,1,2,2,0.020454
2,14846.000000,5154.000000,5,671.921041,114524.577604,82.526226,5.844630,1,2,2,0.011558
3,14475.000000,5525.000000,3,619.869504,76323.135399,92.427432,5.708310,1,2,2,0.024117
