generation,prey_fitness,predator_fitness,num_alive_end,avg_bb_size,var_bb_size,avg_shortest_dist,swarm_density_count,prey_neurons_connected_prey_retina,prey_neurons_connected_predator_retina,predator_neurons_connected_prey_retina,mutual_info
1,6154.000000,13846.000000,2,3718.719303,16698300.482952,4892.862100,0.380708,1,1,5,0.075873
1,6455.000000,13545.000000,2,9451.762289,158788025.883136,10364.758980,0.273852,1,1,5,0.110074
2,9552.000000,10448.000000,2,20414.022277,247423351.760933,13985.123896,0.357738,1,1,5,0.130627
3,7901.000000,12099.000000,2,30068.015564,570301898.581407,53593.338034,0.377470,1,1,5,0.095433
