generation,prey_fitness,predator_fitness,num_alive_end,avg_bb_size,var_bb_size,avg_shortest_dist,swarm_density_count,prey_neurons_connected_prey_retina,prey_neurons_connected_predator_retina,predator_neurons_connected_prey_retina,mutual_info
1,5838.000000,14162.000000,2,19325.240925,187968433.342164,57686.598107,0.306922,1,2,1,0.208686
1,6951.000000,13049.000000,2,40194.475961,538631007.321130,129178.122686,0.280294,1,2,1,0.103450
2,6313.000000,13687.000000,2,17122.274407,131991683.004385,46299.782275,0.466332,1,2,1,0.154611
3,5792.000000,14208.000000,2,6509.630440,107224957.540187,9394.477703,0.299329,1,2,1,0.088905
