generation,prey_fitness,predator_fitness,num_alive_end,avg_bb_size,var_bb_size,avg_shortest_dist,swarm_density_count,prey_neurons_connected_prey_retina,prey_neurons_connected_predator_retina,predator_neurons_connected_prey_retina,mutual_info
1,7392.000000,12608.000000,2,23239.633153,576048275.850536,26710.237611,0.285134,0,1,2,0.079710
1,6221.000000,13779.000000,2,14028.498285,180032825.169210,19007.031249,0.255377,0,1,2,0.148919
2,7001.000000,12999.000000,2,20056.959638,245551062.420716,49255.565961,0.311465,0,1,2,0.149868
3,6458.000000,13542.000000,2,13341.851737,119178426.207063,34923.924753,0.326389,0,1,2,0.147676
