generation,prey_fitness,predator_fitness,num_alive_end,avg_bb_size,var_bb_size,avg_shortest_dist,swarm_density_count,prey_neurons_connected_prey_retina,prey_neurons_connected_predator_retina,predator_neurons_connected_prey_retina,mutual_info
1,15984.000000,4016.000000,6,508.930653,27378.298292,52.505811,6.842317,2,1,1,0.020244
1,9723.000000,10277.000000,2,308.964495,63539.477557,129.582778,3.704583,2,1,1,0.028115
2,17725.000000,2275.000000,7,484.061980,23537.653133,36.190731,7.715656,2,1,1,0.009826
3,13087.000000,6913.000000,2,414.019842,44084.722601,66.721477,5.337877,2,1,1,0.022704
