generation,prey_fitness,predator_fitness,num_alive_end,avg_bb_size,var_bb_size,avg_shortest_dist,swarm_density_count,prey_neurons_connected_prey_retina,prey_neurons_connected_predator_retina,predator_neurons_connected_prey_retina,mutual_info
1,7709.000000,12291.000000,2,613.362819,376377.431628,612.913406,1.968270,3,0,1,0.025735
1,9984.000000,10016.000000,2,677.221979,321533.743494,308.099810,3.022216,3,0,1,0.021864
2,8962.000000,11038.000000,2,768.546574,277874.036260,684.478822,2.262837,3,0,1,0.021486
3,7859.000000,12141.000000,2,517.276365,352853.726719,407.967398,2.155267,3,0,1,0.037686
