generation,prey_fitness,predator_fitness,num_alive_end,avg_bb_size,var_bb_size,avg_shortest_dist,swarm_density_count,prey_neurons_connected_prey_retina,prey_neurons_connected_predator_retina,predator_neurons_connected_prey_retina,mutual_info
1,10121.000000,9879.000000,2,500.845682,169257.327459,352.171212,3.248628,1,2,1,0.029920
1,7830.000000,12170.000000,2,417.776191,156889.046274,347.547765,2.412971,1,2,1,0.026937
2,11616.000000,8384.000000,2,544.191814,196620.380963,136.354621,4.045517,1,2,1,0.017767
3,6616.000000,13384.000000,2,359.543991,202144.429035,415.410482,1.829697,1,2,1,0.037260
