generation,prey_fitness,predator_fitness,num_alive_end,avg_bb_size,var_bb_size,avg_shortest_dist,swarm_density_count,prey_neurons_connected_prey_retina,prey_neurons_connected_predator_retina,predator_neurons_connected_prey_retina,mutual_info
1,15126.000000,4874.000000,5,532.935251,85350.838911,44.882693,5.812822,2,3,1,0.030242
1,9555.000000,10445.000000,2,397.185644,56102.086926,166.717378,3.262566,2,3,1,0.026059
2,9008.000000,10992.000000,2,335.888240,86746.249760,230.178018,2.978550,2,3,1,0.035446
3,10817.000000,9183.000000,2,408.322422,92341.477214,175.320969,3.742525,2,3,1,0.025891
