generation,prey_fitness,predator_fitness,num_alive_end,avg_bb_size,var_bb_size,avg_shortest_dist,swarm_density_count,prey_neurons_connected_prey_retina,prey_neurons_connected_predator_retina,predator_neurons_connected_prey_retina,mutual_info
1,6472.000000,13528.000000,2,9050.453516,94352964.961163,19169.299531,0.395754,2,1,1,0.084498
1,6341.000000,13659.000000,2,6813.215017,24683714.214504,21592.288073,0.410224,2,1,1,0.126569
2,6007.000000,13993.000000,2,3881.955476,15500666.461438,7465.875666,0.388943,2,1,1,0.147211
3,7199.000000,12801.000000,2,12600.253699,113975376.638348,13581.783313,0.314796,2,1,1,0.079346
