generation,prey_fitness,predator_fitness,num_alive_end,avg_bb_size,var_bb_size,avg_shortest_dist,swarm_density_count,prey_neurons_connected_prey_retina,prey_neurons_connected_predator_retina,predator_neurons_connected_prey_retina,mutual_info
1,7421.000000,12579.000000,2,420.283848,178860.049678,367.081873,2.224315,2,1,2,0.036320
1,7667.000000,12333.000000,2,349.915972,130181.314318,333.999760,2.474137,2,1,2,0.049279
2,8393.000000,11607.000000,2,287.015256,125307.582499,135.629590,2.854121,2,1,2,0.033383
3,8406.000000,11594.000000,2,324.632015,106622.020241,180.832383,2.836192,2,1,2,0.032413
