generation,prey_fitness,predator_fitness,num_alive_end,avg_bb_size,var_bb_size,avg_shortest_dist,swarm_density_count,prey_neurons_connected_prey_retina,prey_neurons_connected_predator_retina,predator_neurons_connected_prey_retina,mutual_info
1,7392.000000,12608.000000,2,1178.585443,989780.852856,1619.837782,1.231249,1,0,2,0.031127
1,6808.000000,13192.000000,2,819.210471,624962.746065,1272.713511,1.288689,1,0,2,0.042589
2,6565.000000,13435.000000,2,570.043061,374249.236402,834.938134,1.387468,1,0,2,0.052669
3,6509.000000,13491.000000,2,666.070067,897375.612031,733.590146,1.316209,1,0,2,0.055264
