generation,prey_fitness,predator_fitness,num_alive_end,avg_bb_size,var_bb_size,avg_shortest_dist,swarm_density_count,prey_neurons_connected_prey_retina,prey_neurons_connected_predator_retina,predator_neurons_connected_prey_retina,mutual_info
1,7413.000000,12587.000000,2,471.880709,363166.283289,432.105622,1.955900,4,1,1,0.025393
1,7744.000000,12256.000000,2,731.161562,320276.754738,1452.175105,1.738801,4,1,1,0.032771
2,6363.000000,13637.000000,2,535.723247,380855.036866,897.801111,1.421194,4,1,1,0.034842
3,7323.000000,12677.000000,2,543.089291,406586.807970,591.012316,1.867052,4,1,1,0.044504
