generation,prey_fitness,predator_fitness,num_alive_end,avg_bb_size,var_bb_size,avg_shortest_dist,swarm_density_count,prey_neurons_connected_prey_retina,prey_neurons_connected_predator_retina,predator_neurons_connected_prey_retina,mutual_info
1,8025.000000,11975.000000,2,43074.914895,733454044.913906,114558.454551,0.414030,0,2,1,0.099880
1,7540.000000,12460.000000,2,49757.985754,717522240.619208,111525.733383,0.555113,0,2,1,0.103221
2,7357.000000,12643.000000,2,8608.915598,128312911.131487,9842.933095,0.413080,0,2,1,0.125655
3,7897.000000,12103.000000,2,27887.794928,385419482.497626,74765.319456,0.465800,0,2,1,0.113981
