generation,prey_fitness,predator_fitness,num_alive_end,avg_bb_size,var_bb_size,avg_shortest_dist,swarm_density_count,prey_neurons_connected_prey_retina,prey_neurons_connected_predator_retina,predator_neurons_connected_prey_retina,mutual_info
1,5533.000000,14467.000000,2,3182.696954,9200398.059363,6941.859192,0.463371,0,0,1,0.095974
1,5801.000000,14199.000000,2,8193.478919,36975244.822781,17251.864528,0.250184,0,0,1,0.122126
2,6795.000000,13205.000000,2,5477.351391,17019971.330046,11032.293654,0.360893,0,0,1,0.088708
3,6101.000000,13899.000000,2,6984.666338,36903975.883599,14965.048928,0.407860,0,0,1,0.121418
