generation,prey_fitness,predator_fitness,num_alive_end,avg_bb_size,var_bb_size,avg_shortest_dist,swarm_density_count,prey_neurons_connected_prey_retina,prey_neurons_connected_predator_retina,predator_neurons_connected_prey_retina,mutual_info
1,6571.000000,13429.000000,2,878.525465,589248.016094,1454.207877,1.104987,2,0,2,0.042709
1,8938.000000,11062.000000,2,1066.221586,1766403.428741,598.235062,1.903552,2,0,2,0.063821
2,6809.000000,13191.000000,2,787.356915,737879.054110,1093.877376,1.300037,2,0,2,0.059196
3,6703.000000,13297.000000,2,546.864999,378098.634062,710.657505,1.513408,2,0,2,0.033947
