generation,prey_fitness,predator_fitness,num_alive_end,avg_bb_size,var_bb_size,avg_shortest_dist,swarm_density_count,prey_neurons_connected_prey_retina,prey_neurons_connected_predator_retina,predator_neurons_connected_prey_retina,mutual_info
1,14702.000000,5298.000000,2,304.178832,27132.313438,32.645322,6.188156,1,0,1,0.039712
1,10885.000000,9115.000000,2,192.569959,11823.649902,100.892346,4.444278,1,0,1,0.017263
2,14376.000000,5624.000000,5,259.852081,15190.493139,27.736362,6.173903,1,0,1,0.012117
3,10342.000000,9658.000000,2,231.015362,21973.501527,76.567993,4.131006,1,0,1,0.015460
