generation,prey_fitness,predator_fitness,num_alive_end,avg_bb_size,var_bb_size,avg_shortest_dist,swarm_density_count,prey_neurons_connected_prey_retina,prey_neurons_connected_predator_retina,predator_neurons_connected_prey_retina,mutual_info
1,7747.000000,12253.000000,2,10581.862074,99271044.801399,14035.460332,0.363941,0,0,4,0.110014
1,8266.000000,11734.000000,2,10883.693861,161460855.216139,10593.288058,0.384359,0,0,4,0.106489
2,8046.000000,11954.000000,2,7478.921810,39715147.993590,19623.597027,0.436449,0,0,4,0.066099
3,7729.000000,12271.000000,2,6778.182971,58435912.082000,4138.581761,0.416650,0,0,4,0.088252
