generation,prey_fitness,predator_fitness,num_alive_end,avg_bb_size,var_bb_size,avg_shortest_dist,swarm_density_count,prey_neurons_connected_prey_retina,prey_neurons_connected_predator_retina,predator_neurons_connected_prey_retina,mutual_info
1,5858.000000,14142.000000,2,3973.019862,20658343.667141,8279.278278,0.665031,1,1,1,0.211685
1,6263.000000,13737.000000,2,7622.359901,37224840.399407,14940.901188,0.382202,1,1,1,0.111162
2,7406.000000,12594.000000,2,7339.619700,51053877.977681,10410.038876,0.380992,1,1,1,0.235201
3,5854.000000,14146.000000,2,11937.865684,172368587.572661,26881.768475,0.260990,1,1,1,0.112169
