generation,prey_fitness,predator_fitness,num_alive_end,avg_bb_size,var_bb_size,avg_shortest_dist,swarm_density_count,prey_neurons_connected_prey_retina,prey_neurons_connected_predator_retina,predator_neurons_connected_prey_retina,mutual_info
1,8563.000000,11437.000000,2,3720.967889,8801184.956507,2760.925322,0.707400,0,4,1,0.083331
1,6464.000000,13536.000000,2,2104.335768,4430588.011612,3384.300412,0.620177,0,4,1,0.078880
2,8330.000000,11670.000000,2,5524.721315,15838004.058381,5756.820271,0.631019,0,4,1,0.155012
3,6221.000000,13779.000000,2,2846.404333,4709160.905693,7496.514789,0.528920,0,4,1,0.115560
