generation,prey_fitness,predator_fitness,num_alive_end,avg_bb_size,var_bb_size,avg_shortest_dist,swarm_density_count,prey_neurons_connected_prey_retina,prey_neurons_connected_predator_retina,predator_neurons_connected_prey_retina,mutual_info
1,6237.000000,13763.000000,2,4381.029223,18978982.254908,6641.866214,0.346315,2,0,1,0.094064
1,6139.000000,13861.000000,2,2980.366166,13302181.234433,4696.639767,0.409714,2,0,1,0.058520
2,5319.000000,14681.000000,2,16453.163536,363258295.136983,37973.979036,0.263231,2,0,1,0.087664
3,5951.000000,14049.000000,2,3056.898610,21119724.043735,3601.375854,0.440912,2,0,1,0.083714
