generation,prey_fitness,predator_fitness,num_alive_end,avg_bb_size,var_bb_size,avg_shortest_dist,swarm_density_count,prey_neurons_connected_prey_retina,prey_neurons_connected_predator_retina,predator_neurons_connected_prey_retina,mutual_info
1,7260.000000,12740.000000,2,290.370511,99561.422500,308.530160,2.251879,1,0,3,0.034416
1,10208.000000,9792.000000,2,300.939904,74853.496982,145.803197,3.940362,1,0,3,0.017489
2,11272.000000,8728.000000,2,358.969324,56295.680385,139.569648,4.393385,1,0,3,0.021227
3,9517.000000,10483.000000,2,410.553943,116323.325377,243.668583,3.213582,1,0,3,0.032862
