generation,prey_fitness,predator_fitness,num_alive_end,avg_bb_size,var_bb_size,avg_shortest_dist,swarm_density_count,prey_neurons_connected_prey_retina,prey_neurons_connected_predator_retina,predator_neurons_connected_prey_retina,mutual_info
1,15640.000000,4360.000000,5,344.294267,27620.290454,30.486313,6.642567,2,1,1,0.030530
1,12676.000000,7324.000000,3,263.600397,23961.880866,50.633135,5.248466,2,1,1,0.025809
2,16657.000000,3343.000000,5,290.055477,34275.618041,19.254118,7.123733,2,1,1,0.069112
3,15700.000000,4300.000000,4,341.549526,23242.953735,26.453188,6.672573,2,1,1,0.020037
