generation,prey_fitness,predator_fitness,num_alive_end,avg_bb_size,var_bb_size,avg_shortest_dist,swarm_density_count,prey_neurons_connected_prey_retina,prey_neurons_connected_predator_retina,predator_neurons_connected_prey_retina,mutual_info
1,10218.000000,9782.000000,2,307.619718,56705.198171,176.328181,3.866790,2,2,1,0.028448
1,8487.000000,11513.000000,2,320.394987,82172.589242,226.371794,2.826734,2,2,1,0.053637
2,6641.000000,13359.000000,2,236.944407,62424.468273,272.982328,2.027395,2,2,1,0.031938
3,12871.000000,7129.000000,2,531.344226,154455.048367,79.622907,4.624128,2,2,1,0.017757
