generation,prey_fitness,predator_fitness,num_alive_end,avg_bb_size,var_bb_size,avg_shortest_dist,swarm_density_count,prey_neurons_connected_prey_retina,prey_neurons_connected_predator_retina,predator_neurons_connected_prey_retina,mutual_info
1,8178.000000,11822.000000,2,5478.796047,27504136.861706,3849.372117,0.613325,1,5,1,0.052703
1,6693.000000,13307.000000,2,3199.083967,8802997.696265,7522.125855,0.497586,1,5,1,0.085493
2,7229.000000,12771.000000,2,2373.553270,10731690.151269,1152.308743,0.752233,1,5,1,0.076597
3,6886.000000,13114.000000,2,5154.040462,29014322.945217,7461.129549,0.548577,1,5,1,0.088162
