generation,prey_fitness,predator_fitness,num_alive_end,avg_bb_size,var_bb_size,avg_shortest_dist,swarm_density_count,prey_neurons_connected_prey_retina,prey_neurons_connected_predator_retina,predator_neurons_connected_prey_retina,mutual_info
1,12050.000000,7950.000000,2,350.840826,63235.812201,91.062050,4.752311,2,0,1,0.010108
1,9846.000000,10154.000000,2,352.323256,67778.825092,307.556411,3.471932,2,0,1,0.023956
2,9947.000000,10053.000000,2,282.797480,96160.310060,131.637578,3.714118,2,0,1,0.018984
3,13091.000000,6909.000000,2,408.966169,66070.522606,98.977246,5.145976,2,0,1,0.016333
