generation,prey_fitness,predator_fitness,num_alive_end,avg_bb_size,var_bb_size,avg_shortest_dist,swarm_density_count,prey_neurons_connected_prey_retina,prey_neurons_connected_predator_retina,predator_neurons_connected_prey_retina,mutual_info
1,6390.000000,13610.000000,2,555.133076,390701.652999,747.299335,1.421158,1,1,1,0.058224
1,6909.000000,13091.000000,2,705.851536,526032.043454,957.217403,1.439488,1,1,1,0.054023
2,7145.000000,12855.000000,2,753.622350,930609.978222,736.081494,1.493696,1,1,1,0.044902
3,6496.000000,13504.000000,2,806.164301,1167902.301329,883.113479,1.229044,1,1,1,0.050914
