generation,prey_fitness,predator_fitness,num_alive_end,avg_bb_size,var_bb_size,avg_shortest_dist,swarm_density_count,prey_neurons_connected_prey_retina,prey_neurons_connected_predator_retina,predator_neurons_connected_prey_retina,mutual_info
1,6429.000000,13571.000000,2,41042.266065,709209163.576545,80089.987952,0.288506,3,1,1,0.096325
1,5657.000000,14343.000000,2,17001.909389,150759899.549636,34720.766783,0.320423,3,1,1,0.121270
2,6624.000000,13376.000000,2,37150.983007,1059109312.419919,64917.501340,0.289298,3,1,1,0.106902
3,6735.000000,13265.000000,2,22009.944114,731094304.872085,34105.114482,0.399335,3,1,1,0.103262
