generation,prey_fitness,predator_fitness,num_alive_end,avg_bb_size,var_bb_size,avg_shortest_dist,swarm_density_count,prey_neurons_connected_prey_retina,prey_neurons_connected_predator_retina,predator_neurons_connected_prey_retina,mutual_info
1,10158.000000,9842.000000,2,257.064818,49794.201888,80.182171,3.744166,3,0,1,0.017768
1,11028.000000,8972.000000,3,245.026541,43169.909123,46.001830,4.230308,3,0,1,0.016066
2,10406.000000,9594.000000,2,227.181456,46421.644079,123.115461,3.968443,3,0,1,0.020931
3,11885.000000,8115.000000,2,271.709108,52907.687313,51.185532,4.604378,3,0,1,0.020115
