generation,prey_fitness,predator_fitness,num_alive_end,avg_bb_size,var_bb_size,avg_shortest_dist,swarm_density_count,prey_neurons_connected_prey_retina,prey_neurons_connected_predator_retina,predator_neurons_connected_prey_retina,mutual_info
1,10233.000000,9767.000000,2,532.743888,377847.431866,132.331509,3.285854,3,3,1,0.043847
1,8874.000000,11126.000000,2,491.975535,339957.558388,171.176807,2.635596,3,3,1,0.057040
2,8217.000000,11783.000000,2,502.724465,339768.477762,276.456778,2.267637,3,3,1,0.043334
3,9166.000000,10834.000000,2,476.810565,211988.231818,228.516341,2.774188,3,3,1,0.032429
