generation,prey_fitness,predator_fitness,num_alive_end,avg_bb_size,var_bb_size,avg_shortest_dist,swarm_density_count,prey_neurons_connected_prey_retina,prey_neurons_connected_predator_retina,predator_neurons_connected_prey_retina,mutual_info
1,7169.000000,12831.000000,2,4002.620716,19996447.234715,3358.011776,0.596932,0,2,1,0.102044
1,6107.000000,13893.000000,2,4775.492576,29890052.592988,7770.195326,0.419433,0,2,1,0.137933
2,7072.000000,12928.000000,2,4846.337424,12485529.571736,10721.040507,0.570456,0,2,1,0.129162
3,6028.000000,13972.000000,2,4676.831468,17640199.128779,9037.280283,0.427237,0,2,1,0.116882
