generation,prey_fitness,predator_fitness,num_alive_end,avg_bb_size,var_bb_size,avg_shortest_dist,swarm_density_count,prey_neurons_connected_prey_retina,prey_neurons_connected_predator_retina,predator_neurons_connected_prey_retina,mutual_info
1,5528.000000,14472.000000,2,31218.434613,862298174.882765,95648.974383,0.359010,1,4,1,0.092515
1,5924.000000,14076.000000,2,8382.306622,65024907.466663,17143.590277,0.365699,1,4,1,0.107753
2,5466.000000,14534.000000,2,3110.470034,13773889.361530,5581.441889,0.347663,1,4,1,0.122913
3,5310.000000,14690.000000,2,10503.613808,64409572.626074,31049.740703,0.267394,1,4,1,0.129797
