generation,prey_fitness,predator_fitness,num_alive_end,avg_bb_size,var_bb_size,avg_shortest_dist,swarm_density_count,prey_neurons_connected_prey_retina,prey_neurons_connected_predator_retina,predator_neurons_connected_prey_retina,mutual_info
1,5731.000000,14269.000000,2,4707.503525,16813182.078071,11527.875409,0.367121,3,2,1,0.105129
1,5934.000000,14066.000000,2,4731.136845,16778180.505201,7470.491384,0.349427,3,2,1,0.112740
2,6020.000000,13980.000000,2,5747.982242,45165455.481569,12328.830347,0.276868,3,2,1,0.128252
3,5247.000000,14753.000000,2,16572.285791,256948709.822613,39891.065601,0.243679,3,2,1,0.095177
