generation,prey_fitness,predator_fitness,num_alive_end,avg_bb_size,var_bb_size,avg_shortest_dist,swarm_density_count,prey_neurons_connected_prey_retina,prey_neurons_connected_predator_retina,predator_neurons_connected_prey_retina,mutual_info
1,9234.000000,10766.000000,2,472.833760,225976.525342,301.947745,3.057091,4,0,1,0.013398
1,11068.000000,8932.000000,2,554.074394,125771.307863,281.255806,3.951251,4,0,1,0.021679
2,8558.000000,11442.000000,2,502.760933,189694.023636,479.078988,2.572294,4,0,1,0.032554
3,9401.000000,10599.000000,2,384.669185,131807.445215,285.047444,3.344425,4,0,1,0.023803
