generation,prey_fitness,predator_fitness,num_alive_end,avg_bb_size,var_bb_size,avg_shortest_dist,swarm_density_count,prey_neurons_connected_prey_retina,prey_neurons_connected_predator_retina,predator_neurons_connected_prey_retina,mutual_info
1,5949.000000,14051.000000,2,17044.807331,199665357.861891,56235.364484,0.297449,1,1,1,0.146496
1,6952.000000,13048.000000,2,14043.698164,186023484.838689,25547.697228,0.326117,1,1,1,0.123286
2,5985.000000,14015.000000,2,24060.154260,340386421.142452,56578.911218,0.312048,1,1,1,0.149178
3,6514.000000,13486.000000,2,12402.862109,97604920.553347,18507.551353,0.299240,1,1,1,0.174153
