generation,prey_fitness,predator_fitness,num_alive_end,avg_bb_size,var_bb_size,avg_shortest_dist,swarm_density_count,prey_neurons_connected_prey_retina,prey_neurons_connected_predator_retina,predator_neurons_connected_prey_retina,mutual_info
1,8464.000000,11536.000000,2,230.876888,32683.609198,206.008700,3.149083,2,1,1,0.029784
1,9236.000000,10764.000000,2,266.153645,65733.034677,147.685208,3.505747,2,1,1,0.033314
2,7833.000000,12167.000000,2,209.376564,41468.860873,178.384977,2.813971,2,1,1,0.042750
3,12475.000000,7525.000000,4,373.295000,42384.158546,57.421196,5.121256,2,1,1,0.012830
