generation,prey_fitness,predator_fitness,num_alive_end,avg_bb_size,var_bb_size,avg_shortest_dist,swarm_density_count,prey_neurons_connected_prey_retina,prey_neurons_connected_predator_retina,predator_neurons_connected_prey_retina,mutual_info
1,13504.000000,6496.000000,2,189.063404,16768.544221,42.214583,5.750625,2,1,1,0.116050
1,12421.000000,7579.000000,2,210.184659,22837.545195,34.526261,5.163472,2,1,1,0.035034
2,17928.000000,2072.000000,6,254.972225,14441.574432,15.972971,7.949150,2,1,1,0.027875
3,15134.000000,4866.000000,5,363.074292,32062.041502,33.372148,6.347330,2,1,1,0.012845
