generation,prey_fitness,predator_fitness,num_alive_end,avg_bb_size,var_bb_size,avg_shortest_dist,swarm_density_count,prey_neurons_connected_prey_retina,prey_neurons_connected_predator_retina,predator_neurons_connected_prey_retina,mutual_info
1,13424.000000,6576.000000,2,280.683089,34950.581599,33.853846,5.619215,2,1,1,0.011639
1,14422.000000,5578.000000,4,308.020710,22819.068025,30.101469,6.066254,2,1,1,0.026017
2,13118.000000,6882.000000,2,296.444345,49559.018060,34.564986,5.309349,2,1,1,0.023545
3,11293.000000,8707.000000,2,190.936020,33376.648004,33.588043,4.574635,2,1,1,0.160881
