generation,prey_fitness,predator_fitness,num_alive_end,avg_bb_size,var_bb_size,avg_shortest_dist,swarm_density_count,prey_neurons_connected_prey_retina,prey_neurons_connected_predator_retina,predator_neurons_connected_prey_retina,mutual_info
1,5952.000000,14048.000000,2,13573.080950,327430080.597745,36251.039409,0.373744,0,1,2,0.073332
1,6186.000000,13814.000000,2,35853.028687,1514043353.019809,80314.743653,0.285226,0,1,2,0.138488
2,6524.000000,13476.000000,2,73496.984350,829482127.700033,150103.980136,0.363266,0,1,2,0.118514
3,8165.000000,11835.000000,2,76934.664246,4579274341.333754,148927.945980,0.283128,0,1,2,0.131224
