generation,prey_fitness,predator_fitness,num_alive_end,avg_bb_size,var_bb_size,avg_shortest_dist,swarm_density_count,prey_neurons_connected_prey_retina,prey_neurons_connected_predator_retina,predator_neurons_connected_prey_retina,mutual_info
1,6286.000000,13714.000000,2,376.319193,282012.687196,404.434661,1.549448,1,1,1,0.043521
1,8630.000000,11370.000000,2,688.255536,246556.644965,803.064438,2.257114,1,1,1,0.036724
2,7670.000000,12330.000000,2,587.120735,432517.558913,552.797900,2.022153,1,1,1,0.036059
3,7316.000000,12684.000000,2,619.698721,524695.645276,463.840443,1.718013,1,1,1,0.052972
