generation,prey_fitness,predator_fitness,num_alive_end,avg_bb_size,var_bb_size,avg_shortest_dist,swarm_density_count,prey_neurons_connected_prey_retina,prey_neurons_connected_predator_retina,predator_neurons_connected_prey_retina,mutual_info
1,6222.000000,13778.000000,2,5666.645049,18205374.677568,10195.002956,0.422077,4,0,3,0.080007
1,6687.000000,13313.000000,2,4898.276289,36919277.182629,6594.772697,0.663188,4,0,3,0.143793
2,7391.000000,12609.000000,2,7728.188755,44042278.654611,9015.845392,0.506194,4,0,3,0.081560
3,6138.000000,13862.000000,2,8478.808317,87753430.505601,15821.439503,0.427812,4,0,3,0.155308
