generation,prey_fitness,predator_fitness,num_alive_end,avg_bb_size,var_bb_size,avg_shortest_dist,swarm_density_count,prey_neurons_connected_prey_retina,prey_neurons_connected_predator_retina,predator_neurons_connected_prey_retina,mutual_info
1,11270.000000,8730.000000,2,390.942082,77098.476222,128.500995,4.316288,2,0,1,0.020669
1,14052.000000,5948.000000,3,497.439437,80476.043790,75.118828,5.583010,2,0,1,0.015405
2,9410.000000,10590.000000,2,338.100137,94737.714334,192.632497,3.385128,2,0,1,0.019782
3,9396.000000,10604.000000,2,333.136157,93686.743029,200.522811,3.433553,2,0,1,0.023896
