generation,prey_fitness,predator_fitness,num_alive_end,avg_bb_size,var_bb_size,avg_shortest_dist,swarm_density_count,prey_neurons_connected_prey_retina,prey_neurons_connected_predator_retina,predator_neurons_connected_prey_retina,mutual_info
1,7099.000000,12901.000000,2,807.328064,802566.021550,835.692135,1.359115,3,3,6,0.049769
1,7303.000000,12697.000000,2,770.043211,686808.120296,893.408158,1.484755,3,3,6,0.079432
2,7262.000000,12738.000000,2,903.742953,734118.760558,1388.544867,1.316733,3,3,6,0.048710
3,6919.000000,13081.000000,2,616.242762,402584.535305,826.801308,1.501403,3,3,6,0.061033
