generation,prey_fitness,predator_fitness,num_alive_end,avg_bb_size,var_bb_size,avg_shortest_dist,swarm_density_count,prey_neurons_connected_prey_retina,prey_neurons_connected_predator_retina,predator_neurons_connected_prey_retina,mutual_info
1,6843.000000,13157.000000,2,30892.125110,181004882.033363,57801.008381,0.342085,1,0,2,0.073744
1,5975.000000,14025.000000,2,12054.369862,196603815.860414,23694.416982,0.319729,1,0,2,0.102574
2,6086.000000,13914.000000,2,16396.309554,170162670.652351,37018.908930,0.350832,1,0,2,0.108698
3,6971.000000,13029.000000,2,10792.349174,110212681.033714,13443.326492,0.323542,1,0,2,0.151602
