generation,prey_fitness,predator_fitness,num_alive_end,avg_bb_size,var_bb_size,avg_shortest_dist,swarm_density_count,prey_neurons_connected_prey_retina,prey_neurons_connected_predator_retina,predator_neurons_connected_prey_retina,mutual_info
1,7590.000000,12410.000000,2,451.736281,300263.411378,344.611198,2.020011,4,1,1,0.032298
1,6804.000000,13196.000000,2,396.618262,151082.254848,539.240163,1.722235,4,1,1,0.031696
2,10906.000000,9094.000000,2,868.460911,551284.501691,382.297041,2.838340,4,1,1,0.024445
3,6414.000000,13586.000000,2,304.127259,137662.550248,393.412698,1.737985,4,1,1,0.042675
