generation,prey_fitness,predator_fitness,num_alive_end,avg_bb_size,var_bb_size,avg_shortest_dist,swarm_density_count,prey_neurons_connected_prey_retina,prey_neurons_connected_predator_retina,predator_neurons_connected_prey_retina,mutual_info
1,7974.000000,12026.000000,2,711.880347,690264.906363,548.808248,1.765277,5,3,3,0.051445
1,6573.000000,13427.000000,2,535.538923,238114.129343,1045.384847,1.481313,5,3,3,0.088286
2,7916.000000,12084.000000,2,503.543822,303715.176713,455.024333,2.125183,5,3,3,0.027812
3,8078.000000,11922.000000,2,503.843569,226355.542738,493.428234,2.160249,5,3,3,0.041903
