generation,prey_fitness,predator_fitness,num_alive_end,avg_bb_size,var_bb_size,avg_shortest_dist,swarm_density_count,prey_neurons_connected_prey_retina,prey_neurons_connected_predator_retina,predator_neurons_connected_prey_retina,mutual_info
1,20000.000000,1.000000,10,0.000000,0.000000,0.000000,9.000000,0,0,1,0.000000
1,18934.000000,1066.000000,9,0.000000,0.000000,0.000000,8.467500,0,0,1,0.000044
2,16621.000000,3379.000000,8,0.000000,0.000000,0.000000,7.311500,0,0,1,0.005507
3,17178.000000,2822.000000,8,0.000000,0.000000,0.000000,7.590000,0,0,1,0.000294
