generation,prey_fitness,predator_fitness,num_alive_end,avg_bb_size,var_bb_size,avg_shortest_dist,swarm_density_count,prey_neurons_connected_prey_retina,prey_neurons_connected_predator_retina,predator_neurons_connected_prey_retina,mutual_info
1,15061.000000,4939.000000,4,1004.732181,315483.376424,92.179405,4.790960,1,5,2,0.074004
1,13480.000000,6520.000000,2,980.380246,436423.243075,191.496962,3.896915,1,5,2,0.048860
2,18615.000000,1385.000000,6,1280.307110,490469.994119,71.804533,5.913388,1,5,2,0.085726
3,12042.000000,7958.000000,2,668.008034,332255.696723,122.286330,3.993766,1,5,2,0.152984
