generation,prey_fitness,predator_fitness,num_alive_end,avg_bb_size,var_bb_size,avg_shortest_dist,swarm_density_count,prey_neurons_connected_prey_retina,prey_neurons_connected_predator_retina,predator_neurons_connected_prey_retina,mutual_info
1,6385.000000,13615.000000,2,1410.904697,3034379.817082,2226.437179,0.872526,4,1,5,0.057933
1,5560.000000,14440.000000,2,623.572794,670849.717959,1299.713968,1.191586,4,1,5,0.130825
2,6177.000000,13823.000000,2,893.793649,1756823.821014,1107.372181,0.971408,4,1,5,0.061959
3,5897.000000,14103.000000,2,1400.426901,4819571.949916,1614.324257,0.651657,4,1,5,0.094893
