generation,prey_fitness,predator_fitness,num_alive_end,avg_bb_size,var_bb_size,avg_shortest_dist,swarm_density_count,prey_neurons_connected_prey_retina,prey_neurons_connected_predator_retina,predator_neurons_connected_prey_retina,mutual_info
1,6578.000000,13422.000000,2,379.735857,230079.274368,430.318031,1.798073,4,3,1,0.022730
1,7710.000000,12290.000000,2,515.136726,288065.074203,672.823329,2.076503,4,3,1,0.036529
2,7412.000000,12588.000000,2,395.608636,145532.813660,408.422060,2.229885,4,3,1,0.035162
3,8227.000000,11773.000000,2,559.145429,190419.324695,644.098785,2.463715,4,3,1,0.025270
