generation,prey_fitness,predator_fitness,num_alive_end,avg_bb_size,var_bb_size,avg_shortest_dist,swarm_density_count,prey_neurons_connected_prey_retina,prey_neurons_connected_predator_retina,predator_neurons_connected_prey_retina,mutual_info
1,10115.000000,9885.000000,2,340.017269,123005.614702,151.884127,3.672609,1,1,3,0.025493
1,10476.000000,9524.000000,2,317.133029,72821.157872,121.270811,3.967963,1,1,3,0.025906
2,10063.000000,9937.000000,2,362.223334,64072.562548,168.101995,3.663591,1,1,3,0.019362
3,13704.000000,6296.000000,2,464.050447,82651.478867,76.031180,5.479072,1,1,3,0.015441
