generation,prey_fitness,predator_fitness,num_alive_end,avg_bb_size,var_bb_size,avg_shortest_dist,swarm_density_count,prey_neurons_connected_prey_retina,prey_neurons_connected_predator_retina,predator_neurons_connected_prey_retina,mutual_info
1,6276.000000,13724.000000,2,16196.911924,237657963.320948,23607.230122,0.267829,1,1,1,0.164900
1,6809.000000,13191.000000,2,18102.027416,380156669.918841,31869.675330,0.403126,1,1,1,0.125377
2,7806.000000,12194.000000,2,10381.862077,99140244.706706,14975.565757,0.411202,1,1,1,0.104814
3,6767.000000,13233.000000,2,15686.940558,93444656.579524,41950.570813,0.309745,1,1,1,0.142988
