generation,prey_fitness,predator_fitness,num_alive_end,avg_bb_size,var_bb_size,avg_shortest_dist,swarm_density_count,prey_neurons_connected_prey_retina,prey_neurons_connected_predator_retina,predator_neurons_connected_prey_retina,mutual_info
1,9577.000000,10423.000000,2,196.096873,27470.530403,70.339784,3.739321,1,4,1,0.023256
1,11395.000000,8605.000000,2,275.254249,40148.434540,76.116957,4.535861,1,4,1,0.036459
2,12386.000000,7614.000000,2,338.866193,65028.122674,92.181944,4.804214,1,4,1,0.017666
3,8919.000000,11081.000000,2,226.099446,70599.955864,81.684633,3.159135,1,4,1,0.025259
