generation,prey_fitness,predator_fitness,num_alive_end,avg_bb_size,var_bb_size,avg_shortest_dist,swarm_density_count,prey_neurons_connected_prey_retina,prey_neurons_connected_predator_retina,predator_neurons_connected_prey_retina,mutual_info
1,6998.000000,13002.000000,2,161.153037,32893.579101,155.151801,2.430374,3,2,1,0.091364
1,11135.000000,8865.000000,2,314.358421,64707.770911,123.686507,4.410417,3,2,1,0.060149
2,16303.000000,3697.000000,4,479.589533,44102.317228,46.878681,6.902902,3,2,1,0.020297
3,12890.000000,7110.000000,4,388.600090,29237.566163,55.570663,5.345984,3,2,1,0.013979
