generation,prey_fitness,predator_fitness,num_alive_end,avg_bb_size,var_bb_size,avg_shortest_dist,swarm_density_count,prey_neurons_connected_prey_retina,prey_neurons_connected_predator_retina,predator_neurons_connected_prey_retina,mutual_info
1,7348.000000,12652.000000,2,4125.002274,19701319.472321,7218.703243,0.616378,1,1,1,0.092747
1,7113.000000,12887.000000,2,2509.687631,6987475.153171,3677.542194,0.853521,1,1,1,0.071482
2,6305.000000,13695.000000,2,3280.367376,9797098.397968,5699.111106,0.435231,1,1,1,0.138879
3,5229.000000,14771.000000,2,5169.422729,21515577.648727,11528.340116,0.273983,1,1,1,0.099833
