generation,prey_fitness,predator_fitness,num_alive_end,avg_bb_size,var_bb_size,avg_shortest_dist,swarm_density_count,prey_neurons_connected_prey_retina,prey_neurons_connected_predator_retina,predator_neurons_connected_prey_retina,mutual_info
1,16482.000000,3518.000000,7,315.719273,21501.625688,31.747457,7.192000,3,6,1,0.302634
1,16997.000000,3003.000000,7,292.163805,31943.468918,24.976699,7.423961,3,6,1,0.408704
2,17171.000000,2829.000000,6,277.050122,18282.129845,21.489112,7.573958,3,6,1,0.355283
3,17595.000000,2405.000000,8,257.159668,13629.709366,21.307036,7.792972,3,6,1,0.520596
