generation,prey_fitness,predator_fitness,num_alive_end,avg_bb_size,var_bb_size,avg_shortest_dist,swarm_density_count,prey_neurons_connected_prey_retina,prey_neurons_connected_predator_retina,predator_neurons_connected_prey_retina,mutual_info
1,6695.000000,13305.000000,2,479.216851,210678.948780,544.546953,1.680974,1,0,1,0.028951
1,7329.000000,12671.000000,2,848.782489,981844.827850,972.069190,1.390010,1,0,1,0.052160
2,6728.000000,13272.000000,2,554.440760,290755.976365,992.624946,1.647412,1,0,1,0.040784
3,6952.000000,13048.000000,2,577.414946,441611.834047,696.200399,1.608152,1,0,1,0.042679
