generation,prey_fitness,predator_fitness,num_alive_end,avg_bb_size,var_bb_size,avg_shortest_dist,swarm_density_count,prey_neurons_connected_prey_retina,prey_neurons_connected_predator_retina,predator_neurons_connected_prey_retina,mutual_info
1,5203.000000,14797.000000,2,2134.971749,4730273.514399,6608.141476,0.302522,2,1,1,0.094720
1,6288.000000,13712.000000,2,8710.560724,64171774.735236,25889.587048,0.372773,2,1,1,0.060818
2,5667.000000,14333.000000,2,3736.302405,10953422.248648,12197.037251,0.412518,2,1,1,0.112099
3,6263.000000,13737.000000,2,3342.583329,11248458.586466,7324.798980,0.508017,2,1,1,0.096828
