generation,prey_fitness,predator_fitness,num_alive_end,avg_bb_size,var_bb_size,avg_shortest_dist,swarm_density_count,prey_neurons_connected_prey_retina,prey_neurons_connected_predator_retina,predator_neurons_connected_prey_retina,mutual_info
1,18760.000000,1240.000000,8,362.958524,17997.204883,24.759612,8.355169,1,2,1,0.019959
1,9475.000000,10525.000000,3,241.524640,27112.242651,80.345934,3.713100,1,2,1,0.049481
2,16688.000000,3312.000000,6,324.268419,15766.738642,25.263561,7.322711,1,2,1,0.021379
3,15839.000000,4161.000000,3,342.211743,24330.568198,35.596688,6.878022,1,2,1,0.017199
