generation,prey_fitness,predator_fitness,num_alive_end,avg_bb_size,var_bb_size,avg_shortest_dist,swarm_density_count,prey_neurons_connected_prey_retina,prey_neurons_connected_predator_retina,predator_neurons_connected_prey_retina,mutual_info
1,10100.000000,9900.000000,2,298.473278,80806.367766,140.708330,3.656857,2,1,2,0.028035
1,9626.000000,10374.000000,2,321.273141,81503.620662,135.257100,3.464046,2,1,2,0.028553
2,10583.000000,9417.000000,2,319.820586,52376.485627,185.674890,3.956095,2,1,2,0.023152
3,11740.000000,8260.000000,2,410.198344,85963.115963,141.146180,4.289236,2,1,2,0.030653
