generation,prey_fitness,predator_fitness,num_alive_end,avg_bb_size,var_bb_size,avg_shortest_dist,swarm_density_count,prey_neurons_connected_prey_retina,prey_neurons_connected_predator_retina,predator_neurons_connected_prey_retina,mutual_info
1,10236.000000,9764.000000,2,388.390418,92440.137585,258.326255,3.601493,2,0,1,0.026399
1,9022.000000,10978.000000,2,412.350727,94197.767057,418.358255,2.986172,2,0,1,0.033465
2,7456.000000,12544.000000,2,313.036849,104955.722892,367.521733,2.333826,2,0,1,0.038920
3,13755.000000,6245.000000,2,554.589202,95135.414392,111.279773,5.085755,2,0,1,0.023034
