generation,prey_fitness,predator_fitness,num_alive_end,avg_bb_size,var_bb_size,avg_shortest_dist,swarm_density_count,prey_neurons_connected_prey_retina,prey_neurons_connected_predator_retina,predator_neurons_connected_prey_retina,mutual_info
1,5966.000000,14034.000000,2,8816.919955,93201660.654235,15443.787481,0.273157,1,1,1,0.112308
1,6100.000000,13900.000000,2,4594.110110,52252361.505772,5426.297134,0.433876,1,1,1,0.071671
2,6430.000000,13570.000000,2,11523.152079,63976786.721029,33675.265214,0.291066,1,1,1,0.100048
3,7545.000000,12455.000000,2,6696.204445,96886358.406707,5758.897170,0.483565,1,1,1,0.090409
