generation,prey_fitness,predator_fitness,num_alive_end,avg_bb_size,var_bb_size,avg_shortest_dist,swarm_density_count,prey_neurons_connected_prey_retina,prey_neurons_connected_predator_retina,predator_neurons_connected_prey_retina,mutual_info
1,18291.000000,1709.000000,7,345.599804,15443.935941,22.792254,8.107102,1,1,1,0.007515
1,15790.000000,4210.000000,2,298.254797,19771.111584,38.276383,6.882829,1,1,1,0.016354
2,18520.000000,1480.000000,8,327.635960,15332.896322,19.442713,8.207189,1,1,1,0.014057
3,16107.000000,3893.000000,3,258.163172,13757.989405,22.630850,7.035473,1,1,1,0.027964
