generation,prey_fitness,predator_fitness,num_alive_end,avg_bb_size,var_bb_size,avg_shortest_dist,swarm_density_count,prey_neurons_connected_prey_retina,prey_neurons_connected_predator_retina,predator_neurons_connected_prey_retina,mutual_info
1,6300.000000,13700.000000,2,2957.781885,8438797.857189,6307.160025,0.399112,0,1,1,0.075214
1,6314.000000,13686.000000,2,2099.136901,6509893.121605,4475.660620,0.686551,0,1,1,0.082733
2,5906.000000,14094.000000,2,2277.701404,3455238.561000,5940.553647,0.476873,0,1,1,0.057499
3,5505.000000,14495.000000,2,1338.881819,2024095.911932,3704.717115,0.582584,0,1,1,0.086015
