generation,prey_fitness,predator_fitness,num_alive_end,avg_bb_size,var_bb_size,avg_shortest_dist,swarm_density_count,prey_neurons_connected_prey_retina,prey_neurons_connected_predator_retina,predator_neurons_connected_prey_retina,mutual_info
1,12711.000000,7289.000000,2,243.726303,29570.112311,37.959780,5.249076,2,1,2,0.018171
1,11353.000000,8647.000000,2,283.802335,38185.792650,82.130745,4.388157,2,1,2,0.015258
2,11479.000000,8521.000000,2,299.041607,49393.919564,135.814575,4.346904,2,1,2,0.013072
3,14090.000000,5910.000000,3,359.040318,50070.783059,35.209670,5.612739,2,1,2,0.011665
