generation,prey_fitness,predator_fitness,num_alive_end,avg_bb_size,var_bb_size,avg_shortest_dist,swarm_density_count,prey_neurons_connected_prey_retina,prey_neurons_connected_predator_retina,predator_neurons_connected_prey_retina,mutual_info
1,6274.000000,13726.000000,2,614.230162,564498.363767,833.571704,1.226742,2,1,2,0.078242
1,5868.000000,14132.000000,2,721.907069,366817.516959,1448.082282,1.131055,2,1,2,0.069345
2,7804.000000,12196.000000,2,1005.815455,1153732.901776,955.100713,1.595221,2,1,2,0.049446
3,6903.000000,13097.000000,2,663.250700,683418.541222,723.111960,1.490475,2,1,2,0.048434
