generation,prey_fitness,predator_fitness,num_alive_end,avg_bb_size,var_bb_size,avg_shortest_dist,swarm_density_count,prey_neurons_connected_prey_retina,prey_neurons_connected_predator_retina,predator_neurons_connected_prey_retina,mutual_info
1,6621.000000,13379.000000,2,7751.588014,23841385.410761,14229.169953,0.410414,0,5,1,0.132171
1,6979.000000,13021.000000,2,15023.667955,105486971.405278,65870.903068,0.415333,0,5,1,0.116987
2,5903.000000,14097.000000,2,3791.314607,7330086.618692,18289.165831,0.461892,0,5,1,0.123703
3,6579.000000,13421.000000,2,6125.269708,41077469.246179,9087.813644,0.308392,0,5,1,0.089823
