generation,prey_fitness,predator_fitness,num_alive_end,avg_bb_size,var_bb_size,avg_shortest_dist,swarm_density_count,prey_neurons_connected_prey_retina,prey_neurons_connected_predator_retina,predator_neurons_connected_prey_retina,mutual_info
1,7971.000000,12029.000000,2,3223.523718,6681786.091721,4195.672720,0.746592,1,4,1,0.061951
1,6632.000000,13368.000000,2,2732.930774,6431629.795914,4300.488102,0.587059,1,4,1,0.074893
2,5915.000000,14085.000000,2,3639.510222,8335724.057828,10259.369592,0.351183,1,4,1,0.071231
3,6235.000000,13765.000000,2,1912.110432,4424678.013149,3002.417094,0.582402,1,4,1,0.105587
