generation,prey_fitness,predator_fitness,num_alive_end,avg_bb_size,var_bb_size,avg_shortest_dist,swarm_density_count,prey_neurons_connected_prey_retina,prey_neurons_connected_predator_retina,predator_neurons_connected_prey_retina,mutual_info
1,13453.000000,6547.000000,2,647.404791,134920.258911,220.484181,5.072208,3,4,1,0.017131
1,9799.000000,10201.000000,2,468.422796,164952.712317,319.709882,3.318960,3,4,1,0.023281
2,7275.000000,12725.000000,2,375.976944,134329.122131,484.386912,2.183987,3,4,1,0.034323
3,8408.000000,11592.000000,2,349.071890,85668.336487,487.548875,2.835871,3,4,1,0.036366
