generation,prey_fitness,predator_fitness,num_alive_end,avg_bb_size,var_bb_size,avg_shortest_dist,swarm_density_count,prey_neurons_connected_prey_retina,prey_neurons_connected_predator_retina,predator_neurons_connected_prey_retina,mutual_info
1,9671.000000,10329.000000,2,611.306886,323643.657689,294.474946,2.681859,1,0,1,0.030495
1,6806.000000,13194.000000,2,435.783184,232304.405669,613.075510,1.787678,1,0,1,0.048090
2,7891.000000,12109.000000,2,459.941234,329650.662863,324.992624,2.201938,1,0,1,0.030496
3,8209.000000,11791.000000,2,499.502865,338383.277947,298.647773,2.255819,1,0,1,0.031722
