generation,prey_fitness,predator_fitness,num_alive_end,avg_bb_size,var_bb_size,avg_shortest_dist,swarm_density_count,prey_neurons_connected_prey_retina,prey_neurons_connected_predator_retina,predator_neurons_connected_prey_retina,mutual_info
1,5099.000000,14901.000000,2,3820.519723,14932708.672178,7970.645998,0.241148,1,0,1,0.150159
1,6268.000000,13732.000000,2,5559.366011,27823778.353703,10204.042372,0.381947,1,0,1,0.099171
2,5466.000000,14534.000000,2,2392.885912,9898464.174979,3498.349689,0.382231,1,0,1,0.064191
3,6166.000000,13834.000000,2,25461.594000,246758881.633515,48989.749763,0.262896,1,0,1,0.081681
