generation,prey_fitness,predator_fitness,num_alive_end,avg_bb_size,var_bb_size,avg_shortest_dist,swarm_density_count,prey_neurons_connected_prey_retina,prey_neurons_connected_predator_retina,predator_neurons_connected_prey_retina,mutual_info
1,7288.000000,12712.000000,2,51180.286726,1530654186.739152,117745.357670,0.305627,3,1,1,0.077591
1,7868.000000,12132.000000,2,92744.718734,4485493304.399274,73788.699412,0.297893,3,1,1,0.092828
2,9692.000000,10308.000000,3,100100.765819,4150999239.401252,35011.908677,0.369048,3,1,1,0.053112
3,7167.000000,12833.000000,2,42095.118598,2252002529.617998,39208.943448,0.454419,3,1,1,0.109892
