generation,prey_fitness,predator_fitness,num_alive_end,avg_bb_size,var_bb_size,avg_shortest_dist,swarm_density_count,prey_neurons_connected_prey_retina,prey_neurons_connected_predator_retina,predator_neurons_connected_prey_retina,mutual_info
1,10085.000000,9915.000000,2,663.686191,281839.680709,526.430041,2.926958,3,1,1,0.038993
1,7953.000000,12047.000000,2,377.206694,140479.277951,367.687631,2.262513,3,1,1,0.050118
2,7767.000000,12233.000000,2,386.885886,96616.248138,648.936902,2.364894,3,1,1,0.030574
3,9707.000000,10293.000000,2,568.078805,236329.660090,449.914203,2.811779,3,1,1,0.034244
