generation,prey_fitness,predator_fitness,num_alive_end,avg_bb_size,var_bb_size,avg_shortest_dist,swarm_density_count,prey_neurons_connected_prey_retina,prey_neurons_connected_predator_retina,predator_neurons_connected_prey_retina,mutual_info
1,8812.000000,11188.000000,2,191.317173,31072.267354,97.870044,3.372143,3,3,1,0.043424
1,12504.000000,7496.000000,2,302.564269,47162.102795,50.238419,4.987427,3,3,1,0.018298
2,15232.000000,4768.000000,3,441.759777,76702.889188,43.842707,6.031993,3,3,1,0.025678
3,9585.000000,10415.000000,2,273.843374,35493.378236,119.751608,3.667362,3,3,1,0.018297
