generation,prey_fitness,predator_fitness,num_alive_end,avg_bb_size,var_bb_size,avg_shortest_dist,swarm_density_count,prey_neurons_connected_prey_retina,prey_neurons_connected_predator_retina,predator_neurons_connected_prey_retina,mutual_info
1,7043.000000,12957.000000,2,34392.543376,348549639.379531,85694.524187,0.299996,0,0,1,0.113547
1,5748.000000,14252.000000,2,7659.973080,111205944.791273,17794.036982,0.322617,0,0,1,0.058758
2,5939.000000,14061.000000,2,21995.064458,245310632.121022,64870.347536,0.394519,0,0,1,0.088338
3,12812.000000,7188.000000,3,92266.337574,1888751800.261434,20538.001641,0.376661,0,0,1,0.053013
