generation,prey_fitness,predator_fitness,num_alive_end,avg_bb_size,var_bb_size,avg_shortest_dist,swarm_density_count,prey_neurons_connected_prey_retina,prey_neurons_connected_predator_retina,predator_neurons_connected_prey_retina,mutual_info
1,5503.000000,14497.000000,2,1501.101990,1805732.918603,2929.884489,0.461352,2,3,5,0.130834
1,6918.000000,13082.000000,2,1437.875693,2536198.253720,2238.479390,0.834544,2,3,5,0.073718
2,6918.000000,13082.000000,2,1465.905835,2035601.867821,1694.390291,0.780845,2,3,5,0.094338
3,6328.000000,13672.000000,2,2026.502214,2817763.852601,3915.335277,0.690792,2,3,5,0.068614
