generation,prey_fitness,predator_fitness,num_alive_end,avg_bb_size,var_bb_size,avg_shortest_dist,swarm_density_count,prey_neurons_connected_prey_retina,prey_neurons_connected_predator_retina,predator_neurons_connected_prey_retina,mutual_info
1,8264.000000,11736.000000,2,331.655203,136236.536170,291.024061,2.776154,1,3,1,0.048463
1,9158.000000,10842.000000,2,475.709141,353232.272501,206.070105,2.937488,1,3,1,0.014486
2,9955.000000,10045.000000,2,390.103927,98158.948177,220.577078,3.593351,1,3,1,0.025443
3,7586.000000,12414.000000,2,347.103182,147508.465726,327.315830,2.290581,1,3,1,0.033512
