generation,prey_fitness,predator_fitness,num_alive_end,avg_bb_size,var_bb_size,avg_shortest_dist,swarm_density_count,prey_neurons_connected_prey_retina,prey_neurons_connected_predator_retina,predator_neurons_connected_prey_retina,mutual_info
1,10145.000000,9855.000000,2,352.920840,83587.512017,125.715375,3.925512,2,0,1,0.019210
1,9872.000000,10128.000000,2,313.487210,84086.052165,115.663195,3.767907,2,0,1,0.028341
2,14438.000000,5562.000000,2,518.346767,63127.021129,66.478266,5.951762,2,0,1,0.018124
3,12148.000000,7852.000000,2,434.000309,67300.303639,142.360115,4.921624,2,0,1,0.012199
