generation,prey_fitness,predator_fitness,num_alive_end,avg_bb_size,var_bb_size,avg_shortest_dist,swarm_density_count,prey_neurons_connected_prey_retina,prey_neurons_connected_predator_retina,predator_neurons_connected_prey_retina,mutual_info
1,6287.000000,13713.000000,2,436.674698,258705.102377,633.900082,1.550240,3,1,2,0.051722
1,5772.000000,14228.000000,2,748.426555,546370.060617,1355.822501,0.977458,3,1,2,0.037011
2,5782.000000,14218.000000,2,567.869064,371676.052197,1084.740136,1.068910,3,1,2,0.034504
3,8032.000000,11968.000000,2,1527.796514,1441973.923195,2621.631747,1.658787,3,1,2,0.042053
