generation,prey_fitness,predator_fitness,num_alive_end,avg_bb_size,var_bb_size,avg_shortest_dist,swarm_density_count,prey_neurons_connected_prey_retina,prey_neurons_connected_predator_retina,predator_neurons_connected_prey_retina,mutual_info
1,6517.000000,13483.000000,2,18672.693983,199025207.891426,35479.045728,0.310526,2,3,1,0.199194
1,6453.000000,13547.000000,2,49608.869682,1864757813.570182,156671.930416,0.330082,2,3,1,0.204038
2,7370.000000,12630.000000,2,36368.567902,2288264031.705020,55623.070163,0.439302,2,3,1,0.203945
3,7125.000000,12875.000000,2,21878.049507,220649961.371557,33707.282302,0.318394,2,3,1,0.214645
