generation,prey_fitness,predator_fitness,num_alive_end,avg_bb_size,var_bb_size,avg_shortest_dist,swarm_density_count,prey_neurons_connected_prey_retina,prey_neurons_connected_predator_retina,predator_neurons_connected_prey_retina,mutual_info
1,6849.000000,13151.000000,2,1835.831192,1397192.279662,4902.503986,1.222631,3,3,3,0.053568
1,7673.000000,12327.000000,2,823.100740,422076.995589,980.991138,1.840811,3,3,3,0.057398
2,9442.000000,10558.000000,2,1129.440779,1062356.353646,891.201584,2.003349,3,3,3,0.046045
3,7729.000000,12271.000000,2,697.585981,370233.627532,774.598662,1.894539,3,3,3,0.073673
