generation,prey_fitness,predator_fitness,num_alive_end,avg_bb_size,var_bb_size,avg_shortest_dist,swarm_density_count,prey_neurons_connected_prey_retina,prey_neurons_connected_predator_retina,predator_neurons_connected_prey_retina,mutual_info
1,6215.000000,13785.000000,2,77457.440191,5034620817.145917,181248.375530,0.343371,1,1,1,0.099234
1,6559.000000,13441.000000,2,16804.062144,165548775.607102,56367.984804,0.420180,1,1,1,0.143423
2,6331.000000,13669.000000,2,9907.919714,331172166.356650,8444.835991,0.335735,1,1,1,0.092908
3,5736.000000,14264.000000,2,31645.534237,765599151.507349,84725.574831,0.281759,1,1,1,0.105055
