generation,prey_fitness,predator_fitness,num_alive_end,avg_bb_size,var_bb_size,avg_shortest_dist,swarm_density_count,prey_neurons_connected_prey_retina,prey_neurons_connected_predator_retina,predator_neurons_connected_prey_retina,mutual_info
1,10752.000000,19248.000000,2,9177.345902,60252648.731917,8433.657901,0.759037,2,1,3,0.064483
1,9296.000000,20704.000000,2,17593.819209,147319344.000900,35390.812812,0.736706,2,1,3,0.120541
2,10728.000000,19272.000000,2,16015.309207,124645417.599890,19693.271214,0.663596,2,1,3,0.103902
3,10344.000000,19656.000000,2,20948.255139,193839386.066020,32875.596867,0.564170,2,1,3,0.089527
