generation,prey_fitness,predator_fitness,num_alive_end,avg_bb_size,var_bb_size,avg_shortest_dist,swarm_density_count,prey_neurons_connected_prey_retina,prey_neurons_connected_predator_retina,predator_neurons_connected_prey_retina,mutual_info
1,10492.000000,19508.000000,2,19840.845147,151356646.912613,24393.367583,0.555510,0,1,2,0.087316
1,12359.000000,17641.000000,2,15360.839189,268555177.898236,3621.869593,0.740590,0,1,2,0.089342
2,10398.000000,19602.000000,2,9804.959675,106089422.059917,8807.929024,0.523365,0,1,2,0.063943
3,9796.000000,20204.000000,2,7377.842390,49270669.604324,7237.725172,0.750125,0,1,2,0.111883
