generation,prey_fitness,predator_fitness,num_alive_end,avg_bb_size,var_bb_size,avg_shortest_dist,swarm_density_count,prey_neurons_connected_prey_retina,prey_neurons_connected_predator_retina,predator_neurons_connected_prey_retina,mutual_info
1,9482.000000,20518.000000,2,9558.644469,48442909.164272,14891.468950,0.664798,1,2,2,0.137869
1,8227.000000,21773.000000,2,10710.192181,54276819.015883,53653.614387,0.743777,1,2,2,0.153867
2,9407.000000,20593.000000,2,7053.797529,34485518.602926,10169.241831,0.621362,1,2,2,0.072440
3,11055.000000,18945.000000,2,22448.182833,299387338.200520,24050.286424,0.650098,1,2,2,0.087791
