generation,prey_fitness,predator_fitness,num_alive_end,avg_bb_size,var_bb_size,avg_shortest_dist,swarm_density_count,prey_neurons_connected_prey_retina,prey_neurons_connected_predator_retina,predator_neurons_connected_prey_retina,mutual_info
1,9140.000000,20860.000000,2,83143.061841,995892877.460346,138963.513524,0.576927,3,0,1,0.115322
1,10658.000000,19342.000000,2,58270.254607,774055242.899466,86445.801602,0.469510,3,0,1,0.114765
2,15315.000000,14685.000000,2,58726.006357,2007842966.089884,9357.885773,0.626736,3,0,1,0.052447
3,10769.000000,19231.000000,2,50968.395614,1476857112.131741,45845.915869,0.529548,3,0,1,0.094752
