generation,prey_fitness,predator_fitness,num_alive_end,avg_bb_size,var_bb_size,avg_shortest_dist,swarm_density_count,prey_neurons_connected_prey_retina,prey_neurons_connected_predator_retina,predator_neurons_connected_prey_retina,mutual_info
1,10534.000000,19466.000000,2,10805.041310,127438561.966314,5846.206485,0.729585,3,1,1,0.088708
1,9397.000000,20603.000000,2,9916.594469,46778290.483542,21535.495901,0.620679,3,1,1,0.087426
2,10676.000000,19324.000000,2,12727.519526,238371499.302054,5437.312110,0.542765,3,1,1,0.081190
3,9225.000000,20775.000000,2,7722.011276,104755532.727967,4611.399014,0.515727,3,1,1,0.063179
