generation,prey_fitness,predator_fitness,num_alive_end,avg_bb_size,var_bb_size,avg_shortest_dist,swarm_density_count,prey_neurons_connected_prey_retina,prey_neurons_connected_predator_retina,predator_neurons_connected_prey_retina,mutual_info
1,12198.000000,17802.000000,3,69082.850316,1012683630.404868,31700.852266,0.488782,1,1,1,0.080185
1,10346.000000,19654.000000,2,33338.425341,863702104.950179,23043.306187,0.441076,1,1,1,0.208442
2,12544.000000,17456.000000,2,160955.358629,7295939485.171164,21013.233816,0.483678,1,1,1,0.051542
3,10536.000000,19464.000000,2,52425.914601,4145125970.014043,14372.407860,0.761263,1,1,1,0.082056
