generation,prey_fitness,predator_fitness,num_alive_end,avg_bb_size,var_bb_size,avg_shortest_dist,swarm_density_count,prey_neurons_connected_prey_retina,prey_neurons_connected_predator_retina,predator_neurons_connected_prey_retina,mutual_info
1,11900.000000,18100.000000,2,26870.628409,549729789.219301,10054.515173,0.648545,0,1,4,0.108960
1,9857.000000,20143.000000,2,27694.621569,196628358.752512,37591.349249,0.516070,0,1,4,0.082097
2,12297.000000,17703.000000,2,55530.040090,1290037236.478217,53776.575082,0.567129,0,1,4,0.056785
3,10403.000000,19597.000000,2,30781.927408,693058889.200860,22775.945614,0.578511,0,1,4,0.120891
