generation,prey_fitness,predator_fitness,num_alive_end,avg_bb_size,var_bb_size,avg_shortest_dist,swarm_density_count,prey_neurons_connected_prey_retina,prey_neurons_connected_predator_retina,predator_neurons_connected_prey_retina,mutual_info
1,9326.000000,20674.000000,2,9241.359034,55254140.387802,9577.281958,0.602387,4,5,1,0.078078
1,11112.000000,18888.000000,2,9567.462542,88539741.169355,4496.915862,0.558719,4,5,1,0.119395
2,11015.000000,18985.000000,2,13926.148247,80574806.806552,18218.090628,0.616636,4,5,1,0.087736
3,9303.000000,20697.000000,2,5445.060178,44541971.705962,4374.187209,0.618527,4,5,1,0.112893
