generation,prey_fitness,predator_fitness,num_alive_end,avg_bb_size,var_bb_size,avg_shortest_dist,swarm_density_count,prey_neurons_connected_prey_retina,prey_neurons_connected_predator_retina,predator_neurons_connected_prey_retina,mutual_info
1,11083.000000,18917.000000,2,15095.174779,82024550.449712,32340.792342,0.593018,3,3,1,0.104758
1,10663.000000,19337.000000,2,20158.862902,142512473.377403,20749.683894,0.525022,3,3,1,0.138531
2,8553.000000,21447.000000,2,7090.209597,72720618.739337,8679.224292,0.491146,3,3,1,0.075670
3,10691.000000,19309.000000,2,13437.141640,203670901.263604,4789.264713,0.725410,3,3,1,0.071142
