generation,prey_fitness,predator_fitness,num_alive_end,avg_bb_size,var_bb_size,avg_shortest_dist,swarm_density_count,prey_neurons_connected_prey_retina,prey_neurons_connected_predator_retina,predator_neurons_connected_prey_retina,mutual_info
1,13604.000000,16396.000000,5,54115.229611,1613970463.320797,9276.419253,0.684950,2,1,1,0.032633
1,13351.000000,16649.000000,2,48879.350180,974733859.554100,44516.193821,0.799273,2,1,1,0.032684
2,10293.000000,19707.000000,2,12765.563108,97485354.408403,14032.938273,0.751280,2,1,1,0.110521
3,11014.000000,18986.000000,2,13405.336969,252596391.253280,4267.726463,0.888060,2,1,1,0.063061
