generation,prey_fitness,predator_fitness,num_alive_end,avg_bb_size,var_bb_size,avg_shortest_dist,swarm_density_count,prey_neurons_connected_prey_retina,prey_neurons_connected_predator_retina,predator_neurons_connected_prey_retina,mutual_info
1,10102.000000,19898.000000,2,9183.290738,108261557.062341,5789.673852,0.858686,2,1,3,0.095662
1,11174.000000,18826.000000,2,10551.632945,112236561.846958,7931.510555,0.692216,2,1,3,0.104299
2,10766.000000,19234.000000,2,17419.453486,104548913.384662,18142.480365,0.627489,2,1,3,0.131636
3,10281.000000,19719.000000,2,7385.800111,65057542.924986,4614.792551,0.741636,2,1,3,0.108652
