generation,prey_fitness,predator_fitness,num_alive_end,avg_bb_size,var_bb_size,avg_shortest_dist,swarm_density_count,prey_neurons_connected_prey_retina,prey_neurons_connected_predator_retina,predator_neurons_connected_prey_retina,mutual_info
1,26747.000000,3253.000000,13,0.000000,0.000000,0.000000,12.374500,0,0,1,0.000161
1,26424.000000,3576.000000,12,0.000000,0.000000,0.000000,12.213500,0,0,1,0.000066
2,26560.000000,3440.000000,10,0.000000,0.000000,0.000000,12.282500,0,0,1,0.000130
3,30000.000000,1.000000,15,0.000000,0.000000,0.000000,14.000000,0,0,1,0.000000
