generation,prey_fitness,predator_fitness,num_alive_end,avg_bb_size,var_bb_size,avg_shortest_dist,swarm_density_count,prey_neurons_connected_prey_retina,prey_neurons_connected_predator_retina,predator_neurons_connected_prey_retina,mutual_info
1,10233.000000,19767.000000,2,18437.564654,370851033.109280,13895.721421,0.614952,1,0,1,0.109416
1,14548.000000,15452.000000,4,65591.225608,991264439.683826,12720.605450,0.667940,1,0,1,0.050112
2,10223.000000,19777.000000,2,25557.536081,375759615.850714,30539.875981,0.627441,1,0,1,0.103923
3,11316.000000,18684.000000,2,38487.980547,1380869131.408882,18634.990163,0.588017,1,0,1,0.052508
