generation,prey_fitness,predator_fitness,num_alive_end,avg_bb_size,var_bb_size,avg_shortest_dist,swarm_density_count,prey_neurons_connected_prey_retina,prey_neurons_connected_predator_retina,predator_neurons_connected_prey_retina,mutual_info
1,10957.000000,19043.000000,2,18119.914605,242276369.288026,8923.120234,0.507459,0,1,1,0.089646
1,10064.000000,19936.000000,2,26245.323446,666099108.137483,31923.744668,0.454195,0,1,1,0.083489
2,12249.000000,17751.000000,2,28463.403409,799424477.795395,15186.938566,0.546673,0,1,1,0.088642
3,13444.000000,16556.000000,2,27263.574833,383690417.540077,13440.136564,0.533949,0,1,1,0.074342
