generation,prey_fitness,predator_fitness,num_alive_end,avg_bb_size,var_bb_size,avg_shortest_dist,swarm_density_count,prey_neurons_connected_prey_retina,prey_neurons_connected_predator_retina,predator_neurons_connected_prey_retina,mutual_info
1,10285.000000,19715.000000,2,9725.103113,34492856.901627,13298.949221,0.601316,0,1,1,0.067186
1,8752.000000,21248.000000,2,13481.077797,76815660.848410,25903.584203,0.595916,0,1,1,0.115248
2,9689.000000,20311.000000,2,28903.606594,174735918.234302,41455.732841,0.475747,0,1,1,0.069661
3,9043.000000,20957.000000,2,27929.610516,319785289.788469,54158.659831,0.610094,0,1,1,0.069680
