generation,prey_fitness,predator_fitness,num_alive_end,avg_bb_size,var_bb_size,avg_shortest_dist,swarm_density_count,prey_neurons_connected_prey_retina,prey_neurons_connected_predator_retina,predator_neurons_connected_prey_retina,mutual_info
1,10303.000000,19697.000000,2,18196.235402,233982331.328790,17978.837248,0.641114,1,2,3,0.067634
1,9846.000000,20154.000000,2,34863.212312,550244673.566758,43957.491585,0.499140,1,2,3,0.096941
2,10958.000000,19042.000000,2,29366.118984,333785944.169405,29672.315208,0.497404,1,2,3,0.074229
3,10678.000000,19322.000000,2,23616.550741,404728280.956788,15642.059131,0.562938,1,2,3,0.076702
