generation,prey_fitness,predator_fitness,num_alive_end,avg_bb_size,var_bb_size,avg_shortest_dist,swarm_density_count,prey_neurons_connected_prey_retina,prey_neurons_connected_predator_retina,predator_neurons_connected_prey_retina,mutual_info
1,9490.000000,20510.000000,2,4320.308020,12428903.898129,6692.320490,0.940858,2,4,1,0.069850
1,10240.000000,19760.000000,2,4604.846536,28253624.427904,2574.501348,0.950068,2,4,1,0.088239
2,9794.000000,20206.000000,2,4089.987407,10565442.556310,6514.313998,1.104974,2,4,1,0.045457
3,8893.000000,21107.000000,2,2295.663930,4969064.167505,2838.791228,1.174380,2,4,1,0.052879
