generation,prey_fitness,predator_fitness,num_alive_end,avg_bb_size,var_bb_size,avg_shortest_dist,swarm_density_count,prey_neurons_connected_prey_retina,prey_neurons_connected_predator_retina,predator_neurons_connected_prey_retina,mutual_info
1,11164.000000,18836.000000,2,33893.785165,1825700576.766499,9565.595531,0.546472,1,4,1,0.076345
1,12258.000000,17742.000000,2,31871.565436,840130105.752137,24391.635711,0.587426,1,4,1,0.071833
2,8377.000000,21623.000000,2,13142.334243,61953557.402391,36844.228288,0.482000,1,4,1,0.114997
3,11727.000000,18273.000000,2,47273.787507,534764168.357590,58790.558548,0.533913,1,4,1,0.097203
