generation,prey_fitness,predator_fitness,num_alive_end,avg_bb_size,var_bb_size,avg_shortest_dist,swarm_density_count,prey_neurons_connected_prey_retina,prey_neurons_connected_predator_retina,predator_neurons_connected_prey_retina,mutual_info
1,12279.000000,17721.000000,2,27223.576746,149859678.220189,24297.369611,0.569508,0,3,1,0.061433
1,13148.000000,16852.000000,2,37823.466303,450984606.203943,47130.071135,0.551307,0,3,1,0.063345
2,11185.000000,18815.000000,2,36588.761300,949931838.577715,15475.020548,0.418716,0,3,1,0.084508
3,9188.000000,20812.000000,2,18258.726702,121639513.246385,30657.313625,0.458245,0,3,1,0.078815
