generation,prey_fitness,predator_fitness,num_alive_end,avg_bb_size,var_bb_size,avg_shortest_dist,swarm_density_count,prey_neurons_connected_prey_retina,prey_neurons_connected_predator_retina,predator_neurons_connected_prey_retina,mutual_info
1,10102.000000,19898.000000,2,25684.321047,1174492224.069013,30867.788814,0.485960,1,0,4,0.179621
1,15341.000000,14659.000000,5,145569.819130,3049684868.731592,24815.377508,0.544981,1,0,4,0.047391
2,13844.000000,16156.000000,2,87843.931655,3198745732.243065,23848.044946,0.457206,1,0,4,0.037774
3,9755.000000,20245.000000,2,49939.752472,3033904843.135003,20338.989396,0.401099,1,0,4,0.089114
