generation,prey_fitness,predator_fitness,num_alive_end,avg_bb_size,var_bb_size,avg_shortest_dist,swarm_density_count,prey_neurons_connected_prey_retina,prey_neurons_connected_predator_retina,predator_neurons_connected_prey_retina,mutual_info
1,10156.000000,19844.000000,2,86878.537295,1185952408.167807,137434.703201,0.474584,1,5,1,0.078192
1,10749.000000,19251.000000,2,48419.510724,1104841606.088297,70818.079831,0.504014,1,5,1,0.091151
2,9670.000000,20330.000000,2,50255.617562,1222036806.663373,80284.061394,0.494492,1,5,1,0.073995
3,8451.000000,21549.000000,2,33477.347420,1472085286.015399,80749.873493,0.475398,1,5,1,0.090210
