generation,prey_fitness,predator_fitness,num_alive_end,avg_bb_size,var_bb_size,avg_shortest_dist,swarm_density_count,prey_neurons_connected_prey_retina,prey_neurons_connected_predator_retina,predator_neurons_connected_prey_retina,mutual_info
1,12253.000000,17747.000000,3,39913.984738,1375970658.120226,9682.714635,0.628503,1,0,1,0.062798
1,9525.000000,20475.000000,2,29413.977606,1171952435.611044,18704.666370,0.418338,1,0,1,0.132458
2,8302.000000,21698.000000,2,22028.332060,282140021.148652,27909.642653,0.532679,1,0,1,0.085952
3,11498.000000,18502.000000,2,45100.449677,1883462742.331413,14727.561909,0.519356,1,0,1,0.064824
