generation,prey_fitness,predator_fitness,num_alive_end,avg_bb_size,var_bb_size,avg_shortest_dist,swarm_density_count,prey_neurons_connected_prey_retina,prey_neurons_connected_predator_retina,predator_neurons_connected_prey_retina,mutual_info
1,9364.000000,20636.000000,2,6480.738498,37993448.621104,5007.449936,0.660154,0,2,1,0.074731
1,12487.000000,17513.000000,2,17171.149089,293075376.487880,7808.481332,0.642141,0,2,1,0.066435
2,11075.000000,18925.000000,2,11119.157758,201460867.766295,4002.218505,0.841112,0,2,1,0.072274
3,9917.000000,20083.000000,2,8122.729554,73874054.481104,5337.066835,0.639620,0,2,1,0.104307
