generation,prey_fitness,predator_fitness,num_alive_end,avg_bb_size,var_bb_size,avg_shortest_dist,swarm_density_count,prey_neurons_connected_prey_retina,prey_neurons_connected_predator_retina,predator_neurons_connected_prey_retina,mutual_info
1,9408.000000,20592.000000,2,16657.597923,317883321.822814,17856.493548,0.451913,1,0,1,0.069744
1,10587.000000,19413.000000,2,23217.204343,406365158.310544,13706.687047,0.508893,1,0,1,0.132455
2,9181.000000,20819.000000,2,10402.865171,68485122.471307,24234.796319,0.611021,1,0,1,0.061866
3,10582.000000,19418.000000,2,25335.072035,346969881.776787,30138.298661,0.585550,1,0,1,0.054632
