generation,prey_fitness,predator_fitness,num_alive_end,avg_bb_size,var_bb_size,avg_shortest_dist,swarm_density_count,prey_neurons_connected_prey_retina,prey_neurons_connected_predator_retina,predator_neurons_connected_prey_retina,mutual_info
1,12815.000000,17185.000000,2,69476.470866,2492167238.128386,37087.951461,0.466206,1,1,1,0.034358
1,12144.000000,17856.000000,2,71825.567134,805007697.094217,85116.019037,0.416659,1,1,1,0.052889
2,11454.000000,18546.000000,2,45315.211737,2134415018.174993,22236.330473,0.436125,1,1,1,0.060992
3,15874.000000,14126.000000,2,118626.900081,4083887888.794095,81983.249216,0.567816,1,1,1,0.070515
