generation,prey_fitness,predator_fitness,num_alive_end,avg_bb_size,var_bb_size,avg_shortest_dist,swarm_density_count,prey_neurons_connected_prey_retina,prey_neurons_connected_predator_retina,predator_neurons_connected_prey_retina,mutual_info
1,10611.000000,19389.000000,2,19803.423093,548656545.896131,12667.641394,0.539279,1,1,1,0.076904
1,11310.000000,18690.000000,2,36726.094134,1170560209.005617,42506.570281,0.534690,1,1,1,0.095294
2,10629.000000,19371.000000,2,29664.944449,612217174.021965,26246.753845,0.724715,1,1,1,0.098372
3,11597.000000,18403.000000,2,44306.609214,375927086.344604,51962.268541,0.492165,1,1,1,0.085993
