generation,prey_fitness,predator_fitness,num_alive_end,avg_bb_size,var_bb_size,avg_shortest_dist,swarm_density_count,prey_neurons_connected_prey_retina,prey_neurons_connected_predator_retina,predator_neurons_connected_prey_retina,mutual_info
1,9266.000000,20734.000000,2,14424.416423,56132516.950968,23086.915773,0.665302,7,2,1,0.059102
1,12209.000000,17791.000000,2,12076.025068,108180240.323015,5553.279312,0.757394,7,2,1,0.078245
2,9970.000000,20030.000000,2,8221.746657,42915078.201942,12047.160572,0.867499,7,2,1,0.133002
3,9533.000000,20467.000000,2,11326.710355,80805924.741239,35352.350081,0.675966,7,2,1,0.081203
