generation,prey_fitness,predator_fitness,num_alive_end,avg_bb_size,var_bb_size,avg_shortest_dist,swarm_density_count,prey_neurons_connected_prey_retina,prey_neurons_connected_predator_retina,predator_neurons_connected_prey_retina,mutual_info
1,26268.000000,3732.000000,12,286.110606,6283.428518,11.963076,12.135500,1,0,3,0.008731
1,23861.000000,6139.000000,10,272.150389,5550.711905,13.293785,10.933000,1,0,3,0.026805
2,26833.000000,3167.000000,13,281.059216,5038.549443,10.605996,12.417500,1,0,3,0.005751
3,21563.000000,8437.000000,6,218.594631,6549.931707,13.449306,9.786000,1,0,3,0.025367
