generation,prey_fitness,predator_fitness,num_alive_end,avg_bb_size,var_bb_size,avg_shortest_dist,swarm_density_count,prey_neurons_connected_prey_retina,prey_neurons_connected_predator_retina,predator_neurons_connected_prey_retina,mutual_info
1,9751.000000,20249.000000,2,2261.261949,6970293.130129,1610.957082,1.170190,0,5,1,0.090126
1,8340.000000,21660.000000,2,2667.822750,4309640.960997,5983.270618,0.856510,0,5,1,0.066922
2,10315.000000,19685.000000,2,9739.006764,28935619.601888,20679.456018,0.771530,0,5,1,0.076541
3,9316.000000,20684.000000,2,3986.844628,10566933.177067,4548.514117,0.859596,0,5,1,0.058938
