generation,prey_fitness,predator_fitness,num_alive_end,avg_bb_size,var_bb_size,avg_shortest_dist,swarm_density_count,prey_neurons_connected_prey_retina,prey_neurons_connected_predator_retina,predator_neurons_connected_prey_retina,mutual_info
1,9452.000000,20548.000000,2,6558.013481,47927575.280554,3984.355818,0.694709,1,1,1,0.117845
1,12567.000000,17433.000000,2,25238.959033,240923158.431120,39628.872972,0.592521,1,1,1,0.045484
2,12775.000000,17225.000000,2,21436.212237,190505019.655253,18339.120222,0.558856,1,1,1,0.089466
3,9944.000000,20056.000000,2,13177.385241,124315708.166119,13959.499492,0.594406,1,1,1,0.079219
