generation,prey_fitness,predator_fitness,num_alive_end,avg_bb_size,var_bb_size,avg_shortest_dist,swarm_density_count,prey_neurons_connected_prey_retina,prey_neurons_connected_predator_retina,predator_neurons_connected_prey_retina,mutual_info
1,8180.000000,21820.000000,2,59489.419562,2404791798.151765,80544.317333,0.437106,4,2,2,0.071628
1,13612.000000,16388.000000,2,107815.740227,5091450626.924006,30952.678192,0.518497,4,2,2,0.050891
2,10006.000000,19994.000000,2,52861.088050,1337605597.419171,79409.372865,0.494679,4,2,2,0.080844
3,11288.000000,18712.000000,4,60772.881685,1561565363.689232,19826.053171,0.424306,4,2,2,0.045051
