generation,prey_fitness,predator_fitness,num_alive_end,avg_bb_size,var_bb_size,avg_shortest_dist,swarm_density_count,prey_neurons_connected_prey_retina,prey_neurons_connected_predator_retina,predator_neurons_connected_prey_retina,mutual_info
1,9450.000000,20550.000000,2,14907.102417,123124019.032718,18348.374733,0.503477,3,0,1,0.113509
1,9346.000000,20654.000000,2,14483.755326,341029592.397703,7070.528360,0.539646,3,0,1,0.072607
2,7645.000000,22355.000000,2,15266.611751,91923781.619275,22474.098247,0.577932,3,0,1,0.073495
3,9686.000000,20314.000000,2,16506.197524,160653216.097419,27209.675868,0.492084,3,0,1,0.068759
