generation,prey_fitness,predator_fitness,num_alive_end,avg_bb_size,var_bb_size,avg_shortest_dist,swarm_density_count,prey_neurons_connected_prey_retina,prey_neurons_connected_predator_retina,predator_neurons_connected_prey_retina,mutual_info
1,11691.000000,18309.000000,2,17364.281007,182681890.877572,25839.206308,0.528242,5,0,1,0.056667
1,9085.000000,20915.000000,2,19787.169347,149564738.121483,43566.072416,0.521765,5,0,1,0.063398
2,11846.000000,18154.000000,2,43629.190278,1028793986.157798,25813.067121,0.601248,5,0,1,0.075880
3,10707.000000,19293.000000,2,12285.171024,290512006.471321,3951.838339,0.777804,5,0,1,0.048699
