generation,prey_fitness,predator_fitness,num_alive_end,avg_bb_size,var_bb_size,avg_shortest_dist,swarm_density_count,prey_neurons_connected_prey_retina,prey_neurons_connected_predator_retina,predator_neurons_connected_prey_retina,mutual_info
1,7714.000000,22286.000000,2,34384.013559,1438245933.227418,72258.046185,0.439100,6,1,1,0.086805
1,12922.000000,17078.000000,3,137951.436307,8396027540.011053,28536.900935,0.436643,6,1,1,0.055324
2,12012.000000,17988.000000,2,74626.328245,6724224691.341121,12980.755391,0.361513,6,1,1,0.083103
3,13683.000000,16317.000000,3,187293.223351,4205978408.620750,61455.587334,0.596115,6,1,1,0.092673
