generation,prey_fitness,predator_fitness,num_alive_end,avg_bb_size,var_bb_size,avg_shortest_dist,swarm_density_count,prey_neurons_connected_prey_retina,prey_neurons_connected_predator_retina,predator_neurons_connected_prey_retina,mutual_info
1,10841.000000,19159.000000,2,47428.366950,2478263001.426445,28221.537703,0.450340,1,2,2,0.122434
1,16201.000000,13799.000000,5,114190.564304,2963968978.626056,16779.513210,0.563134,1,2,2,0.057592
2,11039.000000,18961.000000,2,54471.615653,1988729236.116923,35195.885201,0.476894,1,2,2,0.090660
3,11616.000000,18384.000000,2,52635.400224,1615091305.278993,45797.929293,0.491228,1,2,2,0.074160
