generation,prey_fitness,predator_fitness,num_alive_end,avg_bb_size,var_bb_size,avg_shortest_dist,swarm_density_count,prey_neurons_connected_prey_retina,prey_neurons_connected_predator_retina,predator_neurons_connected_prey_retina,mutual_info
1,14942.000000,15058.000000,2,83689.389634,1722626534.595814,49467.764628,0.689671,1,0,1,0.080713
1,9326.000000,20674.000000,2,41390.746898,2394338856.736660,32230.775172,0.481101,1,0,1,0.064761
2,10420.000000,19580.000000,2,84729.942460,1969356970.900106,99620.793880,0.518511,1,0,1,0.111402
3,13540.000000,16460.000000,5,99450.696106,2208869666.552931,19185.261841,0.608021,1,0,1,0.045622
