generation,prey_fitness,predator_fitness,num_alive_end,avg_bb_size,var_bb_size,avg_shortest_dist,swarm_density_count,prey_neurons_connected_prey_retina,prey_neurons_connected_predator_retina,predator_neurons_connected_prey_retina,mutual_info
1,9025.000000,20975.000000,2,11514.486128,89307063.854686,20477.934235,0.537971,0,2,1,0.096253
1,8166.000000,21834.000000,2,6978.406405,47228411.314275,10780.385824,0.569858,0,2,1,0.068103
2,10143.000000,19857.000000,2,12448.006223,211852766.329881,4725.585805,0.730446,0,2,1,0.123624
3,8095.000000,21905.000000,2,11994.491691,49813832.780900,36093.516196,0.483155,0,2,1,0.078128
