generation,prey_fitness,predator_fitness,num_alive_end,avg_bb_size,var_bb_size,avg_shortest_dist,swarm_density_count,prey_neurons_connected_prey_retina,prey_neurons_connected_predator_retina,predator_neurons_connected_prey_retina,mutual_info
1,10312.000000,19688.000000,2,10107.629492,88835995.241995,8645.426716,0.654959,2,3,2,0.092055
1,8511.000000,21489.000000,2,16913.713549,126077365.177153,30232.000548,0.585619,2,3,2,0.100168
2,10860.000000,19140.000000,2,10315.354612,98373840.175523,8243.442693,0.667857,2,3,2,0.092734
3,9696.000000,20304.000000,2,7760.401113,56558425.782441,8359.363480,0.741022,2,3,2,0.095381
