generation,prey_fitness,predator_fitness,num_alive_end,avg_bb_size,var_bb_size,avg_shortest_dist,swarm_density_count,prey_neurons_connected_prey_retina,prey_neurons_connected_predator_retina,predator_neurons_connected_prey_retina,mutual_info
1,10032.000000,19968.000000,2,19669.028023,195640633.161303,17235.286499,0.477880,1,0,2,0.105934
1,11905.000000,18095.000000,2,30712.201858,1157387734.559916,8853.404059,0.520203,1,0,2,0.084052
2,12078.000000,17922.000000,2,30945.329056,751297878.476324,15889.257442,0.591112,1,0,2,0.068988
3,12272.000000,17728.000000,2,17643.785122,317500920.740062,7325.125593,0.652126,1,0,2,0.103676
