generation,prey_fitness,predator_fitness,num_alive_end,avg_bb_size,var_bb_size,avg_shortest_dist,swarm_density_count,prey_neurons_connected_prey_retina,prey_neurons_connected_predator_retina,predator_neurons_connected_prey_retina,mutual_info
1,16530.000000,13470.000000,6,92787.407534,5899311383.242090,6498.382045,0.645810,1,1,1,0.044087
1,10901.000000,19099.000000,2,44589.988996,937299901.448981,30194.004621,0.466413,1,1,1,0.092156
2,8871.000000,21129.000000,2,45771.699968,2963728991.475098,36198.369814,0.510384,1,1,1,0.088561
3,8889.000000,21111.000000,2,31528.361087,1942076425.593468,25352.350628,0.493391,1,1,1,0.084328
