generation,prey_fitness,predator_fitness,num_alive_end,avg_bb_size,var_bb_size,avg_shortest_dist,swarm_density_count,prey_neurons_connected_prey_retina,prey_neurons_connected_predator_retina,predator_neurons_connected_prey_retina,mutual_info
1,10901.000000,19099.000000,2,9796.051645,98045211.663539,5119.364767,0.705963,3,3,1,0.091929
1,8354.000000,21646.000000,2,5074.156794,31535564.901687,4691.823264,0.751494,3,3,1,0.089806
2,11297.000000,18703.000000,2,9619.835799,84708379.757174,9248.095426,0.750386,3,3,1,0.082013
3,9053.000000,20947.000000,2,10379.741520,78871890.241525,22910.265370,0.806484,3,3,1,0.076971
