generation,prey_fitness,predator_fitness,num_alive_end,avg_bb_size,var_bb_size,avg_shortest_dist,swarm_density_count,prey_neurons_connected_prey_retina,prey_neurons_connected_predator_retina,predator_neurons_connected_prey_retina,mutual_info
1,11306.000000,18694.000000,2,50772.950329,748168597.669590,51001.751886,0.530490,1,2,1,0.078357
1,9520.000000,20480.000000,2,32230.742089,201769519.988594,45176.275800,0.563489,1,2,1,0.103512
2,10130.000000,19870.000000,2,25474.603988,776204042.243672,9655.329746,0.472898,1,2,1,0.107211
3,14566.000000,15434.000000,2,39355.868682,844658145.366665,19024.249081,0.623310,1,2,1,0.046409
