generation,prey_fitness,predator_fitness,num_alive_end,avg_bb_size,var_bb_size,avg_shortest_dist,swarm_density_count,prey_neurons_connected_prey_retina,prey_neurons_connected_predator_retina,predator_neurons_connected_prey_retina,mutual_info
1,11363.000000,18637.000000,2,72623.294886,2856594533.010699,27719.539650,0.670089,0,2,1,0.086654
1,9629.000000,20371.000000,2,26204.471434,471388190.986943,41894.430506,0.461334,0,2,1,0.132897
2,12473.000000,17527.000000,2,72930.565807,1037902987.073289,76469.808552,0.658560,0,2,1,0.134465
3,12923.000000,17077.000000,2,64182.597401,723733021.377015,36346.346417,0.555503,0,2,1,0.063454
