generation,prey_fitness,predator_fitness,num_alive_end,avg_bb_size,var_bb_size,avg_shortest_dist,swarm_density_count,prey_neurons_connected_prey_retina,prey_neurons_connected_predator_retina,predator_neurons_connected_prey_retina,mutual_info
1,8883.000000,21117.000000,2,4489.107150,28559554.419171,4689.936678,0.740244,4,4,1,0.114797
1,10599.000000,19401.000000,2,10089.777934,58375432.491324,9302.794410,0.669803,4,4,1,0.200179
2,8280.000000,21720.000000,2,6930.453190,30353196.760407,9496.064953,0.578720,4,4,1,0.123707
3,9641.000000,20359.000000,2,6818.838402,67106927.990716,6562.666680,0.614074,4,4,1,0.090729
