generation,prey_fitness,predator_fitness,num_alive_end,avg_bb_size,var_bb_size,avg_shortest_dist,swarm_density_count,prey_neurons_connected_prey_retina,prey_neurons_connected_predator_retina,predator_neurons_connected_prey_retina,mutual_info
1,9239.000000,20761.000000,2,3862.074598,18013280.692131,5090.634871,1.012188,2,0,1,0.052701
1,10672.000000,19328.000000,2,7138.098350,28169061.189837,8574.541798,0.819327,2,0,1,0.075076
2,11335.000000,18665.000000,2,5712.629137,31986026.639093,2443.071358,1.045932,2,0,1,0.066565
3,8346.000000,21654.000000,2,3149.227797,10560281.305812,5596.449916,0.815392,2,0,1,0.068966
