generation,prey_fitness,predator_fitness,num_alive_end,avg_bb_size,var_bb_size,avg_shortest_dist,swarm_density_count,prey_neurons_connected_prey_retina,prey_neurons_connected_predator_retina,predator_neurons_connected_prey_retina,mutual_info
1,10253.000000,19747.000000,2,25690.910342,1112351688.084563,6426.019749,0.584686,0,2,2,0.066646
1,13922.000000,16078.000000,2,77078.313691,1123446830.193498,51261.262515,0.658912,0,2,2,0.033439
2,12901.000000,17099.000000,3,144622.132072,4603074533.701065,58945.722823,0.550225,0,2,2,0.065370
3,19184.000000,10816.000000,7,144188.833571,4355126182.638387,12990.687587,0.643564,0,2,2,0.027732
