generation,prey_fitness,predator_fitness,num_alive_end,avg_bb_size,var_bb_size,avg_shortest_dist,swarm_density_count,prey_neurons_connected_prey_retina,prey_neurons_connected_predator_retina,predator_neurons_connected_prey_retina,mutual_info
1,9530.000000,20470.000000,2,39637.433706,350867814.167733,57855.913383,0.497343,2,0,1,0.061391
1,12317.000000,17683.000000,2,26417.767005,453888934.104912,26602.906874,0.634716,2,0,1,0.073296
2,10668.000000,19332.000000,2,28367.544412,352887971.693182,26070.862550,0.500070,2,0,1,0.100081
3,10819.000000,19181.000000,2,18444.085202,373528505.428976,7126.439948,0.506061,2,0,1,0.055746
