generation,prey_fitness,predator_fitness,num_alive_end,avg_bb_size,var_bb_size,avg_shortest_dist,swarm_density_count,prey_neurons_connected_prey_retina,prey_neurons_connected_predator_retina,predator_neurons_connected_prey_retina,mutual_info
1,11230.000000,18770.000000,2,11016.635229,91308464.787275,6171.159146,0.687756,0,0,1,0.073591
1,11267.000000,18733.000000,2,13296.794059,92718267.155245,14681.168042,0.705011,0,0,1,0.070995
2,11230.000000,18770.000000,2,16924.182996,215860120.129336,9721.543769,0.666433,0,0,1,0.086708
3,8512.000000,21488.000000,2,11002.121082,154755213.882517,12228.108422,0.483202,0,0,1,0.103683
