generation,prey_fitness,predator_fitness,num_alive_end,avg_bb_size,var_bb_size,avg_shortest_dist,swarm_density_count,prey_neurons_connected_prey_retina,prey_neurons_connected_predator_retina,predator_neurons_connected_prey_retina,mutual_info
1,8298.000000,21702.000000,2,12618.422416,43053887.192896,19414.764773,0.447440,1,1,1,0.129679
1,8659.000000,21341.000000,2,4037.615631,16419348.054234,3445.969249,0.806086,1,1,1,0.106536
2,8490.000000,21510.000000,2,8455.112335,43505212.995185,11198.141934,0.508952,1,1,1,0.053376
3,8911.000000,21089.000000,2,3910.093916,27393373.072497,2580.164239,0.905853,1,1,1,0.041718
