generation,prey_fitness,predator_fitness,num_alive_end,avg_bb_size,var_bb_size,avg_shortest_dist,swarm_density_count,prey_neurons_connected_prey_retina,prey_neurons_connected_predator_retina,predator_neurons_connected_prey_retina,mutual_info
1,9384.000000,20616.000000,2,3329.894974,10269424.853011,4585.213719,1.042420,3,3,1,0.070582
1,8020.000000,21980.000000,2,2396.108299,8358993.481802,3258.528271,0.815786,3,3,1,0.069697
2,8193.000000,21807.000000,2,2501.861512,8558873.261164,2412.607518,0.923570,3,3,1,0.077639
3,9090.000000,20910.000000,2,3783.999617,12329777.584355,4417.158000,0.906111,3,3,1,0.201739
