generation,prey_fitness,predator_fitness,num_alive_end,avg_bb_size,var_bb_size,avg_shortest_dist,swarm_density_count,prey_neurons_connected_prey_retina,prey_neurons_connected_predator_retina,predator_neurons_connected_prey_retina,mutual_info
1,9213.000000,20787.000000,2,32396.025546,1289362886.437708,22215.729096,0.497273,1,2,1,0.107319
1,10010.000000,19990.000000,2,58729.243480,620092772.455716,68184.347518,0.429889,1,2,1,0.071811
2,9312.000000,20688.000000,2,18120.933115,427848468.261727,18391.967488,0.527171,1,2,1,0.109248
3,11469.000000,18531.000000,4,89981.121613,1701942718.191824,30830.282408,0.497644,1,2,1,0.046883
