generation,prey_fitness,predator_fitness,num_alive_end,avg_bb_size,var_bb_size,avg_shortest_dist,swarm_density_count,prey_neurons_connected_prey_retina,prey_neurons_connected_predator_retina,predator_neurons_connected_prey_retina,mutual_info
1,10501.000000,19499.000000,2,7177.068460,53361433.639396,9524.588552,0.702075,1,0,3,0.093372
1,9568.000000,20432.000000,2,10833.413090,206197070.073215,6781.688067,0.591126,1,0,3,0.080965
2,10063.000000,19937.000000,2,12153.868089,127751742.798696,22183.739418,0.595986,1,0,3,0.084374
3,8097.000000,21903.000000,2,7513.541949,38512947.544773,16057.769429,0.401403,1,0,3,0.103911
