generation,prey_fitness,predator_fitness,num_alive_end,avg_bb_size,var_bb_size,avg_shortest_dist,swarm_density_count,prey_neurons_connected_prey_retina,prey_neurons_connected_predator_retina,predator_neurons_connected_prey_retina,mutual_info
1,8440.000000,21560.000000,2,31803.446203,687589415.964691,32480.325845,0.370761,0,1,1,0.101697
1,10024.000000,19976.000000,2,26182.434370,414576022.995270,23651.761728,0.414674,0,1,1,0.071279
2,12820.000000,17180.000000,2,55505.629292,1126699498.296378,50937.078233,0.386692,0,1,1,0.088427
3,12245.000000,17755.000000,2,74054.382838,1348321189.981571,74526.236474,0.487829,0,1,1,0.087521
