generation,prey_fitness,predator_fitness,num_alive_end,avg_bb_size,var_bb_size,avg_shortest_dist,swarm_density_count,prey_neurons_connected_prey_retina,prey_neurons_connected_predator_retina,predator_neurons_connected_prey_retina,mutual_info
1,11239.000000,18761.000000,2,12477.503343,155576125.277712,7818.974448,0.624194,1,0,3,0.114799
1,13310.000000,16690.000000,2,35712.021698,812088785.005478,13251.370487,0.680696,1,0,3,0.046252
2,12864.000000,17136.000000,2,14021.204105,210883324.278198,3448.855495,0.840177,1,0,3,0.067270
3,15022.000000,14978.000000,2,70646.410380,864745499.302245,53517.823396,0.608581,1,0,3,0.092753
