generation,prey_fitness,predator_fitness,num_alive_end,avg_bb_size,var_bb_size,avg_shortest_dist,swarm_density_count,prey_neurons_connected_prey_retina,prey_neurons_connected_predator_retina,predator_neurons_connected_prey_retina,mutual_info
1,11226.000000,18774.000000,2,130754.338398,3141685064.087330,108647.143071,0.483305,5,0,1,0.052320
1,12214.000000,17786.000000,2,67849.631027,2779721416.246528,20580.393459,0.514137,5,0,1,0.066523
2,8423.000000,21577.000000,2,57868.429926,1411651463.260327,85409.658120,0.435087,5,0,1,0.128688
3,8633.000000,21367.000000,2,33298.718420,1101422363.044165,52723.839662,0.495488,5,0,1,0.131552
