generation,prey_fitness,predator_fitness,num_alive_end,avg_bb_size,var_bb_size,avg_shortest_dist,swarm_density_count,prey_neurons_connected_prey_retina,prey_neurons_connected_predator_retina,predator_neurons_connected_prey_retina,mutual_info
1,11258.000000,18742.000000,2,4249.927785,19178084.658615,3301.906072,1.051258,0,1,1,0.047607
1,9191.000000,20809.000000,2,3131.424125,9441962.398621,4402.812092,1.075439,0,1,1,0.074993
2,8546.000000,21454.000000,2,2605.579040,7410818.204851,4593.653882,1.003910,0,1,1,0.105693
3,9078.000000,20922.000000,2,4670.828707,15198150.507233,7199.467548,0.990281,0,1,1,0.073227
