generation,prey_fitness,predator_fitness,num_alive_end,avg_bb_size,var_bb_size,avg_shortest_dist,swarm_density_count,prey_neurons_connected_prey_retina,prey_neurons_connected_predator_retina,predator_neurons_connected_prey_retina,mutual_info
1,10309.000000,19691.000000,2,16507.203690,138867652.798266,15643.202829,0.789504,0,6,1,0.127840
1,10604.000000,19396.000000,2,13231.676959,157754398.722712,9618.409089,0.634934,0,6,1,0.080851
2,8946.000000,21054.000000,2,9069.119048,118088173.123885,7887.063129,0.467862,0,6,1,0.063956
3,9807.000000,20193.000000,2,11743.608696,68852822.012371,23058.615299,0.616032,0,6,1,0.084475
