generation,prey_fitness,predator_fitness,num_alive_end,avg_bb_size,var_bb_size,avg_shortest_dist,swarm_density_count,prey_neurons_connected_prey_retina,prey_neurons_connected_predator_retina,predator_neurons_connected_prey_retina,mutual_info
1,8630.000000,21370.000000,2,20830.178246,270915247.030636,36681.461133,0.527117,1,5,1,0.074621
1,11322.000000,18678.000000,2,12610.265732,126305825.227925,7729.647599,0.710451,1,5,1,0.090347
2,9460.000000,20540.000000,2,15659.401734,84122669.417672,20825.247926,0.482572,1,5,1,0.091916
3,9585.000000,20415.000000,2,27080.278599,177109498.340271,39760.924128,0.630989,1,5,1,0.060294
