generation,prey_fitness,predator_fitness,num_alive_end,avg_bb_size,var_bb_size,avg_shortest_dist,swarm_density_count,prey_neurons_connected_prey_retina,prey_neurons_connected_predator_retina,predator_neurons_connected_prey_retina,mutual_info
1,8614.000000,21386.000000,2,21171.831724,278011878.393854,48869.884066,0.586477,0,2,2,0.076470
1,9197.000000,20803.000000,2,13645.780483,69942119.732348,18079.472058,0.502757,0,2,2,0.095144
2,11629.000000,18371.000000,2,33293.324582,337957631.162781,35919.794989,0.524568,0,2,2,0.063750
3,9747.000000,20253.000000,2,21489.514179,325058112.727004,16927.884151,0.434812,0,2,2,0.130689
