generation,prey_fitness,predator_fitness,num_alive_end,avg_bb_size,var_bb_size,avg_shortest_dist,swarm_density_count,prey_neurons_connected_prey_retina,prey_neurons_connected_predator_retina,predator_neurons_connected_prey_retina,mutual_info
1,8664.000000,21336.000000,2,6679.602920,19435573.562630,11670.708867,0.625882,0,1,1,0.118083
1,9275.000000,20725.000000,2,8074.203900,37270660.746125,14895.011276,0.809294,0,1,1,0.126724
2,7278.000000,22722.000000,2,2651.928061,7959290.437165,3692.678554,0.735337,0,1,1,0.134408
3,9350.000000,20650.000000,2,9471.056291,56343608.058298,12193.507946,0.779495,0,1,1,0.075672
