generation,prey_fitness,predator_fitness,num_alive_end,avg_bb_size,var_bb_size,avg_shortest_dist,swarm_density_count,prey_neurons_connected_prey_retina,prey_neurons_connected_predator_retina,predator_neurons_connected_prey_retina,mutual_info
1,9394.000000,20606.000000,2,20182.457034,332273423.065543,19342.870925,0.506102,1,2,1,0.096278
1,10593.000000,19407.000000,2,30726.374789,736339978.733654,16939.138711,0.470289,1,2,1,0.090018
2,11519.000000,18481.000000,2,25016.222619,611930165.594812,13457.602670,0.475638,1,2,1,0.075899
3,9660.000000,20340.000000,2,20988.263295,493326977.396866,13662.633631,0.424184,1,2,1,0.080580
