generation,prey_fitness,predator_fitness,num_alive_end,avg_bb_size,var_bb_size,avg_shortest_dist,swarm_density_count,prey_neurons_connected_prey_retina,prey_neurons_connected_predator_retina,predator_neurons_connected_prey_retina,mutual_info
1,29809.000000,191.000000,14,0.000000,0.000000,0.000000,13.905000,0,0,1,0.000013
1,28081.000000,1919.000000,13,0.000000,0.000000,0.000000,13.041500,0,0,1,0.000120
2,30000.000000,1.000000,15,0.000000,0.000000,0.000000,14.000000,0,0,1,0.000000
3,28034.000000,1966.000000,14,0.000000,0.000000,0.000000,13.017500,0,0,1,0.003657
