generation,prey_fitness,predator_fitness,num_alive_end,avg_bb_size,var_bb_size,avg_shortest_dist,swarm_density_count,prey_neurons_connected_prey_retina,prey_neurons_connected_predator_retina,predator_neurons_connected_prey_retina,mutual_info
1,12018.000000,17982.000000,2,21612.810895,186951528.640281,27667.114952,0.764291,1,1,1,0.044272
1,9996.000000,20004.000000,2,7801.686092,77345512.380941,7171.572018,0.740723,1,1,1,0.049433
2,9054.000000,20946.000000,2,9678.145315,66231467.049468,13640.755489,0.761451,1,1,1,0.084289
3,10888.000000,19112.000000,2,16335.443208,65598119.518859,19628.055687,0.525074,1,1,1,0.081951
