generation,prey_fitness,predator_fitness,num_alive_end,avg_bb_size,var_bb_size,avg_shortest_dist,swarm_density_count,prey_neurons_connected_prey_retina,prey_neurons_connected_predator_retina,predator_neurons_connected_prey_retina,mutual_info
1,10260.000000,19740.000000,2,58132.413278,1401561430.223684,62053.073441,0.410227,0,0,1,0.064967
1,8493.000000,21507.000000,2,20697.505769,273840485.065345,29558.224063,0.430433,0,0,1,0.062063
2,12204.000000,17796.000000,2,19085.175670,217122209.025264,7579.719880,0.606577,0,0,1,0.041951
3,9961.000000,20039.000000,2,12926.152183,151689893.790849,7850.401776,0.527140,0,0,1,0.059721
