generation,prey_fitness,predator_fitness,num_alive_end,avg_bb_size,var_bb_size,avg_shortest_dist,swarm_density_count,prey_neurons_connected_prey_retina,prey_neurons_connected_predator_retina,predator_neurons_connected_prey_retina,mutual_info
1,27542.000000,2458.000000,13,301.309072,5968.544006,11.361539,12.772000,2,1,1,0.014118
1,29144.000000,856.000000,14,283.782662,3941.882185,10.599879,13.572500,2,1,1,0.009703
2,28645.000000,1355.000000,13,295.961908,6687.960782,11.546741,13.323500,2,1,1,0.008373
3,28490.000000,1510.000000,14,298.693493,5220.064947,11.881557,13.245500,2,1,1,0.009040
