generation,prey_fitness,predator_fitness,num_alive_end,avg_bb_size,var_bb_size,avg_shortest_dist,swarm_density_count,prey_neurons_connected_prey_retina,prey_neurons_connected_predator_retina,predator_neurons_connected_prey_retina,mutual_info
1,10559.000000,19441.000000,2,24280.990958,426391031.159280,22476.718586,0.578055,2,1,2,0.071792
1,9033.000000,20967.000000,2,21186.528437,338387262.573395,34885.974710,0.529749,2,1,2,0.060833
2,9868.000000,20132.000000,2,11905.028339,97072100.502955,9563.665771,0.669450,2,1,2,0.085392
3,9527.000000,20473.000000,2,7685.524882,71814921.271705,7400.159030,0.645150,2,1,2,0.064031
