generation,prey_fitness,predator_fitness,num_alive_end,avg_bb_size,var_bb_size,avg_shortest_dist,swarm_density_count,prey_neurons_connected_prey_retina,prey_neurons_connected_predator_retina,predator_neurons_connected_prey_retina,mutual_info
1,10589.000000,19411.000000,2,8216.627523,93570569.197289,3052.858808,0.734297,1,1,1,0.068721
1,9951.000000,20049.000000,2,5857.011364,47761384.359548,3781.076946,0.669914,1,1,1,0.069975
2,9672.000000,20328.000000,2,6878.457927,74347285.851081,8130.954752,0.707212,1,1,1,0.096184
3,8591.000000,21409.000000,2,6305.115508,63618273.984591,8039.138747,0.601609,1,1,1,0.061996
