generation,prey_fitness,predator_fitness,num_alive_end,avg_bb_size,var_bb_size,avg_shortest_dist,swarm_density_count,prey_neurons_connected_prey_retina,prey_neurons_connected_predator_retina,predator_neurons_connected_prey_retina,mutual_info
1,10709.000000,19291.000000,2,27208.716851,532432572.798937,27151.111037,0.619901,1,3,3,0.117658
1,17424.000000,12576.000000,3,75589.517768,1910674504.720857,10882.991269,0.741668,1,3,3,0.055854
2,8350.000000,21650.000000,2,21405.769305,193675001.983438,37557.828194,0.469608,1,3,3,0.099559
3,11185.000000,18815.000000,2,12000.015876,155855777.780658,4573.851338,0.684887,1,3,3,0.086633
