generation,prey_fitness,predator_fitness,num_alive_end,avg_bb_size,var_bb_size,avg_shortest_dist,swarm_density_count,prey_neurons_connected_prey_retina,prey_neurons_connected_predator_retina,predator_neurons_connected_prey_retina,mutual_info
1,11576.000000,18424.000000,2,20591.930618,479207258.199448,16293.940006,0.711052,2,0,3,0.059680
1,9506.000000,20494.000000,2,34566.134148,844534818.502112,99545.043590,0.679489,2,0,3,0.089779
2,8358.000000,21642.000000,2,34434.352319,1276986778.059763,88722.473419,0.566588,2,0,3,0.092170
3,8914.000000,21086.000000,2,16515.418249,180755960.230620,57731.369498,0.563038,2,0,3,0.086663
