generation,prey_fitness,predator_fitness,num_alive_end,avg_bb_size,var_bb_size,avg_shortest_dist,swarm_density_count,prey_neurons_connected_prey_retina,prey_neurons_connected_predator_retina,predator_neurons_connected_prey_retina,mutual_info
1,9480.000000,20520.000000,2,35444.411711,1251996880.191006,28574.597760,0.436182,1,0,5,0.100692
1,11353.000000,18647.000000,2,74793.551651,4711179579.851376,55967.079123,0.420173,1,0,5,0.095275
2,9568.000000,20432.000000,2,28460.318526,454161760.769734,28644.487265,0.485720,1,0,5,0.093584
3,10100.000000,19900.000000,2,28935.458246,1037701012.709407,18045.182328,0.563145,1,0,5,0.078523
