generation,prey_fitness,predator_fitness,num_alive_end,avg_bb_size,var_bb_size,avg_shortest_dist,swarm_density_count,prey_neurons_connected_prey_retina,prey_neurons_connected_predator_retina,predator_neurons_connected_prey_retina,mutual_info
1,12386.000000,17614.000000,2,1809.277377,3126910.501675,665.047725,2.590127,0,0,1,0.085488
1,19453.000000,10547.000000,3,3839.713512,1689348.178014,484.577386,3.503577,0,0,1,0.024883
2,17171.000000,12829.000000,2,2928.146145,4098002.106971,390.247575,3.366311,0,0,1,0.037044
3,13105.000000,16895.000000,2,3503.386899,2267739.010531,3128.981752,2.234279,0,0,1,0.049477
