generation,prey_fitness,predator_fitness,num_alive_end,avg_bb_size,var_bb_size,avg_shortest_dist,swarm_density_count,prey_neurons_connected_prey_retina,prey_neurons_connected_predator_retina,predator_neurons_connected_prey_retina,mutual_info
1,10499.000000,19501.000000,2,11815.164474,50986104.861867,15528.362940,0.664913,1,4,1,0.087993
1,8629.000000,21371.000000,2,10213.575030,67278644.516483,22521.755279,0.487112,1,4,1,0.068557
2,10060.000000,19940.000000,2,12436.475247,184876762.495922,7067.343725,0.471390,1,4,1,0.068730
3,11765.000000,18235.000000,2,18792.514743,266553377.731744,10449.149587,0.619999,1,4,1,0.072928
