generation,prey_fitness,predator_fitness,num_alive_end,avg_bb_size,var_bb_size,avg_shortest_dist,swarm_density_count,prey_neurons_connected_prey_retina,prey_neurons_connected_predator_retina,predator_neurons_connected_prey_retina,mutual_info
1,7792.000000,22208.000000,2,4880.427133,26892529.791472,11854.082905,0.818553,2,1,1,0.101512
1,10437.000000,19563.000000,2,16485.243456,86293816.074849,30599.782271,0.564903,2,1,1,0.108207
2,9676.000000,20324.000000,2,5575.323826,15623525.676702,7851.630161,0.869174,2,1,1,0.060035
3,8447.000000,21553.000000,2,27238.993223,134007609.651412,40338.024285,0.560357,2,1,1,0.088908
