generation,prey_fitness,predator_fitness,num_alive_end,avg_bb_size,var_bb_size,avg_shortest_dist,swarm_density_count,prey_neurons_connected_prey_retina,prey_neurons_connected_predator_retina,predator_neurons_connected_prey_retina,mutual_info
1,9983.000000,20017.000000,2,25988.967359,344675920.593905,34239.109699,0.527222,2,2,2,0.090312
1,11282.000000,18718.000000,2,34795.393110,583853554.058152,13200.711671,0.777900,2,2,2,0.087240
2,13779.000000,16221.000000,4,101109.543285,3566790381.498967,11191.282235,0.547710,2,2,2,0.064296
3,11676.000000,18324.000000,2,49785.933703,2061527318.784067,16391.273420,0.642990,2,2,2,0.091375
