generation,prey_fitness,predator_fitness,num_alive_end,avg_bb_size,var_bb_size,avg_shortest_dist,swarm_density_count,prey_neurons_connected_prey_retina,prey_neurons_connected_predator_retina,predator_neurons_connected_prey_retina,mutual_info
1,10462.000000,19538.000000,2,47566.993427,721108793.533463,40287.412842,0.434064,0,1,1,0.061147
1,9958.000000,20042.000000,2,28076.412685,668888181.647048,19263.590769,0.537423,0,1,1,0.062581
2,9792.000000,20208.000000,2,13147.178454,314299751.986781,5035.255328,0.547855,0,1,1,0.057500
3,13920.000000,16080.000000,2,36323.772876,716715233.018289,28347.621143,0.602267,0,1,1,0.110874
