generation,prey_fitness,predator_fitness,num_alive_end,avg_bb_size,var_bb_size,avg_shortest_dist,swarm_density_count,prey_neurons_connected_prey_retina,prey_neurons_connected_predator_retina,predator_neurons_connected_prey_retina,mutual_info
1,10125.000000,19875.000000,2,17648.964358,170753834.090664,26499.202785,0.467358,1,1,1,0.055071
1,11757.000000,18243.000000,2,27267.891520,765728793.237856,8330.067840,0.454600,1,1,1,0.096338
2,10940.000000,19060.000000,2,15576.460904,268491854.657937,5385.467026,0.537577,1,1,1,0.106552
3,12299.000000,17701.000000,2,26388.671187,578279027.329616,7010.070553,0.645874,1,1,1,0.137113
