generation,prey_fitness,predator_fitness,num_alive_end,avg_bb_size,var_bb_size,avg_shortest_dist,swarm_density_count,prey_neurons_connected_prey_retina,prey_neurons_connected_predator_retina,predator_neurons_connected_prey_retina,mutual_info
1,11158.000000,18842.000000,2,4483.723570,17974855.380715,3034.752030,1.133110,3,1,1,0.075092
1,8307.000000,21693.000000,2,5042.485163,23869694.701466,10414.073043,0.708215,3,1,1,0.087989
2,9355.000000,20645.000000,2,4643.598159,10612754.823502,8747.675163,1.012643,3,1,1,0.072258
3,10773.000000,19227.000000,2,4361.692283,26183231.346836,1736.976366,1.063720,3,1,1,0.046563
