generation,prey_fitness,predator_fitness,num_alive_end,avg_bb_size,var_bb_size,avg_shortest_dist,swarm_density_count,prey_neurons_connected_prey_retina,prey_neurons_connected_predator_retina,predator_neurons_connected_prey_retina,mutual_info
1,11347.000000,18653.000000,2,37936.237773,335740124.707833,48387.761321,0.588744,2,1,3,0.112361
1,9904.000000,20096.000000,2,12468.512287,63059775.254420,20190.368684,0.571848,2,1,3,0.073117
2,10764.000000,19236.000000,2,32148.810124,271016836.162487,74951.583289,0.539579,2,1,3,0.092679
3,12692.000000,17308.000000,2,25653.895017,415095684.143860,10974.125235,0.553907,2,1,3,0.066234
