generation,prey_fitness,predator_fitness,num_alive_end,avg_bb_size,var_bb_size,avg_shortest_dist,swarm_density_count,prey_neurons_connected_prey_retina,prey_neurons_connected_predator_retina,predator_neurons_connected_prey_retina,mutual_info
1,15889.000000,14111.000000,3,152482.421734,3523550150.817607,35427.424415,0.518809,1,3,1,0.063589
1,18163.000000,11837.000000,6,164226.698489,5207873009.503234,15659.847395,0.808056,1,3,1,0.056094
2,16737.000000,13263.000000,5,135691.117613,4893945280.066495,15206.662453,0.516996,1,3,1,0.041327
3,13694.000000,16306.000000,2,137351.431608,5067148463.893965,94619.381827,0.507805,1,3,1,0.081016
