generation,prey_fitness,predator_fitness,num_alive_end,avg_bb_size,var_bb_size,avg_shortest_dist,swarm_density_count,prey_neurons_connected_prey_retina,prey_neurons_connected_predator_retina,predator_neurons_connected_prey_retina,mutual_info
1,9546.000000,20454.000000,2,12525.615211,71909625.282657,22477.419819,0.777214,0,0,3,0.070431
1,8966.000000,21034.000000,2,3251.280584,13658917.583809,2968.079332,0.844575,0,0,3,0.053825
2,7594.000000,22406.000000,2,8091.483672,16735099.354120,16969.855702,0.650247,0,0,3,0.110779
3,9883.000000,20117.000000,2,6634.151411,20795313.947775,9856.226885,0.815480,0,0,3,0.083385
