generation,prey_fitness,predator_fitness,num_alive_end,avg_bb_size,var_bb_size,avg_shortest_dist,swarm_density_count,prey_neurons_connected_prey_retina,prey_neurons_connected_predator_retina,predator_neurons_connected_prey_retina,mutual_info
1,11836.000000,18164.000000,2,14993.592273,129990678.121883,7572.498288,0.663263,1,1,1,0.044834
1,10647.000000,19353.000000,2,8114.268476,77442820.497132,3958.540012,0.586210,1,1,1,0.040198
2,12512.000000,17488.000000,2,9297.111718,93780273.104333,2334.528303,0.679061,1,1,1,0.064678
3,10541.000000,19459.000000,2,6184.332301,45022286.602560,3569.745147,0.626495,1,1,1,0.092601
