generation,prey_fitness,predator_fitness,num_alive_end,avg_bb_size,var_bb_size,avg_shortest_dist,swarm_density_count,prey_neurons_connected_prey_retina,prey_neurons_connected_predator_retina,predator_neurons_connected_prey_retina,mutual_info
1,8713.000000,21287.000000,2,20549.074246,570578336.922769,9467.748068,0.514371,0,0,1,0.114308
1,10902.000000,19098.000000,2,79840.531924,3772356854.550303,97836.223062,0.535091,0,0,1,0.052083
2,10609.000000,19391.000000,2,40385.839198,1043881238.949965,27623.137323,0.510105,0,0,1,0.091139
3,10163.000000,19837.000000,2,62622.210928,1874106078.412919,85603.039196,0.640400,0,0,1,0.086918
