generation,prey_fitness,predator_fitness,num_alive_end,avg_bb_size,var_bb_size,avg_shortest_dist,swarm_density_count,prey_neurons_connected_prey_retina,prey_neurons_connected_predator_retina,predator_neurons_connected_prey_retina,mutual_info
1,12498.000000,17502.000000,2,107885.474949,3275445511.709112,122642.714198,0.588312,1,1,1,0.083509
1,11585.000000,18415.000000,2,43579.812021,1034577669.176806,78112.913267,0.558915,1,1,1,0.046795
2,11251.000000,18749.000000,2,51225.308195,3685199048.871491,9304.532085,0.566462,1,1,1,0.046668
3,9902.000000,20098.000000,2,44980.550760,1142537068.354197,111463.466809,0.615905,1,1,1,0.093194
