generation,prey_fitness,predator_fitness,num_alive_end,avg_bb_size,var_bb_size,avg_shortest_dist,swarm_density_count,prey_neurons_connected_prey_retina,prey_neurons_connected_predator_retina,predator_neurons_connected_prey_retina,mutual_info
1,6722.000000,23278.000000,2,2035.649143,6725131.142842,3963.894966,0.762928,1,1,1,0.052015
1,9264.000000,20736.000000,2,3981.190593,25647809.341360,2362.928551,1.100510,1,1,1,0.087209
2,9452.000000,20548.000000,2,5044.857817,28574025.627451,2470.221121,1.052586,1,1,1,0.073920
3,8763.000000,21237.000000,2,3910.915278,11730140.397415,4761.004584,0.738871,1,1,1,0.058216
