generation,prey_fitness,predator_fitness,num_alive_end,avg_bb_size,var_bb_size,avg_shortest_dist,swarm_density_count,prey_neurons_connected_prey_retina,prey_neurons_connected_predator_retina,predator_neurons_connected_prey_retina,mutual_info
1,14131.000000,15869.000000,2,40710.613940,1024642156.187666,6104.760237,0.456707,5,4,3,0.067593
1,8719.000000,21281.000000,2,13931.094884,346054167.950185,6506.241072,0.384675,5,4,3,0.094668
2,9525.000000,20475.000000,2,17729.214287,435348719.050712,8592.277826,0.392170,5,4,3,0.071150
3,11124.000000,18876.000000,2,22084.011675,570307653.098899,5613.432000,0.400253,5,4,3,0.057285
