generation,prey_fitness,predator_fitness,num_alive_end,avg_bb_size,var_bb_size,avg_shortest_dist,swarm_density_count,prey_neurons_connected_prey_retina,prey_neurons_connected_predator_retina,predator_neurons_connected_prey_retina,mutual_info
1,9807.000000,20193.000000,2,7204.124559,27075650.680996,11382.852331,0.717080,1,1,2,0.057230
1,9281.000000,20719.000000,2,2703.889238,14723628.513226,1493.453898,0.937188,1,1,2,0.058345
2,12151.000000,17849.000000,2,6061.924739,41374591.954556,2322.722555,1.164127,1,1,2,0.052108
3,8886.000000,21114.000000,2,4667.103835,36503613.989158,2536.110172,0.764924,1,1,2,0.084344
