generation,prey_fitness,predator_fitness,num_alive_end,avg_bb_size,var_bb_size,avg_shortest_dist,swarm_density_count,prey_neurons_connected_prey_retina,prey_neurons_connected_predator_retina,predator_neurons_connected_prey_retina,mutual_info
1,8906.000000,21094.000000,2,18439.409181,226340073.162645,19648.927086,0.509939,2,3,1,0.217071
1,9560.000000,20440.000000,2,40834.960521,858847932.480013,62918.688209,0.455806,2,3,1,0.098478
2,14628.000000,15372.000000,2,45852.841013,1731514845.955665,13351.117876,0.570259,2,3,1,0.099687
3,9738.000000,20262.000000,2,20168.265114,305894626.827116,44006.113358,0.431399,2,3,1,0.144909
