generation,prey_fitness,predator_fitness,num_alive_end,avg_bb_size,var_bb_size,avg_shortest_dist,swarm_density_count,prey_neurons_connected_prey_retina,prey_neurons_connected_predator_retina,predator_neurons_connected_prey_retina,mutual_info
1,15903.000000,14097.000000,4,121321.766908,2627221084.947449,25319.701094,0.502906,0,1,1,0.040194
1,17260.000000,12740.000000,2,114909.150216,3259537247.676033,16612.591483,0.567446,0,1,1,0.029743
2,13078.000000,16922.000000,3,91839.389083,3640801100.000318,29941.816463,0.543374,0,1,1,0.054903
3,23164.000000,6836.000000,9,184008.219613,5943068412.069172,11894.539657,0.618058,0,1,1,0.042232
