generation,prey_fitness,predator_fitness,num_alive_end,avg_bb_size,var_bb_size,avg_shortest_dist,swarm_density_count,prey_neurons_connected_prey_retina,prey_neurons_connected_predator_retina,predator_neurons_connected_prey_retina,mutual_info
1,8429.000000,21571.000000,2,11283.448710,44168916.439526,16045.342381,0.662888,2,3,2,0.110476
1,8855.000000,21145.000000,2,5784.514111,49167215.616549,5774.087275,0.805009,2,3,2,0.080733
2,12082.000000,17918.000000,2,9065.914489,66263301.729237,8765.241565,0.814308,2,3,2,0.088257
3,9146.000000,20854.000000,2,5498.101708,32519708.095971,6367.865235,0.755795,2,3,2,0.073134
