generation,prey_fitness,predator_fitness,num_alive_end,avg_bb_size,var_bb_size,avg_shortest_dist,swarm_density_count,prey_neurons_connected_prey_retina,prey_neurons_connected_predator_retina,predator_neurons_connected_prey_retina,mutual_info
1,8680.000000,21320.000000,2,30456.437868,384377867.846886,56553.660992,0.505077,0,2,1,0.103122
1,9501.000000,20499.000000,2,42287.796197,572930976.552270,100053.549935,0.508059,0,2,1,0.153319
2,9568.000000,20432.000000,2,18189.261824,302467289.007267,19004.269114,0.497793,0,2,1,0.096747
3,9852.000000,20148.000000,2,19397.958676,142903704.074409,29947.080267,0.534742,0,2,1,0.078917
