generation,prey_fitness,predator_fitness,num_alive_end,avg_bb_size,var_bb_size,avg_shortest_dist,swarm_density_count,prey_neurons_connected_prey_retina,prey_neurons_connected_predator_retina,predator_neurons_connected_prey_retina,mutual_info
1,9260.000000,20740.000000,2,7914.957549,44295320.838048,13391.596087,0.547269,0,2,1,0.100154
1,12511.000000,17489.000000,2,16439.326672,148787085.174124,10309.247847,0.630726,0,2,1,0.062460
2,11565.000000,18435.000000,2,13657.438011,148023632.306178,6817.519160,0.597238,0,2,1,0.063016
3,12234.000000,17766.000000,2,11385.600889,115589179.121627,2407.337271,0.759208,0,2,1,0.073779
