generation,prey_fitness,predator_fitness,num_alive_end,avg_bb_size,var_bb_size,avg_shortest_dist,swarm_density_count,prey_neurons_connected_prey_retina,prey_neurons_connected_predator_retina,predator_neurons_connected_prey_retina,mutual_info
1,11601.000000,18399.000000,2,28854.851687,500645571.030905,20953.663794,0.450508,1,1,4,0.111640
1,11802.000000,18198.000000,2,22442.498847,535004204.153403,10254.138938,0.506907,1,1,4,0.097515
2,12256.000000,17744.000000,2,27342.078249,726193243.677630,7776.933402,0.570919,1,1,4,0.135406
3,11716.000000,18284.000000,2,87281.738411,955914575.944155,102780.452718,0.384518,1,1,4,0.086229
