generation,prey_fitness,predator_fitness,num_alive_end,avg_bb_size,var_bb_size,avg_shortest_dist,swarm_density_count,prey_neurons_connected_prey_retina,prey_neurons_connected_predator_retina,predator_neurons_connected_prey_retina,mutual_info
1,9792.000000,20208.000000,2,31900.883352,547070060.403178,38254.666191,0.445805,0,1,2,0.082997
1,11042.000000,18958.000000,2,72552.297157,1145778135.588082,77742.283557,0.487100,0,1,2,0.124434
2,9668.000000,20332.000000,2,119760.698368,1858116771.297528,177471.454364,0.439965,0,1,2,0.100656
3,10079.000000,19921.000000,2,57731.128314,2292717002.908599,47994.463433,0.427343,0,1,2,0.078928
