generation,prey_fitness,predator_fitness,num_alive_end,avg_bb_size,var_bb_size,avg_shortest_dist,swarm_density_count,prey_neurons_connected_prey_retina,prey_neurons_connected_predator_retina,predator_neurons_connected_prey_retina,mutual_info
1,15086.000000,14914.000000,2,61282.290421,1565771508.712971,51327.537399,0.765096,1,1,1,0.062793
1,13003.000000,16997.000000,2,51366.342699,1198488838.387995,35509.930752,0.502354,1,1,1,0.065377
2,11077.000000,18923.000000,2,22570.758201,314256909.681067,23404.350036,0.617388,1,1,1,0.072099
3,13998.000000,16002.000000,2,35619.854302,1054039406.151062,15622.843214,0.561932,1,1,1,0.054798
