generation,prey_fitness,predator_fitness,num_alive_end,avg_bb_size,var_bb_size,avg_shortest_dist,swarm_density_count,prey_neurons_connected_prey_retina,prey_neurons_connected_predator_retina,predator_neurons_connected_prey_retina,mutual_info
1,12990.000000,17010.000000,2,65363.871859,3002017263.169809,26313.815159,0.578066,0,2,2,0.060296
1,11146.000000,18854.000000,2,61153.360808,934125836.936270,61878.923318,0.539109,0,2,2,0.074905
2,9929.000000,20071.000000,2,55031.439375,1253965684.237443,67177.239954,0.541590,0,2,2,0.076893
3,9528.000000,20472.000000,2,22808.674886,327232213.933715,20508.861462,0.444204,0,2,2,0.074768
