generation,prey_fitness,predator_fitness,num_alive_end,avg_bb_size,var_bb_size,avg_shortest_dist,swarm_density_count,prey_neurons_connected_prey_retina,prey_neurons_connected_predator_retina,predator_neurons_connected_prey_retina,mutual_info
1,12531.000000,17469.000000,2,34941.070315,949180596.039585,32739.163942,0.769807,2,1,1,0.063678
1,10324.000000,19676.000000,2,16528.337695,157206042.529327,17318.359384,0.542409,2,1,1,0.126407
2,10414.000000,19586.000000,2,51443.901609,1468515575.303324,105351.306448,0.731025,2,1,1,0.067043
3,10467.000000,19533.000000,2,14641.322906,126227903.530366,25894.624793,0.829176,2,1,1,0.137639
