generation,prey_fitness,predator_fitness,num_alive_end,avg_bb_size,var_bb_size,avg_shortest_dist,swarm_density_count,prey_neurons_connected_prey_retina,prey_neurons_connected_predator_retina,predator_neurons_connected_prey_retina,mutual_info
1,15026.000000,14974.000000,2,64856.016730,3623663264.701454,14030.454301,0.606698,1,2,1,0.104946
1,8865.000000,21135.000000,2,30594.983061,648344280.500039,34356.030488,0.436920,1,2,1,0.144775
2,11260.000000,18740.000000,2,53209.480833,3211835449.526674,12047.538949,0.435744,1,2,1,0.107183
3,10155.000000,19845.000000,2,46757.493244,603916200.517923,70171.332198,0.387580,1,2,1,0.106379
