generation,prey_fitness,predator_fitness,num_alive_end,avg_bb_size,var_bb_size,avg_shortest_dist,swarm_density_count,prey_neurons_connected_prey_retina,prey_neurons_connected_predator_retina,predator_neurons_connected_prey_retina,mutual_info
1,10401.000000,19599.000000,2,29541.167742,757482416.501329,23235.764288,0.464410,0,1,1,0.084142
1,9763.000000,20237.000000,2,26185.279822,641753411.211933,13335.985075,0.486775,0,1,1,0.086880
2,9317.000000,20683.000000,2,17328.506282,337598540.786385,13014.083853,0.386853,0,1,1,0.103083
3,12942.000000,17058.000000,2,36084.446356,303329477.891547,36323.633914,0.589426,0,1,1,0.079484
