generation,prey_fitness,predator_fitness,num_alive_end,avg_bb_size,var_bb_size,avg_shortest_dist,swarm_density_count,prey_neurons_connected_prey_retina,prey_neurons_connected_predator_retina,predator_neurons_connected_prey_retina,mutual_info
1,14154.000000,15846.000000,2,37685.247655,378850698.949221,25757.093603,0.667197,2,1,1,0.071203
1,12051.000000,17949.000000,2,51471.417836,732254804.635683,37853.758703,0.618292,2,1,1,0.079983
2,16258.000000,13742.000000,4,56563.536682,808439669.351716,8329.833929,0.604637,2,1,1,0.079741
3,12615.000000,17385.000000,2,33653.681733,392118236.795201,42280.839214,0.528537,2,1,1,0.118160
