generation,prey_fitness,predator_fitness,num_alive_end,avg_bb_size,var_bb_size,avg_shortest_dist,swarm_density_count,prey_neurons_connected_prey_retina,prey_neurons_connected_predator_retina,predator_neurons_connected_prey_retina,mutual_info
1,7061.000000,22939.000000,2,8848.959384,102019571.733555,15283.012827,0.561288,0,3,1,0.111535
1,10249.000000,19751.000000,2,7330.935196,69737449.841085,3379.755432,0.710819,0,3,1,0.054691
2,9171.000000,20829.000000,2,28446.700026,253011730.563343,65020.859596,0.536630,0,3,1,0.095226
3,10001.000000,19999.000000,2,7396.239459,51836982.546204,10377.144879,0.612210,0,3,1,0.116348
