generation,prey_fitness,predator_fitness,num_alive_end,avg_bb_size,var_bb_size,avg_shortest_dist,swarm_density_count,prey_neurons_connected_prey_retina,prey_neurons_connected_predator_retina,predator_neurons_connected_prey_retina,mutual_info
1,9502.000000,20498.000000,2,3080.897560,7538973.738788,6040.694309,1.442478,1,2,1,0.028364
1,10474.000000,19526.000000,2,3239.161626,7671939.713060,3584.702356,1.386936,1,2,1,0.063003
2,10802.000000,19198.000000,2,2799.692035,8055288.188531,1739.406089,1.516722,1,2,1,0.044156
3,8126.000000,21874.000000,2,3868.536605,8616494.364085,6021.736464,0.799760,1,2,1,0.098569
