generation,prey_fitness,predator_fitness,num_alive_end,avg_bb_size,var_bb_size,avg_shortest_dist,swarm_density_count,prey_neurons_connected_prey_retina,prey_neurons_connected_predator_retina,predator_neurons_connected_prey_retina,mutual_info
1,10568.000000,19432.000000,2,33366.797233,711649442.635786,20000.297045,0.477915,0,3,1,0.095005
1,10889.000000,19111.000000,2,38970.728633,812165295.458069,48383.757445,0.631212,0,3,1,0.143181
2,12281.000000,17719.000000,2,28425.129278,333407528.874924,44224.224378,0.553047,0,3,1,0.079048
3,11200.000000,18800.000000,2,38045.109980,429456023.952327,56103.660057,0.578110,0,3,1,0.060661
