generation,prey_fitness,predator_fitness,num_alive_end,avg_bb_size,var_bb_size,avg_shortest_dist,swarm_density_count,prey_neurons_connected_prey_retina,prey_neurons_connected_predator_retina,predator_neurons_connected_prey_retina,mutual_info
1,10974.000000,19026.000000,2,9028.053999,52278110.332538,12313.463734,0.743964,3,0,1,0.095331
1,9248.000000,20752.000000,2,9038.620189,103513830.887899,7282.005861,0.698678,3,0,1,0.084113
2,9708.000000,20292.000000,2,14437.836417,127051624.053563,11261.614498,0.569157,3,0,1,0.116129
3,8172.000000,21828.000000,2,7084.767249,36995914.895938,16066.486576,0.634975,3,0,1,0.061247
