generation,prey_fitness,predator_fitness,num_alive_end,avg_bb_size,var_bb_size,avg_shortest_dist,swarm_density_count,prey_neurons_connected_prey_retina,prey_neurons_connected_predator_retina,predator_neurons_connected_prey_retina,mutual_info
1,12610.000000,17390.000000,2,36849.210015,578002061.578104,31784.440993,0.581956,0,0,1,0.078165
1,8538.000000,21462.000000,2,8108.542639,43885234.093321,9087.017573,0.594815,0,0,1,0.105281
2,11474.000000,18526.000000,2,14035.460913,187367620.274068,5752.559925,0.719689,0,0,1,0.092523
3,10643.000000,19357.000000,2,37595.856132,591354777.584744,34663.323091,0.506109,0,0,1,0.068884
