generation,prey_fitness,predator_fitness,num_alive_end,avg_bb_size,var_bb_size,avg_shortest_dist,swarm_density_count,prey_neurons_connected_prey_retina,prey_neurons_connected_predator_retina,predator_neurons_connected_prey_retina,mutual_info
1,10634.000000,19366.000000,2,41365.165850,691604180.094180,56185.330035,0.513260,0,1,3,0.089632
1,11367.000000,18633.000000,2,45713.245836,1035861442.072562,58732.588531,0.503030,0,1,3,0.115335
2,12499.000000,17501.000000,2,67685.429277,2083723354.174042,52745.148119,0.443594,0,1,3,0.064022
3,10296.000000,19704.000000,2,20944.596500,753266215.874274,6626.157291,0.587887,0,1,3,0.093480
