generation,prey_fitness,predator_fitness,num_alive_end,avg_bb_size,var_bb_size,avg_shortest_dist,swarm_density_count,prey_neurons_connected_prey_retina,prey_neurons_connected_predator_retina,predator_neurons_connected_prey_retina,mutual_info
1,10130.000000,19870.000000,2,6465.130429,57298622.048584,2995.427468,0.842928,2,0,1,0.044702
1,10685.000000,19315.000000,2,9289.136462,82869557.282279,4242.967310,0.786455,2,0,1,0.087142
2,7407.000000,22593.000000,2,4702.406982,31263366.888228,5389.371124,0.601660,2,0,1,0.073676
3,11457.000000,18543.000000,2,13071.071987,91088013.341872,10341.240630,0.720175,2,0,1,0.088051
