generation,prey_fitness,predator_fitness,num_alive_end,avg_bb_size,var_bb_size,avg_shortest_dist,swarm_density_count,prey_neurons_connected_prey_retina,prey_neurons_connected_predator_retina,predator_neurons_connected_prey_retina,mutual_info
1,13666.000000,16334.000000,2,81702.118319,1820118759.005353,22098.415005,0.528044,1,0,1,0.078349
1,12847.000000,17153.000000,2,57270.614348,1104682856.800967,33363.500243,0.495907,1,0,1,0.069390
2,10307.000000,19693.000000,2,44951.716420,2244103752.085322,26059.280465,0.484653,1,0,1,0.072160
3,14897.000000,15103.000000,2,88880.367794,2884101753.812369,18944.545569,0.451890,1,0,1,0.042620
