generation,prey_fitness,predator_fitness,num_alive_end,avg_bb_size,var_bb_size,avg_shortest_dist,swarm_density_count,prey_neurons_connected_prey_retina,prey_neurons_connected_predator_retina,predator_neurons_connected_prey_retina,mutual_info
1,8530.000000,21470.000000,2,5111.655100,40526259.469917,3310.936951,0.748505,3,2,1,0.080346
1,8231.000000,21769.000000,2,5786.004070,21303114.544222,10349.912733,0.724182,3,2,1,0.103229
2,9908.000000,20092.000000,2,12087.428116,49478290.533547,18437.547493,0.750874,3,2,1,0.056925
3,8468.000000,21532.000000,2,18162.330005,133590935.847428,35468.534398,0.635420,3,2,1,0.055692
