generation,prey_fitness,predator_fitness,num_alive_end,avg_bb_size,var_bb_size,avg_shortest_dist,swarm_density_count,prey_neurons_connected_prey_retina,prey_neurons_connected_predator_retina,predator_neurons_connected_prey_retina,mutual_info
1,14746.000000,15254.000000,4,140761.477031,4067423232.298188,24362.390049,0.455573,0,0,1,0.040860
1,11971.000000,18029.000000,2,53402.620874,1469679204.248059,44347.259630,0.406710,0,0,1,0.075246
2,15860.000000,14140.000000,3,81271.483321,1337878866.547977,19579.929081,0.503304,0,0,1,0.068963
3,8654.000000,21346.000000,2,29385.007690,213287027.359254,39640.464583,0.437564,0,0,1,0.082486
