generation,prey_fitness,predator_fitness,num_alive_end,avg_bb_size,var_bb_size,avg_shortest_dist,swarm_density_count,prey_neurons_connected_prey_retina,prey_neurons_connected_predator_retina,predator_neurons_connected_prey_retina,mutual_info
1,13115.000000,16885.000000,2,21863.174718,117915305.632335,15719.126308,1.080485,3,0,1,0.094178
1,11214.000000,18786.000000,2,9411.602840,138550442.865522,2223.102558,0.982322,3,0,1,0.066852
2,11362.000000,18638.000000,2,17438.276715,266919153.642015,9827.756088,0.825624,3,0,1,0.080620
3,11388.000000,18612.000000,2,24092.481378,206278270.211158,38728.394072,0.953971,3,0,1,0.057126
