generation,prey_fitness,predator_fitness,num_alive_end,avg_bb_size,var_bb_size,avg_shortest_dist,swarm_density_count,prey_neurons_connected_prey_retina,prey_neurons_connected_predator_retina,predator_neurons_connected_prey_retina,mutual_info
1,12337.000000,17663.000000,2,8269.214717,72599199.568368,2516.298034,1.125751,3,1,1,0.065869
1,10648.000000,19352.000000,2,8374.109063,95226095.557735,5930.069381,0.736287,3,1,1,0.060724
2,8565.000000,21435.000000,2,8246.216973,65819002.457329,13792.895090,0.596239,3,1,1,0.127302
3,10132.000000,19868.000000,2,10575.585636,63944207.158254,18782.231020,0.683101,3,1,1,0.069191
