generation,prey_fitness,predator_fitness,num_alive_end,avg_bb_size,var_bb_size,avg_shortest_dist,swarm_density_count,prey_neurons_connected_prey_retina,prey_neurons_connected_predator_retina,predator_neurons_connected_prey_retina,mutual_info
1,8731.000000,21269.000000,2,4486.852871,48368293.150182,2226.975118,0.777083,1,2,1,0.049708
1,13422.000000,16578.000000,2,20673.823430,190695516.192193,22220.965770,0.800734,1,2,1,0.070172
2,10476.000000,19524.000000,2,6956.021921,47882925.517224,6022.658952,0.842496,1,2,1,0.066030
3,10426.000000,19574.000000,2,6296.725750,51047039.496665,3867.603194,0.731094,1,2,1,0.084313
