generation,prey_fitness,predator_fitness,num_alive_end,avg_bb_size,var_bb_size,avg_shortest_dist,swarm_density_count,prey_neurons_connected_prey_retina,prey_neurons_connected_predator_retina,predator_neurons_connected_prey_retina,mutual_info
1,11545.000000,18455.000000,2,1980.365333,2575212.217026,1636.725198,2.276133,1,1,1,0.033141
1,10171.000000,19829.000000,2,4735.586560,15041179.783306,9114.590785,1.815650,1,1,1,0.061687
2,8048.000000,21952.000000,2,1406.085055,1916833.444776,1846.577662,1.320945,1,1,1,0.048593
3,9618.000000,20382.000000,2,2091.688503,3413356.564090,2348.118932,1.419809,1,1,1,0.055345
