generation,prey_fitness,predator_fitness,num_alive_end,avg_bb_size,var_bb_size,avg_shortest_dist,swarm_density_count,prey_neurons_connected_prey_retina,prey_neurons_connected_predator_retina,predator_neurons_connected_prey_retina,mutual_info
1,10342.000000,19658.000000,2,33699.112534,238327539.209665,42457.364329,0.491258,0,2,1,0.111189
1,12564.000000,17436.000000,2,25190.133897,366166594.433225,18082.649017,0.548228,0,2,1,0.084928
2,11302.000000,18698.000000,2,19546.087857,368132427.432596,4498.255811,0.579091,0,2,1,0.116608
3,11555.000000,18445.000000,2,24064.891434,205605324.035019,16786.373848,0.503016,0,2,1,0.063406
