generation,prey_fitness,predator_fitness,num_alive_end,avg_bb_size,var_bb_size,avg_shortest_dist,swarm_density_count,prey_neurons_connected_prey_retina,prey_neurons_connected_predator_retina,predator_neurons_connected_prey_retina,mutual_info
1,8862.000000,21138.000000,2,2047.144315,4638593.244217,2301.424826,1.109273,1,4,1,0.040654
1,7900.000000,22100.000000,2,1479.455409,3012709.859580,1606.000124,1.326257,1,4,1,0.054715
2,10529.000000,19471.000000,2,2459.628762,9020713.076249,886.026835,1.520431,1,4,1,0.027342
3,8072.000000,21928.000000,2,2252.110531,3228330.093626,4263.278359,1.048734,1,4,1,0.050643
