generation,prey_fitness,predator_fitness,num_alive_end,avg_bb_size,var_bb_size,avg_shortest_dist,swarm_density_count,prey_neurons_connected_prey_retina,prey_neurons_connected_predator_retina,predator_neurons_connected_prey_retina,mutual_info
1,8634.000000,21366.000000,2,21238.633185,327899775.451908,32342.569510,0.530631,1,1,1,0.102387
1,13554.000000,16446.000000,2,47720.180955,411325474.122852,41070.663256,0.529551,1,1,1,0.054951
2,9754.000000,20246.000000,2,23157.492546,450660380.999686,17405.856251,0.449094,1,1,1,0.069242
3,14086.000000,15914.000000,2,48777.132391,1445295713.109436,22426.220678,0.518803,1,1,1,0.081144
