generation,prey_fitness,predator_fitness,num_alive_end,avg_bb_size,var_bb_size,avg_shortest_dist,swarm_density_count,prey_neurons_connected_prey_retina,prey_neurons_connected_predator_retina,predator_neurons_connected_prey_retina,mutual_info
1,12431.000000,17569.000000,2,8604.101833,109142910.509318,2884.016584,1.088540,1,0,6,0.044408
1,10659.000000,19341.000000,2,10138.715952,137673915.353181,4140.240916,0.755325,1,0,6,0.066103
2,11576.000000,18424.000000,2,10645.370145,34738907.603955,14420.684495,0.940143,1,0,6,0.064735
3,11423.000000,18577.000000,2,7521.165718,47201983.439891,2463.872538,1.073660,1,0,6,0.093440
