generation,prey_fitness,predator_fitness,num_alive_end,avg_bb_size,var_bb_size,avg_shortest_dist,swarm_density_count,prey_neurons_connected_prey_retina,prey_neurons_connected_predator_retina,predator_neurons_connected_prey_retina,mutual_info
1,9632.000000,20368.000000,2,9681.873778,89299646.487818,11994.426286,0.643230,1,3,1,0.106080
1,9563.000000,20437.000000,2,21337.687114,82078128.421399,28294.249413,0.474732,1,3,1,0.055897
2,9730.000000,20270.000000,2,13273.521788,76617726.417916,16469.401056,0.657189,1,3,1,0.058008
3,8093.000000,21907.000000,2,5911.653628,29865953.777507,20126.266472,0.852317,1,3,1,0.061907
