generation,prey_fitness,predator_fitness,num_alive_end,avg_bb_size,var_bb_size,avg_shortest_dist,swarm_density_count,prey_neurons_connected_prey_retina,prey_neurons_connected_predator_retina,predator_neurons_connected_prey_retina,mutual_info
1,10602.000000,19398.000000,2,40288.014861,1749891249.526824,31578.041951,0.523240,3,0,3,0.115507
1,10642.000000,19358.000000,2,48384.303861,758877589.484801,75159.946741,0.532348,3,0,3,0.059395
2,10359.000000,19641.000000,2,32466.352579,641604757.891890,28663.622890,0.543860,3,0,3,0.106530
3,9585.000000,20415.000000,2,29484.687826,298080554.642968,44289.998037,0.518538,3,0,3,0.087041
