generation,prey_fitness,predator_fitness,num_alive_end,avg_bb_size,var_bb_size,avg_shortest_dist,swarm_density_count,prey_neurons_connected_prey_retina,prey_neurons_connected_predator_retina,predator_neurons_connected_prey_retina,mutual_info
1,9422.000000,20578.000000,2,26291.208219,389387959.129105,42670.669496,0.482415,2,0,3,0.103803
1,10824.000000,19176.000000,2,25263.041871,346107125.584818,34246.392312,0.521773,2,0,3,0.078522
2,9884.000000,20116.000000,2,22038.594440,226704470.140727,30368.932826,0.478555,2,0,3,0.078346
3,9562.000000,20438.000000,2,22008.582455,284933466.556185,21642.256555,0.414219,2,0,3,0.099011
