generation,prey_fitness,predator_fitness,num_alive_end,avg_bb_size,var_bb_size,avg_shortest_dist,swarm_density_count,prey_neurons_connected_prey_retina,prey_neurons_connected_predator_retina,predator_neurons_connected_prey_retina,mutual_info
1,11839.000000,18161.000000,2,19459.567493,299822098.515844,7623.942398,0.583887,6,1,2,0.099148
1,13075.000000,16925.000000,2,15736.785920,166467567.216296,10301.011776,0.728795,6,1,2,0.058104
2,11101.000000,18899.000000,2,26616.860346,239939090.759853,16271.820724,0.477767,6,1,2,0.102082
3,11664.000000,18336.000000,2,20758.921683,372917131.815204,8886.706177,0.544742,6,1,2,0.082909
