generation,prey_fitness,predator_fitness,num_alive_end,avg_bb_size,var_bb_size,avg_shortest_dist,swarm_density_count,prey_neurons_connected_prey_retina,prey_neurons_connected_predator_retina,predator_neurons_connected_prey_retina,mutual_info
1,10026.000000,19974.000000,2,24367.574721,230248946.975899,26264.734903,0.413242,3,0,1,0.081125
1,8699.000000,21301.000000,2,24703.329539,256617759.946092,47600.500162,0.420669,3,0,1,0.054270
2,11815.000000,18185.000000,2,42432.460137,761454788.636199,29425.804445,0.473988,3,0,1,0.046919
3,12109.000000,17891.000000,2,47158.389109,2501246874.354115,8906.882197,0.543472,3,0,1,0.042855
