generation,prey_fitness,predator_fitness,num_alive_end,avg_bb_size,var_bb_size,avg_shortest_dist,swarm_density_count,prey_neurons_connected_prey_retina,prey_neurons_connected_predator_retina,predator_neurons_connected_prey_retina,mutual_info
1,12269.000000,17731.000000,2,16190.807472,180023630.979890,4656.473556,0.711260,2,1,1,0.067512
1,11315.000000,18685.000000,2,28989.031942,1018033670.225937,12722.385340,0.465833,2,1,1,0.068896
2,11192.000000,18808.000000,2,27286.799901,189952843.907296,23755.410632,0.560919,2,1,1,0.086034
3,9066.000000,20934.000000,2,12219.512995,139830490.129563,17749.603537,0.499951,2,1,1,0.087160
