generation,prey_fitness,predator_fitness,num_alive_end,avg_bb_size,var_bb_size,avg_shortest_dist,swarm_density_count,prey_neurons_connected_prey_retina,prey_neurons_connected_predator_retina,predator_neurons_connected_prey_retina,mutual_info
1,10070.000000,19930.000000,2,24183.429160,215946638.923650,37597.023379,0.488898,0,1,2,0.057565
1,9786.000000,20214.000000,2,16243.233628,486971800.949082,3120.634123,0.629217,0,1,2,0.103584
2,9415.000000,20585.000000,2,31286.924699,418735583.297601,63340.665003,0.460482,0,1,2,0.099247
3,9017.000000,20983.000000,2,10565.341531,113147378.593860,10867.948845,0.521512,0,1,2,0.138600
