generation,prey_fitness,predator_fitness,num_alive_end,avg_bb_size,var_bb_size,avg_shortest_dist,swarm_density_count,prey_neurons_connected_prey_retina,prey_neurons_connected_predator_retina,predator_neurons_connected_prey_retina,mutual_info
1,9866.000000,20134.000000,2,5158.441887,25207919.164864,4206.652635,0.809144,0,1,3,0.086233
1,10714.000000,19286.000000,2,8671.785904,23810293.380613,10812.713465,0.927642,0,1,3,0.112656
2,10808.000000,19192.000000,2,9202.907894,71509989.802733,4972.902558,0.702703,0,1,3,0.076187
3,10743.000000,19257.000000,2,6714.657050,34273267.572039,5065.925590,0.906440,0,1,3,0.124739
