generation,prey_fitness,predator_fitness,num_alive_end,avg_bb_size,var_bb_size,avg_shortest_dist,swarm_density_count,prey_neurons_connected_prey_retina,prey_neurons_connected_predator_retina,predator_neurons_connected_prey_retina,mutual_info
1,17844.000000,12156.000000,4,150603.592405,3998920855.912508,17605.882899,0.531686,0,0,1,0.041597
1,14086.000000,15914.000000,2,84372.204615,1634287761.126141,31812.622690,0.583572,0,0,1,0.056904
2,14071.000000,15929.000000,2,49854.736186,975477294.454113,18918.345336,0.535964,0,0,1,0.059150
3,18234.000000,11766.000000,3,82428.956823,1348135818.757112,12129.945835,0.532857,0,0,1,0.066418
