generation,prey_fitness,predator_fitness,num_alive_end,avg_bb_size,var_bb_size,avg_shortest_dist,swarm_density_count,prey_neurons_connected_prey_retina,prey_neurons_connected_predator_retina,predator_neurons_connected_prey_retina,mutual_info
1,9052.000000,20948.000000,2,20279.544280,264022017.609459,23114.131484,0.535302,1,2,1,0.088178
1,14169.000000,15831.000000,2,73842.710291,4115874508.925195,10048.100699,0.561381,1,2,1,0.053922
2,12606.000000,17394.000000,2,73339.822390,3716252276.791469,27745.931906,0.540330,1,2,1,0.080539
3,9199.000000,20801.000000,2,36399.305122,1629115247.030764,50778.113784,0.554308,1,2,1,0.054898
