generation,prey_fitness,predator_fitness,num_alive_end,avg_bb_size,var_bb_size,avg_shortest_dist,swarm_density_count,prey_neurons_connected_prey_retina,prey_neurons_connected_predator_retina,predator_neurons_connected_prey_retina,mutual_info
1,10632.000000,19368.000000,2,10758.396046,108513703.030907,5307.932310,0.728442,0,2,1,0.115574
1,10551.000000,19449.000000,2,13931.815112,206563859.570587,6404.025631,0.565460,0,2,1,0.126636
2,14714.000000,15286.000000,2,29145.263822,671161220.513157,4769.488820,0.632249,0,2,1,0.055601
3,8758.000000,21242.000000,2,11881.114148,81541932.871335,19642.135757,0.487477,0,2,1,0.104489
