generation,prey_fitness,predator_fitness,num_alive_end,avg_bb_size,var_bb_size,avg_shortest_dist,swarm_density_count,prey_neurons_connected_prey_retina,prey_neurons_connected_predator_retina,predator_neurons_connected_prey_retina,mutual_info
1,14043.000000,15957.000000,3,93078.677157,3860073287.353823,28365.371545,0.496930,2,1,1,0.042619
1,9646.000000,20354.000000,2,46806.207206,1736241305.731028,105396.260699,0.478596,2,1,1,0.119371
2,9856.000000,20144.000000,2,49515.262291,1976895134.878236,35277.811483,0.472958,2,1,1,0.103596
3,7837.000000,22163.000000,2,37311.588315,613310883.625411,68989.657630,0.479179,2,1,1,0.111973
