generation,prey_fitness,predator_fitness,num_alive_end,avg_bb_size,var_bb_size,avg_shortest_dist,swarm_density_count,prey_neurons_connected_prey_retina,prey_neurons_connected_predator_retina,predator_neurons_connected_prey_retina,mutual_info
1,8621.000000,21379.000000,2,5264.804683,31034321.287713,4934.867011,0.633845,0,0,1,0.072226
1,8279.000000,21721.000000,2,5436.704283,17158084.981456,17608.019492,0.588509,0,0,1,0.069665
2,9266.000000,20734.000000,2,10912.798393,59586580.080629,19223.448686,0.661677,0,0,1,0.067580
3,8090.000000,21910.000000,2,4029.538007,15748753.929420,4965.949162,0.601219,0,0,1,0.089783
