generation,prey_fitness,predator_fitness,num_alive_end,avg_bb_size,var_bb_size,avg_shortest_dist,swarm_density_count,prey_neurons_connected_prey_retina,prey_neurons_connected_predator_retina,predator_neurons_connected_prey_retina,mutual_info
1,12367.000000,17633.000000,2,38484.983599,1383271236.837293,24586.430634,0.616516,1,3,1,0.079275
1,11506.000000,18494.000000,2,23370.368533,429223405.737041,15321.169394,0.647685,1,3,1,0.082201
2,10957.000000,19043.000000,2,16866.408665,197312513.328442,15247.108328,0.689744,1,3,1,0.141829
3,12530.000000,17470.000000,2,22293.658010,568194043.306568,13873.517071,0.713922,1,3,1,0.129130
