generation,prey_fitness,predator_fitness,num_alive_end,avg_bb_size,var_bb_size,avg_shortest_dist,swarm_density_count,prey_neurons_connected_prey_retina,prey_neurons_connected_predator_retina,predator_neurons_connected_prey_retina,mutual_info
1,11356.000000,18644.000000,2,25366.287134,401975936.551910,11280.760092,0.666941,0,0,1,0.068403
1,9413.000000,20587.000000,2,16994.848546,312252367.940484,11798.465329,0.500584,0,0,1,0.053145
2,12042.000000,17958.000000,2,22177.444698,312566342.615183,18458.303498,0.515105,0,0,1,0.059426
3,12155.000000,17845.000000,2,35568.246077,1093207860.589671,10519.095970,0.447415,0,0,1,0.080761
