generation,prey_fitness,predator_fitness,num_alive_end,avg_bb_size,var_bb_size,avg_shortest_dist,swarm_density_count,prey_neurons_connected_prey_retina,prey_neurons_connected_predator_retina,predator_neurons_connected_prey_retina,mutual_info
1,12631.000000,17369.000000,2,16970.239372,193705699.162195,8736.487411,0.728841,1,2,2,0.085558
1,11653.000000,18347.000000,2,20193.940022,262466548.084821,10654.917041,0.631131,1,2,2,0.063525
2,17818.000000,12182.000000,3,64396.627725,1324551414.457861,7674.607979,0.641953,1,2,2,0.055230
3,16255.000000,13745.000000,2,33559.445674,488686062.249185,6829.865942,0.702426,1,2,2,0.035056
