generation,prey_fitness,predator_fitness,num_alive_end,avg_bb_size,var_bb_size,avg_shortest_dist,swarm_density_count,prey_neurons_connected_prey_retina,prey_neurons_connected_predator_retina,predator_neurons_connected_prey_retina,mutual_info
1,12199.000000,17801.000000,2,16927.142026,186061823.364816,8607.788318,0.645722,2,3,1,0.208079
1,13278.000000,16722.000000,2,53082.516181,722568305.996382,30250.403409,0.526141,2,3,1,0.075659
2,10615.000000,19385.000000,2,18009.302227,326877354.259944,13425.763817,0.562881,2,3,1,0.125922
3,15287.000000,14713.000000,2,30071.606785,247927355.518704,7806.163703,0.660538,2,3,1,0.071797
