generation,prey_fitness,predator_fitness,num_alive_end,avg_bb_size,var_bb_size,avg_shortest_dist,swarm_density_count,prey_neurons_connected_prey_retina,prey_neurons_connected_predator_retina,predator_neurons_connected_prey_retina,mutual_info
1,12007.000000,17993.000000,2,16092.191583,123910546.528418,17278.004548,0.711353,0,1,1,0.040911
1,9661.000000,20339.000000,2,9503.932733,117807383.262319,5939.568026,0.579914,0,1,1,0.065209
2,14357.000000,15643.000000,2,20489.019230,89685171.169154,11856.449922,0.729947,0,1,1,0.062383
3,15585.000000,14415.000000,2,38538.835092,625356121.541939,20227.268747,0.775740,0,1,1,0.029958
