generation,prey_fitness,predator_fitness,num_alive_end,avg_bb_size,var_bb_size,avg_shortest_dist,swarm_density_count,prey_neurons_connected_prey_retina,prey_neurons_connected_predator_retina,predator_neurons_connected_prey_retina,mutual_info
1,9433.000000,20567.000000,2,62207.997966,948386251.053699,96844.007428,0.567933,2,1,1,0.092476
1,10277.000000,19723.000000,2,38408.406722,875160754.255260,29760.940200,0.486630,2,1,1,0.100982
2,8006.000000,21994.000000,2,7393.904698,83429826.399839,9939.137749,0.492306,2,1,1,0.119070
3,10352.000000,19648.000000,2,31301.154689,424520160.679039,35880.921397,0.549500,2,1,1,0.058965
