generation,prey_fitness,predator_fitness,num_alive_end,avg_bb_size,var_bb_size,avg_shortest_dist,swarm_density_count,prey_neurons_connected_prey_retina,prey_neurons_connected_predator_retina,predator_neurons_connected_prey_retina,mutual_info
1,11498.000000,18502.000000,2,24880.614321,408860329.642490,29915.151563,0.647044,3,3,1,0.075143
1,13353.000000,16647.000000,2,42616.067220,672582769.697585,34369.150955,0.646874,3,3,1,0.079100
2,9841.000000,20159.000000,2,18432.726052,196148537.188903,19524.325528,0.590433,3,3,1,0.123253
3,15332.000000,14668.000000,3,56337.274509,1553238423.911624,15351.978847,0.598553,3,3,1,0.063277
