generation,prey_fitness,predator_fitness,num_alive_end,avg_bb_size,var_bb_size,avg_shortest_dist,swarm_density_count,prey_neurons_connected_prey_retina,prey_neurons_connected_predator_retina,predator_neurons_connected_prey_retina,mutual_info
1,13043.000000,16957.000000,2,12325.064142,158494932.514184,1523.855146,1.348845,2,2,1,0.059531
1,12087.000000,17913.000000,2,7786.197959,19718764.548850,6983.320614,1.124378,2,2,1,0.072241
2,11289.000000,18711.000000,2,3233.944498,16139108.228004,1193.948639,1.663263,2,2,1,0.052272
3,9756.000000,20244.000000,2,2876.700100,14866774.617979,1276.080475,1.164356,2,2,1,0.055478
