generation,prey_fitness,predator_fitness,num_alive_end,avg_bb_size,var_bb_size,avg_shortest_dist,swarm_density_count,prey_neurons_connected_prey_retina,prey_neurons_connected_predator_retina,predator_neurons_connected_prey_retina,mutual_info
1,9260.000000,20740.000000,2,79174.070795,1306149764.927818,151086.692917,0.471290,0,1,1,0.059239
1,11028.000000,18972.000000,2,28043.007804,397588833.915868,27668.531303,0.525210,0,1,1,0.070285
2,10314.000000,19686.000000,2,14575.244318,247959675.571421,6736.769653,0.551225,0,1,1,0.052438
3,8179.000000,21821.000000,2,9897.382719,66124072.745921,14436.833202,0.494361,0,1,1,0.101885
