generation,prey_fitness,predator_fitness,num_alive_end,avg_bb_size,var_bb_size,avg_shortest_dist,swarm_density_count,prey_neurons_connected_prey_retina,prey_neurons_connected_predator_retina,predator_neurons_connected_prey_retina,mutual_info
1,9945.000000,20055.000000,2,16889.168659,143083319.612815,33042.083066,0.654322,2,1,2,0.082770
1,8844.000000,21156.000000,2,7135.300864,44465966.428197,12544.814893,0.719929,2,1,2,0.072941
2,7962.000000,22038.000000,2,5704.516885,18517410.963102,7851.368056,0.540646,2,1,2,0.093145
3,11360.000000,18640.000000,2,17372.875025,175569903.026507,22446.956459,0.776297,2,1,2,0.068369
