generation,prey_fitness,predator_fitness,num_alive_end,avg_bb_size,var_bb_size,avg_shortest_dist,swarm_density_count,prey_neurons_connected_prey_retina,prey_neurons_connected_predator_retina,predator_neurons_connected_prey_retina,mutual_info
1,10838.000000,19162.000000,3,45316.342421,1391663419.730738,15722.223018,0.675771,3,0,1,0.070718
1,10995.000000,19005.000000,3,73675.242195,2266883892.608230,21311.904791,0.640748,3,0,1,0.040059
2,9594.000000,20406.000000,2,30788.006980,268220268.724587,93387.168188,0.599511,3,0,1,0.094886
3,12559.000000,17441.000000,4,74043.520307,1977160648.977921,22438.596539,0.613553,3,0,1,0.041976
