generation,prey_fitness,predator_fitness,num_alive_end,avg_bb_size,var_bb_size,avg_shortest_dist,swarm_density_count,prey_neurons_connected_prey_retina,prey_neurons_connected_predator_retina,predator_neurons_connected_prey_retina,mutual_info
1,11229.000000,18771.000000,4,51186.824826,406357506.194143,19181.801679,0.454342,4,0,1,0.078636
1,11948.000000,18052.000000,2,45016.038176,1145333216.386467,35470.219680,0.502660,4,0,1,0.099818
2,10919.000000,19081.000000,2,52274.224526,667883399.318995,78638.899984,0.650082,4,0,1,0.098514
3,11519.000000,18481.000000,2,80105.039923,1470655844.834250,42506.925525,0.475203,4,0,1,0.080349
