generation,prey_fitness,predator_fitness,num_alive_end,avg_bb_size,var_bb_size,avg_shortest_dist,swarm_density_count,prey_neurons_connected_prey_retina,prey_neurons_connected_predator_retina,predator_neurons_connected_prey_retina,mutual_info
1,11022.000000,18978.000000,2,61223.874325,838733823.143584,100707.590172,0.516094,0,1,1,0.055755
1,11783.000000,18217.000000,2,57616.796397,1365058719.361104,50540.742236,0.532395,0,1,1,0.063522
2,10988.000000,19012.000000,2,23735.934283,432642996.662234,23662.099452,0.436987,0,1,1,0.092064
3,11133.000000,18867.000000,2,58040.589185,4246317194.489750,22847.678086,0.512170,0,1,1,0.082767
