generation,prey_fitness,predator_fitness,num_alive_end,avg_bb_size,var_bb_size,avg_shortest_dist,swarm_density_count,prey_neurons_connected_prey_retina,prey_neurons_connected_predator_retina,predator_neurons_connected_prey_retina,mutual_info
1,11632.000000,18368.000000,2,13866.364249,180423317.227062,7440.426274,0.773991,3,3,1,0.090765
1,9204.000000,20796.000000,2,9775.092777,70408300.306874,15741.660682,0.639639,3,3,1,0.136583
2,9093.000000,20907.000000,2,18039.858989,125932282.902713,22645.194859,0.509514,3,3,1,0.109684
3,16502.000000,13498.000000,2,33949.437923,871694364.998489,3347.110832,0.829628,3,3,1,0.066855
