generation,prey_fitness,predator_fitness,num_alive_end,avg_bb_size,var_bb_size,avg_shortest_dist,swarm_density_count,prey_neurons_connected_prey_retina,prey_neurons_connected_predator_retina,predator_neurons_connected_prey_retina,mutual_info
1,9916.000000,20084.000000,2,50089.792626,1900591731.521612,71514.418128,0.349295,0,3,2,0.082866
1,11209.000000,18791.000000,2,34347.748910,173955285.130439,43705.365316,0.512417,0,3,2,0.105192
2,12689.000000,17311.000000,2,77551.293055,1099246320.384585,103305.168106,0.500686,0,3,2,0.059842
3,9992.000000,20008.000000,2,21300.268309,212137469.875880,34755.169206,0.564514,0,3,2,0.111124
