generation,prey_fitness,predator_fitness,num_alive_end,avg_bb_size,var_bb_size,avg_shortest_dist,swarm_density_count,prey_neurons_connected_prey_retina,prey_neurons_connected_predator_retina,predator_neurons_connected_prey_retina,mutual_info
1,7682.000000,22318.000000,2,10455.300809,62357885.489564,19674.970190,0.577145,0,1,4,0.084319
1,9457.000000,20543.000000,2,31198.508437,703167478.560589,56242.287103,0.639418,0,1,4,0.064750
2,10832.000000,19168.000000,2,20466.332322,90216943.251911,26668.105617,0.743983,0,1,4,0.090062
3,10999.000000,19001.000000,2,21257.118763,225674068.065771,29145.348076,0.594265,0,1,4,0.069344
