generation,prey_fitness,predator_fitness,num_alive_end,avg_bb_size,var_bb_size,avg_shortest_dist,swarm_density_count,prey_neurons_connected_prey_retina,prey_neurons_connected_predator_retina,predator_neurons_connected_prey_retina,mutual_info
1,10083.000000,19917.000000,2,32675.641579,709558981.196981,31256.710363,0.417482,1,2,1,0.127162
1,9830.000000,20170.000000,2,21614.572836,398250921.339382,30449.905228,0.485805,1,2,1,0.099838
2,11251.000000,18749.000000,2,41588.501856,922422332.505090,58236.858700,0.494267,1,2,1,0.090177
3,15417.000000,14583.000000,2,84041.526381,3515846437.150102,54252.656036,0.565204,1,2,1,0.095448
