generation,prey_fitness,predator_fitness,num_alive_end,avg_bb_size,var_bb_size,avg_shortest_dist,swarm_density_count,prey_neurons_connected_prey_retina,prey_neurons_connected_predator_retina,predator_neurons_connected_prey_retina,mutual_info
1,7478.000000,22522.000000,2,11280.203844,179654049.044838,14973.268449,0.364888,0,1,1,0.077099
1,9935.000000,20065.000000,2,16709.048213,284610880.085286,14360.597537,0.498062,0,1,1,0.057578
2,13729.000000,16271.000000,2,22568.138538,172280277.759870,18543.368458,0.671629,0,1,1,0.045810
3,9469.000000,20531.000000,2,9152.787221,54023684.712432,8497.727266,0.705013,0,1,1,0.112910
