generation,prey_fitness,predator_fitness,num_alive_end,avg_bb_size,var_bb_size,avg_shortest_dist,swarm_density_count,prey_neurons_connected_prey_retina,prey_neurons_connected_predator_retina,predator_neurons_connected_prey_retina,mutual_info
1,9620.000000,20380.000000,2,16977.666933,138738948.696139,31363.763666,0.548209,2,1,1,0.106129
1,11734.000000,18266.000000,2,30553.893162,599049891.570016,12549.744987,0.497589,2,1,1,0.086183
2,9312.000000,20688.000000,2,12466.600895,67794162.699997,19787.549008,0.671400,2,1,1,0.148719
3,13242.000000,16758.000000,2,30689.575627,567176427.749203,14139.091462,0.584695,2,1,1,0.094182
