generation,prey_fitness,predator_fitness,num_alive_end,avg_bb_size,var_bb_size,avg_shortest_dist,swarm_density_count,prey_neurons_connected_prey_retina,prey_neurons_connected_predator_retina,predator_neurons_connected_prey_retina,mutual_info
1,9529.000000,20471.000000,2,17334.939525,381338606.421880,11734.711952,0.592155,1,2,1,0.111028
1,11447.000000,18553.000000,2,30270.554242,1069861985.281249,17309.291789,0.554848,1,2,1,0.061886
2,11096.000000,18904.000000,2,20212.044359,242459975.104158,11183.192758,0.507367,1,2,1,0.116927
3,12805.000000,17195.000000,2,47077.825077,1487054950.749378,16874.755420,0.535897,1,2,1,0.127941
