generation,prey_fitness,predator_fitness,num_alive_end,avg_bb_size,var_bb_size,avg_shortest_dist,swarm_density_count,prey_neurons_connected_prey_retina,prey_neurons_connected_predator_retina,predator_neurons_connected_prey_retina,mutual_info
1,11907.000000,18093.000000,2,42644.544884,1399800728.692796,17015.893893,0.387769,0,0,5,0.068327
1,15936.000000,14064.000000,2,94781.920361,2142403289.084861,31623.632783,0.447794,0,0,5,0.055322
2,9549.000000,20451.000000,2,21535.968352,122553183.857059,45851.948321,0.486049,0,0,5,0.124235
3,14474.000000,15526.000000,2,79032.687905,1537230316.962511,30613.386493,0.494164,0,0,5,0.062551
