generation,prey_fitness,predator_fitness,num_alive_end,avg_bb_size,var_bb_size,avg_shortest_dist,swarm_density_count,prey_neurons_connected_prey_retina,prey_neurons_connected_predator_retina,predator_neurons_connected_prey_retina,mutual_info
1,11291.000000,18709.000000,2,23845.614429,519864720.691590,7420.739599,0.600307,1,1,1,0.102536
1,13718.000000,16282.000000,5,63971.493058,1124055854.517281,10767.781027,0.495538,1,1,1,0.040872
2,8667.000000,21333.000000,2,12412.462234,198302679.849385,9243.158935,0.574362,1,1,1,0.090154
3,15306.000000,14694.000000,2,82576.488210,2262543891.399906,29223.601099,0.529460,1,1,1,0.087166
