generation,prey_fitness,predator_fitness,num_alive_end,avg_bb_size,var_bb_size,avg_shortest_dist,swarm_density_count,prey_neurons_connected_prey_retina,prey_neurons_connected_predator_retina,predator_neurons_connected_prey_retina,mutual_info
1,8997.000000,21003.000000,2,7454.246030,32409316.828319,12171.165648,0.697457,1,1,2,0.067307
1,9021.000000,20979.000000,2,11508.426002,68624162.772997,19044.556853,0.546665,1,1,2,0.053298
2,9627.000000,20373.000000,2,6092.294816,22968639.845035,6203.110904,0.764940,1,1,2,0.059807
3,9219.000000,20781.000000,2,6842.391096,46821745.536510,9533.747272,0.746944,1,1,2,0.068630
