generation,prey_fitness,predator_fitness,num_alive_end,avg_bb_size,var_bb_size,avg_shortest_dist,swarm_density_count,prey_neurons_connected_prey_retina,prey_neurons_connected_predator_retina,predator_neurons_connected_prey_retina,mutual_info
1,8178.000000,21822.000000,2,4560.899555,26728851.605772,3858.191910,0.729462,1,2,2,0.102608
1,10500.000000,19500.000000,2,12749.776220,99237239.986941,12431.779149,0.593580,1,2,2,0.106375
2,13001.000000,16999.000000,2,12311.336320,139080332.007322,4260.292511,0.753533,1,2,2,0.154514
3,8074.000000,21926.000000,2,10515.064491,56504060.532522,18354.525348,0.470882,1,2,2,0.109139
