generation,prey_fitness,predator_fitness,num_alive_end,avg_bb_size,var_bb_size,avg_shortest_dist,swarm_density_count,prey_neurons_connected_prey_retina,prey_neurons_connected_predator_retina,predator_neurons_connected_prey_retina,mutual_info
1,9443.000000,20557.000000,2,57605.425910,1057635213.809462,63714.498884,0.470487,1,0,1,0.085519
1,12348.000000,17652.000000,2,42792.822562,749300488.811451,56509.920156,0.540647,1,0,1,0.093053
2,9726.000000,20274.000000,2,23874.493632,361612503.907249,32697.884895,0.603498,1,0,1,0.081968
3,10820.000000,19180.000000,2,39137.997788,944889244.101836,66034.032126,0.453345,1,0,1,0.102906
