generation,prey_fitness,predator_fitness,num_alive_end,avg_bb_size,var_bb_size,avg_shortest_dist,swarm_density_count,prey_neurons_connected_prey_retina,prey_neurons_connected_predator_retina,predator_neurons_connected_prey_retina,mutual_info
1,10785.000000,19215.000000,2,24367.579709,380629539.926598,21798.591244,0.530340,2,2,3,0.080897
1,9418.000000,20582.000000,2,10934.862509,144132255.479977,8754.315868,0.568273,2,2,3,0.098286
2,10546.000000,19454.000000,2,17108.177572,219454654.476738,16462.470572,0.621009,2,2,3,0.156358
3,9152.000000,20848.000000,2,12988.314789,243702194.845790,6898.397300,0.640180,2,2,3,0.095752
