generation,prey_fitness,predator_fitness,num_alive_end,avg_bb_size,var_bb_size,avg_shortest_dist,swarm_density_count,prey_neurons_connected_prey_retina,prey_neurons_connected_predator_retina,predator_neurons_connected_prey_retina,mutual_info
1,9749.000000,20251.000000,2,21497.722880,248791549.209363,29908.318814,0.448183,0,3,1,0.055729
1,11538.000000,18462.000000,2,38474.915581,1031743121.267820,24197.504469,0.473700,0,3,1,0.049089
2,10244.000000,19756.000000,2,18558.162106,196661162.241090,26491.447019,0.636815,0,3,1,0.070593
3,11929.000000,18071.000000,2,30067.398222,225609478.419886,36580.852030,0.548818,0,3,1,0.060187
