generation,prey_fitness,predator_fitness,num_alive_end,avg_bb_size,var_bb_size,avg_shortest_dist,swarm_density_count,prey_neurons_connected_prey_retina,prey_neurons_connected_predator_retina,predator_neurons_connected_prey_retina,mutual_info
1,30000.000000,1.000000,15,0.000000,0.000000,0.000000,14.000000,0,1,1,0.000000
1,28234.000000,1766.000000,14,0.000000,0.000000,0.000000,13.117500,0,1,1,0.000049
2,30000.000000,1.000000,15,0.000000,0.000000,0.000000,14.000000,0,1,1,0.000000
3,27201.000000,2799.000000,12,0.000000,0.000000,0.000000,12.602000,0,1,1,0.000084
