generation,prey_fitness,predator_fitness,num_alive_end,avg_bb_size,var_bb_size,avg_shortest_dist,swarm_density_count,prey_neurons_connected_prey_retina,prey_neurons_connected_predator_retina,predator_neurons_connected_prey_retina,mutual_info
1,31333.000000,18667.000000,6,143498.918627,4460439484.302996,6161.412554,0.935164,2,1,1,0.040390
1,27082.000000,22918.000000,3,88172.437089,1879239876.532279,4790.156599,1.280504,2,1,1,0.057125
2,28920.000000,21080.000000,7,117205.871716,5444513266.694770,6806.399415,1.213189,2,1,1,0.029861
3,36111.000000,13889.000000,10,121055.378769,2099334346.141624,3410.569003,1.190387,2,1,1,0.041594
