generation,prey_fitness,predator_fitness,num_alive_end,avg_bb_size,var_bb_size,avg_shortest_dist,swarm_density_count,prey_neurons_connected_prey_retina,prey_neurons_connected_predator_retina,predator_neurons_connected_prey_retina,mutual_info
1,22690.000000,27310.000000,2,55481.218254,1271917407.862313,5130.113858,1.040231,0,1,1,0.070939
1,25262.000000,24738.000000,2,67075.258248,638451947.174409,19393.939918,1.103882,0,1,1,0.045598
2,24670.000000,25330.000000,2,94446.549240,1932553186.918312,21635.040915,0.981989,0,1,1,0.043097
3,27358.000000,22642.000000,3,70372.981850,1251178039.703034,5945.681024,1.001967,0,1,1,0.036300
