generation,prey_fitness,predator_fitness,num_alive_end,avg_bb_size,var_bb_size,avg_shortest_dist,swarm_density_count,prey_neurons_connected_prey_retina,prey_neurons_connected_predator_retina,predator_neurons_connected_prey_retina,mutual_info
1,26380.000000,23620.000000,3,36214.668830,373575746.710370,2295.022655,1.220961,3,1,1,0.038383
1,27793.000000,22207.000000,2,45519.997229,702782513.790106,2967.629884,1.242361,3,1,1,0.040234
2,28654.000000,21346.000000,4,62193.500246,820541500.583457,2895.346884,1.169036,3,1,1,0.030893
3,25349.000000,24651.000000,5,56800.865629,784036212.162731,3593.008854,1.032076,3,1,1,0.065071
