generation,prey_fitness,predator_fitness,num_alive_end,avg_bb_size,var_bb_size,avg_shortest_dist,swarm_density_count,prey_neurons_connected_prey_retina,prey_neurons_connected_predator_retina,predator_neurons_connected_prey_retina,mutual_info
1,22607.000000,27393.000000,2,41966.349555,802642460.247358,14095.995322,0.909071,1,1,1,0.050617
1,29340.000000,20660.000000,4,71189.282287,768134139.594273,4918.054173,0.913961,1,1,1,0.049694
2,28790.000000,21210.000000,2,45472.578604,342704282.519525,3890.176273,1.327860,1,1,1,0.034675
3,27643.000000,22357.000000,2,38575.207742,339493349.778771,4140.417668,1.194700,1,1,1,0.067079
