generation,prey_fitness,predator_fitness,num_alive_end,avg_bb_size,var_bb_size,avg_shortest_dist,swarm_density_count,prey_neurons_connected_prey_retina,prey_neurons_connected_predator_retina,predator_neurons_connected_prey_retina,mutual_info
1,27359.000000,22641.000000,2,50663.095659,535984394.415499,16863.055991,1.325601,0,1,1,0.043844
1,21770.000000,28230.000000,2,17895.409602,161710600.982230,6660.344979,1.474743,0,1,1,0.052784
2,15310.000000,34690.000000,2,14854.107838,90013949.279542,20426.431591,1.065909,0,1,1,0.065014
3,16711.000000,33289.000000,2,15546.866407,58367107.762695,22963.983823,1.271334,0,1,1,0.072278
