generation,prey_fitness,predator_fitness,num_alive_end,avg_bb_size,var_bb_size,avg_shortest_dist,swarm_density_count,prey_neurons_connected_prey_retina,prey_neurons_connected_predator_retina,predator_neurons_connected_prey_retina,mutual_info
1,28387.000000,21613.000000,4,88021.534356,2187239137.632887,2622.429732,1.235351,5,0,1,0.040882
1,30224.000000,19776.000000,6,72348.854186,988111986.076807,3216.690593,1.309664,5,0,1,0.030371
2,26191.000000,23809.000000,2,38996.324180,539820333.943122,3181.670246,1.332412,5,0,1,0.031374
3,29194.000000,20806.000000,2,35076.017707,319765402.942981,1841.348255,1.755320,5,0,1,0.079255
