generation,prey_fitness,predator_fitness,num_alive_end,avg_bb_size,var_bb_size,avg_shortest_dist,swarm_density_count,prey_neurons_connected_prey_retina,prey_neurons_connected_predator_retina,predator_neurons_connected_prey_retina,mutual_info
1,20799.000000,29201.000000,2,20357.127588,118233576.631171,11605.917777,1.874963,3,3,1,0.036404
1,25117.000000,24883.000000,2,23220.930494,166186816.101240,3112.316677,1.909242,3,3,1,0.031132
2,22740.000000,27260.000000,2,18427.125340,149828149.614051,5441.636373,1.731138,3,3,1,0.034855
3,22893.000000,27107.000000,2,25616.971491,373297310.417889,2871.593476,1.646267,3,3,1,0.031552
