generation,prey_fitness,predator_fitness,num_alive_end,avg_bb_size,var_bb_size,avg_shortest_dist,swarm_density_count,prey_neurons_connected_prey_retina,prey_neurons_connected_predator_retina,predator_neurons_connected_prey_retina,mutual_info
1,26709.000000,23291.000000,6,177321.719110,5538427440.479398,19284.791993,0.984962,1,2,1,0.030534
1,30586.000000,19414.000000,8,145887.482462,5661205203.260833,5377.786290,0.957310,1,2,1,0.032877
2,23616.000000,26384.000000,4,139208.227776,5680340570.436112,17016.584912,0.935285,1,2,1,0.042782
3,26471.000000,23529.000000,5,143313.466220,5128152223.034184,11355.316611,1.117213,1,2,1,0.028493
