generation,prey_fitness,predator_fitness,num_alive_end,avg_bb_size,var_bb_size,avg_shortest_dist,swarm_density_count,prey_neurons_connected_prey_retina,prey_neurons_connected_predator_retina,predator_neurons_connected_prey_retina,mutual_info
1,20695.000000,29305.000000,2,81109.750409,3368473554.354036,8150.768259,0.778725,1,1,1,0.068914
1,24822.000000,25178.000000,2,80577.804409,1274838307.569607,8350.937806,0.918862,1,1,1,0.047798
2,29414.000000,20586.000000,3,129923.364330,3532488977.278878,13084.449595,1.004635,1,1,1,0.052485
3,26397.000000,23603.000000,2,90266.150423,2326940031.411522,6780.988923,1.033806,1,1,1,0.068667
