generation,prey_fitness,predator_fitness,num_alive_end,avg_bb_size,var_bb_size,avg_shortest_dist,swarm_density_count,prey_neurons_connected_prey_retina,prey_neurons_connected_predator_retina,predator_neurons_connected_prey_retina,mutual_info
1,29942.000000,20058.000000,10,155692.360793,3108481439.898435,8458.892956,0.924910,1,0,4,0.026635
1,26984.000000,23016.000000,6,198597.353424,5237018839.212740,9141.654528,1.055645,1,0,4,0.037343
2,27499.000000,22501.000000,9,149843.549800,4214796479.417614,6181.507892,1.012049,1,0,4,0.016874
3,25298.000000,24702.000000,4,142174.490981,3115873725.591794,14081.661297,0.800770,1,0,4,0.036859
