generation,prey_fitness,predator_fitness,num_alive_end,avg_bb_size,var_bb_size,avg_shortest_dist,swarm_density_count,prey_neurons_connected_prey_retina,prey_neurons_connected_predator_retina,predator_neurons_connected_prey_retina,mutual_info
1,19239.000000,30761.000000,2,8649.621307,100635596.808969,2696.670591,1.728297,3,1,1,0.036361
1,22177.000000,27823.000000,2,9966.283948,49066434.265235,7036.142198,1.951361,3,1,1,0.031167
2,22009.000000,27991.000000,2,9662.217369,62848214.361487,990.977406,1.880493,3,1,1,0.020598
3,16813.000000,33187.000000,2,5766.138286,36658496.858404,1912.812030,1.747978,3,1,1,0.024577
