generation,prey_fitness,predator_fitness,num_alive_end,avg_bb_size,var_bb_size,avg_shortest_dist,swarm_density_count,prey_neurons_connected_prey_retina,prey_neurons_connected_predator_retina,predator_neurons_connected_prey_retina,mutual_info
1,24890.000000,25110.000000,3,65118.865009,2312811058.549351,4214.193090,1.834337,2,1,1,0.049633
1,26186.000000,23814.000000,5,71928.394173,1632203615.568469,5020.863661,1.916815,2,1,1,0.065718
2,28623.000000,21377.000000,4,64945.295832,1556878933.883750,4580.027372,2.150935,2,1,1,0.074912
3,32490.000000,17510.000000,9,155570.325326,6346837321.115807,5480.193896,1.379323,2,1,1,0.021974
