generation,prey_fitness,predator_fitness,num_alive_end,avg_bb_size,var_bb_size,avg_shortest_dist,swarm_density_count,prey_neurons_connected_prey_retina,prey_neurons_connected_predator_retina,predator_neurons_connected_prey_retina,mutual_info
1,20879.000000,29121.000000,2,24138.693597,353476939.600085,8524.000235,1.351290,2,0,3,0.038896
1,19245.000000,30755.000000,2,62727.325744,651126847.841323,50532.660157,1.267721,2,0,3,0.062046
2,18461.000000,31539.000000,2,34285.228154,361414634.415014,12144.100743,1.168992,2,0,3,0.043320
3,21342.000000,28658.000000,2,53667.083587,977798975.078730,14040.762753,1.014937,2,0,3,0.063290
