generation,prey_fitness,predator_fitness,num_alive_end,avg_bb_size,var_bb_size,avg_shortest_dist,swarm_density_count,prey_neurons_connected_prey_retina,prey_neurons_connected_predator_retina,predator_neurons_connected_prey_retina,mutual_info
1,20291.000000,29709.000000,2,10600.958214,83665542.982527,1679.088757,1.737594,7,2,1,0.043189
1,25146.000000,24854.000000,2,18413.750078,101955077.750285,3065.596687,2.072249,7,2,1,0.033835
2,22333.000000,27667.000000,2,14032.809544,99942648.793632,2986.273900,2.058562,7,2,1,0.036142
3,21431.000000,28569.000000,2,15790.294958,93606737.213287,6003.064225,1.748858,7,2,1,0.034117
