generation,prey_fitness,predator_fitness,num_alive_end,avg_bb_size,var_bb_size,avg_shortest_dist,swarm_density_count,prey_neurons_connected_prey_retina,prey_neurons_connected_predator_retina,predator_neurons_connected_prey_retina,mutual_info
1,50000.000000,1.000000,25,0.000000,0.000000,0.000000,24.000000,0,0,1,-0.000000
1,48461.000000,1539.000000,24,0.000000,0.000000,0.000000,23.231000,0,0,1,0.000060
2,46726.000000,3274.000000,23,0.000000,0.000000,0.000000,22.364000,0,0,1,0.000086
3,49428.000000,572.000000,24,0.000000,0.000000,0.000000,23.714500,0,0,1,0.000002
