generation,prey_fitness,predator_fitness,num_alive_end,avg_bb_size,var_bb_size,avg_shortest_dist,swarm_density_count,prey_neurons_connected_prey_retina,prey_neurons_connected_predator_retina,predator_neurons_connected_prey_retina,mutual_info
1,37827.000000,12173.000000,10,6412.117856,4897470.251158,193.038517,7.009717,0,0,1,0.006992
1,31697.000000,18303.000000,4,4777.309983,4778594.533894,232.487978,6.306650,0,0,1,0.016353
2,35534.000000,14466.000000,9,6722.704590,4384476.922780,220.764440,6.061620,0,0,1,0.015569
3,27727.000000,22273.000000,4,4891.132973,3134781.876117,374.461742,5.298528,0,0,1,0.012274
