generation,prey_fitness,predator_fitness,num_alive_end,avg_bb_size,var_bb_size,avg_shortest_dist,swarm_density_count,prey_neurons_connected_prey_retina,prey_neurons_connected_predator_retina,predator_neurons_connected_prey_retina,mutual_info
1,20059.000000,29941.000000,2,8982.356549,68047326.550267,1656.517562,1.777623,1,1,2,0.024552
1,20521.000000,29479.000000,2,16136.463590,55210348.948190,8298.076120,1.365535,1,1,2,0.024124
2,19211.000000,30789.000000,2,10520.746630,92500270.970886,1929.029318,1.594146,1,1,2,0.066052
3,21447.000000,28553.000000,2,13551.438772,84548351.541615,2100.675288,1.461909,1,1,2,0.022340
