generation,prey_fitness,predator_fitness,num_alive_end,avg_bb_size,var_bb_size,avg_shortest_dist,swarm_density_count,prey_neurons_connected_prey_retina,prey_neurons_connected_predator_retina,predator_neurons_connected_prey_retina,mutual_info
1,18134.000000,31866.000000,2,12527.645169,123424263.382283,2086.436611,1.324568,1,1,1,0.047222
1,19366.000000,30634.000000,2,21145.034481,204104668.491626,8967.300325,1.276528,1,1,1,0.064121
2,22592.000000,27408.000000,2,19967.850748,117159384.520794,6420.765463,1.726637,1,1,1,0.051985
3,17843.000000,32157.000000,2,21566.729104,273787084.769104,5798.939572,1.066140,1,1,1,0.054684
