generation,prey_fitness,predator_fitness,num_alive_end,avg_bb_size,var_bb_size,avg_shortest_dist,swarm_density_count,prey_neurons_connected_prey_retina,prey_neurons_connected_predator_retina,predator_neurons_connected_prey_retina,mutual_info
1,18848.000000,31152.000000,2,130386.998552,6088961939.412596,67645.953561,0.949537,1,1,1,0.066638
1,24218.000000,25782.000000,2,148440.156169,4508235368.642759,30324.102167,0.824539,1,1,1,0.037019
2,28435.000000,21565.000000,8,166547.552773,4348865729.728462,9299.467696,1.115742,1,1,1,0.044133
3,24231.000000,25769.000000,4,134281.508730,3466109709.906337,13365.291766,1.037191,1,1,1,0.064394
