generation,prey_fitness,predator_fitness,num_alive_end,avg_bb_size,var_bb_size,avg_shortest_dist,swarm_density_count,prey_neurons_connected_prey_retina,prey_neurons_connected_predator_retina,predator_neurons_connected_prey_retina,mutual_info
1,16135.000000,33865.000000,2,14944.047179,94809321.909984,13081.000956,1.082761,2,1,2,0.069639
1,20724.000000,29276.000000,2,28456.925911,385217971.769684,13190.479937,1.091012,2,1,2,0.044972
2,26983.000000,23017.000000,2,60222.620805,777666789.025604,5233.048988,1.134809,2,1,2,0.050027
3,17676.000000,32324.000000,2,25469.077459,387057085.569682,5386.007393,0.985195,2,1,2,0.053791
