generation,prey_fitness,predator_fitness,num_alive_end,avg_bb_size,var_bb_size,avg_shortest_dist,swarm_density_count,prey_neurons_connected_prey_retina,prey_neurons_connected_predator_retina,predator_neurons_connected_prey_retina,mutual_info
1,23038.000000,26962.000000,2,37230.925072,239505027.878146,16713.271902,1.275849,1,0,3,0.027833
1,25943.000000,24057.000000,2,45679.992743,363804797.234324,10168.292941,1.352960,1,0,3,0.047710
2,32918.000000,17082.000000,7,66883.329841,686332878.658459,2435.828176,1.305272,1,0,3,0.044394
3,26680.000000,23320.000000,2,47371.405161,595637670.780592,4074.537637,1.156640,1,0,3,0.045511
