generation,prey_fitness,predator_fitness,num_alive_end,avg_bb_size,var_bb_size,avg_shortest_dist,swarm_density_count,prey_neurons_connected_prey_retina,prey_neurons_connected_predator_retina,predator_neurons_connected_prey_retina,mutual_info
1,25153.000000,24847.000000,2,35568.899000,665129483.878839,2197.703121,1.441292,0,2,1,0.037117
1,24168.000000,25832.000000,2,37146.997384,377282791.259664,19084.356217,1.149873,0,2,1,0.040618
2,22426.000000,27574.000000,2,35956.062332,634832343.339107,11699.577947,1.040818,0,2,1,0.045507
3,26814.000000,23186.000000,3,48001.290477,677664503.440452,3051.174008,1.262574,0,2,1,0.032531
