generation,prey_fitness,predator_fitness,num_alive_end,avg_bb_size,var_bb_size,avg_shortest_dist,swarm_density_count,prey_neurons_connected_prey_retina,prey_neurons_connected_predator_retina,predator_neurons_connected_prey_retina,mutual_info
1,21177.000000,28823.000000,2,22811.911325,185536394.616080,8732.472285,1.334896,2,1,3,0.121819
1,28752.000000,21248.000000,2,32811.338036,266253684.397947,2248.738369,1.452317,2,1,3,0.032899
2,21194.000000,28806.000000,2,25379.689256,286840735.796892,3562.191105,1.127024,2,1,3,0.055174
3,22980.000000,27020.000000,2,21435.434605,207511386.495573,2959.239103,1.321225,2,1,3,0.059940
