generation,prey_fitness,predator_fitness,num_alive_end,avg_bb_size,var_bb_size,avg_shortest_dist,swarm_density_count,prey_neurons_connected_prey_retina,prey_neurons_connected_predator_retina,predator_neurons_connected_prey_retina,mutual_info
1,22881.000000,27119.000000,2,29057.209296,435785489.765584,4341.704411,1.138702,1,1,1,0.041242
1,16427.000000,33573.000000,2,20653.630374,174842862.196438,13055.400063,1.214010,1,1,1,0.081377
2,19252.000000,30748.000000,2,23350.058610,263345927.560896,8237.784461,1.050922,1,1,1,0.060685
3,28061.000000,21939.000000,2,37792.718711,355365015.450414,7439.008076,1.324155,1,1,1,0.045047
