generation,prey_fitness,predator_fitness,num_alive_end,avg_bb_size,var_bb_size,avg_shortest_dist,swarm_density_count,prey_neurons_connected_prey_retina,prey_neurons_connected_predator_retina,predator_neurons_connected_prey_retina,mutual_info
1,21819.000000,28181.000000,2,20069.221705,144381866.971197,15965.839423,2.201093,2,1,1,0.049948
1,17815.000000,32185.000000,2,5173.280127,18978735.276611,3246.902214,2.281089,2,1,1,0.037051
2,18870.000000,31130.000000,2,12131.034232,94856299.903097,7770.880714,2.339320,2,1,1,0.041882
3,30004.000000,19996.000000,5,42856.460180,480971915.879253,2209.293500,2.008661,2,1,1,0.060536
