generation,prey_fitness,predator_fitness,num_alive_end,avg_bb_size,var_bb_size,avg_shortest_dist,swarm_density_count,prey_neurons_connected_prey_retina,prey_neurons_connected_predator_retina,predator_neurons_connected_prey_retina,mutual_info
1,20913.000000,29087.000000,2,74271.161588,1085356563.573513,34626.176986,0.861754,1,4,1,0.062262
1,29080.000000,20920.000000,4,176486.192996,5429951092.808434,10157.440837,0.934230,1,4,1,0.044188
2,22736.000000,27264.000000,2,53570.597369,1790097589.338930,9643.856525,1.089963,1,4,1,0.059068
3,28774.000000,21226.000000,4,139096.658429,5353355138.568116,6653.473825,0.970336,1,4,1,0.030410
