generation,prey_fitness,predator_fitness,num_alive_end,avg_bb_size,var_bb_size,avg_shortest_dist,swarm_density_count,prey_neurons_connected_prey_retina,prey_neurons_connected_predator_retina,predator_neurons_connected_prey_retina,mutual_info
1,23147.000000,26853.000000,2,50053.851374,935924439.132343,8489.730866,0.937713,0,0,1,0.119598
1,26633.000000,23367.000000,4,87366.886372,2229477344.783451,8548.006601,1.066071,0,0,1,0.050380
2,25204.000000,24796.000000,2,64861.356883,924023557.466850,8030.088858,1.038166,0,0,1,0.056484
3,29206.000000,20794.000000,4,78007.034785,969925256.548666,5266.772272,1.091250,0,0,1,0.026218
