generation,prey_fitness,predator_fitness,num_alive_end,avg_bb_size,var_bb_size,avg_shortest_dist,swarm_density_count,prey_neurons_connected_prey_retina,prey_neurons_connected_predator_retina,predator_neurons_connected_prey_retina,mutual_info
1,22866.000000,27134.000000,2,20269.511183,166942274.282247,4779.910235,1.488695,2,3,2,0.066443
1,20237.000000,29763.000000,2,24648.082413,407345317.235772,4105.248588,1.193520,2,3,2,0.046473
2,24952.000000,25048.000000,2,31117.598642,343282232.119581,3969.154067,1.199818,2,3,2,0.053290
3,18832.000000,31168.000000,2,15347.970082,192248022.169923,5542.972535,1.341361,2,3,2,0.043645
