generation,prey_fitness,predator_fitness,num_alive_end,avg_bb_size,var_bb_size,avg_shortest_dist,swarm_density_count,prey_neurons_connected_prey_retina,prey_neurons_connected_predator_retina,predator_neurons_connected_prey_retina,mutual_info
1,25572.000000,24428.000000,3,144762.875426,4225650205.924558,16153.786289,0.898177,1,2,2,0.084865
1,27589.000000,22411.000000,5,124508.526356,2691906874.407754,7676.491089,0.907106,1,2,2,0.036592
2,26394.000000,23606.000000,5,162567.580273,4479613124.816657,15046.466188,0.946585,1,2,2,0.042465
3,30701.000000,19299.000000,7,160344.402244,5329753234.851648,7035.832857,1.038440,1,2,2,0.023445
