generation,prey_fitness,predator_fitness,num_alive_end,avg_bb_size,var_bb_size,avg_shortest_dist,swarm_density_count,prey_neurons_connected_prey_retina,prey_neurons_connected_predator_retina,predator_neurons_connected_prey_retina,mutual_info
1,34852.000000,15148.000000,11,189456.307044,5582847611.356929,4673.046715,1.180225,2,1,3,0.017180
1,28999.000000,21001.000000,7,116445.150431,2281170197.062582,6020.791527,1.223445,2,1,3,0.035831
2,31157.000000,18843.000000,7,151609.077535,4808267901.931000,4364.676319,1.056525,2,1,3,0.033034
3,28087.000000,21913.000000,7,187152.119613,5556711253.364616,5595.696181,1.078821,2,1,3,0.026734
