generation,prey_fitness,predator_fitness,num_alive_end,avg_bb_size,var_bb_size,avg_shortest_dist,swarm_density_count,prey_neurons_connected_prey_retina,prey_neurons_connected_predator_retina,predator_neurons_connected_prey_retina,mutual_info
1,25104.000000,24896.000000,2,83209.284064,2371746035.672649,15490.440940,1.204151,2,1,3,0.041112
1,24344.000000,25656.000000,2,33418.022630,407336769.500925,5069.851227,1.342396,2,1,3,0.041372
2,19658.000000,30342.000000,2,41231.780274,407938980.798302,14866.334930,1.015851,2,1,3,0.036713
3,20341.000000,29659.000000,2,28160.629834,565875320.760997,13039.437244,0.994449,2,1,3,0.081459
