generation,prey_fitness,predator_fitness,num_alive_end,avg_bb_size,var_bb_size,avg_shortest_dist,swarm_density_count,prey_neurons_connected_prey_retina,prey_neurons_connected_predator_retina,predator_neurons_connected_prey_retina,mutual_info
1,27537.000000,22463.000000,4,87875.774289,1070843978.346342,6963.514519,1.154267,0,1,4,0.039830
1,32644.000000,17356.000000,5,95163.546280,1557125463.849858,5780.004609,1.191095,0,1,4,0.028830
2,24855.000000,25145.000000,2,64181.334185,564178655.142530,18557.142954,1.120356,0,1,4,0.049582
3,19823.000000,30177.000000,2,27248.053698,526121136.420868,23039.175422,1.136828,0,1,4,0.032394
