generation,prey_fitness,predator_fitness,num_alive_end,avg_bb_size,var_bb_size,avg_shortest_dist,swarm_density_count,prey_neurons_connected_prey_retina,prey_neurons_connected_predator_retina,predator_neurons_connected_prey_retina,mutual_info
1,25332.000000,24668.000000,3,152669.372684,4770572200.654527,13302.983283,0.838263,1,1,1,0.083407
1,29129.000000,20871.000000,4,167473.809504,3954343469.027241,10897.950615,0.798607,1,1,1,0.069070
2,25845.000000,24155.000000,3,177406.285182,7326270631.877981,9325.296001,0.801527,1,1,1,0.037682
3,26195.000000,23805.000000,7,134812.253704,3569844559.693357,9642.178915,0.752283,1,1,1,0.046892
