generation,prey_fitness,predator_fitness,num_alive_end,avg_bb_size,var_bb_size,avg_shortest_dist,swarm_density_count,prey_neurons_connected_prey_retina,prey_neurons_connected_predator_retina,predator_neurons_connected_prey_retina,mutual_info
1,25096.000000,24904.000000,2,31764.078184,196622301.051314,2632.472774,1.319274,1,5,1,0.036246
1,25281.000000,24719.000000,2,33323.426795,376975425.405801,9692.995060,1.386956,1,5,1,0.046391
2,19757.000000,30243.000000,2,20939.367898,182954967.511407,8136.766347,1.189014,1,5,1,0.052469
3,22238.000000,27762.000000,2,41040.602361,722703007.417356,3797.985145,1.257042,1,5,1,0.050256
