generation,prey_fitness,predator_fitness,num_alive_end,avg_bb_size,var_bb_size,avg_shortest_dist,swarm_density_count,prey_neurons_connected_prey_retina,prey_neurons_connected_predator_retina,predator_neurons_connected_prey_retina,mutual_info
1,27557.000000,22443.000000,5,102080.655973,3202174689.887265,6302.385563,0.956340,2,0,1,0.027769
1,21289.000000,28711.000000,2,99228.191091,3081961207.789037,26721.321191,0.906075,2,0,1,0.050705
2,25031.000000,24969.000000,2,99816.338837,2225912412.517047,12612.994285,0.847436,2,0,1,0.042232
3,20179.000000,29821.000000,2,79610.903182,1863471833.443747,37248.682197,0.884550,2,0,1,0.044211
