generation,prey_fitness,predator_fitness,num_alive_end,avg_bb_size,var_bb_size,avg_shortest_dist,swarm_density_count,prey_neurons_connected_prey_retina,prey_neurons_connected_predator_retina,predator_neurons_connected_prey_retina,mutual_info
1,20488.000000,29512.000000,2,16706.373952,192056141.476453,2200.982751,1.693546,1,1,1,0.058877
1,24696.000000,25304.000000,2,28873.992203,238401581.959718,4113.868087,1.996603,1,1,1,0.060371
2,21476.000000,28524.000000,2,12639.110645,110505904.599281,2166.613428,1.743041,1,1,1,0.051964
3,24983.000000,25017.000000,2,26661.973886,385125379.227756,1852.624725,1.842888,1,1,1,0.045845
