generation,prey_fitness,predator_fitness,num_alive_end,avg_bb_size,var_bb_size,avg_shortest_dist,swarm_density_count,prey_neurons_connected_prey_retina,prey_neurons_connected_predator_retina,predator_neurons_connected_prey_retina,mutual_info
1,21779.000000,28221.000000,2,11923.546512,62905853.026436,4766.828995,1.679706,0,0,3,0.062946
1,21178.000000,28822.000000,2,11398.463732,82935303.031412,1773.872077,1.825221,0,0,3,0.060105
2,15171.000000,34829.000000,2,6006.173002,34841880.672578,1665.743553,1.787127,0,0,3,0.036813
3,24827.000000,25173.000000,2,21667.096943,111264416.448387,4667.745430,1.701434,0,0,3,0.029687
