generation,prey_fitness,predator_fitness,num_alive_end,avg_bb_size,var_bb_size,avg_shortest_dist,swarm_density_count,prey_neurons_connected_prey_retina,prey_neurons_connected_predator_retina,predator_neurons_connected_prey_retina,mutual_info
1,23078.000000,26922.000000,5,172661.879059,5826920931.930353,14188.924423,0.788809,6,1,1,0.056603
1,23127.000000,26873.000000,2,149778.683576,7506762673.272925,19153.090022,0.824379,6,1,1,0.092381
2,24489.000000,25511.000000,3,169854.973648,4255503435.233750,11454.109994,1.135757,6,1,1,0.050987
3,31539.000000,18461.000000,6,190653.759193,4768732387.894062,8604.810642,0.938173,6,1,1,0.054915
