generation,prey_fitness,predator_fitness,num_alive_end,avg_bb_size,var_bb_size,avg_shortest_dist,swarm_density_count,prey_neurons_connected_prey_retina,prey_neurons_connected_predator_retina,predator_neurons_connected_prey_retina,mutual_info
1,26524.000000,23476.000000,2,32592.467405,311789820.161066,7826.263133,1.412294,4,4,1,0.043054
1,24041.000000,25959.000000,2,21433.209383,277479228.757924,1854.831424,1.691970,4,4,1,0.071490
2,26643.000000,23357.000000,2,29439.681952,331732243.705814,1785.464832,1.475780,4,4,1,0.050350
3,25748.000000,24252.000000,4,26492.795985,96714730.066228,2017.269673,1.474636,4,4,1,0.108830
