generation,prey_fitness,predator_fitness,num_alive_end,avg_bb_size,var_bb_size,avg_shortest_dist,swarm_density_count,prey_neurons_connected_prey_retina,prey_neurons_connected_predator_retina,predator_neurons_connected_prey_retina,mutual_info
1,27675.000000,22325.000000,3,89202.398480,1240595708.699276,6797.531464,1.034003,1,2,1,0.032249
1,27350.000000,22650.000000,2,81847.158802,859165503.180653,9465.145818,1.057053,1,2,1,0.029847
2,34210.000000,15790.000000,6,136088.916958,3611516961.220593,4560.478583,0.991423,1,2,1,0.040182
3,25743.000000,24257.000000,2,106472.595087,3139201649.512728,15393.832215,0.841813,1,2,1,0.049411
