generation,prey_fitness,predator_fitness,num_alive_end,avg_bb_size,var_bb_size,avg_shortest_dist,swarm_density_count,prey_neurons_connected_prey_retina,prey_neurons_connected_predator_retina,predator_neurons_connected_prey_retina,mutual_info
1,23199.000000,26801.000000,2,39602.220182,551403141.130918,8898.401920,1.259557,1,1,1,0.044681
1,24136.000000,25864.000000,2,25176.966617,329253485.182130,5733.866054,1.313455,1,1,1,0.045581
2,25096.000000,24904.000000,2,23831.222043,252417572.453416,2386.928405,1.407805,1,1,1,0.112516
3,21964.000000,28036.000000,2,18175.109280,229948571.120653,2062.548624,1.216987,1,1,1,0.029433
