generation,prey_fitness,predator_fitness,num_alive_end,avg_bb_size,var_bb_size,avg_shortest_dist,swarm_density_count,prey_neurons_connected_prey_retina,prey_neurons_connected_predator_retina,predator_neurons_connected_prey_retina,mutual_info
1,23130.000000,26870.000000,2,92628.034923,1509475180.692451,45607.049088,0.936425,0,1,1,0.060900
1,26514.000000,23486.000000,2,80305.659268,1420722611.441787,9770.647365,1.008370,0,1,1,0.035520
2,23983.000000,26017.000000,2,49249.580512,1115655029.197554,4253.880445,0.980452,0,1,1,0.034993
3,28481.000000,21519.000000,6,118332.978769,2809717079.207753,7471.306677,0.995193,0,1,1,0.031433
