generation,prey_fitness,predator_fitness,num_alive_end,avg_bb_size,var_bb_size,avg_shortest_dist,swarm_density_count,prey_neurons_connected_prey_retina,prey_neurons_connected_predator_retina,predator_neurons_connected_prey_retina,mutual_info
1,27270.000000,22730.000000,6,122831.579576,1640991085.198451,10048.404089,0.858599,0,1,1,0.036503
1,30056.000000,19944.000000,3,71230.383198,939494011.001296,5054.039888,1.001146,0,1,1,0.046786
2,30662.000000,19338.000000,8,111633.973632,1264536674.686207,5396.800095,0.841856,0,1,1,0.037844
3,22536.000000,27464.000000,2,67377.166472,1914264357.169252,7782.865855,0.823165,0,1,1,0.122980
