generation,prey_fitness,predator_fitness,num_alive_end,avg_bb_size,var_bb_size,avg_shortest_dist,swarm_density_count,prey_neurons_connected_prey_retina,prey_neurons_connected_predator_retina,predator_neurons_connected_prey_retina,mutual_info
1,30605.000000,19395.000000,8,188076.081723,5576330254.614362,8688.766281,0.999180,1,3,1,0.038355
1,35039.000000,14961.000000,12,183820.070453,4985707272.468533,6512.056758,0.868046,1,3,1,0.022112
2,38528.000000,11472.000000,13,204083.826641,5992274786.760764,6582.678367,1.000828,1,3,1,0.026761
3,33046.000000,16954.000000,9,180654.668312,5659110861.408112,5997.276536,0.951425,1,3,1,0.034779
