generation,prey_fitness,predator_fitness,num_alive_end,avg_bb_size,var_bb_size,avg_shortest_dist,swarm_density_count,prey_neurons_connected_prey_retina,prey_neurons_connected_predator_retina,predator_neurons_connected_prey_retina,mutual_info
1,30243.000000,19757.000000,6,160621.984997,4225477013.071875,11594.942988,0.868237,1,0,1,0.027152
1,26631.000000,23369.000000,5,124050.010676,3226441748.495614,6860.876057,0.812319,1,0,1,0.043314
2,23393.000000,26607.000000,3,120398.887304,1724293978.282436,16443.851615,0.828221,1,0,1,0.043257
3,30450.000000,19550.000000,7,143049.053056,3948516306.369053,7130.907781,0.844076,1,0,1,0.043996
