generation,prey_fitness,predator_fitness,num_alive_end,avg_bb_size,var_bb_size,avg_shortest_dist,swarm_density_count,prey_neurons_connected_prey_retina,prey_neurons_connected_predator_retina,predator_neurons_connected_prey_retina,mutual_info
1,21149.000000,28851.000000,2,18990.959525,153621515.722443,2813.143031,1.399256,0,1,1,0.042354
1,20379.000000,29621.000000,2,12499.903376,65734274.152473,4960.330092,1.648755,0,1,1,0.028700
2,24544.000000,25456.000000,2,19267.801337,121873830.924846,3838.462077,1.653658,0,1,1,0.038306
3,19886.000000,30114.000000,2,12243.685452,86733827.540371,3711.432384,1.502091,0,1,1,0.037752
