generation,prey_fitness,predator_fitness,num_alive_end,avg_bb_size,var_bb_size,avg_shortest_dist,swarm_density_count,prey_neurons_connected_prey_retina,prey_neurons_connected_predator_retina,predator_neurons_connected_prey_retina,mutual_info
1,24303.000000,25697.000000,2,19411.653928,179433753.436776,2452.646000,1.447313,4,5,1,0.055102
1,25425.000000,24575.000000,2,44876.270956,624756018.053845,4920.886868,1.039066,4,5,1,0.057588
2,18611.000000,31389.000000,2,14745.556673,172720965.633851,7811.680160,1.257237,4,5,1,0.070465
3,24640.000000,25360.000000,2,28417.987682,263813943.749189,3306.016920,1.112945,4,5,1,0.079922
