generation,prey_fitness,predator_fitness,num_alive_end,avg_bb_size,var_bb_size,avg_shortest_dist,swarm_density_count,prey_neurons_connected_prey_retina,prey_neurons_connected_predator_retina,predator_neurons_connected_prey_retina,mutual_info
1,26377.000000,23623.000000,3,85517.059863,2394554768.246685,6469.194114,0.957974,2,3,1,0.056442
1,18824.000000,31176.000000,2,69270.737722,2811950797.032578,11400.862479,0.799267,2,3,1,0.058398
2,26181.000000,23819.000000,3,101001.614650,2492501998.845373,9354.449493,0.890793,2,3,1,0.044644
3,23550.000000,26450.000000,4,103260.428896,2130856205.490309,9994.016020,0.955909,2,3,1,0.080765
