generation,prey_fitness,predator_fitness,num_alive_end,avg_bb_size,var_bb_size,avg_shortest_dist,swarm_density_count,prey_neurons_connected_prey_retina,prey_neurons_connected_predator_retina,predator_neurons_connected_prey_retina,mutual_info
1,26012.000000,23988.000000,7,173918.196597,4990133138.820112,16431.857046,0.896377,5,0,1,0.034567
1,19165.000000,30835.000000,3,161078.330224,5467603363.910282,64005.431432,0.880618,5,0,1,0.048999
2,27525.000000,22475.000000,7,162198.480110,4280091824.327857,9499.621957,0.893096,5,0,1,0.031366
3,21684.000000,28316.000000,3,96724.821526,7806510085.622719,8838.062333,0.837389,5,0,1,0.043743
