generation,prey_fitness,predator_fitness,num_alive_end,avg_bb_size,var_bb_size,avg_shortest_dist,swarm_density_count,prey_neurons_connected_prey_retina,prey_neurons_connected_predator_retina,predator_neurons_connected_prey_retina,mutual_info
1,31869.000000,18131.000000,8,130632.027789,2678203934.055610,5351.378235,0.894605,1,0,5,0.036325
1,26330.000000,23670.000000,6,125765.057549,2707378858.078918,11913.418947,0.850053,1,0,5,0.040834
2,26358.000000,23642.000000,4,149866.238919,5950597355.341796,8567.956661,0.827341,1,0,5,0.021277
3,19077.000000,30923.000000,2,76508.800664,3405338576.971014,20939.422216,0.931065,1,0,5,0.059507
