generation,prey_fitness,predator_fitness,num_alive_end,avg_bb_size,var_bb_size,avg_shortest_dist,swarm_density_count,prey_neurons_connected_prey_retina,prey_neurons_connected_predator_retina,predator_neurons_connected_prey_retina,mutual_info
1,19250.000000,30750.000000,2,8936.395712,65203621.315059,1912.307807,1.759428,3,3,1,0.028623
1,14837.000000,35163.000000,2,5725.867638,39387216.012447,3214.569017,1.459065,3,3,1,0.076150
2,17287.000000,32713.000000,2,8226.203096,53514176.649600,2399.140404,1.473168,3,3,1,0.054344
3,19098.000000,30902.000000,2,7449.062934,45375242.795532,2023.965427,1.828516,3,3,1,0.040011
