generation,prey_fitness,predator_fitness,num_alive_end,avg_bb_size,var_bb_size,avg_shortest_dist,swarm_density_count,prey_neurons_connected_prey_retina,prey_neurons_connected_predator_retina,predator_neurons_connected_prey_retina,mutual_info
1,27838.000000,22162.000000,3,81469.400245,1534190755.576314,6024.591120,0.923100,0,2,2,0.059299
1,29554.000000,20446.000000,5,84856.990272,1350768683.101766,5897.276755,1.131068,0,2,2,0.059625
2,20756.000000,29244.000000,2,46044.126084,646443804.473903,16508.950186,0.915698,0,2,2,0.039017
3,24907.000000,25093.000000,3,69678.446936,868530804.512795,7845.747780,1.018886,0,2,2,0.063237
