generation,prey_fitness,predator_fitness,num_alive_end,avg_bb_size,var_bb_size,avg_shortest_dist,swarm_density_count,prey_neurons_connected_prey_retina,prey_neurons_connected_predator_retina,predator_neurons_connected_prey_retina,mutual_info
1,22847.000000,27153.000000,2,22838.959600,451717193.793265,3274.285289,1.382385,1,2,2,0.096202
1,22519.000000,27481.000000,2,26785.925601,483898012.432349,5778.488033,1.249317,1,2,2,0.041739
2,18654.000000,31346.000000,2,24648.907299,363837103.192802,11042.086672,1.293988,1,2,2,0.100656
3,33014.000000,16986.000000,5,71185.997093,1040282090.044866,3804.335719,1.358726,1,2,2,0.030522
