generation,prey_fitness,predator_fitness,num_alive_end,avg_bb_size,var_bb_size,avg_shortest_dist,swarm_density_count,prey_neurons_connected_prey_retina,prey_neurons_connected_predator_retina,predator_neurons_connected_prey_retina,mutual_info
1,14991.000000,35009.000000,2,3088.954336,13563281.681519,1203.820595,2.316048,2,0,1,0.044793
1,19173.000000,30827.000000,2,8558.322034,49881082.049882,2085.664363,2.092970,2,0,1,0.053216
2,18241.000000,31759.000000,2,5033.016213,25347337.940371,780.353313,2.787440,2,0,1,0.049815
3,17812.000000,32188.000000,2,10007.583262,90629210.866474,3057.922768,1.632533,2,0,1,0.032970
