generation,prey_fitness,predator_fitness,num_alive_end,avg_bb_size,var_bb_size,avg_shortest_dist,swarm_density_count,prey_neurons_connected_prey_retina,prey_neurons_connected_predator_retina,predator_neurons_connected_prey_retina,mutual_info
1,17659.000000,32341.000000,2,8620.775767,42152264.498226,4889.450371,1.473396,2,4,1,0.100910
1,21281.000000,28719.000000,2,7705.249757,53759615.094640,729.831114,2.387898,2,4,1,0.050386
2,19105.000000,30895.000000,2,8935.144006,51568062.910647,2164.168390,1.875786,2,4,1,0.047549
3,20915.000000,29085.000000,2,13568.661358,102317972.244305,3154.416746,1.524921,2,4,1,0.073118
