generation,prey_fitness,predator_fitness,num_alive_end,avg_bb_size,var_bb_size,avg_shortest_dist,swarm_density_count,prey_neurons_connected_prey_retina,prey_neurons_connected_predator_retina,predator_neurons_connected_prey_retina,mutual_info
1,31104.000000,18896.000000,6,66627.443851,595740428.944154,3428.267087,1.325453,1,2,3,0.035581
1,25654.000000,24346.000000,2,43306.083877,877808169.500125,3795.756320,1.288602,1,2,3,0.043622
2,24741.000000,25259.000000,2,54228.037582,909649585.667405,3714.870977,1.175671,1,2,3,0.027741
3,24275.000000,25725.000000,2,57823.133691,1366304851.765382,10617.529593,0.979471,1,2,3,0.048774
