generation,prey_fitness,predator_fitness,num_alive_end,avg_bb_size,var_bb_size,avg_shortest_dist,swarm_density_count,prey_neurons_connected_prey_retina,prey_neurons_connected_predator_retina,predator_neurons_connected_prey_retina,mutual_info
1,31551.000000,18449.000000,4,42948.158893,264582959.117263,2839.875378,1.310197,3,3,1,0.065960
1,26252.000000,23748.000000,3,48135.264361,1084966715.578989,3763.110528,1.260743,3,3,1,0.033587
2,29534.000000,20466.000000,2,70468.860013,1218106673.395186,5622.178222,1.100201,3,3,1,0.032974
3,27219.000000,22781.000000,2,36900.116843,282986115.348089,3848.223079,1.321733,3,3,1,0.038957
