generation,prey_fitness,predator_fitness,num_alive_end,avg_bb_size,var_bb_size,avg_shortest_dist,swarm_density_count,prey_neurons_connected_prey_retina,prey_neurons_connected_predator_retina,predator_neurons_connected_prey_retina,mutual_info
1,30901.000000,19099.000000,7,90439.003478,1519416836.519548,4910.906433,1.113510,0,0,1,0.066913
1,28681.000000,21319.000000,2,45216.496119,761821486.951738,3546.207420,1.435933,0,0,1,0.043966
2,33774.000000,16226.000000,6,42651.022164,278757888.851312,2103.854490,1.490031,0,0,1,0.027817
3,26647.000000,23353.000000,2,37280.382528,404802043.465525,2957.123576,1.226304,0,0,1,0.039736
