generation,prey_fitness,predator_fitness,num_alive_end,avg_bb_size,var_bb_size,avg_shortest_dist,swarm_density_count,prey_neurons_connected_prey_retina,prey_neurons_connected_predator_retina,predator_neurons_connected_prey_retina,mutual_info
1,28371.000000,21629.000000,4,58102.634927,923237682.644469,3149.516849,1.052249,1,0,1,0.041360
1,29116.000000,20884.000000,4,117704.401536,2459024581.861068,10615.462942,1.117922,1,0,1,0.030275
2,27124.000000,22876.000000,2,41360.417570,304774156.202378,3351.597383,1.321303,1,0,1,0.045522
3,23436.000000,26564.000000,2,34208.405878,415447952.451148,11270.454789,1.045571,1,0,1,0.051149
