generation,prey_fitness,predator_fitness,num_alive_end,avg_bb_size,var_bb_size,avg_shortest_dist,swarm_density_count,prey_neurons_connected_prey_retina,prey_neurons_connected_predator_retina,predator_neurons_connected_prey_retina,mutual_info
1,25072.000000,24928.000000,4,158792.747856,5104188684.564317,13774.575537,0.928396,1,0,1,0.066585
1,23479.000000,26521.000000,5,175106.509990,6234948782.607984,9727.891852,0.905560,1,0,1,0.048375
2,22576.000000,27424.000000,4,163532.849979,5590510177.630651,18161.693045,0.927656,1,0,1,0.026176
3,27124.000000,22876.000000,4,192286.583156,5644476948.762576,18677.995748,0.797529,1,0,1,0.034190
