generation,prey_fitness,predator_fitness,num_alive_end,avg_bb_size,var_bb_size,avg_shortest_dist,swarm_density_count,prey_neurons_connected_prey_retina,prey_neurons_connected_predator_retina,predator_neurons_connected_prey_retina,mutual_info
1,27162.000000,22838.000000,2,89519.828357,1603794805.011844,10264.680504,1.023733,1,2,1,0.057468
1,29660.000000,20340.000000,4,75342.909979,1321176609.730970,5703.210694,1.077318,1,2,1,0.056086
2,26595.000000,23405.000000,2,61264.639212,1281262371.067752,3401.578031,1.005726,1,2,1,0.034167
3,25414.000000,24586.000000,2,86869.911590,1813155898.823746,11383.499842,1.216878,1,2,1,0.052823
