generation,prey_fitness,predator_fitness,num_alive_end,avg_bb_size,var_bb_size,avg_shortest_dist,swarm_density_count,prey_neurons_connected_prey_retina,prey_neurons_connected_predator_retina,predator_neurons_connected_prey_retina,mutual_info
1,21651.000000,28349.000000,3,109926.869484,4847219063.587848,15991.374717,0.875279,0,0,1,0.033989
1,28701.000000,21299.000000,3,130767.887985,2918957195.623774,11874.383659,0.993595,0,0,1,0.041746
2,21413.000000,28587.000000,2,129453.627657,3901124167.169072,40077.670899,1.058042,0,0,1,0.056553
3,18302.000000,31698.000000,2,72218.063829,2020562266.060296,46280.789177,0.879352,0,0,1,0.035319
