generation,prey_fitness,predator_fitness,num_alive_end,avg_bb_size,var_bb_size,avg_shortest_dist,swarm_density_count,prey_neurons_connected_prey_retina,prey_neurons_connected_predator_retina,predator_neurons_connected_prey_retina,mutual_info
1,29643.000000,20357.000000,5,110378.090065,5245470513.362289,4539.992081,1.559973,1,1,1,0.038848
1,24001.000000,25999.000000,2,82521.209484,4627628475.698163,7113.647910,1.441145,1,1,1,0.043386
2,21642.000000,28358.000000,2,64291.407373,1722862873.506448,17039.172319,1.153953,1,1,1,0.048905
3,30208.000000,19792.000000,5,118935.944621,3112908905.016662,5773.545534,1.254148,1,1,1,0.047548
