generation,prey_fitness,predator_fitness,num_alive_end,avg_bb_size,var_bb_size,avg_shortest_dist,swarm_density_count,prey_neurons_connected_prey_retina,prey_neurons_connected_predator_retina,predator_neurons_connected_prey_retina,mutual_info
1,21117.000000,28883.000000,2,106254.771874,5146763916.750592,23706.031624,0.907395,3,0,1,0.062987
1,28126.000000,21874.000000,5,79222.455277,1251206624.445732,5095.398064,1.092253,3,0,1,0.037326
2,30121.000000,19879.000000,7,149225.199538,3822913331.191236,7083.211785,0.983070,3,0,1,0.034571
3,23699.000000,26301.000000,2,70454.163996,1439650984.588021,7344.782290,1.160710,3,0,1,0.066203
