generation,prey_fitness,predator_fitness,num_alive_end,avg_bb_size,var_bb_size,avg_shortest_dist,swarm_density_count,prey_neurons_connected_prey_retina,prey_neurons_connected_predator_retina,predator_neurons_connected_prey_retina,mutual_info
1,19424.000000,30576.000000,2,23313.814069,264542634.591073,13324.421442,1.095057,1,4,1,0.061211
1,25860.000000,24140.000000,2,44747.175269,373459852.532875,17411.993463,1.382622,1,4,1,0.067453
2,19501.000000,30499.000000,2,18000.936169,215475176.124573,3285.531341,1.304465,1,4,1,0.043737
3,18433.000000,31567.000000,2,13796.863285,134830146.636373,8429.078491,1.301235,1,4,1,0.040900
