generation,prey_fitness,predator_fitness,num_alive_end,avg_bb_size,var_bb_size,avg_shortest_dist,swarm_density_count,prey_neurons_connected_prey_retina,prey_neurons_connected_predator_retina,predator_neurons_connected_prey_retina,mutual_info
1,24414.000000,25586.000000,2,20872.807447,166409250.141080,5163.405338,1.427078,1,0,3,0.040697
1,21581.000000,28419.000000,2,21613.791693,193207034.365048,4957.406028,1.301868,1,0,3,0.024397
2,25299.000000,24701.000000,2,44396.474384,445925404.727095,11280.862514,1.264081,1,0,3,0.052855
3,26942.000000,23058.000000,2,24083.670110,172735944.805073,2208.148816,1.743682,1,0,3,0.030797
