generation,prey_fitness,predator_fitness,num_alive_end,avg_bb_size,var_bb_size,avg_shortest_dist,swarm_density_count,prey_neurons_connected_prey_retina,prey_neurons_connected_predator_retina,predator_neurons_connected_prey_retina,mutual_info
1,25179.000000,24821.000000,5,134242.053870,3764208806.190544,10082.433729,1.029136,4,2,2,0.044753
1,18190.000000,31810.000000,2,115223.414636,2671994653.563465,58465.926859,1.057997,4,2,2,0.050259
2,20488.000000,29512.000000,5,97040.332628,1646837844.966417,12737.507060,0.848307,4,2,2,0.032288
3,23738.000000,26262.000000,2,98706.637130,3581167872.969985,10856.063019,0.928258,4,2,2,0.039726
