generation,prey_fitness,predator_fitness,num_alive_end,avg_bb_size,var_bb_size,avg_shortest_dist,swarm_density_count,prey_neurons_connected_prey_retina,prey_neurons_connected_predator_retina,predator_neurons_connected_prey_retina,mutual_info
1,24476.000000,25524.000000,2,84048.250828,1024613333.619136,10030.875047,1.009671,1,0,2,0.059305
1,18102.000000,31898.000000,2,49173.972864,1933126302.266326,11933.143343,1.094318,1,0,2,0.063020
2,18467.000000,31533.000000,2,28555.382566,547413907.742051,5421.219531,1.029413,1,0,2,0.055995
3,21448.000000,28552.000000,2,56609.901555,1391205248.615229,8718.140265,0.868063,1,0,2,0.053265
