generation,prey_fitness,predator_fitness,num_alive_end,avg_bb_size,var_bb_size,avg_shortest_dist,swarm_density_count,prey_neurons_connected_prey_retina,prey_neurons_connected_predator_retina,predator_neurons_connected_prey_retina,mutual_info
1,15681.000000,34319.000000,2,12676.004477,69789152.521429,6377.541633,1.001254,1,1,1,0.106428
1,21736.000000,28264.000000,2,17327.764159,142703166.781216,5151.219518,1.144045,1,1,1,0.037227
2,22646.000000,27354.000000,2,24463.893430,239594613.028997,2925.022990,1.113680,1,1,1,0.039103
3,26403.000000,23597.000000,3,37041.573793,298690066.218212,4077.909784,1.428805,1,1,1,0.027247
