generation,prey_fitness,predator_fitness,num_alive_end,avg_bb_size,var_bb_size,avg_shortest_dist,swarm_density_count,prey_neurons_connected_prey_retina,prey_neurons_connected_predator_retina,predator_neurons_connected_prey_retina,mutual_info
1,21225.000000,28775.000000,2,15206.477177,195376745.890221,2695.870864,1.416350,1,1,1,0.027540
1,15715.000000,34285.000000,2,7479.171902,46098610.107596,3618.092837,1.275521,1,1,1,0.051227
2,21459.000000,28541.000000,2,13291.086381,136990919.566810,1579.911419,1.525915,1,1,1,0.047940
3,19750.000000,30250.000000,2,16667.596039,90748384.546466,9426.035311,1.209653,1,1,1,0.032402
