generation,prey_fitness,predator_fitness,num_alive_end,avg_bb_size,var_bb_size,avg_shortest_dist,swarm_density_count,prey_neurons_connected_prey_retina,prey_neurons_connected_predator_retina,predator_neurons_connected_prey_retina,mutual_info
1,21629.000000,28371.000000,2,103124.726352,5277758724.163434,12584.430475,0.842378,1,5,1,0.063696
1,24535.000000,25465.000000,4,136515.107156,5211982836.691898,14047.269948,0.871615,1,5,1,0.072748
2,24923.000000,25077.000000,7,138823.221920,3527617067.909110,9471.451975,0.914456,1,5,1,0.040877
3,18412.000000,31588.000000,2,81882.695719,4297390659.903606,25993.855410,0.859158,1,5,1,0.067478
