generation,prey_fitness,predator_fitness,num_alive_end,avg_bb_size,var_bb_size,avg_shortest_dist,swarm_density_count,prey_neurons_connected_prey_retina,prey_neurons_connected_predator_retina,predator_neurons_connected_prey_retina,mutual_info
1,30885.000000,19115.000000,6,140612.952608,3715153104.457700,7313.049852,0.906836,2,2,2,0.038972
1,27776.000000,22224.000000,3,83822.113800,1836343352.465142,5840.088289,0.968319,2,2,2,0.049883
2,31467.000000,18533.000000,6,143535.497336,3518218786.053721,6805.632625,1.013508,2,2,2,0.039447
3,26870.000000,23130.000000,5,94234.351561,2627772492.664627,5080.565745,1.014717,2,2,2,0.031735
