generation,prey_fitness,predator_fitness,num_alive_end,avg_bb_size,var_bb_size,avg_shortest_dist,swarm_density_count,prey_neurons_connected_prey_retina,prey_neurons_connected_predator_retina,predator_neurons_connected_prey_retina,mutual_info
1,32675.000000,17325.000000,6,64850.408249,686470970.126545,2846.276036,1.360900,0,2,1,0.019459
1,22706.000000,27294.000000,3,45785.586075,515128453.004974,5817.868191,1.225550,0,2,1,0.040829
2,25306.000000,24694.000000,2,41075.307554,574954700.124310,3476.136689,1.332689,0,2,1,0.040891
3,23654.000000,26346.000000,4,51928.693558,384616590.023012,4991.336542,1.240100,0,2,1,0.046435
