generation,prey_fitness,predator_fitness,num_alive_end,avg_bb_size,var_bb_size,avg_shortest_dist,swarm_density_count,prey_neurons_connected_prey_retina,prey_neurons_connected_predator_retina,predator_neurons_connected_prey_retina,mutual_info
1,28964.000000,21036.000000,6,84102.731343,1259831431.366245,3726.506883,1.038927,1,3,3,0.027145
1,24281.000000,25719.000000,2,47111.869239,1169617060.098883,8901.296340,1.138282,1,3,3,0.062691
2,33430.000000,16570.000000,5,85789.918192,1085415023.702543,4339.547105,1.250095,1,3,3,0.044548
3,32858.000000,17142.000000,9,90206.784371,1915616468.112906,4194.067056,1.152546,1,3,3,0.033750
