generation,prey_fitness,predator_fitness,num_alive_end,avg_bb_size,var_bb_size,avg_shortest_dist,swarm_density_count,prey_neurons_connected_prey_retina,prey_neurons_connected_predator_retina,predator_neurons_connected_prey_retina,mutual_info
1,28031.000000,21969.000000,5,140355.300347,3359351836.689232,10277.017316,1.032972,0,2,1,0.029374
1,28015.000000,21985.000000,6,165385.828474,5166337286.927064,13585.531053,0.867116,0,2,1,0.038877
2,24024.000000,25976.000000,6,104147.196909,1813816977.782474,12511.926107,1.042039,0,2,1,0.054332
3,24470.000000,25530.000000,4,110367.091116,3183594594.130902,11900.697066,0.943349,0,2,1,0.082084
