generation,prey_fitness,predator_fitness,num_alive_end,avg_bb_size,var_bb_size,avg_shortest_dist,swarm_density_count,prey_neurons_connected_prey_retina,prey_neurons_connected_predator_retina,predator_neurons_connected_prey_retina,mutual_info
1,31526.000000,18474.000000,5,5694.838786,6264404.806616,265.774126,5.787658,0,4,5,0.017125
1,36776.000000,13224.000000,11,5205.061912,2518295.499905,174.997972,7.309651,0,4,5,0.013125
2,33912.000000,16088.000000,6,5621.581818,2918399.478253,250.743939,6.445761,0,4,5,0.023243
3,25886.000000,24114.000000,2,5808.980120,6528551.062327,625.101127,4.191788,0,4,5,0.019723
