generation,prey_fitness,predator_fitness,num_alive_end,avg_bb_size,var_bb_size,avg_shortest_dist,swarm_density_count,prey_neurons_connected_prey_retina,prey_neurons_connected_predator_retina,predator_neurons_connected_prey_retina,mutual_info
1,29771.000000,20229.000000,4,161444.384248,4504203048.446218,12155.030837,1.080144,0,2,2,0.034378
1,25252.000000,24748.000000,3,139126.155214,3761297984.631431,19240.414395,1.058420,0,2,2,0.060646
2,24124.000000,25876.000000,3,103927.227421,4638468771.589592,17309.038780,1.153702,0,2,2,0.047221
3,25284.000000,24716.000000,6,159776.291527,5318462669.269907,9333.694219,1.135402,0,2,2,0.034749
