generation,prey_fitness,predator_fitness,num_alive_end,avg_bb_size,var_bb_size,avg_shortest_dist,swarm_density_count,prey_neurons_connected_prey_retina,prey_neurons_connected_predator_retina,predator_neurons_connected_prey_retina,mutual_info
1,22447.000000,27553.000000,2,93265.866509,3931601589.614394,17230.959951,1.319484,1,0,1,0.064966
1,28152.000000,21848.000000,4,119174.299851,3158364264.731879,8048.890404,0.999112,1,0,1,0.043972
2,23387.000000,26613.000000,4,78338.872539,1407597085.216665,9356.300311,1.076860,1,0,1,0.042647
3,23544.000000,26456.000000,2,97375.580851,3087361966.732139,13859.663452,0.936592,1,0,1,0.050437
