generation,prey_fitness,predator_fitness,num_alive_end,avg_bb_size,var_bb_size,avg_shortest_dist,swarm_density_count,prey_neurons_connected_prey_retina,prey_neurons_connected_predator_retina,predator_neurons_connected_prey_retina,mutual_info
1,24536.000000,25464.000000,2,12442.635097,28904308.845369,8153.125560,2.502862,0,5,1,0.032341
1,22568.000000,27432.000000,2,9267.248068,30063087.041591,2724.529322,2.187115,0,5,1,0.043594
2,17129.000000,32871.000000,2,5449.773757,20004422.932573,2840.110048,2.036763,0,5,1,0.047152
3,18572.000000,31428.000000,2,9897.204121,106056883.820411,2100.827322,1.807361,0,5,1,0.034797
