generation,prey_fitness,predator_fitness,num_alive_end,avg_bb_size,var_bb_size,avg_shortest_dist,swarm_density_count,prey_neurons_connected_prey_retina,prey_neurons_connected_predator_retina,predator_neurons_connected_prey_retina,mutual_info
1,22604.000000,27396.000000,2,16270.865162,129440382.455618,3395.644239,1.980502,1,2,2,0.046722
1,26245.000000,23755.000000,2,21449.234967,127342943.841090,3537.806545,2.402167,1,2,2,0.032292
2,19554.000000,30446.000000,2,7937.385843,50927347.684110,1118.225698,2.287864,1,2,2,0.208478
3,19951.000000,30049.000000,2,9749.330752,53713439.377845,3794.943867,2.242790,1,2,2,0.035972
