generation,prey_fitness,predator_fitness,num_alive_end,avg_bb_size,var_bb_size,avg_shortest_dist,swarm_density_count,prey_neurons_connected_prey_retina,prey_neurons_connected_predator_retina,predator_neurons_connected_prey_retina,mutual_info
1,20899.000000,29101.000000,2,33529.419539,612852718.298908,3178.813791,1.237445,0,1,2,0.068659
1,27247.000000,22753.000000,2,39672.901540,316721100.507658,5868.292448,1.256783,0,1,2,0.038292
2,29514.000000,20486.000000,6,46481.912567,389671241.512993,3265.822155,1.391074,0,1,2,0.043853
3,24442.000000,25558.000000,2,47051.384992,550980073.994143,8640.984809,1.167213,0,1,2,0.045574
