generation,prey_fitness,predator_fitness,num_alive_end,avg_bb_size,var_bb_size,avg_shortest_dist,swarm_density_count,prey_neurons_connected_prey_retina,prey_neurons_connected_predator_retina,predator_neurons_connected_prey_retina,mutual_info
1,24263.000000,25737.000000,2,91575.086720,2170355075.794632,24834.854529,0.968191,1,1,1,0.035203
1,31101.000000,18899.000000,7,137877.427967,3542236692.069936,7205.966731,0.843441,1,1,1,0.028795
2,26109.000000,23891.000000,3,80352.316996,2537921287.629176,7451.635892,0.871318,1,1,1,0.028318
3,32024.000000,17976.000000,8,135051.931003,2377684357.798615,5847.303850,0.909247,1,1,1,0.030475
