generation,prey_fitness,predator_fitness,num_alive_end,avg_bb_size,var_bb_size,avg_shortest_dist,swarm_density_count,prey_neurons_connected_prey_retina,prey_neurons_connected_predator_retina,predator_neurons_connected_prey_retina,mutual_info
1,30068.000000,19932.000000,4,118744.682764,2197387402.389152,9347.205421,1.156776,0,2,2,0.068867
1,31156.000000,18844.000000,7,136087.636609,3471003402.657802,7933.242922,1.049748,0,2,2,0.047245
2,27286.000000,22714.000000,5,138631.857053,3165649771.860986,8530.462648,0.976273,0,2,2,0.052210
3,32902.000000,17098.000000,6,121643.593367,2903494881.879221,5014.372690,1.024126,0,2,2,0.041890
