generation,prey_fitness,predator_fitness,num_alive_end,avg_bb_size,var_bb_size,avg_shortest_dist,swarm_density_count,prey_neurons_connected_prey_retina,prey_neurons_connected_predator_retina,predator_neurons_connected_prey_retina,mutual_info
1,34113.000000,15887.000000,8,110296.353023,1940724918.536868,4754.231183,1.072097,1,1,1,0.017448
1,29107.000000,20893.000000,3,114446.989207,4189074762.257060,5602.528510,0.989396,1,1,1,0.044282
2,28817.000000,21183.000000,3,81246.172268,1526893939.320543,6065.586875,1.253253,1,1,1,0.044183
3,31246.000000,18754.000000,6,118585.734811,3109042269.151684,4225.404894,1.130019,1,1,1,0.025186
