generation,prey_fitness,predator_fitness,num_alive_end,avg_bb_size,var_bb_size,avg_shortest_dist,swarm_density_count,prey_neurons_connected_prey_retina,prey_neurons_connected_predator_retina,predator_neurons_connected_prey_retina,mutual_info
1,17967.000000,32033.000000,2,44013.166195,871201595.867334,19738.603425,0.845925,0,1,1,0.058979
1,18609.000000,31391.000000,2,51840.525506,910466199.087162,24112.957837,0.858786,0,1,1,0.066130
2,18472.000000,31528.000000,2,64425.362382,2845648498.570411,15771.755694,0.830692,0,1,1,0.058084
3,26466.000000,23534.000000,3,104538.157701,3395436272.325754,7418.665320,0.928949,0,1,1,0.067440
