generation,prey_fitness,predator_fitness,num_alive_end,avg_bb_size,var_bb_size,avg_shortest_dist,swarm_density_count,prey_neurons_connected_prey_retina,prey_neurons_connected_predator_retina,predator_neurons_connected_prey_retina,mutual_info
1,26834.000000,23166.000000,2,40395.797081,349181769.208016,9055.764839,1.513620,2,3,2,0.051899
1,24621.000000,25379.000000,2,27156.526389,206629170.193005,3923.378055,1.540540,2,3,2,0.036737
2,20299.000000,29701.000000,2,16514.587340,171505186.278934,3330.292989,1.262402,2,3,2,0.032031
3,21387.000000,28613.000000,2,44531.369848,347882619.849666,30754.087450,1.414257,2,3,2,0.044496
