generation,prey_fitness,predator_fitness,num_alive_end,avg_bb_size,var_bb_size,avg_shortest_dist,swarm_density_count,prey_neurons_connected_prey_retina,prey_neurons_connected_predator_retina,predator_neurons_connected_prey_retina,mutual_info
1,26044.000000,23956.000000,2,79160.620749,1748056028.345076,28532.214056,0.961558,1,1,4,0.061025
1,28735.000000,21265.000000,4,63440.402935,733186234.768725,3675.151622,1.072024,1,1,4,0.027711
2,21304.000000,28696.000000,2,43687.350300,856184596.084643,16434.372583,0.850395,1,1,4,0.066573
3,24501.000000,25499.000000,3,82759.801226,2322399229.324509,8618.812204,0.742896,1,1,4,0.084851
