generation,prey_fitness,predator_fitness,num_alive_end,avg_bb_size,var_bb_size,avg_shortest_dist,swarm_density_count,prey_neurons_connected_prey_retina,prey_neurons_connected_predator_retina,predator_neurons_connected_prey_retina,mutual_info
1,22309.000000,27691.000000,2,93621.134282,3053182053.234147,10777.766648,0.930397,0,1,2,0.069381
1,31662.000000,18338.000000,5,140696.316145,2591532603.730365,7560.958599,0.829658,0,1,2,0.021728
2,27887.000000,22113.000000,8,139079.179347,3189668160.915258,7598.859003,0.892218,0,1,2,0.033633
3,20778.000000,29222.000000,2,55588.525890,1350494410.755276,6844.728745,0.755747,0,1,2,0.046095
