generation,prey_fitness,predator_fitness,num_alive_end,avg_bb_size,var_bb_size,avg_shortest_dist,swarm_density_count,prey_neurons_connected_prey_retina,prey_neurons_connected_predator_retina,predator_neurons_connected_prey_retina,mutual_info
1,23978.000000,26022.000000,2,30815.684661,250499779.281335,4322.127999,1.193186,0,2,1,0.102183
1,24750.000000,25250.000000,2,30981.660413,283362713.898028,4477.124033,1.475162,0,2,1,0.036243
2,23877.000000,26123.000000,2,26701.030868,106807392.765724,9607.204239,1.285646,0,2,1,0.048492
3,30901.000000,19099.000000,3,30440.279633,120768575.887079,1741.613313,1.693968,0,2,1,0.020543
