generation,prey_fitness,predator_fitness,num_alive_end,avg_bb_size,var_bb_size,avg_shortest_dist,swarm_density_count,prey_neurons_connected_prey_retina,prey_neurons_connected_predator_retina,predator_neurons_connected_prey_retina,mutual_info
1,22951.000000,27049.000000,2,27142.618942,193037398.076103,16249.480875,1.168848,2,0,1,0.038730
1,19864.000000,30136.000000,2,18829.514913,180093782.997710,5064.905983,1.366574,2,0,1,0.037656
2,16312.000000,33688.000000,2,12284.470276,133922004.663163,5322.485471,1.211459,2,0,1,0.038915
3,16491.000000,33509.000000,2,17496.244623,164850673.804598,19490.513130,0.991995,2,0,1,0.038416
