generation,prey_fitness,predator_fitness,num_alive_end,avg_bb_size,var_bb_size,avg_shortest_dist,swarm_density_count,prey_neurons_connected_prey_retina,prey_neurons_connected_predator_retina,predator_neurons_connected_prey_retina,mutual_info
1,27219.000000,22781.000000,3,114375.191460,2899893233.679214,20102.638593,1.096681,0,3,1,0.042348
1,28589.000000,21411.000000,3,102041.206320,1756460070.509143,10937.205767,0.917530,0,3,1,0.075037
2,23604.000000,26396.000000,4,92163.006976,1902575453.010420,8626.954145,0.967599,0,3,1,0.052035
3,24599.000000,25401.000000,4,96626.596157,1283094471.613683,15218.467619,0.871595,0,3,1,0.042306
