generation,prey_fitness,predator_fitness,num_alive_end,avg_bb_size,var_bb_size,avg_shortest_dist,swarm_density_count,prey_neurons_connected_prey_retina,prey_neurons_connected_predator_retina,predator_neurons_connected_prey_retina,mutual_info
1,23790.000000,26210.000000,2,26186.098479,166278972.255514,13854.255224,1.583700,3,0,1,0.031514
1,26138.000000,23862.000000,2,28020.069724,319500066.129574,2346.124911,1.386303,3,0,1,0.031581
2,22372.000000,27628.000000,2,26606.901773,362236560.463035,5683.005565,1.677569,3,0,1,0.032071
3,19460.000000,30540.000000,2,15292.063794,136746384.881570,4509.952315,1.401609,3,0,1,0.052306
