generation,prey_fitness,predator_fitness,num_alive_end,avg_bb_size,var_bb_size,avg_shortest_dist,swarm_density_count,prey_neurons_connected_prey_retina,prey_neurons_connected_predator_retina,predator_neurons_connected_prey_retina,mutual_info
1,24006.000000,25994.000000,2,154189.991525,3843999853.403811,33042.302083,0.809016,1,0,1,0.048598
1,24421.000000,25579.000000,3,112730.800919,1921599749.017791,14774.751068,0.929850,1,0,1,0.040835
2,22357.000000,27643.000000,2,91671.585789,3454028250.015587,15040.993543,0.811168,1,0,1,0.080746
3,20259.000000,29741.000000,2,74991.865207,4099335232.121336,9195.255159,0.856007,1,0,1,0.040964
