generation,prey_fitness,predator_fitness,num_alive_end,avg_bb_size,var_bb_size,avg_shortest_dist,swarm_density_count,prey_neurons_connected_prey_retina,prey_neurons_connected_predator_retina,predator_neurons_connected_prey_retina,mutual_info
1,26791.000000,23209.000000,2,95713.651119,1213252582.273150,11687.467769,1.051647,0,0,1,0.054922
1,22843.000000,27157.000000,5,96123.475582,2074596825.253866,10999.256108,0.987325,0,0,1,0.037547
2,25784.000000,24216.000000,4,63237.000880,666971161.960417,5389.969355,1.070588,0,0,1,0.055674
3,25337.000000,24663.000000,3,48380.445633,719028904.822186,3710.232109,1.191714,0,0,1,0.042799
