generation,prey_fitness,predator_fitness,num_alive_end,avg_bb_size,var_bb_size,avg_shortest_dist,swarm_density_count,prey_neurons_connected_prey_retina,prey_neurons_connected_predator_retina,predator_neurons_connected_prey_retina,mutual_info
1,27285.000000,22715.000000,6,64394.299635,677079788.398542,3437.190510,1.308808,2,1,1,0.054606
1,31152.000000,18848.000000,7,83754.026479,1566667952.376179,4093.574680,1.129715,2,1,1,0.066668
2,36923.000000,13077.000000,10,117755.328958,3089492263.374195,3149.012251,1.258804,2,1,1,0.033269
3,28517.000000,21483.000000,8,58437.324015,714180959.508732,2542.812548,1.160740,2,1,1,0.050804
