generation,prey_fitness,predator_fitness,num_alive_end,avg_bb_size,var_bb_size,avg_shortest_dist,swarm_density_count,prey_neurons_connected_prey_retina,prey_neurons_connected_predator_retina,predator_neurons_connected_prey_retina,mutual_info
1,21933.000000,28067.000000,2,7417.123734,22880363.014705,3659.150504,3.376821,1,2,1,0.068032
1,19731.000000,30269.000000,2,5253.479266,11393578.517635,3549.713179,3.342012,1,2,1,0.030061
2,20694.000000,29306.000000,2,4576.200167,13119324.279611,1174.191200,3.655607,1,2,1,0.030970
3,23885.000000,26115.000000,2,5215.913699,11635325.555855,1346.137969,4.109377,1,2,1,0.013731
