generation,prey_fitness,predator_fitness,num_alive_end,avg_bb_size,var_bb_size,avg_shortest_dist,swarm_density_count,prey_neurons_connected_prey_retina,prey_neurons_connected_predator_retina,predator_neurons_connected_prey_retina,mutual_info
1,23140.000000,26860.000000,2,101344.083230,3058880177.802188,12628.555471,0.890827,0,1,3,0.054341
1,24047.000000,25953.000000,5,121890.671175,3576319605.556675,13948.732297,0.835956,0,1,3,0.046455
2,24110.000000,25890.000000,2,77396.739065,1270873145.631874,16288.221407,0.948545,0,1,3,0.056937
3,33634.000000,16366.000000,9,111221.730672,2065848082.337906,4305.717959,1.142700,0,1,3,0.023440
