generation,prey_fitness,predator_fitness,num_alive_end,avg_bb_size,var_bb_size,avg_shortest_dist,swarm_density_count,prey_neurons_connected_prey_retina,prey_neurons_connected_predator_retina,predator_neurons_connected_prey_retina,mutual_info
1,16038.000000,33962.000000,2,13087.413139,101573335.820949,12009.854697,1.073941,0,3,1,0.034756
1,26016.000000,23984.000000,2,31886.579719,357625644.240025,4268.092415,1.285393,0,3,1,0.028286
2,25458.000000,24542.000000,2,36736.565654,299653638.861763,3674.504868,1.254932,0,3,1,0.028704
3,16260.000000,33740.000000,2,19133.408738,223403517.089381,24057.459268,0.950801,0,3,1,0.032541
