generation,prey_fitness,predator_fitness,num_alive_end,avg_bb_size,var_bb_size,avg_shortest_dist,swarm_density_count,prey_neurons_connected_prey_retina,prey_neurons_connected_predator_retina,predator_neurons_connected_prey_retina,mutual_info
1,19352.000000,30648.000000,2,24101.245847,260319197.697119,7645.060384,1.177972,3,2,1,0.071713
1,24804.000000,25196.000000,2,23221.091009,186715588.716106,3752.184117,1.560404,3,2,1,0.024246
2,19144.000000,30856.000000,2,14149.415884,66836676.018993,6223.635762,1.673889,3,2,1,0.049666
3,19470.000000,30530.000000,2,23657.456721,148253525.509230,10685.011923,1.362804,3,2,1,0.047770
