generation,prey_fitness,predator_fitness,num_alive_end,avg_bb_size,var_bb_size,avg_shortest_dist,swarm_density_count,prey_neurons_connected_prey_retina,prey_neurons_connected_predator_retina,predator_neurons_connected_prey_retina,mutual_info
1,24568.000000,25432.000000,2,4710.567307,10730347.490627,769.228728,4.145626,1,4,1,0.015992
1,21778.000000,28222.000000,2,4059.507356,5367741.642245,2904.058775,3.591693,1,4,1,0.020321
2,19625.000000,30375.000000,2,6031.494161,18254296.456913,3523.145774,2.533683,1,4,1,0.034449
3,19321.000000,30679.000000,2,3769.721045,15844286.781744,573.419367,3.280527,1,4,1,0.032993
