generation,prey_fitness,predator_fitness,num_alive_end,avg_bb_size,var_bb_size,avg_shortest_dist,swarm_density_count,prey_neurons_connected_prey_retina,prey_neurons_connected_predator_retina,predator_neurons_connected_prey_retina,mutual_info
1,20469.000000,29531.000000,2,20029.835159,151863911.302824,9519.884409,1.421626,1,2,1,0.053909
1,29542.000000,20458.000000,2,28428.379387,143465040.176873,3796.218089,1.746864,1,2,1,0.027369
2,23313.000000,26687.000000,2,19085.766144,181099007.803261,1771.813663,1.754905,1,2,1,0.050131
3,18824.000000,31176.000000,2,16184.154383,121402526.972172,7130.148746,1.452820,1,2,1,0.039257
