generation,prey_fitness,predator_fitness,num_alive_end,avg_bb_size,var_bb_size,avg_shortest_dist,swarm_density_count,prey_neurons_connected_prey_retina,prey_neurons_connected_predator_retina,predator_neurons_connected_prey_retina,mutual_info
1,20188.000000,29812.000000,2,2543.628306,3465189.770758,691.594049,4.457260,1,1,1,0.014214
1,27324.000000,22676.000000,2,3754.963588,4396279.024211,342.915075,5.906334,1,1,1,0.013089
2,21999.000000,28001.000000,2,3094.720204,6239169.940738,626.523640,4.337900,1,1,1,0.027812
3,24079.000000,25921.000000,2,3287.139003,5122282.990415,1008.689075,5.202260,1,1,1,0.015834
