generation,prey_fitness,predator_fitness,num_alive_end,avg_bb_size,var_bb_size,avg_shortest_dist,swarm_density_count,prey_neurons_connected_prey_retina,prey_neurons_connected_predator_retina,predator_neurons_connected_prey_retina,mutual_info
1,29614.000000,20386.000000,8,133330.992679,3753873391.835139,7155.675862,1.295271,3,2,1,0.021310
1,25107.000000,24893.000000,5,138993.275816,5360037036.962777,15600.742379,1.171589,3,2,1,0.032885
2,29810.000000,20190.000000,10,164339.005684,4773897375.224009,6703.290531,1.204211,3,2,1,0.028568
3,25425.000000,24575.000000,7,132611.986126,3440884929.802024,11286.441168,1.085350,3,2,1,0.032479
