generation,prey_fitness,predator_fitness,num_alive_end,avg_bb_size,var_bb_size,avg_shortest_dist,swarm_density_count,prey_neurons_connected_prey_retina,prey_neurons_connected_predator_retina,predator_neurons_connected_prey_retina,mutual_info
1,26362.000000,23638.000000,3,69795.505372,743990899.487778,6566.277280,1.023734,2,3,1,0.037915
1,29601.000000,20399.000000,4,97835.942471,2520064050.946053,7913.649659,1.099994,2,3,1,0.039159
2,24984.000000,25016.000000,2,87063.880850,2142631434.238808,8191.481105,1.072457,2,3,1,0.040662
3,30372.000000,19628.000000,4,79531.932064,1521867803.671522,3609.636632,1.182524,2,3,1,0.030330
