generation,prey_fitness,predator_fitness,num_alive_end,avg_bb_size,var_bb_size,avg_shortest_dist,swarm_density_count,prey_neurons_connected_prey_retina,prey_neurons_connected_predator_retina,predator_neurons_connected_prey_retina,mutual_info
1,29192.000000,20808.000000,2,152575.013077,5417323372.084642,15664.308862,0.825559,0,0,1,0.026037
1,26508.000000,23492.000000,6,142397.280421,4885137128.093412,8282.528025,0.823426,0,0,1,0.021460
2,27461.000000,22539.000000,2,117048.827984,4378800175.179436,8169.517631,0.872186,0,0,1,0.038115
3,32518.000000,17482.000000,7,163061.923811,3743112420.887519,6262.537461,0.847922,0,0,1,0.036945
