generation,prey_fitness,predator_fitness,num_alive_end,avg_bb_size,var_bb_size,avg_shortest_dist,swarm_density_count,prey_neurons_connected_prey_retina,prey_neurons_connected_predator_retina,predator_neurons_connected_prey_retina,mutual_info
1,24736.000000,25264.000000,2,35456.549500,404284985.480611,5252.830792,1.144706,0,2,1,0.059385
1,21114.000000,28886.000000,2,41779.719159,613133273.671812,20655.394807,0.872536,0,2,1,0.061127
2,24467.000000,25533.000000,2,62124.891447,963775811.431412,24658.921171,0.929229,0,2,1,0.034021
3,23754.000000,26246.000000,2,50100.888180,623298675.241403,10061.895217,1.100419,0,2,1,0.076933
