generation,prey_fitness,predator_fitness,num_alive_end,avg_bb_size,var_bb_size,avg_shortest_dist,swarm_density_count,prey_neurons_connected_prey_retina,prey_neurons_connected_predator_retina,predator_neurons_connected_prey_retina,mutual_info
1,22793.000000,27207.000000,2,46544.804951,683822526.445400,12491.978351,1.208873,2,1,1,0.038547
1,23858.000000,26142.000000,3,61435.843634,814108729.950232,8124.161236,1.096091,2,1,1,0.033627
2,23298.000000,26702.000000,2,61230.882123,1638839858.038332,20248.955435,1.015417,2,1,1,0.041314
3,23197.000000,26803.000000,2,41519.564767,796846522.848997,6209.236904,1.203919,2,1,1,0.044250
