generation,prey_fitness,predator_fitness,num_alive_end,avg_bb_size,var_bb_size,avg_shortest_dist,swarm_density_count,prey_neurons_connected_prey_retina,prey_neurons_connected_predator_retina,predator_neurons_connected_prey_retina,mutual_info
1,25039.000000,24961.000000,2,41083.754094,462523105.128467,6093.812778,1.251930,1,3,1,0.049983
1,17774.000000,32226.000000,2,15917.688456,269753406.727651,5545.887089,1.148071,1,3,1,0.062613
2,20358.000000,29642.000000,2,29385.606676,510813542.871279,11766.229375,1.211962,1,3,1,0.049853
3,24880.000000,25120.000000,3,47920.726017,615700723.035832,5865.363214,1.249665,1,3,1,0.046521
