generation,prey_fitness,predator_fitness,num_alive_end,avg_bb_size,var_bb_size,avg_shortest_dist,swarm_density_count,prey_neurons_connected_prey_retina,prey_neurons_connected_predator_retina,predator_neurons_connected_prey_retina,mutual_info
1,26054.000000,23946.000000,3,137713.060340,3647283120.007476,18949.329719,0.923428,2,0,3,0.051648
1,25899.000000,24101.000000,3,70995.635554,929691270.726378,6228.583269,0.978591,2,0,3,0.052184
2,26081.000000,23919.000000,3,72069.811180,1351388092.545930,7687.339250,1.054494,2,0,3,0.043893
3,21298.000000,28702.000000,2,26851.472350,360478238.507267,6340.266321,1.168058,2,0,3,0.055198
