generation,prey_fitness,predator_fitness,num_alive_end,avg_bb_size,var_bb_size,avg_shortest_dist,swarm_density_count,prey_neurons_connected_prey_retina,prey_neurons_connected_predator_retina,predator_neurons_connected_prey_retina,mutual_info
1,23136.000000,26864.000000,2,89470.791822,2705221081.005362,7442.675424,0.905631,3,0,1,0.042929
1,25318.000000,24682.000000,2,68184.440699,1660085334.936885,5103.216598,0.920128,3,0,1,0.044461
2,22715.000000,27285.000000,2,95318.311124,3920212669.427756,13688.045071,0.809257,3,0,1,0.042427
3,24979.000000,25021.000000,3,63069.790740,646154343.140282,5459.860212,0.942059,3,0,1,0.029794
