generation,prey_fitness,predator_fitness,num_alive_end,avg_bb_size,var_bb_size,avg_shortest_dist,swarm_density_count,prey_neurons_connected_prey_retina,prey_neurons_connected_predator_retina,predator_neurons_connected_prey_retina,mutual_info
1,25395.000000,24605.000000,4,39322.565322,333954744.615158,2868.235348,1.081104,6,1,2,0.033708
1,31941.000000,18059.000000,5,81609.147462,1485525717.484004,4570.566732,1.103232,6,1,2,0.024568
2,29571.000000,20429.000000,5,52415.481125,446965739.523432,3129.777407,1.058976,6,1,2,0.025070
3,25074.000000,24926.000000,2,56382.217767,736192861.900427,6885.422508,1.216185,6,1,2,0.045907
