generation,prey_fitness,predator_fitness,num_alive_end,avg_bb_size,var_bb_size,avg_shortest_dist,swarm_density_count,prey_neurons_connected_prey_retina,prey_neurons_connected_predator_retina,predator_neurons_connected_prey_retina,mutual_info
1,23114.000000,26886.000000,6,142896.221267,3405280569.836621,9477.142908,1.036547,3,0,1,0.040321
1,28846.000000,21154.000000,9,194437.450506,5924974538.861526,9095.595854,1.139501,3,0,1,0.021993
2,27019.000000,22981.000000,8,157026.891217,5560836183.874570,7994.910987,0.951950,3,0,1,0.026815
3,27747.000000,22253.000000,5,181172.268678,5782497463.440227,16404.283051,0.939634,3,0,1,0.035843
