generation,prey_fitness,predator_fitness,num_alive_end,avg_bb_size,var_bb_size,avg_shortest_dist,swarm_density_count,prey_neurons_connected_prey_retina,prey_neurons_connected_predator_retina,predator_neurons_connected_prey_retina,mutual_info
1,26400.000000,23600.000000,4,81133.155659,1149573371.263403,4026.300488,1.036788,0,1,2,0.030392
1,23816.000000,26184.000000,2,88363.863799,2455031210.480936,6766.946170,0.869957,0,1,2,0.067425
2,24591.000000,25409.000000,3,89071.868991,1781053616.791161,8619.805505,0.917668,0,1,2,0.045797
3,28735.000000,21265.000000,3,123370.215718,2808197625.161207,10395.953773,0.840100,0,1,2,0.034778
