generation,prey_fitness,predator_fitness,num_alive_end,avg_bb_size,var_bb_size,avg_shortest_dist,swarm_density_count,prey_neurons_connected_prey_retina,prey_neurons_connected_predator_retina,predator_neurons_connected_prey_retina,mutual_info
1,17821.000000,32179.000000,2,20972.561873,219758624.815577,7202.600150,1.202467,1,3,1,0.032616
1,18624.000000,31376.000000,2,18505.944929,140241538.517163,8006.822636,1.278958,1,3,1,0.031799
2,18964.000000,31036.000000,2,17460.453940,132540856.671555,6976.377765,1.164227,1,3,1,0.050609
3,19585.000000,30415.000000,2,26637.580135,244569848.784097,13697.860325,1.136573,1,3,1,0.030550
