generation,prey_fitness,predator_fitness,num_alive_end,avg_bb_size,var_bb_size,avg_shortest_dist,swarm_density_count,prey_neurons_connected_prey_retina,prey_neurons_connected_predator_retina,predator_neurons_connected_prey_retina,mutual_info
1,30678.000000,19322.000000,4,51513.741360,441028882.448997,2458.600569,1.660673,1,0,6,0.038886
1,24239.000000,25761.000000,3,36736.710295,785934621.607059,2356.474897,1.677603,1,0,6,0.033004
2,27311.000000,22689.000000,2,20595.906279,109016963.118744,1495.084150,2.222361,1,0,6,0.041171
3,23738.000000,26262.000000,2,24221.603648,420707387.866502,1755.048737,1.578024,1,0,6,0.053866
