generation,prey_fitness,predator_fitness,num_alive_end,avg_bb_size,var_bb_size,avg_shortest_dist,swarm_density_count,prey_neurons_connected_prey_retina,prey_neurons_connected_predator_retina,predator_neurons_connected_prey_retina,mutual_info
1,22356.000000,27644.000000,3,95674.364087,2356967809.581714,15002.880236,0.828553,1,1,1,0.042623
1,26404.000000,23596.000000,2,97448.633421,2373534456.130902,12817.227709,0.942604,1,1,1,0.047796
2,29423.000000,20577.000000,7,99025.643176,1675501078.065909,6272.101436,1.062092,1,1,1,0.042475
3,25465.000000,24535.000000,4,117532.821773,4032153683.224550,10766.650700,0.919521,1,1,1,0.045972
