generation,prey_fitness,predator_fitness,num_alive_end,avg_bb_size,var_bb_size,avg_shortest_dist,swarm_density_count,prey_neurons_connected_prey_retina,prey_neurons_connected_predator_retina,predator_neurons_connected_prey_retina,mutual_info
1,30671.000000,19329.000000,4,27434.141695,78945951.282257,1803.588911,1.853929,0,1,3,0.029379
1,21490.000000,28510.000000,2,16607.187492,98743660.665275,2952.292339,1.584540,0,1,3,0.052707
2,25886.000000,24114.000000,2,15815.162861,131826845.668093,1323.586920,2.025235,0,1,3,0.044853
3,25694.000000,24306.000000,2,18321.983530,140452837.834099,2018.866847,1.875401,0,1,3,0.026264
