generation,prey_fitness,predator_fitness,num_alive_end,avg_bb_size,var_bb_size,avg_shortest_dist,swarm_density_count,prey_neurons_connected_prey_retina,prey_neurons_connected_predator_retina,predator_neurons_connected_prey_retina,mutual_info
1,24079.000000,25921.000000,5,112682.697580,3419135313.166892,9369.529690,0.865979,1,2,1,0.030472
1,25253.000000,24747.000000,3,113571.693045,3731546593.571353,12689.855696,1.053796,1,2,1,0.027937
2,23389.000000,26611.000000,2,79129.147333,2658789389.975372,13181.200564,1.027624,1,2,1,0.048400
3,31513.000000,18487.000000,7,164957.575510,4639969133.296243,8635.041927,1.016403,1,2,1,0.039815
