generation,prey_fitness,predator_fitness,num_alive_end,avg_bb_size,var_bb_size,avg_shortest_dist,swarm_density_count,prey_neurons_connected_prey_retina,prey_neurons_connected_predator_retina,predator_neurons_connected_prey_retina,mutual_info
1,18428.000000,31572.000000,2,9548.929304,66911434.568875,4181.148872,1.716858,0,0,1,0.033253
1,18434.000000,31566.000000,2,12915.686613,106350028.807668,7369.749019,1.291136,0,0,1,0.054777
2,20608.000000,29392.000000,2,10525.507547,51951619.223230,2991.734826,1.964035,0,0,1,0.038603
3,20767.000000,29233.000000,2,11974.186010,149614887.615453,1303.734696,1.785766,0,0,1,0.041256
