generation,prey_fitness,predator_fitness,num_alive_end,avg_bb_size,var_bb_size,avg_shortest_dist,swarm_density_count,prey_neurons_connected_prey_retina,prey_neurons_connected_predator_retina,predator_neurons_connected_prey_retina,mutual_info
1,22929.000000,27071.000000,2,62597.578367,572201388.391800,23255.632938,1.069933,1,3,1,0.055227
1,29479.000000,20521.000000,4,90560.184142,1560977736.370794,5568.223836,1.019799,1,3,1,0.042460
2,22862.000000,27138.000000,2,71698.118153,1661409905.701739,6196.884656,1.036564,1,3,1,0.041574
3,21179.000000,28821.000000,2,55374.106811,751663762.243737,12637.749589,0.967750,1,3,1,0.042909
