generation,prey_fitness,predator_fitness,num_alive_end,avg_bb_size,var_bb_size,avg_shortest_dist,swarm_density_count,prey_neurons_connected_prey_retina,prey_neurons_connected_predator_retina,predator_neurons_connected_prey_retina,mutual_info
1,28391.000000,21609.000000,3,65696.505446,1080577634.710121,5126.896492,1.163056,0,2,1,0.050282
1,24169.000000,25831.000000,2,33125.172958,262489449.985568,5825.853523,1.166086,0,2,1,0.073080
2,26621.000000,23379.000000,2,42686.855637,540993491.164595,3102.257835,1.182719,0,2,1,0.046519
3,21943.000000,28057.000000,2,36519.922788,570887037.676839,3281.099386,0.989760,0,2,1,0.039481
