generation,prey_fitness,predator_fitness,num_alive_end,avg_bb_size,var_bb_size,avg_shortest_dist,swarm_density_count,prey_neurons_connected_prey_retina,prey_neurons_connected_predator_retina,predator_neurons_connected_prey_retina,mutual_info
1,33271.000000,16729.000000,9,88461.048306,1827899939.574119,2994.852803,1.176543,1,2,2,0.036288
1,25982.000000,24018.000000,4,56612.647454,526558129.337725,3832.661297,1.185259,1,2,2,0.041444
2,28802.000000,21198.000000,7,75372.163567,940293390.510653,3420.248526,1.043507,1,2,2,0.063832
3,26621.000000,23379.000000,3,76198.957473,1082119047.267648,5825.871872,1.236573,1,2,2,0.042329
