generation,prey_fitness,predator_fitness,num_alive_end,avg_bb_size,var_bb_size,avg_shortest_dist,swarm_density_count,prey_neurons_connected_prey_retina,prey_neurons_connected_predator_retina,predator_neurons_connected_prey_retina,mutual_info
1,32180.000000,17820.000000,10,129918.025750,2440414908.838136,6298.127002,1.027845,0,0,1,0.037363
1,40174.000000,9826.000000,15,160002.203296,4138633471.658415,4834.817634,1.122670,0,0,1,0.022453
2,34188.000000,15812.000000,10,117207.329298,1892984601.569971,4541.879188,0.968013,0,0,1,0.062133
3,39987.000000,10013.000000,16,149007.725088,4025333685.507293,4721.391505,1.116382,0,0,1,0.026880
