generation,prey_fitness,predator_fitness,num_alive_end,avg_bb_size,var_bb_size,avg_shortest_dist,swarm_density_count,prey_neurons_connected_prey_retina,prey_neurons_connected_predator_retina,predator_neurons_connected_prey_retina,mutual_info
1,23228.000000,26772.000000,4,159601.561133,4592065780.870465,21473.534120,1.026623,2,1,1,0.060936
1,19427.000000,30573.000000,3,84201.455830,4457577602.165760,8691.112124,0.889839,2,1,1,0.038249
2,22379.000000,27621.000000,8,97367.161617,2158436939.605365,7461.089025,1.097780,2,1,1,0.023197
3,25756.000000,24244.000000,4,141752.543755,5172569556.456861,14991.149394,0.912989,2,1,1,0.035465
