generation,prey_fitness,predator_fitness,num_alive_end,avg_bb_size,var_bb_size,avg_shortest_dist,swarm_density_count,prey_neurons_connected_prey_retina,prey_neurons_connected_predator_retina,predator_neurons_connected_prey_retina,mutual_info
1,24090.000000,25910.000000,5,191261.986692,6832372685.113597,21225.883605,0.865446,3,1,5,0.032277
1,17546.000000,32454.000000,2,184416.139771,4894961932.791917,74339.429112,0.757737,3,1,5,0.044536
2,25266.000000,24734.000000,8,190930.645813,4900542903.280380,9387.630952,0.776785,3,1,5,0.050088
3,22874.000000,27126.000000,4,192809.213321,5333712978.748297,28104.922381,0.875213,3,1,5,0.040074
