generation,prey_fitness,predator_fitness,num_alive_end,avg_bb_size,var_bb_size,avg_shortest_dist,swarm_density_count,prey_neurons_connected_prey_retina,prey_neurons_connected_predator_retina,predator_neurons_connected_prey_retina,mutual_info
1,29689.000000,20311.000000,3,86048.492123,874006019.875348,6811.872602,1.094447,0,0,1,0.025968
1,32342.000000,17658.000000,6,95242.870183,1652791594.149618,4063.359210,1.105771,0,0,1,0.050222
2,24490.000000,25510.000000,2,89300.711619,1638471308.624215,26774.468247,0.923310,0,0,1,0.073948
3,21740.000000,28260.000000,2,44893.313919,525364978.367855,13835.449757,1.021470,0,0,1,0.043263
