generation,prey_fitness,predator_fitness,num_alive_end,avg_bb_size,var_bb_size,avg_shortest_dist,swarm_density_count,prey_neurons_connected_prey_retina,prey_neurons_connected_predator_retina,predator_neurons_connected_prey_retina,mutual_info
1,49812.000000,188.000000,24,354.064456,4680.372305,5.725759,23.906500,1,1,2,0.004155
1,47157.000000,2843.000000,23,357.843474,4727.109107,6.452273,22.579500,1,1,2,0.004144
2,47538.000000,2462.000000,22,352.342849,4164.532522,6.578238,22.770500,1,1,2,0.006369
3,46721.000000,3279.000000,23,352.924134,3534.253824,6.559673,22.361500,1,1,2,0.005829
