generation,prey_fitness,predator_fitness,num_alive_end,avg_bb_size,var_bb_size,avg_shortest_dist,swarm_density_count,prey_neurons_connected_prey_retina,prey_neurons_connected_predator_retina,predator_neurons_connected_prey_retina,mutual_info
1,36450.000000,13550.000000,12,84052.245058,1163293875.557136,3091.475580,1.349101,0,1,1,0.039864
1,31951.000000,18049.000000,10,91628.969438,1568280434.872385,4101.802239,1.031095,0,1,1,0.020894
2,32883.000000,17117.000000,8,71215.836237,1593174606.342792,4976.638200,1.554238,0,1,1,0.018256
3,34291.000000,15709.000000,10,111518.872359,2521552365.355880,4514.269904,1.112522,0,1,1,0.027795
