generation,prey_fitness,predator_fitness,num_alive_end,avg_bb_size,var_bb_size,avg_shortest_dist,swarm_density_count,prey_neurons_connected_prey_retina,prey_neurons_connected_predator_retina,predator_neurons_connected_prey_retina,mutual_info
1,31056.000000,18944.000000,9,97872.137475,1382914244.296652,3771.850201,0.940725,2,3,1,0.057787
1,30576.000000,19424.000000,7,76276.548936,737549412.114223,3336.640705,1.122768,2,3,1,0.034823
2,31903.000000,18097.000000,9,84177.740146,1218374796.914172,3681.875486,1.024182,2,3,1,0.069978
3,30777.000000,19223.000000,7,78637.559328,680670262.478298,4385.200028,1.151381,2,3,1,0.066755
