generation,prey_fitness,predator_fitness,num_alive_end,avg_bb_size,var_bb_size,avg_shortest_dist,swarm_density_count,prey_neurons_connected_prey_retina,prey_neurons_connected_predator_retina,predator_neurons_connected_prey_retina,mutual_info
1,21991.000000,28009.000000,2,15283.807103,93855197.643222,2692.072909,1.934952,2,2,1,0.048274
1,27721.000000,22279.000000,2,18203.292108,66554852.001215,1078.876092,2.786256,2,2,1,0.047309
2,22103.000000,27897.000000,2,15410.737165,101678001.642524,3063.226898,2.193834,2,2,1,0.063239
3,30549.000000,19451.000000,3,14732.849831,42290828.792905,707.851958,3.065050,2,2,1,0.053934
