generation,prey_fitness,predator_fitness,num_alive_end,avg_bb_size,var_bb_size,avg_shortest_dist,swarm_density_count,prey_neurons_connected_prey_retina,prey_neurons_connected_predator_retina,predator_neurons_connected_prey_retina,mutual_info
1,25332.000000,24668.000000,2,137557.212758,5491274370.856953,36927.325836,1.114940,3,0,1,0.040272
1,28701.000000,21299.000000,10,148601.611126,4054972557.606816,6572.096316,1.212750,3,0,1,0.033745
2,29340.000000,20660.000000,7,157337.610814,5766580074.031385,8559.593571,1.173281,3,0,1,0.028864
3,20852.000000,29148.000000,3,122772.793607,2926266764.035074,22193.277948,1.110037,3,0,1,0.031845
