generation,prey_fitness,predator_fitness,num_alive_end,avg_bb_size,var_bb_size,avg_shortest_dist,swarm_density_count,prey_neurons_connected_prey_retina,prey_neurons_connected_predator_retina,predator_neurons_connected_prey_retina,mutual_info
1,27295.000000,22705.000000,2,73328.098616,1440739274.779187,6775.600122,1.150987,2,1,1,0.037190
1,25701.000000,24299.000000,2,58569.380046,736971995.611474,17909.111068,1.132374,2,1,1,0.029470
2,21789.000000,28211.000000,2,40243.616235,557017385.488022,12649.737087,1.143327,2,1,1,0.048596
3,19476.000000,30524.000000,2,61199.145395,1098312013.929291,26244.315870,0.941999,2,1,1,0.055309
