generation,prey_fitness,predator_fitness,num_alive_end,avg_bb_size,var_bb_size,avg_shortest_dist,swarm_density_count,prey_neurons_connected_prey_retina,prey_neurons_connected_predator_retina,predator_neurons_connected_prey_retina,mutual_info
1,22897.000000,27103.000000,2,32681.099645,242245021.110919,7937.194756,1.157226,0,1,1,0.035480
1,29796.000000,20204.000000,5,95503.307430,1782115441.554713,4504.033953,0.964574,0,1,1,0.043039
2,22367.000000,27633.000000,2,38897.632540,761692211.011902,5362.957596,1.070356,0,1,1,0.055609
3,29590.000000,20410.000000,3,86433.061464,1105870606.674889,5961.381207,0.985242,0,1,1,0.027941
