generation,prey_fitness,predator_fitness,num_alive_end,avg_bb_size,var_bb_size,avg_shortest_dist,swarm_density_count,prey_neurons_connected_prey_retina,prey_neurons_connected_predator_retina,predator_neurons_connected_prey_retina,mutual_info
1,21448.000000,28552.000000,2,22633.292918,174161145.694890,13567.359017,1.383314,2,1,2,0.038754
1,19876.000000,30124.000000,2,17930.883869,275978167.118785,3263.287061,1.675477,2,1,2,0.026452
2,26814.000000,23186.000000,2,39705.095172,623148043.177857,3580.912656,1.696577,2,1,2,0.036039
3,20198.000000,29802.000000,2,26071.834219,306853992.644836,16209.938648,1.500133,2,1,2,0.042699
