generation,prey_fitness,predator_fitness,num_alive_end,avg_bb_size,var_bb_size,avg_shortest_dist,swarm_density_count,prey_neurons_connected_prey_retina,prey_neurons_connected_predator_retina,predator_neurons_connected_prey_retina,mutual_info
1,21944.000000,28056.000000,2,26151.291202,554349586.477505,2509.660899,1.203205,2,3,1,0.041129
1,24413.000000,25587.000000,2,22725.253659,200710555.578551,4170.301695,1.579637,2,3,1,0.033022
2,19701.000000,30299.000000,2,16941.857605,237887883.448129,2588.579877,1.411089,2,3,1,0.042288
3,33614.000000,16386.000000,5,30460.964083,188126775.708109,1079.561615,1.822089,2,3,1,0.036523
