generation,prey_fitness,predator_fitness,num_alive_end,avg_bb_size,var_bb_size,avg_shortest_dist,swarm_density_count,prey_neurons_connected_prey_retina,prey_neurons_connected_predator_retina,predator_neurons_connected_prey_retina,mutual_info
1,27554.000000,22446.000000,4,88740.299123,1723092921.911476,6296.058875,0.898209,0,3,2,0.026439
1,24321.000000,25679.000000,3,83713.829212,1257599718.663128,10961.588996,0.817456,0,3,2,0.035236
2,27430.000000,22570.000000,4,77609.564198,958668022.434218,6252.141586,0.904290,0,3,2,0.025963
3,24325.000000,25675.000000,2,106968.927702,2398411752.859390,17979.479350,0.936853,0,3,2,0.043309
