generation,prey_fitness,predator_fitness,num_alive_end,avg_bb_size,var_bb_size,avg_shortest_dist,swarm_density_count,prey_neurons_connected_prey_retina,prey_neurons_connected_predator_retina,predator_neurons_connected_prey_retina,mutual_info
1,22881.000000,27119.000000,3,128221.278134,3188709094.829533,14923.748576,0.796302,4,0,1,0.059088
1,16295.000000,33705.000000,2,38517.022810,298440555.947554,31710.166841,0.829881,4,0,1,0.056725
2,32467.000000,17533.000000,5,140119.573720,2610232227.856776,6642.960441,1.237081,4,0,1,0.047405
3,21183.000000,28817.000000,2,99809.038386,1609883027.467066,21900.734701,0.899024,4,0,1,0.094158
