generation,prey_fitness,predator_fitness,num_alive_end,avg_bb_size,var_bb_size,avg_shortest_dist,swarm_density_count,prey_neurons_connected_prey_retina,prey_neurons_connected_predator_retina,predator_neurons_connected_prey_retina,mutual_info
1,24478.000000,25522.000000,2,30928.638711,211802039.511129,3941.339251,1.136350,3,3,1,0.139580
1,27014.000000,22986.000000,3,39159.940995,443621053.634181,2471.458365,1.251142,3,3,1,0.032003
2,30181.000000,19819.000000,3,53688.998998,568250368.089484,2956.459319,1.199397,3,3,1,0.022897
3,27715.000000,22285.000000,2,37102.122909,360833836.631988,2561.072596,1.218329,3,3,1,0.048967
