generation,prey_fitness,predator_fitness,num_alive_end,avg_bb_size,var_bb_size,avg_shortest_dist,swarm_density_count,prey_neurons_connected_prey_retina,prey_neurons_connected_predator_retina,predator_neurons_connected_prey_retina,mutual_info
1,21915.000000,28085.000000,2,55450.235745,1603082213.208333,5926.589023,0.942348,0,1,1,0.057185
1,20032.000000,29968.000000,2,57380.689982,1676829772.824382,8878.903937,0.850619,0,1,1,0.058437
2,22921.000000,27079.000000,2,56482.311499,358376484.104086,22480.441743,1.276828,0,1,1,0.035187
3,30071.000000,19929.000000,3,71936.288407,1021483427.979070,4848.604628,1.114919,0,1,1,0.035609
