generation,prey_fitness,predator_fitness,num_alive_end,avg_bb_size,var_bb_size,avg_shortest_dist,swarm_density_count,prey_neurons_connected_prey_retina,prey_neurons_connected_predator_retina,predator_neurons_connected_prey_retina,mutual_info
1,27121.000000,22879.000000,2,50117.112809,558123213.190635,19674.950505,1.278777,0,1,4,0.031425
1,21234.000000,28766.000000,2,39510.842280,691771859.130146,14039.210368,1.182372,0,1,4,0.050416
2,20919.000000,29081.000000,2,36904.275060,850115725.697171,11080.295170,1.156332,0,1,4,0.039133
3,25159.000000,24841.000000,2,37782.926529,703744062.035479,5633.421088,1.327580,0,1,4,0.037551
