generation,prey_fitness,predator_fitness,num_alive_end,avg_bb_size,var_bb_size,avg_shortest_dist,swarm_density_count,prey_neurons_connected_prey_retina,prey_neurons_connected_predator_retina,predator_neurons_connected_prey_retina,mutual_info
1,25133.000000,24867.000000,2,88615.457711,1248822935.940746,16923.596102,1.032106,2,1,1,0.038539
1,22166.000000,27834.000000,3,43021.064016,581982977.895743,5448.777531,0.986615,2,1,1,0.052784
2,31038.000000,18962.000000,5,92998.948502,1550200530.870367,4253.119287,1.125057,2,1,1,0.062946
3,27712.000000,22288.000000,2,57564.721881,743854162.395660,6223.946052,1.137056,2,1,1,0.040827
