generation,prey_fitness,predator_fitness,num_alive_end,avg_bb_size,var_bb_size,avg_shortest_dist,swarm_density_count,prey_neurons_connected_prey_retina,prey_neurons_connected_predator_retina,predator_neurons_connected_prey_retina,mutual_info
1,25780.000000,24220.000000,3,103159.468464,2288267824.360691,7584.991673,0.954901,0,1,1,0.037794
1,34106.000000,15894.000000,9,167202.912181,4988722920.071117,6627.773454,0.909164,0,1,1,0.058750
2,26272.000000,23728.000000,5,97252.595642,1679206663.715065,9255.723543,0.895394,0,1,1,0.047910
3,27721.000000,22279.000000,4,106292.791870,4481486267.887292,4194.544732,1.003331,0,1,1,0.045651
