generation,prey_fitness,predator_fitness,num_alive_end,avg_bb_size,var_bb_size,avg_shortest_dist,swarm_density_count,prey_neurons_connected_prey_retina,prey_neurons_connected_predator_retina,predator_neurons_connected_prey_retina,mutual_info
1,18748.000000,31252.000000,2,38762.677173,713745982.833378,30152.638710,0.928528,0,3,1,0.042710
1,23832.000000,26168.000000,3,105968.625054,2508761923.130920,16988.954620,0.821842,0,3,1,0.041046
2,29504.000000,20496.000000,5,94139.765378,1217852572.201151,6380.588204,1.066722,0,3,1,0.064717
3,21203.000000,28797.000000,2,46947.316778,1022954591.148215,22052.407628,0.906089,0,3,1,0.044436
