generation,prey_fitness,predator_fitness,num_alive_end,avg_bb_size,var_bb_size,avg_shortest_dist,swarm_density_count,prey_neurons_connected_prey_retina,prey_neurons_connected_predator_retina,predator_neurons_connected_prey_retina,mutual_info
1,16095.000000,33905.000000,2,13065.788701,143029765.690663,7141.613832,0.977523,1,2,2,0.092143
1,22185.000000,27815.000000,2,21651.129838,210421767.474563,4457.322873,1.223159,1,2,2,0.089471
2,17131.000000,32869.000000,2,13632.143935,161829426.145233,4383.571754,1.127598,1,2,2,0.102857
3,21702.000000,28298.000000,2,25821.150148,345393670.832964,8039.361127,1.099990,1,2,2,0.039669
