generation,prey_fitness,predator_fitness,num_alive_end,avg_bb_size,var_bb_size,avg_shortest_dist,swarm_density_count,prey_neurons_connected_prey_retina,prey_neurons_connected_predator_retina,predator_neurons_connected_prey_retina,mutual_info
1,22757.000000,27243.000000,2,23802.250997,136655131.946630,9637.929632,1.413745,1,1,2,0.028964
1,20237.000000,29763.000000,2,15478.051599,145138694.105589,1652.504892,1.379194,1,1,2,0.019270
2,24216.000000,25784.000000,2,22120.843803,406596077.429790,1487.727475,1.350152,1,1,2,0.039847
3,19631.000000,30369.000000,2,23040.130849,319963437.715538,6253.620412,1.330931,1,1,2,0.033512
