generation,prey_fitness,predator_fitness,num_alive_end,avg_bb_size,var_bb_size,avg_shortest_dist,swarm_density_count,prey_neurons_connected_prey_retina,prey_neurons_connected_predator_retina,predator_neurons_connected_prey_retina,mutual_info
1,22243.000000,27757.000000,2,72841.172840,2467240865.414435,7593.464400,0.921138,0,0,5,0.050457
1,24838.000000,25162.000000,2,83440.061675,3304126311.548024,6763.631957,0.863730,0,0,5,0.042663
2,27236.000000,22764.000000,2,99801.894543,3753110123.048832,7872.828654,0.961654,0,0,5,0.032847
3,22814.000000,27186.000000,2,85692.827690,2270084777.138914,28473.217887,0.827306,0,0,5,0.062010
