generation,prey_fitness,predator_fitness,num_alive_end,avg_bb_size,var_bb_size,avg_shortest_dist,swarm_density_count,prey_neurons_connected_prey_retina,prey_neurons_connected_predator_retina,predator_neurons_connected_prey_retina,mutual_info
1,30093.000000,19907.000000,3,92115.840584,1143484810.094774,5721.934468,1.353953,1,0,1,0.038358
1,28502.000000,21498.000000,3,88922.489863,1178914953.417319,12068.702038,1.213604,1,0,1,0.053686
2,25760.000000,24240.000000,5,148436.265129,5407542211.375487,9815.875751,1.238316,1,0,1,0.073381
3,32707.000000,17293.000000,9,107374.466578,2231348360.687517,5134.015059,1.245306,1,0,1,0.048503
