generation,prey_fitness,predator_fitness,num_alive_end,avg_bb_size,var_bb_size,avg_shortest_dist,swarm_density_count,prey_neurons_connected_prey_retina,prey_neurons_connected_predator_retina,predator_neurons_connected_prey_retina,mutual_info
1,25430.000000,24570.000000,3,93024.053576,1747089549.443812,7202.119098,0.808826,1,2,1,0.047076
1,26212.000000,23788.000000,4,72434.275794,1029276084.014649,4969.753910,0.996438,1,2,1,0.078333
2,26163.000000,23837.000000,3,91625.496107,1738974457.930600,8141.461515,0.812931,1,2,1,0.089954
3,21653.000000,28347.000000,2,59983.502868,1115044188.665337,9369.078633,0.968834,1,2,1,0.145092
