generation,prey_fitness,predator_fitness,num_alive_end,avg_bb_size,var_bb_size,avg_shortest_dist,swarm_density_count,prey_neurons_connected_prey_retina,prey_neurons_connected_predator_retina,predator_neurons_connected_prey_retina,mutual_info
1,25142.000000,24858.000000,2,62579.327612,711440408.503136,11590.903392,1.033329,1,1,1,0.025810
1,30347.000000,19653.000000,7,111306.113845,2041351064.627190,4731.069058,1.132272,1,1,1,0.031765
2,26495.000000,23505.000000,3,68992.890411,1198944610.486641,4270.308402,1.032250,1,1,1,0.050594
3,29930.000000,20070.000000,8,146675.681333,3115344371.029863,7230.251333,1.032447,1,1,1,0.032548
