generation,prey_fitness,predator_fitness,num_alive_end,avg_bb_size,var_bb_size,avg_shortest_dist,swarm_density_count,prey_neurons_connected_prey_retina,prey_neurons_connected_predator_retina,predator_neurons_connected_prey_retina,mutual_info
1,81373.000000,8627.000000,37,2968.069775,1615603.753415,19.284435,24.367159,3,1,2,0.028335
1,82591.000000,7409.000000,36,3103.721542,1465478.825814,19.313936,23.897020,3,1,2,0.038296
2,79038.000000,10962.000000,35,3084.884490,1288729.265684,21.177762,22.504324,3,1,2,0.021486
3,78290.000000,11710.000000,35,3440.641957,1205326.153324,22.342420,20.843798,3,1,2,0.037474
