generation,prey_fitness,predator_fitness,num_alive_end,avg_bb_size,var_bb_size,avg_shortest_dist,swarm_density_count,prey_neurons_connected_prey_retina,prey_neurons_connected_predator_retina,predator_neurons_connected_prey_retina,mutual_info
1,90000.000000,1.000000,45,336.552292,4955.488002,2.025061,44.000000,3,1,3,0.005326
1,87847.000000,2153.000000,43,327.443969,4063.736216,2.003173,42.924500,3,1,3,0.025101
2,89252.000000,748.000000,44,350.246167,3629.268297,2.144724,43.626500,3,1,3,0.005446
3,89011.000000,989.000000,44,361.630365,4580.435583,2.272321,43.506000,3,1,3,0.007128
