generation,prey_fitness,predator_fitness,num_alive_end,avg_bb_size,var_bb_size,avg_shortest_dist,swarm_density_count,prey_neurons_connected_prey_retina,prey_neurons_connected_predator_retina,predator_neurons_connected_prey_retina,mutual_info
1,86601.000000,3399.000000,40,1557.216630,530832.227604,3.207106,28.281733,1,1,2,0.041416
1,89749.000000,251.000000,44,1387.561624,489773.030338,2.676263,31.481669,1,1,2,0.038112
2,87835.000000,2165.000000,43,1356.651819,427483.143162,2.729199,30.150357,1,1,2,0.036045
3,87075.000000,2925.000000,41,1614.358273,739725.271324,3.172088,28.249231,1,1,2,0.048515
