generation,prey_fitness,predator_fitness,num_alive_end,avg_bb_size,var_bb_size,avg_shortest_dist,swarm_density_count,prey_neurons_connected_prey_retina,prey_neurons_connected_predator_retina,predator_neurons_connected_prey_retina,mutual_info
1,66396.000000,23604.000000,20,67079.670862,536113449.024264,1126.607755,3.016091,1,1,1,0.010032
1,59388.000000,30612.000000,18,72309.156409,1074554744.037847,1203.640316,2.862241,1,1,1,0.023050
2,59230.000000,30770.000000,14,75633.914653,810164438.369657,1312.015434,2.685246,1,1,1,0.013780
3,66642.000000,23358.000000,23,75268.280067,878300875.210493,1140.797533,3.281298,1,1,1,0.018589
