generation,prey_fitness,predator_fitness,num_alive_end,avg_bb_size,var_bb_size,avg_shortest_dist,swarm_density_count,prey_neurons_connected_prey_retina,prey_neurons_connected_predator_retina,predator_neurons_connected_prey_retina,mutual_info
1,88335.000000,1665.000000,41,702.723919,75167.121576,1.744416,36.902329,2,1,2,0.013085
1,86618.000000,3382.000000,40,690.511530,84656.921754,1.789615,36.373299,2,1,2,0.015342
2,84926.000000,5074.000000,41,711.226136,86870.598204,1.852082,35.638572,2,1,2,0.016727
3,86108.000000,3892.000000,40,739.468733,98072.838733,1.871398,35.727199,2,1,2,0.011921
