generation,prey_fitness,predator_fitness,num_alive_end,avg_bb_size,var_bb_size,avg_shortest_dist,swarm_density_count,prey_neurons_connected_prey_retina,prey_neurons_connected_predator_retina,predator_neurons_connected_prey_retina,mutual_info
1,85329.000000,4671.000000,40,955.190575,79293.904104,5.059586,37.230916,2,0,3,0.004772
1,86675.000000,3325.000000,40,1239.657628,123853.943681,6.084190,35.282129,2,0,3,0.006879
2,84631.000000,5369.000000,39,1077.408181,94025.863363,5.611054,35.730604,2,0,3,0.006480
3,86160.000000,3840.000000,40,1100.349719,163766.067581,5.335398,36.621904,2,0,3,0.005494
