generation,prey_fitness,predator_fitness,num_alive_end,avg_bb_size,var_bb_size,avg_shortest_dist,swarm_density_count,prey_neurons_connected_prey_retina,prey_neurons_connected_predator_retina,predator_neurons_connected_prey_retina,mutual_info
1,88412.000000,1588.000000,43,3781.796297,3279963.128291,10.563929,22.028988,1,2,1,0.047082
1,81615.000000,8385.000000,37,3154.779920,1547776.708035,9.956951,20.885277,1,2,1,0.046948
2,82740.000000,7260.000000,38,3214.499411,2479411.144914,9.915325,21.586475,1,2,1,0.053015
3,83949.000000,6051.000000,40,3211.457733,1934005.933570,9.165167,21.898047,1,2,1,0.056152
