generation,prey_fitness,predator_fitness,num_alive_end,avg_bb_size,var_bb_size,avg_shortest_dist,swarm_density_count,prey_neurons_connected_prey_retina,prey_neurons_connected_predator_retina,predator_neurons_connected_prey_retina,mutual_info
1,69069.000000,20931.000000,22,59134.607463,738112542.064170,945.519683,4.050824,1,1,1,0.010829
1,62223.000000,27777.000000,16,55383.734478,497622841.354118,1257.334043,3.883092,1,1,1,0.017108
2,62550.000000,27450.000000,17,50601.012764,739937084.166447,1037.954390,4.173956,1,1,1,0.024254
3,61851.000000,28149.000000,20,48612.824140,377096472.183529,833.874393,4.169601,1,1,1,0.017483
