generation,prey_fitness,predator_fitness,num_alive_end,avg_bb_size,var_bb_size,avg_shortest_dist,swarm_density_count,prey_neurons_connected_prey_retina,prey_neurons_connected_predator_retina,predator_neurons_connected_prey_retina,mutual_info
1,79494.000000,10506.000000,35,5257.550359,4455509.453915,21.067104,17.072578,2,1,3,0.030299
1,80783.000000,9217.000000,35,5214.313350,3447094.609480,18.852986,17.352221,2,1,3,0.041420
2,78766.000000,11234.000000,34,5005.115212,1723461.770870,18.654268,16.294981,2,1,3,0.026029
3,79983.000000,10017.000000,33,5585.080634,3080331.813786,21.488695,16.058996,2,1,3,0.030192
