generation,prey_fitness,predator_fitness,num_alive_end,avg_bb_size,var_bb_size,avg_shortest_dist,swarm_density_count,prey_neurons_connected_prey_retina,prey_neurons_connected_predator_retina,predator_neurons_connected_prey_retina,mutual_info
1,77806.000000,12194.000000,29,8661.724107,7612576.545941,54.962212,13.698356,2,3,1,0.016778
1,74497.000000,15503.000000,26,7943.946132,5896847.687618,49.902357,12.813481,2,3,1,0.016077
2,69601.000000,20399.000000,25,7535.192099,6986285.593067,56.254906,12.986056,2,3,1,0.017062
3,68155.000000,21845.000000,22,6981.721833,6680878.628086,62.220567,13.910543,2,3,1,0.027702
