generation,prey_fitness,predator_fitness,num_alive_end,avg_bb_size,var_bb_size,avg_shortest_dist,swarm_density_count,prey_neurons_connected_prey_retina,prey_neurons_connected_predator_retina,predator_neurons_connected_prey_retina,mutual_info
1,71302.000000,18698.000000,26,157378.915410,3555911786.615846,1399.717866,2.057677,3,0,2,0.017413
1,68737.000000,21263.000000,25,170384.477250,4041603103.027306,1572.833557,1.988616,3,0,2,0.020416
2,66150.000000,23850.000000,21,167688.711398,4299728763.654459,1575.728178,1.924888,3,0,2,0.012159
3,66641.000000,23359.000000,20,155064.673092,3486761229.819915,1695.127028,2.011203,3,0,2,0.016252
