generation,prey_fitness,predator_fitness,num_alive_end,avg_bb_size,var_bb_size,avg_shortest_dist,swarm_density_count,prey_neurons_connected_prey_retina,prey_neurons_connected_predator_retina,predator_neurons_connected_prey_retina,mutual_info
1,64186.000000,25814.000000,15,8036.542665,6540696.720041,120.803455,11.425762,1,2,3,0.013909
1,70420.000000,19580.000000,17,8518.266795,6103566.005473,115.754177,11.943716,1,2,3,0.034284
2,61166.000000,28834.000000,16,7063.306022,3168064.358124,126.944661,11.944367,1,2,3,0.014774
3,62295.000000,27705.000000,9,6215.358732,3427824.254643,105.029643,12.210533,1,2,3,0.015291
