generation,prey_fitness,predator_fitness,num_alive_end,avg_bb_size,var_bb_size,avg_shortest_dist,swarm_density_count,prey_neurons_connected_prey_retina,prey_neurons_connected_predator_retina,predator_neurons_connected_prey_retina,mutual_info
1,61596.000000,28404.000000,19,34860.437574,152200697.659885,557.972764,3.990845,1,0,1,0.013591
1,62031.000000,27969.000000,17,60278.996928,912482457.243762,1124.011100,3.294306,1,0,1,0.011496
2,58134.000000,31866.000000,17,30746.809570,114387637.157235,545.647436,3.843698,1,0,1,0.019333
3,61504.000000,28496.000000,17,50368.798851,340420127.100803,810.112983,3.498694,1,0,1,0.011291
