generation,prey_fitness,predator_fitness,num_alive_end,avg_bb_size,var_bb_size,avg_shortest_dist,swarm_density_count,prey_neurons_connected_prey_retina,prey_neurons_connected_predator_retina,predator_neurons_connected_prey_retina,mutual_info
1,76787.000000,13213.000000,36,9946.736034,22079236.780310,37.269096,11.583203,1,0,2,0.053968
1,77715.000000,12285.000000,33,12879.917753,32778519.175203,41.240687,10.631456,1,0,2,0.049690
2,79355.000000,10645.000000,34,9744.542868,13189520.198832,33.385502,11.935514,1,0,2,0.056020
3,86948.000000,3052.000000,40,13890.223483,24814324.962522,39.643185,11.131406,1,0,2,0.053185
