generation,prey_fitness,predator_fitness,num_alive_end,avg_bb_size,var_bb_size,avg_shortest_dist,swarm_density_count,prey_neurons_connected_prey_retina,prey_neurons_connected_predator_retina,predator_neurons_connected_prey_retina,mutual_info
1,66235.000000,23765.000000,22,60463.924058,494292435.445476,829.952101,3.164834,0,1,1,0.034004
1,63234.000000,26766.000000,17,61870.513453,581471156.255743,1115.414384,2.861056,0,1,1,0.012077
2,63450.000000,26550.000000,20,57930.653421,396645862.099020,894.701218,3.234854,0,1,1,0.015516
3,59254.000000,30746.000000,13,59912.323118,549666754.630378,1380.217470,3.133228,0,1,1,0.027827
