generation,prey_fitness,predator_fitness,num_alive_end,avg_bb_size,var_bb_size,avg_shortest_dist,swarm_density_count,prey_neurons_connected_prey_retina,prey_neurons_connected_predator_retina,predator_neurons_connected_prey_retina,mutual_info
1,68263.000000,21737.000000,25,157291.910177,4492179709.130363,2307.009800,1.901086,0,1,2,0.014015
1,72232.000000,17768.000000,25,174085.189911,5081452621.069084,2275.695565,1.910234,0,1,2,0.025244
2,65723.000000,24277.000000,23,147196.575854,2510660980.211485,2031.116244,1.862043,0,1,2,0.015232
3,65635.000000,24365.000000,22,152351.042850,3844622916.464621,2136.465400,1.831872,0,1,2,0.017793
