generation,prey_fitness,predator_fitness,num_alive_end,avg_bb_size,var_bb_size,avg_shortest_dist,swarm_density_count,prey_neurons_connected_prey_retina,prey_neurons_connected_predator_retina,predator_neurons_connected_prey_retina,mutual_info
1,85612.000000,4388.000000,40,1878.822167,455245.855856,6.794358,28.402566,1,1,1,0.028809
1,85533.000000,4467.000000,42,1826.237780,450362.494544,6.528120,28.403190,1,1,1,0.028735
2,85037.000000,4963.000000,39,1786.941688,671965.682626,6.839968,28.400885,1,1,1,0.034384
3,87894.000000,2106.000000,42,1830.995453,644233.699187,6.691674,28.886210,1,1,1,0.031962
