generation,prey_fitness,predator_fitness,num_alive_end,avg_bb_size,var_bb_size,avg_shortest_dist,swarm_density_count,prey_neurons_connected_prey_retina,prey_neurons_connected_predator_retina,predator_neurons_connected_prey_retina,mutual_info
1,71637.000000,18363.000000,25,7896.999138,7230185.612449,62.291060,12.702008,1,0,1,0.020908
1,75011.000000,14989.000000,25,8621.863999,9144221.655141,62.195204,13.142010,1,0,1,0.017037
2,78879.000000,11121.000000,28,9079.557087,13810882.353678,60.725021,13.260772,1,0,1,0.022812
3,72648.000000,17352.000000,24,8782.162132,8144976.233687,64.408856,12.892907,1,0,1,0.017641
