generation,prey_fitness,predator_fitness,num_alive_end,avg_bb_size,var_bb_size,avg_shortest_dist,swarm_density_count,prey_neurons_connected_prey_retina,prey_neurons_connected_predator_retina,predator_neurons_connected_prey_retina,mutual_info
1,83850.000000,6150.000000,39,1749.364486,310232.501953,11.469061,32.250311,3,1,1,0.006421
1,78375.000000,11625.000000,35,1668.158295,272454.052538,11.675066,30.371714,3,1,1,0.012545
2,83380.000000,6620.000000,38,1817.668909,345641.845168,12.161907,32.118199,3,1,1,0.006595
3,86915.000000,3085.000000,39,1828.850385,327035.596455,11.052176,33.467937,3,1,1,0.006006
