generation,prey_fitness,predator_fitness,num_alive_end,avg_bb_size,var_bb_size,avg_shortest_dist,swarm_density_count,prey_neurons_connected_prey_retina,prey_neurons_connected_predator_retina,predator_neurons_connected_prey_retina,mutual_info
1,85132.000000,4868.000000,40,1754.172899,367942.553926,7.473602,28.559665,1,1,1,0.032941
1,84521.000000,5479.000000,39,1474.508870,264554.924218,6.280739,30.210261,1,1,1,0.031064
2,87966.000000,2034.000000,42,1803.803389,420014.962255,7.147881,29.628133,1,1,1,0.029771
3,84334.000000,5666.000000,38,1554.934021,338137.956256,6.779906,30.195171,1,1,1,0.031807
