generation,prey_fitness,predator_fitness,num_alive_end,avg_bb_size,var_bb_size,avg_shortest_dist,swarm_density_count,prey_neurons_connected_prey_retina,prey_neurons_connected_predator_retina,predator_neurons_connected_prey_retina,mutual_info
1,85942.000000,4058.000000,40,2584.253593,440254.487991,20.209274,29.356403,4,1,1,0.003259
1,80240.000000,9760.000000,34,2425.217137,524736.541726,20.627255,28.654248,4,1,1,0.008126
2,78204.000000,11796.000000,32,2358.777561,295277.526713,21.222537,27.634503,4,1,1,0.004373
3,86325.000000,3675.000000,41,2659.565897,697863.266391,19.461944,29.396801,4,1,1,0.005206
