generation,prey_fitness,predator_fitness,num_alive_end,avg_bb_size,var_bb_size,avg_shortest_dist,swarm_density_count,prey_neurons_connected_prey_retina,prey_neurons_connected_predator_retina,predator_neurons_connected_prey_retina,mutual_info
1,66017.000000,23983.000000,19,51531.561513,351640464.133089,755.801321,3.162009,1,1,1,0.011518
1,63921.000000,26079.000000,19,76978.863020,961143669.847419,1369.491042,2.723534,1,1,1,0.019070
2,67099.000000,22901.000000,23,66846.185074,466863684.712937,1005.206032,2.812881,1,1,1,0.013308
3,64333.000000,25667.000000,18,70215.057962,1306954376.062193,1133.239146,2.959328,1,1,1,0.009006
