generation,prey_fitness,predator_fitness,num_alive_end,avg_bb_size,var_bb_size,avg_shortest_dist,swarm_density_count,prey_neurons_connected_prey_retina,prey_neurons_connected_predator_retina,predator_neurons_connected_prey_retina,mutual_info
1,79689.000000,10311.000000,34,7453.908554,11896597.866457,22.200602,14.921248,3,3,1,0.027238
1,83173.000000,6827.000000,35,6567.274755,9508113.119132,18.657349,16.697218,3,3,1,0.026902
2,84675.000000,5325.000000,38,6204.876441,6272567.168891,17.593300,17.260908,3,3,1,0.021954
3,80801.000000,9199.000000,33,7482.345183,13157749.185919,21.072703,15.154117,3,3,1,0.012471
