generation,prey_fitness,predator_fitness,num_alive_end,avg_bb_size,var_bb_size,avg_shortest_dist,swarm_density_count,prey_neurons_connected_prey_retina,prey_neurons_connected_predator_retina,predator_neurons_connected_prey_retina,mutual_info
1,87250.000000,2750.000000,41,1726.583591,163285.608497,12.060197,32.376193,2,2,1,0.006704
1,83753.000000,6247.000000,40,1902.524226,218315.155329,13.560701,30.010374,2,2,1,0.004013
2,90000.000000,1.000000,45,1879.736203,232174.086037,12.321246,32.733822,2,2,1,0.006656
3,86308.000000,3692.000000,41,1879.850683,189148.078152,12.875275,31.462158,2,2,1,0.004623
