generation,prey_fitness,predator_fitness,num_alive_end,avg_bb_size,var_bb_size,avg_shortest_dist,swarm_density_count,prey_neurons_connected_prey_retina,prey_neurons_connected_predator_retina,predator_neurons_connected_prey_retina,mutual_info
1,60120.000000,29880.000000,15,34028.326202,191895897.934337,593.614581,4.204823,0,2,2,0.017723
1,60565.000000,29435.000000,14,33285.204923,169604229.454538,653.753383,4.194126,0,2,2,0.038347
2,64151.000000,25849.000000,16,39743.850467,200374473.413196,698.988636,3.811997,0,2,2,0.030311
3,60843.000000,29157.000000,12,32969.374324,126383481.781160,607.533503,3.761778,0,2,2,0.052020
