generation,prey_fitness,predator_fitness,num_alive_end,avg_bb_size,var_bb_size,avg_shortest_dist,swarm_density_count,prey_neurons_connected_prey_retina,prey_neurons_connected_predator_retina,predator_neurons_connected_prey_retina,mutual_info
1,61557.000000,28443.000000,19,131464.558340,2571282839.374574,2095.553849,2.030122,0,1,1,0.031772
1,63956.000000,26044.000000,21,110142.049391,1461379219.290591,1801.965900,2.329502,0,1,1,0.019801
2,70294.000000,19706.000000,24,146381.819837,2949465170.078743,2162.685254,2.192060,0,1,1,0.013630
3,66834.000000,23166.000000,22,130985.317317,2991573231.131620,2184.971637,2.112865,0,1,1,0.018818
