generation,prey_fitness,predator_fitness,num_alive_end,avg_bb_size,var_bb_size,avg_shortest_dist,swarm_density_count,prey_neurons_connected_prey_retina,prey_neurons_connected_predator_retina,predator_neurons_connected_prey_retina,mutual_info
1,81966.000000,8034.000000,37,4023.436127,851255.641957,20.376269,15.865712,5,3,1,0.008788
1,80464.000000,9536.000000,37,4306.987385,1488248.660486,21.716508,16.762744,5,3,1,0.032595
2,76020.000000,13980.000000,30,3732.898939,832380.762717,21.466135,15.615382,5,3,1,0.019737
3,79890.000000,10110.000000,35,3764.537970,771099.546980,20.919788,17.373222,5,3,1,0.024153
