generation,prey_fitness,predator_fitness,num_alive_end,avg_bb_size,var_bb_size,avg_shortest_dist,swarm_density_count,prey_neurons_connected_prey_retina,prey_neurons_connected_predator_retina,predator_neurons_connected_prey_retina,mutual_info
1,86557.000000,3443.000000,39,2806.985868,1295395.753402,10.002914,23.297442,5,0,1,0.054381
1,87637.000000,2363.000000,43,2620.844019,1134854.456246,9.517164,24.443788,5,0,1,0.042009
2,87277.000000,2723.000000,43,2874.192112,1495063.586315,9.841620,23.464425,5,0,1,0.051270
3,88101.000000,1899.000000,43,2598.757000,1219621.928194,9.172317,24.729414,5,0,1,0.038074
