generation,prey_fitness,predator_fitness,num_alive_end,avg_bb_size,var_bb_size,avg_shortest_dist,swarm_density_count,prey_neurons_connected_prey_retina,prey_neurons_connected_predator_retina,predator_neurons_connected_prey_retina,mutual_info
1,86770.000000,3230.000000,42,2111.706076,367390.081676,8.870996,27.247352,2,5,1,0.024747
1,86847.000000,3153.000000,41,2298.303005,614913.837151,9.357420,26.190187,2,5,1,0.033170
2,85884.000000,4116.000000,40,2394.303193,988767.482558,8.866682,25.504157,2,5,1,0.044077
3,86964.000000,3036.000000,41,1999.924729,339165.432503,9.284008,27.128921,2,5,1,0.031683
