generation,prey_fitness,predator_fitness,num_alive_end,avg_bb_size,var_bb_size,avg_shortest_dist,swarm_density_count,prey_neurons_connected_prey_retina,prey_neurons_connected_predator_retina,predator_neurons_connected_prey_retina,mutual_info
1,88056.000000,1944.000000,42,2234.390706,836332.874805,8.349301,26.954188,2,3,1,0.041313
1,84622.000000,5378.000000,39,2231.211921,733540.367992,9.792857,25.940773,2,3,1,0.019399
2,87897.000000,2103.000000,41,2335.953576,626122.585793,9.684285,26.982876,2,3,1,0.024885
3,88596.000000,1404.000000,41,2414.250901,652283.929252,9.285453,26.767302,2,3,1,0.024947
