generation,prey_fitness,predator_fitness,num_alive_end,avg_bb_size,var_bb_size,avg_shortest_dist,swarm_density_count,prey_neurons_connected_prey_retina,prey_neurons_connected_predator_retina,predator_neurons_connected_prey_retina,mutual_info
1,56991.000000,33009.000000,19,161577.613432,3690159758.321431,3278.794297,1.685880,1,0,1,0.017725
1,64266.000000,25734.000000,21,160320.289980,3292690613.826921,2357.417952,1.926954,1,0,1,0.025114
2,61990.000000,28010.000000,16,157438.712671,3620202970.555128,2843.177878,1.767699,1,0,1,0.015037
3,60222.000000,29778.000000,17,178251.131261,4600461405.119817,2900.307486,1.788974,1,0,1,0.015984
