generation,prey_fitness,predator_fitness,num_alive_end,avg_bb_size,var_bb_size,avg_shortest_dist,swarm_density_count,prey_neurons_connected_prey_retina,prey_neurons_connected_predator_retina,predator_neurons_connected_prey_retina,mutual_info
1,59003.000000,30997.000000,15,42827.991051,210651087.819904,795.979884,3.133661,1,3,1,0.026629
1,63022.000000,26978.000000,16,55292.933268,554959280.640218,943.199020,3.117303,1,3,1,0.024220
2,60374.000000,29626.000000,16,51497.010083,339572105.109023,779.796635,2.991662,1,3,1,0.017318
3,55771.000000,34229.000000,15,47998.704451,304736639.703105,889.510912,3.037587,1,3,1,0.025159
