generation,prey_fitness,predator_fitness,num_alive_end,avg_bb_size,var_bb_size,avg_shortest_dist,swarm_density_count,prey_neurons_connected_prey_retina,prey_neurons_connected_predator_retina,predator_neurons_connected_prey_retina,mutual_info
1,57737.000000,32263.000000,12,83219.178386,1222684932.717297,925.428337,2.708903,1,0,1,0.017986
1,69168.000000,20832.000000,23,130132.449368,2707086625.145203,1185.956248,2.521912,1,0,1,0.022761
2,62163.000000,27837.000000,17,131220.817017,2834685562.855438,2349.507087,2.364114,1,0,1,0.021466
3,59343.000000,30657.000000,16,127335.467514,2333838118.513561,1471.703818,2.524172,1,0,1,0.017849
