generation,prey_fitness,predator_fitness,num_alive_end,avg_bb_size,var_bb_size,avg_shortest_dist,swarm_density_count,prey_neurons_connected_prey_retina,prey_neurons_connected_predator_retina,predator_neurons_connected_prey_retina,mutual_info
1,65770.000000,24230.000000,15,23656.164564,259231944.865932,243.787730,8.377495,3,0,1,0.022943
1,59711.000000,30289.000000,13,18240.175511,115742302.182945,256.885708,8.297098,3,0,1,0.019716
2,67315.000000,22685.000000,16,18867.018765,165585534.173495,233.269241,9.284142,3,0,1,0.013583
3,68742.000000,21258.000000,18,17560.806406,161283337.348124,208.337418,12.037450,3,0,1,0.019527
