generation,prey_fitness,predator_fitness,num_alive_end,avg_bb_size,var_bb_size,avg_shortest_dist,swarm_density_count,prey_neurons_connected_prey_retina,prey_neurons_connected_predator_retina,predator_neurons_connected_prey_retina,mutual_info
1,70561.000000,19439.000000,24,36704.754377,151236065.239837,457.292257,3.923850,2,0,3,0.013085
1,64882.000000,25118.000000,19,37616.393364,151190691.256047,565.319215,3.562748,2,0,3,0.006749
2,69327.000000,20673.000000,21,38100.449801,189299538.384027,473.145258,3.930373,2,0,3,0.021764
3,63615.000000,26385.000000,17,27431.354076,55956229.752838,430.750357,4.508372,2,0,3,0.022445
