generation,prey_fitness,predator_fitness,num_alive_end,avg_bb_size,var_bb_size,avg_shortest_dist,swarm_density_count,prey_neurons_connected_prey_retina,prey_neurons_connected_predator_retina,predator_neurons_connected_prey_retina,mutual_info
1,89269.000000,731.000000,43,3269.561716,1515111.600634,10.899388,23.209627,4,3,2,0.030891
1,81513.000000,8487.000000,35,3399.405721,2145809.359153,13.578699,21.132173,4,3,2,0.030142
2,85734.000000,4266.000000,41,2795.430301,1136684.138813,8.643708,23.375809,4,3,2,0.032165
3,86946.000000,3054.000000,42,2937.360350,1731733.878390,11.760410,22.944486,4,3,2,0.026618
