generation,prey_fitness,predator_fitness,num_alive_end,avg_bb_size,var_bb_size,avg_shortest_dist,swarm_density_count,prey_neurons_connected_prey_retina,prey_neurons_connected_predator_retina,predator_neurons_connected_prey_retina,mutual_info
1,87006.000000,2994.000000,41,1166.655472,160997.695997,5.953560,34.361301,2,0,3,0.009881
1,88595.000000,1405.000000,43,1062.987595,191296.079948,5.152910,35.865414,2,0,3,0.014745
2,86035.000000,3965.000000,41,1065.935039,186038.723791,5.512962,35.162551,2,0,3,0.011278
3,89743.000000,257.000000,44,999.605138,132689.292103,4.892670,37.419489,2,0,3,0.010165
