generation,prey_fitness,predator_fitness,num_alive_end,avg_bb_size,var_bb_size,avg_shortest_dist,swarm_density_count,prey_neurons_connected_prey_retina,prey_neurons_connected_predator_retina,predator_neurons_connected_prey_retina,mutual_info
1,86843.000000,3157.000000,42,1995.949280,386685.229777,7.239410,29.247370,4,1,1,0.010607
1,82561.000000,7439.000000,38,1835.779217,380407.725210,8.026368,28.568577,4,1,1,0.013564
2,84768.000000,5232.000000,37,2095.427641,453464.780941,8.049513,27.741273,4,1,1,0.016648
3,86908.000000,3092.000000,41,2053.996185,566986.844433,7.890301,28.658263,4,1,1,0.018041
