generation,prey_fitness,predator_fitness,num_alive_end,avg_bb_size,var_bb_size,avg_shortest_dist,swarm_density_count,prey_neurons_connected_prey_retina,prey_neurons_connected_predator_retina,predator_neurons_connected_prey_retina,mutual_info
1,61430.000000,28570.000000,18,130029.190367,2529509867.883200,2248.348597,1.955141,1,1,1,0.017124
1,62551.000000,27449.000000,20,157558.260366,4138225583.709643,2869.036642,1.904739,1,1,1,0.025951
2,65824.000000,24176.000000,21,115118.506294,2316570960.136938,1904.799779,2.230011,1,1,1,0.013121
3,66386.000000,23614.000000,24,146972.368908,3440645247.800529,2186.502270,1.959298,1,1,1,0.025421
