generation,prey_fitness,predator_fitness,num_alive_end,avg_bb_size,var_bb_size,avg_shortest_dist,swarm_density_count,prey_neurons_connected_prey_retina,prey_neurons_connected_predator_retina,predator_neurons_connected_prey_retina,mutual_info
1,60299.000000,29701.000000,20,204315.476519,5711860758.824453,3605.966195,1.846655,1,3,1,0.026179
1,68839.000000,21161.000000,22,209477.115171,6106618678.463331,2896.826967,1.912264,1,3,1,0.016052
2,57728.000000,32272.000000,14,204788.821829,6013319344.202864,4262.842058,1.706576,1,3,1,0.030579
3,60908.000000,29092.000000,18,205437.867010,6361541583.187599,3326.125309,1.749852,1,3,1,0.024719
