generation,prey_fitness,predator_fitness,num_alive_end,avg_bb_size,var_bb_size,avg_shortest_dist,swarm_density_count,prey_neurons_connected_prey_retina,prey_neurons_connected_predator_retina,predator_neurons_connected_prey_retina,mutual_info
1,82567.000000,7433.000000,34,4965.862890,2123672.081050,22.238058,18.297933,2,2,1,0.034994
1,84193.000000,5807.000000,36,4593.258130,1822472.186381,21.386251,19.278951,2,2,1,0.040090
2,79406.000000,10594.000000,34,4486.842162,2085256.660540,23.798542,18.288775,2,2,1,0.037691
3,81281.000000,8719.000000,35,4817.232841,2584319.930184,23.465948,18.348244,2,2,1,0.025935
