generation,prey_fitness,predator_fitness,num_alive_end,avg_bb_size,var_bb_size,avg_shortest_dist,swarm_density_count,prey_neurons_connected_prey_retina,prey_neurons_connected_predator_retina,predator_neurons_connected_prey_retina,mutual_info
1,64042.000000,25958.000000,20,49626.045675,326848009.596029,787.578145,3.223214,0,0,1,0.012662
1,54822.000000,35178.000000,13,36912.625210,146590148.565864,747.574262,3.561678,0,0,1,0.015423
2,60374.000000,29626.000000,16,42531.460532,266611095.654164,759.463040,3.409428,0,0,1,0.016060
3,59803.000000,30197.000000,16,47879.141179,271906343.578156,873.032920,3.187582,0,0,1,0.019725
