generation,prey_fitness,predator_fitness,num_alive_end,avg_bb_size,var_bb_size,avg_shortest_dist,swarm_density_count,prey_neurons_connected_prey_retina,prey_neurons_connected_predator_retina,predator_neurons_connected_prey_retina,mutual_info
1,69912.000000,20088.000000,27,59101.180809,528632202.105495,336.826610,3.748006,1,1,1,0.041102
1,62245.000000,27755.000000,16,36232.475045,366641191.509785,281.265727,3.908066,1,1,1,0.037677
2,58468.000000,31532.000000,13,55621.812887,510923274.481553,854.357746,3.351833,1,1,1,0.028993
3,66778.000000,23222.000000,19,67736.033522,1160660400.910827,478.335973,3.217010,1,1,1,0.028821
