generation,prey_fitness,predator_fitness,num_alive_end,avg_bb_size,var_bb_size,avg_shortest_dist,swarm_density_count,prey_neurons_connected_prey_retina,prey_neurons_connected_predator_retina,predator_neurons_connected_prey_retina,mutual_info
1,66464.000000,23536.000000,22,141848.289456,2967716164.424767,2254.067895,2.115173,1,1,3,0.014631
1,73490.000000,16510.000000,26,132163.900749,3237973576.113384,1455.515192,2.198918,1,1,3,0.017831
2,61161.000000,28839.000000,18,95854.971052,1940906430.660445,1621.926040,2.368777,1,1,3,0.021619
3,69554.000000,20446.000000,22,97758.925218,1004676076.976278,1384.266688,2.177285,1,1,3,0.011135
