generation,prey_fitness,predator_fitness,num_alive_end,avg_bb_size,var_bb_size,avg_shortest_dist,swarm_density_count,prey_neurons_connected_prey_retina,prey_neurons_connected_predator_retina,predator_neurons_connected_prey_retina,mutual_info
1,85022.000000,4978.000000,40,9184.208866,10592307.152749,29.537659,13.644877,3,1,1,0.036093
1,78710.000000,11290.000000,34,7758.176258,8974329.983136,29.231710,14.003215,3,1,1,0.039086
2,75455.000000,14545.000000,32,7615.335994,7460038.991340,30.490858,13.058972,3,1,1,0.031499
3,75843.000000,14157.000000,33,8649.453483,9276134.756926,31.981746,12.724395,3,1,1,0.033856
