generation,prey_fitness,predator_fitness,num_alive_end,avg_bb_size,var_bb_size,avg_shortest_dist,swarm_density_count,prey_neurons_connected_prey_retina,prey_neurons_connected_predator_retina,predator_neurons_connected_prey_retina,mutual_info
1,68167.000000,21833.000000,24,127589.942925,2233983669.081786,850.944253,2.404002,1,0,1,0.017345
1,65441.000000,24559.000000,22,128429.269804,2702978383.323564,947.958783,2.551048,1,0,1,0.027493
2,67855.000000,22145.000000,25,98124.483740,1228433214.284680,614.801067,2.865938,1,0,1,0.024951
3,76102.000000,13898.000000,29,118088.486530,1887311064.497752,845.559273,2.859113,1,0,1,0.020681
