generation,prey_fitness,predator_fitness,num_alive_end,avg_bb_size,var_bb_size,avg_shortest_dist,swarm_density_count,prey_neurons_connected_prey_retina,prey_neurons_connected_predator_retina,predator_neurons_connected_prey_retina,mutual_info
1,81493.000000,8507.000000,37,1444.315543,358131.667555,5.286380,29.615013,2,1,1,0.026007
1,85413.000000,4587.000000,40,1295.495274,204172.388019,4.325683,32.251813,2,1,1,0.019974
2,83255.000000,6745.000000,38,1193.162989,234085.695942,4.444255,30.666711,2,1,1,0.026068
3,87126.000000,2874.000000,40,1470.861528,326067.247887,4.681083,30.755695,2,1,1,0.026891
