generation,prey_fitness,predator_fitness,num_alive_end,avg_bb_size,var_bb_size,avg_shortest_dist,swarm_density_count,prey_neurons_connected_prey_retina,prey_neurons_connected_predator_retina,predator_neurons_connected_prey_retina,mutual_info
1,82835.000000,7165.000000,36,3915.863511,1417646.238435,15.522417,20.791481,1,0,1,0.031745
1,79516.000000,10484.000000,35,3819.572500,1307507.022808,14.680380,20.151640,1,0,1,0.021261
2,82210.000000,7790.000000,36,3602.378967,1089997.067978,14.065895,21.145289,1,0,1,0.022494
3,86202.000000,3798.000000,41,3478.162994,1317218.163556,12.039820,22.575072,1,0,1,0.024434
