generation,prey_fitness,predator_fitness,num_alive_end,avg_bb_size,var_bb_size,avg_shortest_dist,swarm_density_count,prey_neurons_connected_prey_retina,prey_neurons_connected_predator_retina,predator_neurons_connected_prey_retina,mutual_info
1,67694.000000,22306.000000,22,140505.208478,5297870103.751379,1894.965626,3.678613,3,0,2,0.020894
1,67490.000000,22510.000000,24,118774.178062,3439710555.958144,1827.795119,3.576553,3,0,2,0.038835
2,69195.000000,20805.000000,23,167082.093972,7547171028.043525,2027.362148,2.673743,3,0,2,0.020768
3,66083.000000,23917.000000,22,159084.767420,5973018076.591311,1281.564478,3.258824,3,0,2,0.039635
