generation,prey_fitness,predator_fitness,num_alive_end,avg_bb_size,var_bb_size,avg_shortest_dist,swarm_density_count,prey_neurons_connected_prey_retina,prey_neurons_connected_predator_retina,predator_neurons_connected_prey_retina,mutual_info
1,87127.000000,2873.000000,40,3078.325195,745428.048332,16.107105,24.075539,2,2,1,0.024783
1,89114.000000,886.000000,43,3143.097885,1224624.327299,16.724329,24.944237,2,2,1,0.026898
2,82632.000000,7368.000000,37,3363.593269,1128159.479878,18.473233,22.190451,2,2,1,0.024152
3,85571.000000,4429.000000,40,3258.071935,1210845.864257,19.113682,23.267835,2,2,1,0.026872
