generation,prey_fitness,predator_fitness,num_alive_end,avg_bb_size,var_bb_size,avg_shortest_dist,swarm_density_count,prey_neurons_connected_prey_retina,prey_neurons_connected_predator_retina,predator_neurons_connected_prey_retina,mutual_info
1,55900.000000,34100.000000,12,89037.054830,1294891721.128541,1676.336987,2.515720,1,1,1,0.015348
1,64518.000000,25482.000000,21,141746.808457,3759779112.891002,1774.884129,2.396180,1,1,1,0.022907
2,56281.000000,33719.000000,14,99379.596447,2153654373.612173,2347.714605,2.520218,1,1,1,0.026082
3,68738.000000,21262.000000,22,155543.412212,4219149611.120958,1701.418576,2.345482,1,1,1,0.019729
