generation,prey_fitness,predator_fitness,num_alive_end,avg_bb_size,var_bb_size,avg_shortest_dist,swarm_density_count,prey_neurons_connected_prey_retina,prey_neurons_connected_predator_retina,predator_neurons_connected_prey_retina,mutual_info
1,67035.000000,22965.000000,22,186097.409130,5868804317.951056,2921.745986,1.874907,1,2,1,0.045251
1,65082.000000,24918.000000,22,195787.548856,5865945085.920056,3072.220611,1.867385,1,2,1,0.018239
2,61009.000000,28991.000000,18,174211.603590,4525776058.372785,2796.309412,1.814934,1,2,1,0.027524
3,67633.000000,22367.000000,20,192253.022721,5165468728.496184,2743.359522,1.765942,1,2,1,0.019399
