generation,prey_fitness,predator_fitness,num_alive_end,avg_bb_size,var_bb_size,avg_shortest_dist,swarm_density_count,prey_neurons_connected_prey_retina,prey_neurons_connected_predator_retina,predator_neurons_connected_prey_retina,mutual_info
1,61899.000000,28101.000000,18,184760.617084,6072442888.251439,3237.942399,1.998709,2,0,1,0.023975
1,58572.000000,31428.000000,17,200757.960891,6080727757.425826,4087.993550,1.823733,2,0,1,0.025850
2,66989.000000,23011.000000,22,182134.770105,5528944786.280661,2464.283131,2.186589,2,0,1,0.040015
3,66886.000000,23114.000000,23,182748.026559,5040022197.335109,2200.588750,2.140632,2,0,1,0.045698
