generation,prey_fitness,predator_fitness,num_alive_end,avg_bb_size,var_bb_size,avg_shortest_dist,swarm_density_count,prey_neurons_connected_prey_retina,prey_neurons_connected_predator_retina,predator_neurons_connected_prey_retina,mutual_info
1,80138.000000,9862.000000,33,3535.602640,461812.743232,25.601731,16.284096,3,0,1,0.004195
1,86553.000000,3447.000000,38,4106.960892,572543.732841,27.879594,16.390228,3,0,1,0.004905
2,77938.000000,12062.000000,33,3975.018009,465329.734736,32.784909,15.860130,3,0,1,0.006155
3,80362.000000,9638.000000,36,3687.100376,515524.965021,27.486113,16.121754,3,0,1,0.004076
