generation,prey_fitness,predator_fitness,num_alive_end,avg_bb_size,var_bb_size,avg_shortest_dist,swarm_density_count,prey_neurons_connected_prey_retina,prey_neurons_connected_predator_retina,predator_neurons_connected_prey_retina,mutual_info
1,87135.000000,2865.000000,42,1470.900208,307166.688746,5.634984,30.762783,1,0,1,0.028192
1,83280.000000,6720.000000,39,1524.105818,316208.086508,5.697474,29.930606,1,0,1,0.020199
2,84119.000000,5881.000000,39,1474.377222,350897.767011,5.759817,29.855803,1,0,1,0.023453
3,84425.000000,5575.000000,40,1681.809706,371949.311316,6.706633,28.967554,1,0,1,0.023993
