generation,prey_fitness,predator_fitness,num_alive_end,avg_bb_size,var_bb_size,avg_shortest_dist,swarm_density_count,prey_neurons_connected_prey_retina,prey_neurons_connected_predator_retina,predator_neurons_connected_prey_retina,mutual_info
1,81795.000000,8205.000000,35,3235.821534,1305286.425238,15.510663,21.346137,2,2,1,0.055382
1,79635.000000,10365.000000,34,3311.467135,1416086.957334,14.529263,20.422273,2,2,1,0.055371
2,78322.000000,11678.000000,35,3118.231014,1114250.478504,13.634206,20.574556,2,2,1,0.052606
3,80978.000000,9022.000000,38,2919.638802,1327933.895867,13.225819,22.257367,2,2,1,0.034535
