generation,prey_fitness,predator_fitness,num_alive_end,avg_bb_size,var_bb_size,avg_shortest_dist,swarm_density_count,prey_neurons_connected_prey_retina,prey_neurons_connected_predator_retina,predator_neurons_connected_prey_retina,mutual_info
1,80006.000000,9994.000000,33,2395.839726,798015.459967,11.092996,25.243794,3,0,1,0.034940
1,84734.000000,5266.000000,40,2419.795239,607516.047436,10.300858,26.090052,3,0,1,0.033176
2,81761.000000,8239.000000,35,2335.696385,785459.558570,10.659114,27.319598,3,0,1,0.040578
3,81999.000000,8001.000000,37,2590.885783,1435270.127017,10.575325,24.477768,3,0,1,0.042047
