generation,prey_fitness,predator_fitness,num_alive_end,avg_bb_size,var_bb_size,avg_shortest_dist,swarm_density_count,prey_neurons_connected_prey_retina,prey_neurons_connected_predator_retina,predator_neurons_connected_prey_retina,mutual_info
1,62458.000000,27542.000000,17,38433.657983,204912013.200491,688.816814,3.846189,1,1,1,0.007162
1,61560.000000,28440.000000,18,40173.229691,164883004.123163,686.689878,3.865939,1,1,1,0.013220
2,61494.000000,28506.000000,16,56358.082758,878001992.641434,1152.444285,3.424910,1,1,1,0.013924
3,63597.000000,26403.000000,15,41627.138722,154683086.007558,720.912187,3.741079,1,1,1,0.024297
