generation,prey_fitness,predator_fitness,num_alive_end,avg_bb_size,var_bb_size,avg_shortest_dist,swarm_density_count,prey_neurons_connected_prey_retina,prey_neurons_connected_predator_retina,predator_neurons_connected_prey_retina,mutual_info
1,68612.000000,21388.000000,23,138211.360781,4042323117.801612,2035.307986,2.041908,3,1,1,0.016112
1,71599.000000,18401.000000,29,147469.364649,4797221054.517727,2141.855283,2.342688,3,1,1,0.014708
2,77447.000000,12553.000000,32,165752.093568,5243046650.326541,1887.791678,1.995779,3,1,1,0.011513
3,73459.000000,16541.000000,28,171311.926170,6627795493.112518,2155.774013,2.054889,3,1,1,0.018842
