generation,prey_fitness,predator_fitness,num_alive_end,avg_bb_size,var_bb_size,avg_shortest_dist,swarm_density_count,prey_neurons_connected_prey_retina,prey_neurons_connected_predator_retina,predator_neurons_connected_prey_retina,mutual_info
1,86267.000000,3733.000000,40,1759.377144,474677.022303,11.175348,31.992188,6,4,1,0.004749
1,83165.000000,6835.000000,39,1596.001819,305526.489304,9.969553,31.619930,6,4,1,0.005683
2,85206.000000,4794.000000,40,1548.658874,223866.095519,9.472891,32.524416,6,4,1,0.006667
3,80333.000000,9667.000000,37,1482.534735,254643.442583,9.882552,31.114689,6,4,1,0.007933
