generation,prey_fitness,predator_fitness,num_alive_end,avg_bb_size,var_bb_size,avg_shortest_dist,swarm_density_count,prey_neurons_connected_prey_retina,prey_neurons_connected_predator_retina,predator_neurons_connected_prey_retina,mutual_info
1,77374.000000,12626.000000,33,2529.741870,518349.438044,19.353652,23.887440,1,0,1,0.017236
1,82006.000000,7994.000000,37,2894.717984,450173.150136,18.806752,24.425835,1,0,1,0.020199
2,83325.000000,6675.000000,37,2496.774222,551640.851523,15.046286,26.381457,1,0,1,0.011168
3,83472.000000,6528.000000,38,2754.145711,762731.505585,17.345410,24.611035,1,0,1,0.017739
