generation,prey_fitness,predator_fitness,num_alive_end,avg_bb_size,var_bb_size,avg_shortest_dist,swarm_density_count,prey_neurons_connected_prey_retina,prey_neurons_connected_predator_retina,predator_neurons_connected_prey_retina,mutual_info
1,85607.000000,4393.000000,42,1274.162080,121829.761475,5.416432,37.229187,1,1,1,0.024760
1,85076.000000,4924.000000,40,1255.086191,116549.911674,5.388928,36.735022,1,1,1,0.037592
2,88858.000000,1142.000000,43,1481.376692,249100.148291,6.332784,36.751184,1,1,1,0.042316
3,88301.000000,1699.000000,43,1253.454029,135270.645848,5.531673,37.951363,1,1,1,0.025138
