generation,prey_fitness,predator_fitness,num_alive_end,avg_bb_size,var_bb_size,avg_shortest_dist,swarm_density_count,prey_neurons_connected_prey_retina,prey_neurons_connected_predator_retina,predator_neurons_connected_prey_retina,mutual_info
1,83276.000000,6724.000000,37,12383.946549,27969947.756968,39.729239,12.267359,1,1,2,0.044209
1,82440.000000,7560.000000,37,10919.460760,20603937.805446,34.970223,11.975946,1,1,2,0.059439
2,77247.000000,12753.000000,33,9501.092200,16487668.368211,34.457264,13.138563,1,1,2,0.045237
3,70959.000000,19041.000000,28,8669.639954,16435615.003483,36.614437,12.634467,1,1,2,0.048058
