generation,prey_fitness,predator_fitness,num_alive_end,avg_bb_size,var_bb_size,avg_shortest_dist,swarm_density_count,prey_neurons_connected_prey_retina,prey_neurons_connected_predator_retina,predator_neurons_connected_prey_retina,mutual_info
1,80875.000000,9125.000000,36,3950.021899,1238574.170157,25.812124,18.609382,2,2,1,0.030058
1,82423.000000,7577.000000,37,4056.028898,1250872.006546,25.402278,17.705042,2,2,1,0.024206
2,83267.000000,6733.000000,37,3416.618164,462521.924279,21.159239,18.393458,2,2,1,0.005481
3,83295.000000,6705.000000,37,3866.451288,1020888.060748,23.562923,18.530498,2,2,1,0.019961
