generation,prey_fitness,predator_fitness,num_alive_end,avg_bb_size,var_bb_size,avg_shortest_dist,swarm_density_count,prey_neurons_connected_prey_retina,prey_neurons_connected_predator_retina,predator_neurons_connected_prey_retina,mutual_info
1,54567.000000,35433.000000,9,41280.574172,287756964.223311,932.230156,3.224012,0,3,1,0.021678
1,64289.000000,25711.000000,16,44630.238498,253345264.145220,738.795106,3.208515,0,3,1,0.039904
2,55334.000000,34666.000000,9,37331.905771,177794014.987832,855.915388,3.369525,0,3,1,0.076271
3,54110.000000,35890.000000,12,50860.080628,413104936.671743,1156.161588,2.697022,0,3,1,0.023231
