generation,prey_fitness,predator_fitness,num_alive_end,avg_bb_size,var_bb_size,avg_shortest_dist,swarm_density_count,prey_neurons_connected_prey_retina,prey_neurons_connected_predator_retina,predator_neurons_connected_prey_retina,mutual_info
1,66857.000000,23143.000000,23,96036.153693,1331471424.069242,1494.768554,2.433494,1,0,1,0.016569
1,67195.000000,22805.000000,20,70592.817684,599652038.636871,968.690926,2.399964,1,0,1,0.012451
2,63690.000000,26310.000000,21,78143.715082,735852605.850871,1241.794609,2.508864,1,0,1,0.018136
3,66223.000000,23777.000000,23,85782.559256,1267501345.092090,1535.072795,2.546711,1,0,1,0.016100
