generation,prey_fitness,predator_fitness,num_alive_end,avg_bb_size,var_bb_size,avg_shortest_dist,swarm_density_count,prey_neurons_connected_prey_retina,prey_neurons_connected_predator_retina,predator_neurons_connected_prey_retina,mutual_info
1,82030.000000,7970.000000,37,5592.844645,4654308.370394,14.937449,16.650797,1,1,4,0.032613
1,82148.000000,7852.000000,39,4240.736722,3510801.728159,13.013344,19.917890,1,1,4,0.036641
2,83834.000000,6166.000000,37,4632.093861,3259265.745981,13.141294,19.033545,1,1,4,0.045771
3,85515.000000,4485.000000,41,4768.712061,3710899.731296,12.479521,18.602177,1,1,4,0.045132
