generation,prey_fitness,predator_fitness,num_alive_end,avg_bb_size,var_bb_size,avg_shortest_dist,swarm_density_count,prey_neurons_connected_prey_retina,prey_neurons_connected_predator_retina,predator_neurons_connected_prey_retina,mutual_info
1,67119.000000,22881.000000,21,22508.050305,57505144.519509,144.142529,6.263748,1,2,2,0.039898
1,76119.000000,13881.000000,29,26116.261852,85044407.505206,113.390939,6.380981,1,2,2,0.049930
2,76655.000000,13345.000000,31,27347.466166,89591357.272830,114.427847,6.270968,1,2,2,0.069108
3,66628.000000,23372.000000,23,24546.985640,78929444.925378,143.525485,5.816133,1,2,2,0.034121
