generation,prey_fitness,predator_fitness,num_alive_end,avg_bb_size,var_bb_size,avg_shortest_dist,swarm_density_count,prey_neurons_connected_prey_retina,prey_neurons_connected_predator_retina,predator_neurons_connected_prey_retina,mutual_info
1,52141.000000,37859.000000,12,78892.743376,1381288290.699748,2366.376995,2.448743,3,1,1,0.017521
1,56642.000000,33358.000000,16,101927.818835,3131833003.673658,2144.303488,2.557856,3,1,1,0.026102
2,61384.000000,28616.000000,19,84637.181869,1395415755.885232,1506.024951,2.512380,3,1,1,0.013983
3,58233.000000,31767.000000,15,75733.051459,889475079.264428,1523.796583,2.733943,3,1,1,0.021674
