generation,prey_fitness,predator_fitness,num_alive_end,avg_bb_size,var_bb_size,avg_shortest_dist,swarm_density_count,prey_neurons_connected_prey_retina,prey_neurons_connected_predator_retina,predator_neurons_connected_prey_retina,mutual_info
1,88739.000000,1261.000000,43,1686.051172,119220.737919,14.650149,37.424589,1,2,2,0.004698
1,77106.000000,12894.000000,34,1666.894004,146542.142361,17.215929,32.604955,1,2,2,0.005606
2,86135.000000,3865.000000,42,1764.451298,164880.713767,16.284560,35.949092,1,2,2,0.003087
3,86236.000000,3764.000000,39,1798.077044,159787.149224,16.323556,36.272342,1,2,2,0.003378
