generation,prey_fitness,predator_fitness,num_alive_end,avg_bb_size,var_bb_size,avg_shortest_dist,swarm_density_count,prey_neurons_connected_prey_retina,prey_neurons_connected_predator_retina,predator_neurons_connected_prey_retina,mutual_info
1,85545.000000,4455.000000,42,673.932216,35963.462154,4.158741,39.678055,2,1,1,0.007219
1,88176.000000,1824.000000,44,662.802620,34176.066290,3.952167,41.299239,2,1,1,0.010603
2,86927.000000,3073.000000,41,689.452514,34271.144658,3.971704,40.165237,2,1,1,0.006602
3,87822.000000,2178.000000,43,664.504611,44018.906996,3.916165,41.001322,2,1,1,0.010308
