generation,prey_fitness,predator_fitness,num_alive_end,avg_bb_size,var_bb_size,avg_shortest_dist,swarm_density_count,prey_neurons_connected_prey_retina,prey_neurons_connected_predator_retina,predator_neurons_connected_prey_retina,mutual_info
1,82199.000000,7801.000000,38,3830.542094,4564060.403692,11.886956,22.528668,3,3,1,0.031145
1,81788.000000,8212.000000,36,4860.814188,4021126.874468,12.672556,19.198267,3,3,1,0.016249
2,82265.000000,7735.000000,37,3388.768752,1742049.135313,10.368797,22.763760,3,3,1,0.035735
3,83136.000000,6864.000000,35,3615.830133,3041326.057198,11.086533,22.978782,3,3,1,0.018185
