generation,prey_fitness,predator_fitness,num_alive_end,avg_bb_size,var_bb_size,avg_shortest_dist,swarm_density_count,prey_neurons_connected_prey_retina,prey_neurons_connected_predator_retina,predator_neurons_connected_prey_retina,mutual_info
1,59908.000000,30092.000000,18,100802.998616,1778600461.957587,1969.956870,2.227552,5,3,1,0.017236
1,65660.000000,24340.000000,21,104837.333223,1558535898.897285,1488.833998,2.198592,5,3,1,0.014668
2,64839.000000,25161.000000,20,111691.946676,2177240697.722146,2028.802789,2.152358,5,3,1,0.015407
3,66271.000000,23729.000000,21,95634.407041,1721021840.034518,1496.364891,2.466322,5,3,1,0.020269
