generation,prey_fitness,predator_fitness,num_alive_end,avg_bb_size,var_bb_size,avg_shortest_dist,swarm_density_count,prey_neurons_connected_prey_retina,prey_neurons_connected_predator_retina,predator_neurons_connected_prey_retina,mutual_info
1,62547.000000,27453.000000,19,107127.501110,2196158844.673972,1666.867950,2.160286,0,1,1,0.020449
1,55905.000000,34095.000000,15,86210.537543,1077007740.469859,1922.267983,2.203325,0,1,1,0.021837
2,64995.000000,25005.000000,20,110507.793968,1507546647.511479,1895.590927,2.245264,0,1,1,0.019091
3,57157.000000,32843.000000,16,118610.066014,2445511658.034184,2073.357417,2.112943,0,1,1,0.039400
