generation,prey_fitness,predator_fitness,num_alive_end,avg_bb_size,var_bb_size,avg_shortest_dist,swarm_density_count,prey_neurons_connected_prey_retina,prey_neurons_connected_predator_retina,predator_neurons_connected_prey_retina,mutual_info
1,82685.000000,7315.000000,37,1563.225399,522397.753541,4.528840,27.128146,3,2,1,0.038520
1,88789.000000,1211.000000,43,1615.374033,461272.871822,3.959936,28.558154,3,2,1,0.044388
2,83602.000000,6398.000000,38,1549.203574,572456.703103,4.262138,27.463510,3,2,1,0.039731
3,88778.000000,1222.000000,44,1797.036036,860552.248405,4.546877,28.114633,3,2,1,0.042740
