generation,prey_fitness,predator_fitness,num_alive_end,avg_bb_size,var_bb_size,avg_shortest_dist,swarm_density_count,prey_neurons_connected_prey_retina,prey_neurons_connected_predator_retina,predator_neurons_connected_prey_retina,mutual_info
1,60118.000000,29882.000000,17,103229.916016,2058687319.971499,1896.892481,2.435353,0,1,1,0.021549
1,61633.000000,28367.000000,19,117867.367702,2793416373.449008,2315.689775,2.523832,0,1,1,0.018494
2,63787.000000,26213.000000,19,90975.682555,1085772790.981837,1613.724706,2.438290,0,1,1,0.018890
3,57692.000000,32308.000000,14,93039.885428,1278952564.661405,1653.781834,2.341873,0,1,1,0.017069
