generation,prey_fitness,predator_fitness,num_alive_end,avg_bb_size,var_bb_size,avg_shortest_dist,swarm_density_count,prey_neurons_connected_prey_retina,prey_neurons_connected_predator_retina,predator_neurons_connected_prey_retina,mutual_info
1,82480.000000,7520.000000,38,2262.895931,602925.580280,8.541855,24.915204,2,2,1,0.027238
1,85557.000000,4443.000000,40,2173.337367,552065.233176,7.938712,26.666789,2,2,1,0.028867
2,87011.000000,2989.000000,41,2173.215555,519053.164339,8.118215,27.246810,2,2,1,0.030683
3,85582.000000,4418.000000,40,2383.202415,664896.854148,8.624102,25.956800,2,2,1,0.031956
