generation,prey_fitness,predator_fitness,num_alive_end,avg_bb_size,var_bb_size,avg_shortest_dist,swarm_density_count,prey_neurons_connected_prey_retina,prey_neurons_connected_predator_retina,predator_neurons_connected_prey_retina,mutual_info
1,74786.000000,15214.000000,29,4864.752595,2097969.885929,43.697915,18.051317,1,2,4,0.010702
1,74418.000000,15582.000000,27,3745.825808,1148050.733782,34.828241,21.008461,1,2,4,0.005608
2,67995.000000,22005.000000,18,5331.257562,4200279.170893,59.092265,15.788844,1,2,4,0.008741
3,72844.000000,17156.000000,24,3958.533878,1125244.415227,37.822917,19.754853,1,2,4,0.004997
