generation,prey_fitness,predator_fitness,num_alive_end,avg_bb_size,var_bb_size,avg_shortest_dist,swarm_density_count,prey_neurons_connected_prey_retina,prey_neurons_connected_predator_retina,predator_neurons_connected_prey_retina,mutual_info
1,67318.000000,22682.000000,25,109055.985297,1796851910.011687,1697.017000,2.435201,0,1,5,0.055942
1,80244.000000,9756.000000,34,164799.061648,4867392062.742099,1777.987077,2.334533,0,1,5,0.010793
2,66804.000000,23196.000000,24,113582.206816,1846178931.287997,1471.707151,2.371647,0,1,5,0.016282
3,71975.000000,18025.000000,30,148878.131461,4529691958.696700,1861.052737,2.454240,0,1,5,0.040898
