generation,prey_fitness,predator_fitness,num_alive_end,avg_bb_size,var_bb_size,avg_shortest_dist,swarm_density_count,prey_neurons_connected_prey_retina,prey_neurons_connected_predator_retina,predator_neurons_connected_prey_retina,mutual_info
1,75653.000000,14347.000000,27,3514.036735,923820.173267,40.336797,24.175432,1,2,3,0.097266
1,78477.000000,11523.000000,31,4049.613835,1115842.667368,43.529373,24.343187,1,2,3,0.119880
2,71667.000000,18333.000000,19,3778.611808,1058784.221892,48.307520,23.334558,1,2,3,0.172118
3,77256.000000,12744.000000,29,3652.526469,1229495.384397,40.834868,24.940810,1,2,3,0.095488
