generation,prey_fitness,predator_fitness,num_alive_end,avg_bb_size,var_bb_size,avg_shortest_dist,swarm_density_count,prey_neurons_connected_prey_retina,prey_neurons_connected_predator_retina,predator_neurons_connected_prey_retina,mutual_info
1,85842.000000,4158.000000,40,2260.157821,106194.329288,12.575643,20.837428,2,1,1,0.002770
1,82763.000000,7237.000000,38,2163.122419,123085.270489,13.034797,20.917213,2,1,1,0.001965
2,86831.000000,3169.000000,41,2475.765655,150886.972136,14.413155,20.111482,2,1,1,0.002124
3,83656.000000,6344.000000,38,2048.736423,107551.271318,12.119549,22.133895,2,1,1,0.002181
