generation,prey_fitness,predator_fitness,num_alive_end,avg_bb_size,var_bb_size,avg_shortest_dist,swarm_density_count,prey_neurons_connected_prey_retina,prey_neurons_connected_predator_retina,predator_neurons_connected_prey_retina,mutual_info
1,59662.000000,30338.000000,18,173565.319598,3793174987.866397,3055.824510,1.567030,0,1,1,0.037501
1,58650.000000,31350.000000,16,160178.280898,3023344315.531988,2942.789278,1.666048,0,1,1,0.032901
2,66535.000000,23465.000000,20,187601.019783,4045638406.357832,2904.864527,1.573353,0,1,1,0.023240
3,67922.000000,22078.000000,25,175505.611209,3713579639.936466,2576.305571,1.578584,0,1,1,0.032256
