generation,prey_fitness,predator_fitness,num_alive_end,avg_bb_size,var_bb_size,avg_shortest_dist,swarm_density_count,prey_neurons_connected_prey_retina,prey_neurons_connected_predator_retina,predator_neurons_connected_prey_retina,mutual_info
1,85834.000000,4166.000000,41,2413.955852,587226.339275,9.258611,25.394956,4,1,2,0.047915
1,79623.000000,10377.000000,34,2423.515837,626520.515877,10.255868,24.133615,4,1,2,0.026419
2,86134.000000,3866.000000,40,2589.707106,681794.157660,9.213665,25.189398,4,1,2,0.041200
3,86164.000000,3836.000000,40,2532.714096,755112.016451,8.682686,25.658438,4,1,2,0.027632
