generation,prey_fitness,predator_fitness,num_alive_end,avg_bb_size,var_bb_size,avg_shortest_dist,swarm_density_count,prey_neurons_connected_prey_retina,prey_neurons_connected_predator_retina,predator_neurons_connected_prey_retina,mutual_info
1,65210.000000,24790.000000,21,23464.950350,52680924.707652,273.592544,5.385483,1,0,1,0.011246
1,67095.000000,22905.000000,20,26201.297321,139812697.715097,310.377104,5.071921,1,0,1,0.015101
2,66086.000000,23914.000000,20,28821.347025,115401415.266203,328.019016,4.693815,1,0,1,0.012879
3,63237.000000,26763.000000,16,26552.441050,118111160.616351,366.207606,5.327375,1,0,1,0.013426
