generation,prey_fitness,predator_fitness,num_alive_end,avg_bb_size,var_bb_size,avg_shortest_dist,swarm_density_count,prey_neurons_connected_prey_retina,prey_neurons_connected_predator_retina,predator_neurons_connected_prey_retina,mutual_info
1,59524.000000,30476.000000,14,185322.525052,5686017277.944676,3543.144637,1.982551,3,0,2,0.025360
1,65579.000000,24421.000000,18,204479.494106,6479006829.006343,3046.483339,1.963510,3,0,2,0.027266
2,58586.000000,31414.000000,14,187704.298257,5824313539.547834,3840.022039,1.923277,3,0,2,0.016176
3,51150.000000,38850.000000,12,203470.789508,6717754794.818546,5384.950557,1.904623,3,0,2,0.021429
