generation,prey_fitness,predator_fitness,num_alive_end,avg_bb_size,var_bb_size,avg_shortest_dist,swarm_density_count,prey_neurons_connected_prey_retina,prey_neurons_connected_predator_retina,predator_neurons_connected_prey_retina,mutual_info
1,84871.000000,5129.000000,41,2976.200124,1036209.180369,11.427285,23.435892,4,1,3,0.041215
1,82350.000000,7650.000000,36,3304.659902,1991138.086914,12.076716,21.882249,4,1,3,0.039808
2,79520.000000,10480.000000,34,2949.101138,1295614.649864,13.915622,22.628678,4,1,3,0.038113
3,80016.000000,9984.000000,37,2901.293874,779085.001940,11.894511,22.217121,4,1,3,0.040987
