generation,prey_fitness,predator_fitness,num_alive_end,avg_bb_size,var_bb_size,avg_shortest_dist,swarm_density_count,prey_neurons_connected_prey_retina,prey_neurons_connected_predator_retina,predator_neurons_connected_prey_retina,mutual_info
1,64368.000000,25632.000000,20,118473.847612,1723402241.334078,1925.050656,1.980639,1,0,1,0.027900
1,67074.000000,22926.000000,22,124100.239316,1799777209.054874,1839.023743,2.088405,1,0,1,0.017666
2,61934.000000,28066.000000,19,113981.647204,2119688079.855943,1909.395186,1.986346,1,0,1,0.016734
3,66525.000000,23475.000000,24,145435.107605,4587668306.220466,2401.419558,1.798437,1,0,1,0.015002
