generation,prey_fitness,predator_fitness,num_alive_end,avg_bb_size,var_bb_size,avg_shortest_dist,swarm_density_count,prey_neurons_connected_prey_retina,prey_neurons_connected_predator_retina,predator_neurons_connected_prey_retina,mutual_info
1,79879.000000,10121.000000,35,7088.231744,6416851.482328,24.219806,14.375849,1,0,1,0.027279
1,82390.000000,7610.000000,35,6513.505866,8035356.622294,20.999081,15.945736,1,0,1,0.027231
2,75892.000000,14108.000000,33,6655.196578,4386149.995549,26.065380,14.411423,1,0,1,0.028566
3,77754.000000,12246.000000,32,8117.299215,10873865.806729,26.948244,13.799734,1,0,1,0.024494
