generation,prey_fitness,predator_fitness,num_alive_end,avg_bb_size,var_bb_size,avg_shortest_dist,swarm_density_count,prey_neurons_connected_prey_retina,prey_neurons_connected_predator_retina,predator_neurons_connected_prey_retina,mutual_info
1,81474.000000,8526.000000,36,5519.300438,3171923.192664,21.716465,17.139704,1,0,1,0.026390
1,81562.000000,8438.000000,36,5696.602862,3439676.789547,22.379312,17.228701,1,0,1,0.022111
2,80362.000000,9638.000000,35,5798.503865,4371570.556949,22.362060,17.183960,1,0,1,0.039599
3,83639.000000,6361.000000,38,5375.149575,3613030.231439,21.240735,17.947459,1,0,1,0.037998
