generation,prey_fitness,predator_fitness,num_alive_end,avg_bb_size,var_bb_size,avg_shortest_dist,swarm_density_count,prey_neurons_connected_prey_retina,prey_neurons_connected_predator_retina,predator_neurons_connected_prey_retina,mutual_info
1,63504.000000,26496.000000,18,95635.001375,2172789132.604119,1711.887952,2.492930,1,1,1,0.014344
1,60354.000000,29646.000000,17,85974.419011,1306183342.695916,1577.159093,2.434721,1,1,1,0.026237
2,68967.000000,21033.000000,24,84162.410440,1030835314.919041,1260.212800,2.705824,1,1,1,0.016264
3,61594.000000,28406.000000,18,88541.652470,1418607699.513097,1534.680279,2.515537,1,1,1,0.016664
