generation,prey_fitness,predator_fitness,num_alive_end,avg_bb_size,var_bb_size,avg_shortest_dist,swarm_density_count,prey_neurons_connected_prey_retina,prey_neurons_connected_predator_retina,predator_neurons_connected_prey_retina,mutual_info
1,64924.000000,25076.000000,20,195297.631917,7159204346.818373,2672.653073,2.334033,0,2,1,0.018252
1,53019.000000,36981.000000,12,186650.076511,6845034303.926544,4243.905823,1.910654,0,2,1,0.021202
2,68718.000000,21282.000000,22,200198.127485,7021971290.264930,2646.701662,2.311681,0,2,1,0.016615
3,60587.000000,29413.000000,16,192724.235592,6843297166.821550,3516.220887,2.189163,0,2,1,0.019767
