generation,prey_fitness,predator_fitness,num_alive_end,avg_bb_size,var_bb_size,avg_shortest_dist,swarm_density_count,prey_neurons_connected_prey_retina,prey_neurons_connected_predator_retina,predator_neurons_connected_prey_retina,mutual_info
1,73285.000000,16715.000000,25,11736.272547,24117301.229843,73.347171,11.156873,1,0,2,0.032774
1,68662.000000,21338.000000,23,13430.839587,38761358.153879,94.461358,9.684833,1,0,2,0.016421
2,78472.000000,11528.000000,28,12203.344750,18266869.464849,60.350368,11.306167,1,0,2,0.023312
3,74379.000000,15621.000000,27,13587.275614,31531911.310006,82.916503,11.177578,1,0,2,0.021697
