generation,prey_fitness,predator_fitness,num_alive_end,avg_bb_size,var_bb_size,avg_shortest_dist,swarm_density_count,prey_neurons_connected_prey_retina,prey_neurons_connected_predator_retina,predator_neurons_connected_prey_retina,mutual_info
1,82163.000000,7837.000000,36,3166.003698,839990.176536,24.055466,23.886598,4,1,1,0.009664
1,78497.000000,11503.000000,33,3356.564371,650902.210694,27.842497,21.682178,4,1,1,0.011817
2,81598.000000,8402.000000,36,3551.192414,964626.680046,29.859221,22.435734,4,1,1,0.008504
3,74861.000000,15139.000000,27,3000.374070,789124.376581,26.666264,21.598320,4,1,1,0.005888
