generation,prey_fitness,predator_fitness,num_alive_end,avg_bb_size,var_bb_size,avg_shortest_dist,swarm_density_count,prey_neurons_connected_prey_retina,prey_neurons_connected_predator_retina,predator_neurons_connected_prey_retina,mutual_info
1,82715.000000,7285.000000,37,5795.461729,4717063.218359,24.694136,16.389877,2,0,2,0.028972
1,82537.000000,7463.000000,35,7173.148701,3666894.759243,26.289683,14.911798,2,0,2,0.036612
2,77550.000000,12450.000000,33,5751.868816,3199571.310226,30.305557,15.452907,2,0,2,0.029520
3,80211.000000,9789.000000,36,6073.000798,4362736.084787,24.893811,15.587653,2,0,2,0.035852
