generation,prey_fitness,predator_fitness,num_alive_end,avg_bb_size,var_bb_size,avg_shortest_dist,swarm_density_count,prey_neurons_connected_prey_retina,prey_neurons_connected_predator_retina,predator_neurons_connected_prey_retina,mutual_info
1,59031.000000,30969.000000,10,48835.453763,258469914.460719,1025.171688,2.965379,0,0,1,0.026572
1,67089.000000,22911.000000,21,65894.995324,683452182.957071,1037.661525,2.961237,0,0,1,0.011025
2,63040.000000,26960.000000,19,65333.516773,800931587.439242,1093.260738,2.840937,0,0,1,0.018809
3,59198.000000,30802.000000,15,60040.740355,513739920.993653,1053.978992,2.833458,0,0,1,0.024597
