generation,prey_fitness,predator_fitness,num_alive_end,avg_bb_size,var_bb_size,avg_shortest_dist,swarm_density_count,prey_neurons_connected_prey_retina,prey_neurons_connected_predator_retina,predator_neurons_connected_prey_retina,mutual_info
1,63689.000000,26311.000000,16,32301.723467,121276414.223910,549.392930,4.334816,0,4,1,0.006992
1,67348.000000,22652.000000,20,36669.805957,132977164.551154,574.400420,4.367559,0,4,1,0.015163
2,67876.000000,22124.000000,20,39523.880665,171063355.551901,573.012469,3.937059,0,4,1,0.010637
3,67349.000000,22651.000000,23,28963.463983,83415393.318965,426.819006,4.697904,0,4,1,0.016084
