generation,prey_fitness,predator_fitness,num_alive_end,avg_bb_size,var_bb_size,avg_shortest_dist,swarm_density_count,prey_neurons_connected_prey_retina,prey_neurons_connected_predator_retina,predator_neurons_connected_prey_retina,mutual_info
1,90000.000000,1.000000,45,1052.210845,116424.594989,5.470600,37.788733,1,0,1,0.011737
1,86916.000000,3084.000000,42,989.100563,90685.823236,5.258577,37.436450,1,0,1,0.010792
2,88193.000000,1807.000000,41,1096.158345,135053.824028,5.757781,36.993604,1,0,1,0.013807
3,87326.000000,2674.000000,42,1079.194757,94162.050957,5.669863,36.700843,1,0,1,0.007652
