generation,prey_fitness,predator_fitness,num_alive_end,avg_bb_size,var_bb_size,avg_shortest_dist,swarm_density_count,prey_neurons_connected_prey_retina,prey_neurons_connected_predator_retina,predator_neurons_connected_prey_retina,mutual_info
1,74503.000000,15497.000000,28,6775.138899,5393283.702891,48.303420,15.052881,2,1,2,0.028691
1,82068.000000,7932.000000,35,7833.178027,14519961.292950,46.694165,16.735400,2,1,2,0.035044
2,76557.000000,13443.000000,32,6102.907253,5987482.097778,42.950720,16.983278,2,1,2,0.033492
3,74503.000000,15497.000000,29,6659.373373,5168769.826097,49.230495,14.671701,2,1,2,0.039366
