generation,prey_fitness,predator_fitness,num_alive_end,avg_bb_size,var_bb_size,avg_shortest_dist,swarm_density_count,prey_neurons_connected_prey_retina,prey_neurons_connected_predator_retina,predator_neurons_connected_prey_retina,mutual_info
1,66452.000000,23548.000000,23,96904.423720,1374370908.712675,1569.311753,2.470253,0,0,4,0.010172
1,68112.000000,21888.000000,22,115443.141391,2966843807.384008,1612.192850,2.204188,0,0,4,0.019357
2,65363.000000,24637.000000,22,112935.510592,2359372045.062173,1862.586329,2.304448,0,0,4,0.011593
3,64933.000000,25067.000000,21,90105.020123,1039083527.639349,1467.043854,2.448387,0,0,4,0.012876
