generation,prey_fitness,predator_fitness,num_alive_end,avg_bb_size,var_bb_size,avg_shortest_dist,swarm_density_count,prey_neurons_connected_prey_retina,prey_neurons_connected_predator_retina,predator_neurons_connected_prey_retina,mutual_info
1,83273.000000,6727.000000,39,2106.103563,572818.006174,6.256439,25.776878,2,2,1,0.025466
1,80141.000000,9859.000000,36,2167.371996,1049572.382122,6.667682,24.842659,2,2,1,0.028302
2,83279.000000,6721.000000,36,2005.468150,624584.562765,5.976455,26.255578,2,2,1,0.030773
3,89295.000000,705.000000,42,2191.898423,732346.343048,5.769563,26.994746,2,2,1,0.027938
