generation,prey_fitness,predator_fitness,num_alive_end,avg_bb_size,var_bb_size,avg_shortest_dist,swarm_density_count,prey_neurons_connected_prey_retina,prey_neurons_connected_predator_retina,predator_neurons_connected_prey_retina,mutual_info
1,61031.000000,28969.000000,17,5158.527693,2849850.233434,76.570280,12.669437,1,1,1,0.017410
1,61649.000000,28351.000000,20,5007.562821,2235119.825211,71.707957,12.604655,1,1,1,0.021091
2,74305.000000,15695.000000,29,5623.056904,2491485.500683,61.074739,15.083098,1,1,1,0.041278
3,71950.000000,18050.000000,26,5668.084812,2298821.938376,68.223549,14.601395,1,1,1,0.037170
