generation,prey_fitness,predator_fitness,num_alive_end,avg_bb_size,var_bb_size,avg_shortest_dist,swarm_density_count,prey_neurons_connected_prey_retina,prey_neurons_connected_predator_retina,predator_neurons_connected_prey_retina,mutual_info
1,88296.000000,1704.000000,43,2789.824293,615572.781554,10.821606,24.265980,2,0,1,0.037152
1,85832.000000,4168.000000,40,2625.737871,511072.570057,11.424552,24.384375,2,0,1,0.043360
2,87939.000000,2061.000000,42,2679.615609,767142.344575,10.516584,25.382435,2,0,1,0.033526
3,86949.000000,3051.000000,41,2696.516541,1140785.636484,11.625361,24.647211,2,0,1,0.035107
