generation,prey_fitness,predator_fitness,num_alive_end,avg_bb_size,var_bb_size,avg_shortest_dist,swarm_density_count,prey_neurons_connected_prey_retina,prey_neurons_connected_predator_retina,predator_neurons_connected_prey_retina,mutual_info
1,66468.000000,23532.000000,22,38861.474928,211927429.125055,559.726096,4.536962,1,5,1,0.016657
1,68399.000000,21601.000000,27,55029.588536,676603181.596115,841.936784,3.505246,1,5,1,0.012804
2,71635.000000,18365.000000,28,59362.746502,668248385.675383,744.660392,3.354757,1,5,1,0.013564
3,64726.000000,25274.000000,19,32674.212119,129038032.199609,527.249222,4.339979,1,5,1,0.013545
