generation,prey_fitness,predator_fitness,num_alive_end,avg_bb_size,var_bb_size,avg_shortest_dist,swarm_density_count,prey_neurons_connected_prey_retina,prey_neurons_connected_predator_retina,predator_neurons_connected_prey_retina,mutual_info
1,72314.000000,17686.000000,23,6435.797652,2056028.141963,66.460123,12.835518,1,0,1,0.008814
1,65567.000000,24433.000000,21,6757.272923,5066958.581430,74.488726,11.606178,1,0,1,0.006798
2,75132.000000,14868.000000,26,7578.048127,4259357.785919,74.352882,12.454864,1,0,1,0.009881
3,70232.000000,19768.000000,22,8238.640669,5332869.865255,85.975532,11.203558,1,0,1,0.012159
