generation,prey_fitness,predator_fitness,num_alive_end,avg_bb_size,var_bb_size,avg_shortest_dist,swarm_density_count,prey_neurons_connected_prey_retina,prey_neurons_connected_predator_retina,predator_neurons_connected_prey_retina,mutual_info
1,89590.000000,410.000000,44,945.794857,101790.289757,3.645021,37.198569,2,1,1,0.010544
1,90000.000000,1.000000,45,901.512603,128591.737725,3.493565,37.745067,2,1,1,0.011601
2,88834.000000,1166.000000,43,918.765018,102381.751525,3.581782,36.579134,2,1,1,0.012601
3,86346.000000,3654.000000,42,901.201062,137442.328437,3.810413,36.203583,2,1,1,0.010890
