generation,prey_fitness,predator_fitness,num_alive_end,avg_bb_size,var_bb_size,avg_shortest_dist,swarm_density_count,prey_neurons_connected_prey_retina,prey_neurons_connected_predator_retina,predator_neurons_connected_prey_retina,mutual_info
1,54626.000000,35374.000000,14,203235.280608,6286791521.239536,4230.895045,1.698046,3,1,1,0.025527
1,57940.000000,32060.000000,15,197640.259979,5868448651.613799,3800.774891,1.820263,3,1,1,0.023934
2,64061.000000,25939.000000,18,207128.796340,6299707608.635960,3409.897260,1.823833,3,1,1,0.016238
3,56611.000000,33389.000000,10,180588.061328,5832944852.480878,4184.525171,1.897730,3,1,1,0.029939
