generation,prey_fitness,predator_fitness,num_alive_end,avg_bb_size,var_bb_size,avg_shortest_dist,swarm_density_count,prey_neurons_connected_prey_retina,prey_neurons_connected_predator_retina,predator_neurons_connected_prey_retina,mutual_info
1,69140.000000,20860.000000,21,32253.124175,162046067.574492,282.346551,4.503108,1,2,1,0.021316
1,63252.000000,26748.000000,16,30973.714429,104018042.374906,433.259287,4.206127,1,2,1,0.013877
2,69047.000000,20953.000000,22,40426.974218,333457331.092303,351.058042,4.143236,1,2,1,0.014127
3,70595.000000,19405.000000,24,46447.572998,311739935.047623,387.081335,3.990430,1,2,1,0.019341
