generation,prey_fitness,predator_fitness,num_alive_end,avg_bb_size,var_bb_size,avg_shortest_dist,swarm_density_count,prey_neurons_connected_prey_retina,prey_neurons_connected_predator_retina,predator_neurons_connected_prey_retina,mutual_info
1,54996.000000,35004.000000,10,50932.724166,454678661.141870,981.692174,2.809275,2,0,1,0.017496
1,64726.000000,25274.000000,20,84823.797274,902748446.730537,1496.168985,2.529223,2,0,1,0.014061
2,66276.000000,23724.000000,22,87223.520708,1244558213.023297,1539.717637,2.514945,2,0,1,0.013890
3,63139.000000,26861.000000,20,89294.855236,1451363686.374833,1398.757582,2.691183,2,0,1,0.018905
