generation,prey_fitness,predator_fitness,num_alive_end,avg_bb_size,var_bb_size,avg_shortest_dist,swarm_density_count,prey_neurons_connected_prey_retina,prey_neurons_connected_predator_retina,predator_neurons_connected_prey_retina,mutual_info
1,87247.000000,2753.000000,42,1738.690833,712792.498443,3.955950,28.283823,3,0,1,0.055908
1,88914.000000,1086.000000,43,1632.523339,546382.205136,3.832090,28.906975,3,0,1,0.057096
2,88810.000000,1190.000000,43,1742.120639,534109.232798,3.962065,28.739689,3,0,1,0.052369
3,84765.000000,5235.000000,41,1702.141296,708243.878976,3.997516,26.901490,3,0,1,0.049797
