generation,prey_fitness,predator_fitness,num_alive_end,avg_bb_size,var_bb_size,avg_shortest_dist,swarm_density_count,prey_neurons_connected_prey_retina,prey_neurons_connected_predator_retina,predator_neurons_connected_prey_retina,mutual_info
1,82015.000000,7985.000000,38,1771.328312,88178.872977,13.724230,29.054062,2,1,1,0.003146
1,83425.000000,6575.000000,39,1831.063363,100969.825616,13.982504,29.705011,2,1,1,0.003718
2,85582.000000,4418.000000,40,1896.213064,123551.584719,13.696697,29.882092,2,1,1,0.003642
3,87086.000000,2914.000000,42,1956.729269,146744.323060,13.831317,30.094448,2,1,1,0.003486
