generation,prey_fitness,predator_fitness,num_alive_end,avg_bb_size,var_bb_size,avg_shortest_dist,swarm_density_count,prey_neurons_connected_prey_retina,prey_neurons_connected_predator_retina,predator_neurons_connected_prey_retina,mutual_info
1,59156.000000,30844.000000,16,136012.296661,2226066019.907136,2489.795960,1.748520,3,2,1,0.018811
1,60955.000000,29045.000000,19,126818.632910,1943652766.221128,2280.220730,1.762963,3,2,1,0.023479
2,64336.000000,25664.000000,19,127815.179762,2242123715.557213,2024.450090,1.774988,3,2,1,0.015383
3,60929.000000,29071.000000,19,140442.741464,2377071376.778955,2131.879592,1.793035,3,2,1,0.025538
