generation,prey_fitness,predator_fitness,num_alive_end,avg_bb_size,var_bb_size,avg_shortest_dist,swarm_density_count,prey_neurons_connected_prey_retina,prey_neurons_connected_predator_retina,predator_neurons_connected_prey_retina,mutual_info
1,83129.000000,6871.000000,37,1668.593292,157937.003909,15.482985,35.102548,4,0,1,0.004661
1,86966.000000,3034.000000,41,1787.157509,157380.126174,15.144446,35.945307,4,0,1,0.002495
2,85642.000000,4358.000000,41,1625.555965,152884.089762,14.512253,36.036996,4,0,1,0.001796
3,84749.000000,5251.000000,40,1572.448909,155574.109097,14.669763,36.517173,4,0,1,0.003409
