generation,prey_fitness,predator_fitness,num_alive_end,avg_bb_size,var_bb_size,avg_shortest_dist,swarm_density_count,prey_neurons_connected_prey_retina,prey_neurons_connected_predator_retina,predator_neurons_connected_prey_retina,mutual_info
1,60421.000000,29579.000000,16,58874.718963,585331261.578864,1060.530464,3.298059,0,2,1,0.020189
1,63764.000000,26236.000000,19,80361.741995,980170357.228370,1394.313552,2.658126,0,2,1,0.022103
2,59895.000000,30105.000000,17,56987.700622,489210302.768309,1152.575502,3.060316,0,2,1,0.016601
3,59986.000000,30014.000000,16,58273.738858,427213494.474309,1067.287130,2.849117,0,2,1,0.012005
