generation,prey_fitness,predator_fitness,num_alive_end,avg_bb_size,var_bb_size,avg_shortest_dist,swarm_density_count,prey_neurons_connected_prey_retina,prey_neurons_connected_predator_retina,predator_neurons_connected_prey_retina,mutual_info
1,74473.000000,15527.000000,27,8236.814269,14204367.269923,29.906949,13.057959,3,3,1,0.014972
1,79660.000000,10340.000000,33,9345.289347,21859813.588230,31.970864,13.322454,3,3,1,0.035601
2,82031.000000,7969.000000,37,8338.364073,9210824.687186,28.191297,14.117390,3,3,1,0.027694
3,78642.000000,11358.000000,32,8656.521801,9326830.503223,30.191415,12.798938,3,3,1,0.023161
