generation,prey_fitness,predator_fitness,num_alive_end,avg_bb_size,var_bb_size,avg_shortest_dist,swarm_density_count,prey_neurons_connected_prey_retina,prey_neurons_connected_predator_retina,predator_neurons_connected_prey_retina,mutual_info
1,61503.000000,28497.000000,16,90337.078813,1495366387.106254,1274.819358,2.384568,1,4,1,0.019336
1,64969.000000,25031.000000,20,109138.648959,2000781769.392954,1830.416495,2.287992,1,4,1,0.016561
2,52213.000000,37787.000000,13,82379.944046,1081859256.470367,2171.835354,2.393979,1,4,1,0.025988
3,53458.000000,36542.000000,10,111661.552150,2523908257.385212,2702.766598,2.566569,1,4,1,0.030764
