generation,prey_fitness,predator_fitness,num_alive_end,avg_bb_size,var_bb_size,avg_shortest_dist,swarm_density_count,prey_neurons_connected_prey_retina,prey_neurons_connected_predator_retina,predator_neurons_connected_prey_retina,mutual_info
1,83569.000000,6431.000000,39,1405.160147,236793.945042,7.369038,33.139620,2,1,1,0.008044
1,88528.000000,1472.000000,42,1595.349936,468872.410805,7.768118,33.153523,2,1,1,0.012097
2,84504.000000,5496.000000,40,1518.749428,323673.616293,8.042703,31.581648,2,1,1,0.009441
3,87951.000000,2049.000000,43,1630.088901,317229.034983,7.786026,32.834119,2,1,1,0.011739
