generation,prey_fitness,predator_fitness,num_alive_end,avg_bb_size,var_bb_size,avg_shortest_dist,swarm_density_count,prey_neurons_connected_prey_retina,prey_neurons_connected_predator_retina,predator_neurons_connected_prey_retina,mutual_info
1,68001.000000,21999.000000,23,190878.394526,5216502080.672116,2913.994805,1.708292,1,1,1,0.022664
1,71025.000000,18975.000000,26,184756.141328,4613680498.230159,2132.328522,1.793697,1,1,1,0.026020
2,69655.000000,20345.000000,25,148220.077600,2728065905.483696,2053.279649,1.850593,1,1,1,0.040218
3,63900.000000,26100.000000,19,173355.692906,4838963533.198811,2824.399671,1.757970,1,1,1,0.023078
