generation,prey_fitness,predator_fitness,num_alive_end,avg_bb_size,var_bb_size,avg_shortest_dist,swarm_density_count,prey_neurons_connected_prey_retina,prey_neurons_connected_predator_retina,predator_neurons_connected_prey_retina,mutual_info
1,73445.000000,16555.000000,27,10727.769197,26370512.771723,45.723270,12.264895,1,1,1,0.044554
1,82412.000000,7588.000000,38,9094.265597,10621336.072442,28.816601,13.025511,1,1,1,0.033321
2,67428.000000,22572.000000,28,6716.903884,5192319.904481,33.921789,11.865842,1,1,1,0.024061
3,85966.000000,4034.000000,41,15959.986162,79463240.215146,38.060950,11.258639,1,1,1,0.027760
