generation,prey_fitness,predator_fitness,num_alive_end,avg_bb_size,var_bb_size,avg_shortest_dist,swarm_density_count,prey_neurons_connected_prey_retina,prey_neurons_connected_predator_retina,predator_neurons_connected_prey_retina,mutual_info
1,63658.000000,26342.000000,17,203143.444433,6182551596.283640,3438.622557,1.881001,0,1,2,0.021433
1,68033.000000,21967.000000,20,206348.567898,6067979238.548928,2923.761812,1.869304,0,1,2,0.026417
2,57254.000000,32746.000000,14,197803.330151,5800561293.008978,4271.729040,1.799444,0,1,2,0.032643
3,61955.000000,28045.000000,18,204155.366553,6219857764.133868,3361.423767,1.804355,0,1,2,0.014713
