generation,prey_fitness,predator_fitness,num_alive_end,avg_bb_size,var_bb_size,avg_shortest_dist,swarm_density_count,prey_neurons_connected_prey_retina,prey_neurons_connected_predator_retina,predator_neurons_connected_prey_retina,mutual_info
1,86730.000000,3270.000000,41,4185.497150,2236101.107787,11.815724,21.195944,4,1,1,0.029101
1,85980.000000,4020.000000,41,3785.233745,1480534.338768,11.636234,21.577057,4,1,1,0.030910
2,84094.000000,5906.000000,37,3868.233091,1900273.839541,12.076834,20.620874,4,1,1,0.040178
3,83513.000000,6487.000000,38,3574.443137,1348782.498083,12.513356,21.175955,4,1,1,0.025848
