generation,prey_fitness,predator_fitness,num_alive_end,avg_bb_size,var_bb_size,avg_shortest_dist,swarm_density_count,prey_neurons_connected_prey_retina,prey_neurons_connected_predator_retina,predator_neurons_connected_prey_retina,mutual_info
1,62658.000000,27342.000000,18,46073.014979,438478493.800473,674.413437,5.287418,4,0,3,0.017696
1,69879.000000,20121.000000,26,51410.810816,476116918.104429,599.019929,6.172748,4,0,3,0.023921
2,55460.000000,34540.000000,14,29010.469404,261030581.678340,514.493764,5.880634,4,0,3,0.014772
3,67159.000000,22841.000000,23,58952.131013,1266606481.047879,1464.914108,7.616984,4,0,3,0.026555
