generation,prey_fitness,predator_fitness,num_alive_end,avg_bb_size,var_bb_size,avg_shortest_dist,swarm_density_count,prey_neurons_connected_prey_retina,prey_neurons_connected_predator_retina,predator_neurons_connected_prey_retina,mutual_info
1,81080.000000,8920.000000,38,8163.834619,15064454.900502,23.805682,13.933376,5,3,3,0.088962
1,79735.000000,10265.000000,37,5801.426652,2819525.502356,20.678527,14.800262,5,3,3,0.101279
2,83902.000000,6098.000000,39,7659.172441,7268739.425599,21.259738,14.198790,5,3,3,0.097404
3,78915.000000,11085.000000,35,7185.897490,10485897.570338,20.648596,13.718683,5,3,3,0.105226
