generation,prey_fitness,predator_fitness,num_alive_end,avg_bb_size,var_bb_size,avg_shortest_dist,swarm_density_count,prey_neurons_connected_prey_retina,prey_neurons_connected_predator_retina,predator_neurons_connected_prey_retina,mutual_info
1,86214.000000,3786.000000,41,1505.281720,325800.587643,4.337701,29.922872,3,1,1,0.044180
1,83362.000000,6638.000000,38,1438.625025,304705.247217,4.288965,29.442378,3,1,1,0.029764
2,85358.000000,4642.000000,40,1373.994399,221897.696334,3.835962,29.857315,3,1,1,0.030057
3,83952.000000,6048.000000,39,1460.753739,294646.812331,4.171464,29.394088,3,1,1,0.022813
