generation,prey_fitness,predator_fitness,num_alive_end,avg_bb_size,var_bb_size,avg_shortest_dist,swarm_density_count,prey_neurons_connected_prey_retina,prey_neurons_connected_predator_retina,predator_neurons_connected_prey_retina,mutual_info
1,76010.000000,13990.000000,30,6546.510628,3356313.954074,29.133108,14.144006,3,3,6,0.043418
1,81507.000000,8493.000000,34,6481.001706,4476628.302813,25.903911,15.783478,3,3,6,0.025344
2,77022.000000,12978.000000,33,6622.554021,5133269.567061,29.979639,15.475680,3,3,6,0.040081
3,83058.000000,6942.000000,37,6725.524423,6030207.132823,25.744589,16.529245,3,3,6,0.037396
