generation,prey_fitness,predator_fitness,num_alive_end,avg_bb_size,var_bb_size,avg_shortest_dist,swarm_density_count,prey_neurons_connected_prey_retina,prey_neurons_connected_predator_retina,predator_neurons_connected_prey_retina,mutual_info
1,89096.000000,904.000000,43,1471.121124,234874.386421,6.391538,31.668405,2,1,1,0.027781
1,83549.000000,6451.000000,37,1386.568818,223254.922316,6.305539,30.777286,2,1,1,0.019134
2,84509.000000,5491.000000,40,1430.794327,264552.964135,6.013681,30.557899,2,1,1,0.026864
3,82541.000000,7459.000000,38,1346.675426,213609.666293,5.905338,30.259924,2,1,1,0.016123
