generation,prey_fitness,predator_fitness,num_alive_end,avg_bb_size,var_bb_size,avg_shortest_dist,swarm_density_count,prey_neurons_connected_prey_retina,prey_neurons_connected_predator_retina,predator_neurons_connected_prey_retina,mutual_info
1,83484.000000,6516.000000,37,1292.914059,131112.156032,8.522115,34.479308,2,0,1,0.008540
1,89485.000000,515.000000,43,1452.479547,332268.075410,8.585489,36.140954,2,0,1,0.008712
2,87785.000000,2215.000000,41,1315.588358,135788.537043,7.955778,36.511244,2,0,1,0.010423
3,88714.000000,1286.000000,42,1525.692716,260469.419301,9.487627,34.563318,2,0,1,0.008574
