generation,prey_fitness,predator_fitness,num_alive_end,avg_bb_size,var_bb_size,avg_shortest_dist,swarm_density_count,prey_neurons_connected_prey_retina,prey_neurons_connected_predator_retina,predator_neurons_connected_prey_retina,mutual_info
1,88299.000000,1701.000000,43,687.549465,37444.912850,5.322988,42.848770,3,6,1,0.179142
1,88719.000000,1281.000000,44,678.752173,36496.875775,5.174531,43.130313,3,6,1,0.162721
2,89781.000000,219.000000,44,611.022891,35693.146393,4.690881,43.706714,3,6,1,0.261505
3,89442.000000,558.000000,44,621.443791,34008.251013,4.842899,43.512616,3,6,1,0.174537
