generation,prey_fitness,predator_fitness,num_alive_end,avg_bb_size,var_bb_size,avg_shortest_dist,swarm_density_count,prey_neurons_connected_prey_retina,prey_neurons_connected_predator_retina,predator_neurons_connected_prey_retina,mutual_info
1,62363.000000,27637.000000,18,27190.855160,60785997.519705,450.280304,5.150194,1,1,1,0.014445
1,65963.000000,24037.000000,19,33642.813202,127745800.717593,517.043062,4.687353,1,1,1,0.013545
2,60934.000000,29066.000000,13,27723.874473,112134398.431722,498.692744,4.895399,1,1,1,0.011603
3,69613.000000,20387.000000,21,32364.938428,115424430.155865,398.927949,5.254026,1,1,1,0.013609
