generation,prey_fitness,predator_fitness,num_alive_end,avg_bb_size,var_bb_size,avg_shortest_dist,swarm_density_count,prey_neurons_connected_prey_retina,prey_neurons_connected_predator_retina,predator_neurons_connected_prey_retina,mutual_info
1,81243.000000,8757.000000,37,1955.949815,314686.951198,14.501683,29.665459,3,2,1,0.007847
1,85226.000000,4774.000000,36,2129.812538,653664.344535,14.625569,29.760481,3,2,1,0.009977
2,82815.000000,7185.000000,37,2187.587748,459519.850916,15.727436,28.409926,3,2,1,0.012742
3,86680.000000,3320.000000,41,2180.401718,460489.174803,14.865957,29.802748,3,2,1,0.013709
