generation,prey_fitness,predator_fitness,num_alive_end,avg_bb_size,var_bb_size,avg_shortest_dist,swarm_density_count,prey_neurons_connected_prey_retina,prey_neurons_connected_predator_retina,predator_neurons_connected_prey_retina,mutual_info
1,88794.000000,1206.000000,43,4379.230972,1514366.562485,13.115552,19.057962,1,5,2,0.041036
1,86862.000000,3138.000000,42,4617.462078,2313238.086343,13.892730,18.440906,1,5,2,0.036682
2,87422.000000,2578.000000,42,3833.190721,1727837.753786,10.864192,20.294550,1,5,2,0.034896
3,83289.000000,6711.000000,39,4372.632388,1863209.054899,16.666972,18.636228,1,5,2,0.047513
