generation,prey_fitness,predator_fitness,num_alive_end,avg_bb_size,var_bb_size,avg_shortest_dist,swarm_density_count,prey_neurons_connected_prey_retina,prey_neurons_connected_predator_retina,predator_neurons_connected_prey_retina,mutual_info
1,63895.000000,26105.000000,22,145598.447550,2801942571.969577,2547.705896,1.738337,1,1,1,0.027265
1,63445.000000,26555.000000,20,146934.138632,3629676191.585319,2574.592995,1.730399,1,1,1,0.021035
2,64229.000000,25771.000000,22,144814.542287,3756152805.371726,2363.870494,1.830317,1,1,1,0.021271
3,66765.000000,23235.000000,21,159495.597971,4084569490.732048,2766.846690,1.861992,1,1,1,0.015243
