generation,prey_fitness,predator_fitness,num_alive_end,avg_bb_size,var_bb_size,avg_shortest_dist,swarm_density_count,prey_neurons_connected_prey_retina,prey_neurons_connected_predator_retina,predator_neurons_connected_prey_retina,mutual_info
1,81546.000000,8454.000000,33,3601.827564,522202.325629,19.518336,15.116537,1,1,3,0.009036
1,85035.000000,4965.000000,40,3992.984262,516597.203414,21.401265,15.281647,1,1,3,0.012060
2,87816.000000,2184.000000,42,4015.721323,489043.338196,21.423147,15.923254,1,1,3,0.014117
3,84393.000000,5607.000000,38,3720.631910,371625.318397,20.837936,15.564856,1,1,3,0.014085
