generation,prey_fitness,predator_fitness,num_alive_end,avg_bb_size,var_bb_size,avg_shortest_dist,swarm_density_count,prey_neurons_connected_prey_retina,prey_neurons_connected_predator_retina,predator_neurons_connected_prey_retina,mutual_info
1,81971.000000,8029.000000,36,3031.644867,920837.887432,20.575981,25.707647,4,3,1,0.025597
1,83491.000000,6509.000000,38,3002.448520,775603.137619,18.075536,25.727079,4,3,1,0.021499
2,86318.000000,3682.000000,41,2893.316526,624137.505522,18.728826,27.497109,4,3,1,0.014684
3,75213.000000,14787.000000,28,2922.257893,1053315.697569,21.711411,23.901093,4,3,1,0.015515
