generation,prey_fitness,predator_fitness,num_alive_end,avg_bb_size,var_bb_size,avg_shortest_dist,swarm_density_count,prey_neurons_connected_prey_retina,prey_neurons_connected_predator_retina,predator_neurons_connected_prey_retina,mutual_info
1,69970.000000,20030.000000,23,145259.021865,2724670131.132184,1472.730433,2.105128,1,1,1,0.025656
1,60691.000000,29309.000000,17,98473.319507,1531057755.719243,1309.778885,1.949439,1,1,1,0.030098
2,51044.000000,38956.000000,13,131106.038516,2127723367.281169,2001.427398,1.778351,1,1,1,0.020414
3,64481.000000,25519.000000,21,102916.511798,1176657704.487661,1303.092901,2.072081,1,1,1,0.028669
