generation,prey_fitness,predator_fitness,num_alive_end,avg_bb_size,var_bb_size,avg_shortest_dist,swarm_density_count,prey_neurons_connected_prey_retina,prey_neurons_connected_predator_retina,predator_neurons_connected_prey_retina,mutual_info
1,53947.000000,36053.000000,8,19329.046479,44502496.898201,488.958501,4.683363,0,1,1,0.010335
1,55760.000000,34240.000000,11,20732.955439,51798925.192723,547.342542,5.224235,0,1,1,0.012436
2,53658.000000,36342.000000,12,22180.784478,75523794.145267,499.472772,4.946030,0,1,1,0.015661
3,53540.000000,36460.000000,8,21245.523025,54710993.759825,420.602777,4.703659,0,1,1,0.016757
