generation,prey_fitness,predator_fitness,num_alive_end,avg_bb_size,var_bb_size,avg_shortest_dist,swarm_density_count,prey_neurons_connected_prey_retina,prey_neurons_connected_predator_retina,predator_neurons_connected_prey_retina,mutual_info
1,59448.000000,30552.000000,15,54585.221572,320639372.896690,842.851139,2.994211,2,1,1,0.017294
1,69271.000000,20729.000000,24,66792.371713,586419005.043624,908.501390,3.528979,2,1,1,0.016260
2,63013.000000,26987.000000,16,50572.387234,275356866.927731,784.216305,3.336269,2,1,1,0.015684
3,62555.000000,27445.000000,18,55184.680721,388551366.847327,1166.653130,3.638852,2,1,1,0.016311
