generation,prey_fitness,predator_fitness,num_alive_end,avg_bb_size,var_bb_size,avg_shortest_dist,swarm_density_count,prey_neurons_connected_prey_retina,prey_neurons_connected_predator_retina,predator_neurons_connected_prey_retina,mutual_info
1,88301.000000,1699.000000,44,1601.872413,221692.677423,8.289346,32.865452,2,0,1,0.018559
1,80064.000000,9936.000000,36,1631.144225,303479.838154,8.665110,28.619018,2,0,1,0.019725
2,85831.000000,4169.000000,41,1667.885804,354288.713920,8.687071,31.016152,2,0,1,0.020401
3,86719.000000,3281.000000,41,1741.944345,260951.823731,9.067863,31.139418,2,0,1,0.021356
