generation,prey_fitness,predator_fitness,num_alive_end,avg_bb_size,var_bb_size,avg_shortest_dist,swarm_density_count,prey_neurons_connected_prey_retina,prey_neurons_connected_predator_retina,predator_neurons_connected_prey_retina,mutual_info
1,83149.000000,6851.000000,38,1816.296581,915246.369727,7.302050,27.713628,2,1,2,0.036666
1,86296.000000,3704.000000,41,2229.348571,1434906.859337,8.113606,27.663158,2,1,2,0.031386
2,87565.000000,2435.000000,41,2065.326707,901210.002068,7.420267,27.901716,2,1,2,0.027302
3,85647.000000,4353.000000,41,1761.875349,485855.916189,6.565724,28.401979,2,1,2,0.030215
