generation,prey_fitness,predator_fitness,num_alive_end,avg_bb_size,var_bb_size,avg_shortest_dist,swarm_density_count,prey_neurons_connected_prey_retina,prey_neurons_connected_predator_retina,predator_neurons_connected_prey_retina,mutual_info
1,88692.000000,1308.000000,44,751.433615,52255.171145,4.346675,41.024371,1,1,1,0.004675
1,87995.000000,2005.000000,43,808.603648,75354.685959,4.723000,40.546132,1,1,1,0.009290
2,86312.000000,3688.000000,40,762.331611,66043.570945,4.678256,40.013502,1,1,1,0.009619
3,88074.000000,1926.000000,43,752.738143,43773.366692,4.451078,41.039887,1,1,1,0.006286
