generation,prey_fitness,predator_fitness,num_alive_end,avg_bb_size,var_bb_size,avg_shortest_dist,swarm_density_count,prey_neurons_connected_prey_retina,prey_neurons_connected_predator_retina,predator_neurons_connected_prey_retina,mutual_info
1,89478.000000,522.000000,44,673.245521,23006.550577,4.298965,43.278973,1,2,1,0.011904
1,88100.000000,1900.000000,44,635.549343,22051.763396,4.569323,42.927832,1,2,1,0.014293
2,87870.000000,2130.000000,43,624.509013,22004.631659,4.346362,42.835887,1,2,1,0.013016
3,88639.000000,1361.000000,44,629.770512,20125.911601,4.300513,42.962926,1,2,1,0.010403
