generation,prey_fitness,predator_fitness,num_alive_end,avg_bb_size,var_bb_size,avg_shortest_dist,swarm_density_count,prey_neurons_connected_prey_retina,prey_neurons_connected_predator_retina,predator_neurons_connected_prey_retina,mutual_info
1,80979.000000,9021.000000,37,1926.763150,410736.483735,8.360324,27.855693,2,1,2,0.020925
1,85974.000000,4026.000000,39,2325.131546,636145.428991,8.883741,27.679783,2,1,2,0.021851
2,79388.000000,10612.000000,34,1871.405366,387604.849655,7.715187,27.660011,2,1,2,0.013435
3,76237.000000,13763.000000,30,2019.048106,621375.903932,9.396445,26.023428,2,1,2,0.014786
