generation,prey_fitness,predator_fitness,num_alive_end,avg_bb_size,var_bb_size,avg_shortest_dist,swarm_density_count,prey_neurons_connected_prey_retina,prey_neurons_connected_predator_retina,predator_neurons_connected_prey_retina,mutual_info
1,87919.000000,2081.000000,41,1115.103216,39004.169959,9.073910,40.930643,2,0,1,0.002102
1,88790.000000,1210.000000,43,1091.852774,30635.492672,8.457030,41.499221,2,0,1,0.002184
2,90000.000000,1.000000,45,1098.390212,37569.027580,8.443857,41.945133,2,0,1,0.002485
3,87518.000000,2482.000000,43,1096.961769,32618.307669,8.682603,40.849342,2,0,1,0.001671
