generation,prey_fitness,predator_fitness,num_alive_end,avg_bb_size,var_bb_size,avg_shortest_dist,swarm_density_count,prey_neurons_connected_prey_retina,prey_neurons_connected_predator_retina,predator_neurons_connected_prey_retina,mutual_info
1,87090.000000,2910.000000,41,1277.103786,78828.618352,8.028713,38.671032,3,4,1,0.006031
1,84412.000000,5588.000000,39,1394.658422,109411.661022,8.740029,36.257816,3,4,1,0.009582
2,82119.000000,7881.000000,39,1319.607030,89744.239902,8.778681,36.089678,3,4,1,0.004523
3,87887.000000,2113.000000,39,1381.762462,133832.697015,8.329151,37.934611,3,4,1,0.006881
