generation,prey_fitness,predator_fitness,num_alive_end,avg_bb_size,var_bb_size,avg_shortest_dist,swarm_density_count,prey_neurons_connected_prey_retina,prey_neurons_connected_predator_retina,predator_neurons_connected_prey_retina,mutual_info
1,80445.000000,9555.000000,34,4510.052055,2922054.423931,18.614759,17.978063,1,0,1,0.059802
1,83638.000000,6362.000000,37,4853.893389,2864005.994755,18.354240,17.282219,1,0,1,0.082406
2,82510.000000,7490.000000,37,5300.905280,4308178.417866,18.199455,16.900880,1,0,1,0.085620
3,85168.000000,4832.000000,38,4982.436856,2964851.949182,18.703193,17.789007,1,0,1,0.070583
