generation,prey_fitness,predator_fitness,num_alive_end,avg_bb_size,var_bb_size,avg_shortest_dist,swarm_density_count,prey_neurons_connected_prey_retina,prey_neurons_connected_predator_retina,predator_neurons_connected_prey_retina,mutual_info
1,86022.000000,3978.000000,41,2856.817517,1145734.113219,10.810719,24.488531,3,1,1,0.038566
1,81754.000000,8246.000000,36,3237.513893,1523737.094434,12.917616,22.285839,3,1,1,0.047447
2,78707.000000,11293.000000,36,3136.457105,1558370.934358,14.432431,21.631029,3,1,1,0.039093
3,85233.000000,4767.000000,38,3632.235138,2329085.101112,14.556591,23.013036,3,1,1,0.032942
