generation,prey_fitness,predator_fitness,num_alive_end,avg_bb_size,var_bb_size,avg_shortest_dist,swarm_density_count,prey_neurons_connected_prey_retina,prey_neurons_connected_predator_retina,predator_neurons_connected_prey_retina,mutual_info
1,78910.000000,11090.000000,33,17192.262460,79266588.613968,64.700920,9.794837,2,1,2,0.074018
1,76908.000000,13092.000000,31,17634.856191,50440918.623839,63.389126,8.798763,2,1,2,0.019305
2,79804.000000,10196.000000,33,16416.469285,46094139.111609,58.975666,9.972269,2,1,2,0.055762
3,69076.000000,20924.000000,22,14925.098085,54226575.404396,83.549846,8.781611,2,1,2,0.073412
