generation,prey_fitness,predator_fitness,num_alive_end,avg_bb_size,var_bb_size,avg_shortest_dist,swarm_density_count,prey_neurons_connected_prey_retina,prey_neurons_connected_predator_retina,predator_neurons_connected_prey_retina,mutual_info
1,59918.000000,30082.000000,13,37599.911692,175385427.719612,749.570079,3.522518,0,5,1,0.035554
1,59800.000000,30200.000000,14,44533.673060,248440361.249712,859.072851,3.418217,0,5,1,0.020475
2,67540.000000,22460.000000,21,91864.856476,1762097319.823191,1363.281522,2.778964,0,5,1,0.015243
3,70030.000000,19970.000000,22,102203.970882,1691346252.837986,1221.027065,2.831567,0,5,1,0.022096
