generation,prey_fitness,predator_fitness,num_alive_end,avg_bb_size,var_bb_size,avg_shortest_dist,swarm_density_count,prey_neurons_connected_prey_retina,prey_neurons_connected_predator_retina,predator_neurons_connected_prey_retina,mutual_info
1,82251.000000,7749.000000,35,2612.758141,1015139.786841,9.173253,23.905918,2,0,4,0.031163
1,84959.000000,5041.000000,39,2703.353691,1382281.382667,8.914796,24.062226,2,0,4,0.047963
2,79659.000000,10341.000000,36,2782.288007,883220.779631,10.250160,21.858781,2,0,4,0.035139
3,81495.000000,8505.000000,37,2940.259625,1382263.574548,10.292938,22.569925,2,0,4,0.036269
