generation,prey_fitness,predator_fitness,num_alive_end,avg_bb_size,var_bb_size,avg_shortest_dist,swarm_density_count,prey_neurons_connected_prey_retina,prey_neurons_connected_predator_retina,predator_neurons_connected_prey_retina,mutual_info
1,61593.000000,28407.000000,18,110029.026416,1413807676.379157,1827.434987,1.803315,1,0,1,0.016859
1,59130.000000,30870.000000,15,84852.066030,733291092.085848,1673.512541,1.980102,1,0,1,0.013605
2,61565.000000,28435.000000,19,112270.647398,1646622834.786990,2007.995529,1.792225,1,0,1,0.017704
3,63382.000000,26618.000000,19,99856.944858,1842588509.286966,1317.711153,1.971528,1,0,1,0.012985
