generation,prey_fitness,predator_fitness,num_alive_end,avg_bb_size,var_bb_size,avg_shortest_dist,swarm_density_count,prey_neurons_connected_prey_retina,prey_neurons_connected_predator_retina,predator_neurons_connected_prey_retina,mutual_info
1,60287.000000,29713.000000,16,204800.100759,5867632518.580986,4428.080100,1.710051,3,1,1,0.017010
1,61846.000000,28154.000000,22,198230.604188,5841245536.577163,2827.863770,1.871417,3,1,1,0.029275
2,72553.000000,17447.000000,25,205033.524053,6147002977.062530,2664.071725,1.998237,3,1,1,0.018607
3,66640.000000,23360.000000,19,208097.737574,6281118985.091815,3965.767090,1.876104,3,1,1,0.022517
