generation,prey_fitness,predator_fitness,num_alive_end,avg_bb_size,var_bb_size,avg_shortest_dist,swarm_density_count,prey_neurons_connected_prey_retina,prey_neurons_connected_predator_retina,predator_neurons_connected_prey_retina,mutual_info
1,87973.000000,2027.000000,42,2136.006173,572315.506993,10.411351,30.109568,3,3,1,0.016447
1,80983.000000,9017.000000,38,1642.215450,269398.322304,9.806684,30.495071,3,3,1,0.007544
2,84964.000000,5036.000000,38,2165.700441,626589.172502,11.371408,28.432131,3,3,1,0.021819
3,88565.000000,1435.000000,42,2159.430829,655198.303358,10.802144,30.109993,3,3,1,0.012296
