generation,prey_fitness,predator_fitness,num_alive_end,avg_bb_size,var_bb_size,avg_shortest_dist,swarm_density_count,prey_neurons_connected_prey_retina,prey_neurons_connected_predator_retina,predator_neurons_connected_prey_retina,mutual_info
1,71724.000000,18276.000000,27,4813.952327,1392782.083253,46.362557,16.377145,3,1,2,0.007911
1,75497.000000,14503.000000,29,4643.806949,2031794.790505,43.596225,17.522875,3,1,2,0.007218
2,70181.000000,19819.000000,27,4797.028467,2136016.905279,49.199638,15.692179,3,1,2,0.008305
3,72031.000000,17969.000000,28,4256.923036,1276796.209450,43.596767,17.469683,3,1,2,0.004656
