generation,prey_fitness,predator_fitness,num_alive_end,avg_bb_size,var_bb_size,avg_shortest_dist,swarm_density_count,prey_neurons_connected_prey_retina,prey_neurons_connected_predator_retina,predator_neurons_connected_prey_retina,mutual_info
1,55290.000000,34710.000000,9,17307.655425,32409078.617005,377.179912,5.107421,2,3,5,0.018436
1,53477.000000,36523.000000,11,17544.765029,23783857.808861,347.054224,5.079774,2,3,5,0.012298
2,49741.000000,40259.000000,2,13266.500249,41071420.753063,445.136915,5.349084,2,3,5,0.016112
3,55895.000000,34105.000000,9,15585.531581,43387562.809058,347.875794,5.983054,2,3,5,0.014362
