generation,prey_fitness,predator_fitness,num_alive_end,avg_bb_size,var_bb_size,avg_shortest_dist,swarm_density_count,prey_neurons_connected_prey_retina,prey_neurons_connected_predator_retina,predator_neurons_connected_prey_retina,mutual_info
1,87218.000000,2782.000000,41,4458.227409,3337811.418364,17.417713,19.792653,1,3,1,0.049252
1,86699.000000,3301.000000,39,4048.541667,1891422.795668,17.787466,20.463258,1,3,1,0.041047
2,83298.000000,6702.000000,38,4190.318492,4309298.932390,17.876762,19.575628,1,3,1,0.029929
3,78306.000000,11694.000000,34,3079.612155,831226.833578,16.948260,20.519036,1,3,1,0.013598
