generation,prey_fitness,predator_fitness,num_alive_end,avg_bb_size,var_bb_size,avg_shortest_dist,swarm_density_count,prey_neurons_connected_prey_retina,prey_neurons_connected_predator_retina,predator_neurons_connected_prey_retina,mutual_info
1,64703.000000,25297.000000,24,194729.099831,6551803417.164828,2643.792754,1.986135,1,1,1,0.017439
1,55595.000000,34405.000000,15,179048.525076,5188903487.363583,3661.392762,1.858592,1,1,1,0.024373
2,60038.000000,29962.000000,17,198198.484438,6548788198.188169,4246.062411,1.867377,1,1,1,0.028912
3,71466.000000,18534.000000,25,200981.894425,6636889877.812186,2620.165439,2.140312,1,1,1,0.022907
