generation,prey_fitness,predator_fitness,num_alive_end,avg_bb_size,var_bb_size,avg_shortest_dist,swarm_density_count,prey_neurons_connected_prey_retina,prey_neurons_connected_predator_retina,predator_neurons_connected_prey_retina,mutual_info
1,71165.000000,18835.000000,25,187294.375859,5712845907.969253,2685.148701,2.579066,2,3,1,0.041785
1,69256.000000,20744.000000,27,171424.916588,5163539204.972170,2709.934018,2.781695,2,3,1,0.025677
2,72118.000000,17882.000000,27,182428.474384,6296411939.360700,2757.781313,2.606172,2,3,1,0.015177
3,69478.000000,20522.000000,25,181530.674915,5030438245.035343,3064.501643,2.612281,2,3,1,0.024647
