generation,prey_fitness,predator_fitness,num_alive_end,avg_bb_size,var_bb_size,avg_shortest_dist,swarm_density_count,prey_neurons_connected_prey_retina,prey_neurons_connected_predator_retina,predator_neurons_connected_prey_retina,mutual_info
1,73070.000000,16930.000000,26,4938.719810,1481898.692925,32.377378,11.271292,2,0,1,0.003296
1,71130.000000,18870.000000,26,4445.585081,1262065.948576,31.623379,11.731064,2,0,1,0.004028
2,76732.000000,13268.000000,33,5288.431545,2457747.834981,31.491719,11.583465,2,0,1,0.005678
3,68538.000000,21462.000000,24,4607.589729,1976667.216677,33.018870,11.235091,2,0,1,0.005555
