generation,prey_fitness,predator_fitness,num_alive_end,avg_bb_size,var_bb_size,avg_shortest_dist,swarm_density_count,prey_neurons_connected_prey_retina,prey_neurons_connected_predator_retina,predator_neurons_connected_prey_retina,mutual_info
1,65160.000000,24840.000000,18,203092.615043,6530338034.222033,3526.928748,1.860280,0,0,1,0.016264
1,61783.000000,28217.000000,18,188015.611826,5764431002.871302,3123.378447,1.861664,0,0,1,0.025160
2,58754.000000,31246.000000,17,181569.430824,5256797958.910722,3292.257261,1.912834,0,0,1,0.024912
3,59792.000000,30208.000000,13,191314.139026,6340056659.540110,3412.521077,1.893610,0,0,1,0.015403
