generation,prey_fitness,predator_fitness,num_alive_end,avg_bb_size,var_bb_size,avg_shortest_dist,swarm_density_count,prey_neurons_connected_prey_retina,prey_neurons_connected_predator_retina,predator_neurons_connected_prey_retina,mutual_info
1,28313.000000,11687.000000,8,1095.280165,131451.819307,37.555243,10.982759,1,0,1,0.012500
1,26422.000000,13578.000000,3,1061.865517,141795.841073,54.780040,10.011830,1,0,1,0.015562
2,29363.000000,10637.000000,5,1234.906914,127562.900229,47.196132,10.765433,1,0,1,0.014744
3,30495.000000,9505.000000,5,1292.831601,201507.878894,42.484384,10.767450,1,0,1,0.012861
