generation,prey_fitness,predator_fitness,num_alive_end,avg_bb_size,var_bb_size,avg_shortest_dist,swarm_density_count,prey_neurons_connected_prey_retina,prey_neurons_connected_predator_retina,predator_neurons_connected_prey_retina,mutual_info
1,33724.000000,6276.000000,13,934.138465,76520.827766,24.520492,14.261592,2,2,1,0.009311
1,31018.000000,8982.000000,12,958.038403,105410.812004,26.992815,12.672702,2,2,1,0.012783
2,35637.000000,4363.000000,15,968.801070,82109.868485,22.697243,14.825279,2,2,1,0.006670
3,37081.000000,2919.000000,15,1038.400409,103290.933780,21.855378,15.487521,2,2,1,0.010072
