generation,prey_fitness,predator_fitness,num_alive_end,avg_bb_size,var_bb_size,avg_shortest_dist,swarm_density_count,prey_neurons_connected_prey_retina,prey_neurons_connected_predator_retina,predator_neurons_connected_prey_retina,mutual_info
1,31054.000000,8946.000000,9,1463.767572,256116.315996,29.698778,10.189654,2,2,1,0.023872
1,26240.000000,13760.000000,6,1366.877217,306589.661404,44.249306,8.443169,2,2,1,0.018905
2,29628.000000,10372.000000,8,1473.439895,279002.995116,31.194562,9.439580,2,2,1,0.018514
3,31130.000000,8870.000000,10,1468.128334,317672.305196,27.430696,9.901372,2,2,1,0.024761
