generation,prey_fitness,predator_fitness,num_alive_end,avg_bb_size,var_bb_size,avg_shortest_dist,swarm_density_count,prey_neurons_connected_prey_retina,prey_neurons_connected_predator_retina,predator_neurons_connected_prey_retina,mutual_info
1,24313.000000,15687.000000,4,906.198953,171258.152701,39.078639,9.100313,1,2,1,0.018998
1,24873.000000,15127.000000,5,1037.170172,449485.979486,33.984361,8.572313,1,2,1,0.022416
2,31592.000000,8408.000000,10,1410.440033,399905.155633,25.052544,10.343138,1,2,1,0.022060
3,32492.000000,7508.000000,11,1200.257804,222361.136775,17.613266,10.960562,1,2,1,0.024165
