generation,prey_fitness,predator_fitness,num_alive_end,avg_bb_size,var_bb_size,avg_shortest_dist,swarm_density_count,prey_neurons_connected_prey_retina,prey_neurons_connected_predator_retina,predator_neurons_connected_prey_retina,mutual_info
1,31733.000000,8267.000000,13,575.195146,64859.209668,12.420795,14.029804,4,1,1,0.006203
1,35283.000000,4717.000000,15,717.128261,70717.829764,12.298422,15.191286,4,1,1,0.005418
2,31529.000000,8471.000000,12,529.670384,32306.864055,11.071550,14.282154,4,1,1,0.007504
3,34510.000000,5490.000000,13,600.233139,69076.866900,10.687114,15.182710,4,1,1,0.008067
