generation,prey_fitness,predator_fitness,num_alive_end,avg_bb_size,var_bb_size,avg_shortest_dist,swarm_density_count,prey_neurons_connected_prey_retina,prey_neurons_connected_predator_retina,predator_neurons_connected_prey_retina,mutual_info
1,17709.000000,22291.000000,2,144865.247543,6054028345.306082,24113.923673,0.814230,2,0,1,0.053894
1,14367.000000,25633.000000,2,85678.407087,4079479347.566428,35799.156118,0.816557,2,0,1,0.090920
2,13492.000000,26508.000000,2,141898.823224,4669201030.077689,174585.750752,0.744162,2,0,1,0.066922
3,19645.000000,20355.000000,4,93525.132603,6892447249.243500,11082.805447,1.012725,2,0,1,0.053071
