generation,prey_fitness,predator_fitness,num_alive_end,avg_bb_size,var_bb_size,avg_shortest_dist,swarm_density_count,prey_neurons_connected_prey_retina,prey_neurons_connected_predator_retina,predator_neurons_connected_prey_retina,mutual_info
1,15216.000000,24784.000000,2,35154.055019,536445703.178600,51175.516594,0.945439,1,1,5,0.065444
1,17998.000000,22002.000000,2,46721.377799,930566845.568383,21519.257790,0.988509,1,1,5,0.043369
2,17559.000000,22441.000000,2,18952.903522,236740705.964374,7906.464029,1.400805,1,1,5,0.045247
3,15686.000000,24314.000000,2,16224.068410,161540456.425630,14769.030956,1.076323,1,1,5,0.057840
