generation,prey_fitness,predator_fitness,num_alive_end,avg_bb_size,var_bb_size,avg_shortest_dist,swarm_density_count,prey_neurons_connected_prey_retina,prey_neurons_connected_predator_retina,predator_neurons_connected_prey_retina,mutual_info
1,28911.000000,11089.000000,10,423.564473,34369.284602,7.040907,12.516672,2,1,2,0.004075
1,35296.000000,4704.000000,11,459.161761,36046.778460,5.195820,15.462421,2,1,2,0.012154
2,27978.000000,12022.000000,9,416.600867,29501.293023,7.710855,12.215694,2,1,2,0.020770
3,36727.000000,3273.000000,16,499.410664,40646.342315,4.893198,15.882271,2,1,2,0.011704
