generation,prey_fitness,predator_fitness,num_alive_end,avg_bb_size,var_bb_size,avg_shortest_dist,swarm_density_count,prey_neurons_connected_prey_retina,prey_neurons_connected_predator_retina,predator_neurons_connected_prey_retina,mutual_info
1,20665.000000,19335.000000,2,1716.051541,1177367.347352,199.639194,5.521474,2,2,1,0.030519
1,24915.000000,15085.000000,4,2432.019022,1872897.799863,111.971712,6.220727,2,2,1,0.026498
2,27815.000000,12185.000000,6,2384.955749,808623.172144,78.802146,7.430377,2,2,1,0.024485
3,22140.000000,17860.000000,2,1480.928974,824699.783019,110.900210,6.743770,2,2,1,0.012540
