generation,prey_fitness,predator_fitness,num_alive_end,avg_bb_size,var_bb_size,avg_shortest_dist,swarm_density_count,prey_neurons_connected_prey_retina,prey_neurons_connected_predator_retina,predator_neurons_connected_prey_retina,mutual_info
1,20602.000000,19398.000000,2,1049.771296,350801.576573,166.556169,6.740033,4,1,3,0.019052
1,31141.000000,8859.000000,8,1741.453590,460923.820551,40.241779,9.642227,4,1,3,0.022509
2,26211.000000,13789.000000,3,1837.816618,762040.148015,70.796318,7.413174,4,1,3,0.037039
3,26110.000000,13890.000000,3,1814.156848,662837.378026,76.139561,7.508304,4,1,3,0.022342
