generation,prey_fitness,predator_fitness,num_alive_end,avg_bb_size,var_bb_size,avg_shortest_dist,swarm_density_count,prey_neurons_connected_prey_retina,prey_neurons_connected_predator_retina,predator_neurons_connected_prey_retina,mutual_info
1,17280.000000,22720.000000,2,21087.215064,235998349.357031,3800.705279,1.186974,1,1,1,0.085739
1,13909.000000,26091.000000,2,10055.980716,124558741.986635,3235.837516,1.314387,1,1,1,0.070912
2,14648.000000,25352.000000,2,8591.629516,44036804.088690,5193.200597,1.301344,1,1,1,0.072087
3,19701.000000,20299.000000,2,22282.342843,373372110.997135,2618.867956,1.338377,1,1,1,0.038915
