generation,prey_fitness,predator_fitness,num_alive_end,avg_bb_size,var_bb_size,avg_shortest_dist,swarm_density_count,prey_neurons_connected_prey_retina,prey_neurons_connected_predator_retina,predator_neurons_connected_prey_retina,mutual_info
1,16179.000000,23821.000000,2,32933.991208,344440014.233488,27205.047541,0.869908,0,2,1,0.050490
1,19192.000000,20808.000000,2,25866.104106,333910980.352240,14339.937127,0.910880,0,2,1,0.080692
2,15673.000000,24327.000000,2,15192.256256,116597854.476311,7070.535376,0.955185,0,2,1,0.092942
3,14567.000000,25433.000000,2,13708.087878,154191785.548905,5443.060454,0.861034,0,2,1,0.076673
