generation,prey_fitness,predator_fitness,num_alive_end,avg_bb_size,var_bb_size,avg_shortest_dist,swarm_density_count,prey_neurons_connected_prey_retina,prey_neurons_connected_predator_retina,predator_neurons_connected_prey_retina,mutual_info
1,30983.000000,9017.000000,9,2797.054132,1186187.229195,55.788442,7.477155,3,1,1,0.034525
1,24635.000000,15365.000000,2,3218.634417,5038945.751094,104.971101,5.073359,3,1,1,0.033609
2,17493.000000,22507.000000,2,1295.523933,1394349.945816,187.112794,4.884615,3,1,1,0.028585
3,25414.000000,14586.000000,2,2602.608079,2450567.584361,171.094850,5.944014,3,1,1,0.033571
