generation,prey_fitness,predator_fitness,num_alive_end,avg_bb_size,var_bb_size,avg_shortest_dist,swarm_density_count,prey_neurons_connected_prey_retina,prey_neurons_connected_predator_retina,predator_neurons_connected_prey_retina,mutual_info
1,37602.000000,2398.000000,18,322.093723,4271.764316,5.472774,17.802000,3,1,1,0.007291
1,36316.000000,3684.000000,17,312.892025,4130.477514,5.199667,17.159500,3,1,1,0.003834
2,37552.000000,2448.000000,18,312.558208,3367.367759,5.202958,17.777000,3,1,1,0.011308
3,37331.000000,2669.000000,18,315.583004,3749.597984,5.290370,17.666500,3,1,1,0.003728
