generation,prey_fitness,predator_fitness,num_alive_end,avg_bb_size,var_bb_size,avg_shortest_dist,swarm_density_count,prey_neurons_connected_prey_retina,prey_neurons_connected_predator_retina,predator_neurons_connected_prey_retina,mutual_info
1,14876.000000,25124.000000,2,4609.432954,20646245.146374,1557.167326,2.096862,1,2,2,0.059817
1,15004.000000,24996.000000,2,4468.399689,40212698.118689,859.187159,2.098965,1,2,2,0.039676
2,16429.000000,23571.000000,2,5459.549197,23520871.520869,1533.385595,1.823943,1,2,2,0.041124
3,13612.000000,26388.000000,2,4008.357230,16505815.085876,1401.854428,1.847139,1,2,2,0.042718
