generation,prey_fitness,predator_fitness,num_alive_end,avg_bb_size,var_bb_size,avg_shortest_dist,swarm_density_count,prey_neurons_connected_prey_retina,prey_neurons_connected_predator_retina,predator_neurons_connected_prey_retina,mutual_info
1,20720.000000,19280.000000,2,61868.790127,1095934980.629107,9101.804262,0.800307,1,0,1,0.054450
1,20851.000000,19149.000000,2,70129.607638,1287657228.154158,25800.722511,0.728197,1,0,1,0.062556
2,18416.000000,21584.000000,2,51137.331989,1142598792.840694,15989.314373,0.716803,1,0,1,0.053028
3,15529.000000,24471.000000,2,45071.806907,670150927.513958,18070.826110,0.781604,1,0,1,0.104382
