generation,prey_fitness,predator_fitness,num_alive_end,avg_bb_size,var_bb_size,avg_shortest_dist,swarm_density_count,prey_neurons_connected_prey_retina,prey_neurons_connected_predator_retina,predator_neurons_connected_prey_retina,mutual_info
1,16711.000000,23289.000000,2,29249.280781,368482432.433686,16651.665665,0.879348,0,1,1,0.040086
1,14453.000000,25547.000000,2,28626.316292,494467084.767719,26077.071389,0.862415,0,1,1,0.073216
2,16612.000000,23388.000000,2,41077.265465,474788220.767038,13601.506697,0.799582,0,1,1,0.070307
3,16333.000000,23667.000000,2,26249.683689,269017771.995255,19087.611572,0.984516,0,1,1,0.090925
