generation,prey_fitness,predator_fitness,num_alive_end,avg_bb_size,var_bb_size,avg_shortest_dist,swarm_density_count,prey_neurons_connected_prey_retina,prey_neurons_connected_predator_retina,predator_neurons_connected_prey_retina,mutual_info
1,31233.000000,8767.000000,10,855.506558,116033.975402,15.324071,11.931564,5,0,1,0.010982
1,32854.000000,7146.000000,8,1043.067377,290978.282579,16.902724,11.783724,5,0,1,0.013994
2,35114.000000,4886.000000,11,1147.499959,290452.443093,16.494695,12.759599,5,0,1,0.011022
3,31306.000000,8694.000000,8,929.474007,246690.014471,16.900457,11.640210,5,0,1,0.015049
