generation,prey_fitness,predator_fitness,num_alive_end,avg_bb_size,var_bb_size,avg_shortest_dist,swarm_density_count,prey_neurons_connected_prey_retina,prey_neurons_connected_predator_retina,predator_neurons_connected_prey_retina,mutual_info
1,20125.000000,19875.000000,4,53003.188712,788965315.871087,6924.639616,1.056583,1,0,1,0.045035
1,18020.000000,21980.000000,2,27572.312260,250453885.309714,26534.964151,1.349051,1,0,1,0.107340
2,23583.000000,16417.000000,3,35787.077147,329703744.698893,2400.983471,1.724393,1,0,1,0.061524
3,22995.000000,17005.000000,2,33695.564193,206485048.932872,5993.940745,1.231835,1,0,1,0.038128
