generation,prey_fitness,predator_fitness,num_alive_end,avg_bb_size,var_bb_size,avg_shortest_dist,swarm_density_count,prey_neurons_connected_prey_retina,prey_neurons_connected_predator_retina,predator_neurons_connected_prey_retina,mutual_info
1,26890.000000,13110.000000,2,1942.482658,1690865.177641,58.382976,7.582303,1,0,1,0.021875
1,17674.000000,22326.000000,2,1268.583813,950264.213939,404.145331,5.127441,1,0,1,0.027390
2,31368.000000,8632.000000,9,2112.367128,544885.262535,45.302383,8.952266,1,0,1,0.018317
3,29742.000000,10258.000000,9,1935.241704,586006.849940,48.119612,8.661108,1,0,1,0.019246
