generation,prey_fitness,predator_fitness,num_alive_end,avg_bb_size,var_bb_size,avg_shortest_dist,swarm_density_count,prey_neurons_connected_prey_retina,prey_neurons_connected_predator_retina,predator_neurons_connected_prey_retina,mutual_info
1,32852.000000,7148.000000,12,860.111538,89346.994954,15.614471,12.968206,1,1,1,0.022876
1,29063.000000,10937.000000,7,802.457657,147490.025709,18.611640,11.014207,1,1,1,0.013217
2,30093.000000,9907.000000,9,849.616175,138540.930561,17.844429,11.813124,1,1,1,0.015163
3,27132.000000,12868.000000,9,785.537929,72334.486059,21.074049,10.553390,1,1,1,0.010759
