generation,prey_fitness,predator_fitness,num_alive_end,avg_bb_size,var_bb_size,avg_shortest_dist,swarm_density_count,prey_neurons_connected_prey_retina,prey_neurons_connected_predator_retina,predator_neurons_connected_prey_retina,mutual_info
1,32475.000000,7525.000000,12,619.412114,56447.852396,11.871715,13.999623,2,0,3,0.011017
1,35976.000000,4024.000000,16,692.492934,75381.279142,11.081409,15.570956,2,0,3,0.015257
2,37470.000000,2530.000000,17,746.452767,86151.646738,10.575451,15.686176,2,0,3,0.011765
3,36059.000000,3941.000000,12,699.034906,63808.550135,10.557274,15.714088,2,0,3,0.011469
