generation,prey_fitness,predator_fitness,num_alive_end,avg_bb_size,var_bb_size,avg_shortest_dist,swarm_density_count,prey_neurons_connected_prey_retina,prey_neurons_connected_predator_retina,predator_neurons_connected_prey_retina,mutual_info
1,19330.000000,20670.000000,2,27889.315241,200200668.575097,8503.971894,1.139254,1,0,1,0.033645
1,19971.000000,20029.000000,2,40312.242394,575689291.929420,9697.933988,0.873568,1,0,1,0.043925
2,19261.000000,20739.000000,2,21493.902594,257670001.903420,2997.580491,0.998897,1,0,1,0.054950
3,19766.000000,20234.000000,2,41257.670418,761826942.193722,5681.647456,0.944348,1,0,1,0.048292
