generation,prey_fitness,predator_fitness,num_alive_end,avg_bb_size,var_bb_size,avg_shortest_dist,swarm_density_count,prey_neurons_connected_prey_retina,prey_neurons_connected_predator_retina,predator_neurons_connected_prey_retina,mutual_info
1,18930.000000,21070.000000,2,84069.209238,3573782462.041608,24672.311580,0.583562,0,1,1,0.063513
1,20432.000000,19568.000000,2,86784.991654,4782283673.880502,11339.710856,0.634038,0,1,1,0.056583
2,17846.000000,22154.000000,2,86242.754903,2406225441.275738,57457.577781,0.630427,0,1,1,0.057316
3,23376.000000,16624.000000,5,81998.414252,702035908.514959,5484.802613,0.811824,0,1,1,0.103146
