generation,prey_fitness,predator_fitness,num_alive_end,avg_bb_size,var_bb_size,avg_shortest_dist,swarm_density_count,prey_neurons_connected_prey_retina,prey_neurons_connected_predator_retina,predator_neurons_connected_prey_retina,mutual_info
1,34219.000000,5781.000000,12,1463.322828,326203.922731,23.504285,11.161100,2,2,1,0.020016
1,32422.000000,7578.000000,10,1569.641996,422159.452553,32.178983,10.505114,2,2,1,0.027805
2,35679.000000,4321.000000,13,1605.462150,394915.265645,24.030050,11.341318,2,2,1,0.023676
3,31337.000000,8663.000000,11,1449.608275,244878.878069,28.739165,10.037690,2,2,1,0.027115
