generation,prey_fitness,predator_fitness,num_alive_end,avg_bb_size,var_bb_size,avg_shortest_dist,swarm_density_count,prey_neurons_connected_prey_retina,prey_neurons_connected_predator_retina,predator_neurons_connected_prey_retina,mutual_info
1,18726.000000,21274.000000,2,2388.193960,2707197.082050,466.851553,4.029039,1,0,2,0.038175
1,18484.000000,21516.000000,2,2474.155029,4552408.272303,367.781019,3.674202,1,0,2,0.036861
2,24733.000000,15267.000000,2,4266.839148,6282624.544643,357.799974,4.638924,1,0,2,0.047263
3,29181.000000,10819.000000,8,5589.359210,3948957.019604,109.338984,4.824156,1,0,2,0.065299
