generation,prey_fitness,predator_fitness,num_alive_end,avg_bb_size,var_bb_size,avg_shortest_dist,swarm_density_count,prey_neurons_connected_prey_retina,prey_neurons_connected_predator_retina,predator_neurons_connected_prey_retina,mutual_info
1,33322.000000,6678.000000,10,1019.602385,156733.194483,18.418995,12.219638,2,1,1,0.015188
1,26829.000000,13171.000000,6,741.513956,112407.437162,21.591685,10.503006,2,1,1,0.021977
2,23623.000000,16377.000000,2,634.909011,188947.291404,65.795066,8.670724,2,1,1,0.022934
3,29143.000000,10857.000000,7,830.826641,116230.692768,20.887104,10.932292,2,1,1,0.017410
