generation,prey_fitness,predator_fitness,num_alive_end,avg_bb_size,var_bb_size,avg_shortest_dist,swarm_density_count,prey_neurons_connected_prey_retina,prey_neurons_connected_predator_retina,predator_neurons_connected_prey_retina,mutual_info
1,22728.000000,17272.000000,6,112851.283261,2805193158.805800,10014.610544,0.713457,0,1,3,0.048083
1,19026.000000,20974.000000,2,52758.231385,1623159917.018862,6471.904710,0.854871,0,1,3,0.063090
2,15907.000000,24093.000000,3,55377.042886,537598655.366317,10554.667522,0.781593,0,1,3,0.050217
3,14133.000000,25867.000000,2,40278.817573,595405669.523021,26207.897531,0.674177,0,1,3,0.044310
