generation,prey_fitness,predator_fitness,num_alive_end,avg_bb_size,var_bb_size,avg_shortest_dist,swarm_density_count,prey_neurons_connected_prey_retina,prey_neurons_connected_predator_retina,predator_neurons_connected_prey_retina,mutual_info
1,32320.000000,7680.000000,13,1399.100580,306200.698284,20.842564,10.217909,4,3,2,0.015867
1,31947.000000,8053.000000,13,1094.329928,180858.363604,18.134417,11.572333,4,3,2,0.018936
2,29006.000000,10994.000000,7,1224.180032,423284.724523,24.135547,9.114559,4,3,2,0.017402
3,24785.000000,15215.000000,3,880.488242,302540.087686,32.469369,8.840496,4,3,2,0.039551
