generation,prey_fitness,predator_fitness,num_alive_end,avg_bb_size,var_bb_size,avg_shortest_dist,swarm_density_count,prey_neurons_connected_prey_retina,prey_neurons_connected_predator_retina,predator_neurons_connected_prey_retina,mutual_info
1,16322.000000,23678.000000,2,17264.306467,195146026.789166,5375.383148,1.015006,1,1,1,0.053355
1,15716.000000,24284.000000,2,44495.160637,507073830.853400,28641.702195,0.910201,1,1,1,0.061300
2,15585.000000,24415.000000,2,22433.518321,692749979.993326,1780.616119,1.172346,1,1,1,0.051122
3,14255.000000,25745.000000,2,25587.448400,430223919.923671,9621.903170,0.919161,1,1,1,0.122689
