generation,prey_fitness,predator_fitness,num_alive_end,avg_bb_size,var_bb_size,avg_shortest_dist,swarm_density_count,prey_neurons_connected_prey_retina,prey_neurons_connected_predator_retina,predator_neurons_connected_prey_retina,mutual_info
1,36361.000000,3639.000000,15,717.604013,126917.526893,6.923852,14.086153,1,1,2,0.013974
1,32939.000000,7061.000000,13,732.300636,108881.259348,8.157602,12.513559,1,1,2,0.012489
2,32169.000000,7831.000000,9,844.976723,202842.508301,10.149627,11.710353,1,1,2,0.013402
3,35468.000000,4532.000000,13,834.072858,187989.896590,7.662681,13.115024,1,1,2,0.009699
