generation,prey_fitness,predator_fitness,num_alive_end,avg_bb_size,var_bb_size,avg_shortest_dist,swarm_density_count,prey_neurons_connected_prey_retina,prey_neurons_connected_predator_retina,predator_neurons_connected_prey_retina,mutual_info
1,16308.000000,23692.000000,2,2042.060861,2521598.280987,706.721218,3.580100,1,2,3,0.033867
1,17212.000000,22788.000000,2,1566.776879,1340471.847042,268.989363,4.544306,1,2,3,0.036212
2,12600.000000,27400.000000,2,1318.567547,1925046.457736,709.935887,2.834379,1,2,3,0.032351
3,17221.000000,22779.000000,2,1909.194913,3008637.424563,479.386243,3.947773,1,2,3,0.028241
