generation,prey_fitness,predator_fitness,num_alive_end,avg_bb_size,var_bb_size,avg_shortest_dist,swarm_density_count,prey_neurons_connected_prey_retina,prey_neurons_connected_predator_retina,predator_neurons_connected_prey_retina,mutual_info
1,18079.000000,21921.000000,2,59365.459259,2358877997.941280,14347.344347,0.764404,1,0,1,0.052772
1,17901.000000,22099.000000,2,41364.692364,908205360.609854,10344.449788,0.882256,1,0,1,0.078251
2,13383.000000,26617.000000,2,29718.324648,923542397.553676,10920.386957,0.664172,1,0,1,0.063716
3,12549.000000,27451.000000,2,20204.223523,463171886.965937,11022.462154,0.703070,1,0,1,0.058301
