generation,prey_fitness,predator_fitness,num_alive_end,avg_bb_size,var_bb_size,avg_shortest_dist,swarm_density_count,prey_neurons_connected_prey_retina,prey_neurons_connected_predator_retina,predator_neurons_connected_prey_retina,mutual_info
1,15650.000000,24350.000000,2,1360.173716,1806134.396027,297.190309,4.511970,1,2,3,0.100112
1,27718.000000,12282.000000,6,1799.366428,293068.381369,86.131569,9.574766,1,2,3,0.109785
2,24970.000000,15030.000000,8,1811.345417,431975.589197,99.661749,8.227181,1,2,3,0.085655
3,18678.000000,21322.000000,2,1470.363510,1471791.369792,259.810113,5.726343,1,2,3,0.075839
