generation,prey_fitness,predator_fitness,num_alive_end,avg_bb_size,var_bb_size,avg_shortest_dist,swarm_density_count,prey_neurons_connected_prey_retina,prey_neurons_connected_predator_retina,predator_neurons_connected_prey_retina,mutual_info
1,25173.000000,14827.000000,2,1973.756865,1156178.714308,164.985792,7.128077,3,1,2,0.017372
1,27077.000000,12923.000000,5,1776.528928,789104.615875,78.099103,8.171135,3,1,2,0.013434
2,22543.000000,17457.000000,2,1672.176679,1030427.623006,126.537482,6.915329,3,1,2,0.020988
3,25191.000000,14809.000000,4,1474.722869,726382.381119,77.570518,8.180721,3,1,2,0.011228
