generation,prey_fitness,predator_fitness,num_alive_end,avg_bb_size,var_bb_size,avg_shortest_dist,swarm_density_count,prey_neurons_connected_prey_retina,prey_neurons_connected_predator_retina,predator_neurons_connected_prey_retina,mutual_info
1,16096.000000,23904.000000,2,15700.054667,114021515.333326,16082.555372,1.062863,2,0,3,0.037085
1,16696.000000,23304.000000,2,8745.296956,46162960.849721,3379.772349,1.499896,2,0,3,0.071652
2,13884.000000,26116.000000,2,8073.865455,43828711.821580,5637.913122,1.117993,2,0,3,0.047998
3,12735.000000,27265.000000,2,7771.455460,36374479.212594,5082.284621,1.071773,2,0,3,0.059107
