generation,prey_fitness,predator_fitness,num_alive_end,avg_bb_size,var_bb_size,avg_shortest_dist,swarm_density_count,prey_neurons_connected_prey_retina,prey_neurons_connected_predator_retina,predator_neurons_connected_prey_retina,mutual_info
1,27350.000000,12650.000000,8,1553.582575,624986.532671,48.416459,8.824485,1,2,1,0.020767
1,30948.000000,9052.000000,7,1724.640797,399543.102747,51.298774,9.762467,1,2,1,0.015539
2,28124.000000,11876.000000,6,1442.079457,237030.430953,47.696380,9.365590,1,2,1,0.014280
3,29813.000000,10187.000000,6,1270.279746,295027.810133,44.747541,10.787216,1,2,1,0.013699
