generation,prey_fitness,predator_fitness,num_alive_end,avg_bb_size,var_bb_size,avg_shortest_dist,swarm_density_count,prey_neurons_connected_prey_retina,prey_neurons_connected_predator_retina,predator_neurons_connected_prey_retina,mutual_info
1,26130.000000,13870.000000,8,106607.449862,2566176436.171014,7748.161867,0.844616,3,1,1,0.023522
1,30280.000000,9720.000000,10,148594.108099,3684309574.943393,7407.082809,0.793935,3,1,1,0.034560
2,19618.000000,20382.000000,3,81646.468779,1312445688.949826,17539.434484,0.774831,3,1,1,0.048991
3,32480.000000,7520.000000,11,135453.170642,3267230725.812676,4243.008602,0.773144,3,1,1,0.031681
