generation,prey_fitness,predator_fitness,num_alive_end,avg_bb_size,var_bb_size,avg_shortest_dist,swarm_density_count,prey_neurons_connected_prey_retina,prey_neurons_connected_predator_retina,predator_neurons_connected_prey_retina,mutual_info
1,17693.000000,22307.000000,2,33353.372206,704690911.401430,11162.789234,0.882809,0,1,1,0.048802
1,14578.000000,25422.000000,2,28081.168611,256511029.021387,17027.193952,0.901568,0,1,1,0.056595
2,16447.000000,23553.000000,2,32972.988829,698141937.046708,8615.895583,0.920680,0,1,1,0.069640
3,12801.000000,27199.000000,2,13036.607571,117541363.242394,6827.319066,0.817456,0,1,1,0.084122
