generation,prey_fitness,predator_fitness,num_alive_end,avg_bb_size,var_bb_size,avg_shortest_dist,swarm_density_count,prey_neurons_connected_prey_retina,prey_neurons_connected_predator_retina,predator_neurons_connected_prey_retina,mutual_info
1,12568.000000,27432.000000,2,10644.934047,158471860.725372,2558.689628,0.892415,0,3,1,0.052445
1,14449.000000,25551.000000,2,8811.131930,69536559.705894,4699.359293,1.079455,0,3,1,0.063568
2,15243.000000,24757.000000,2,9947.300637,80263248.883243,3269.920401,1.197085,0,3,1,0.035892
3,14056.000000,25944.000000,2,7578.943006,54438901.310198,1811.800252,1.226117,0,3,1,0.035043
