generation,prey_fitness,predator_fitness,num_alive_end,avg_bb_size,var_bb_size,avg_shortest_dist,swarm_density_count,prey_neurons_connected_prey_retina,prey_neurons_connected_predator_retina,predator_neurons_connected_prey_retina,mutual_info
1,25520.000000,14480.000000,2,3141.351410,4437831.923038,126.199899,5.762938,1,1,2,0.033996
1,27432.000000,12568.000000,6,3587.079243,4554903.639274,91.984339,6.157791,1,1,2,0.034846
2,21175.000000,18825.000000,2,1845.612018,1667962.540622,131.084199,5.671925,1,1,2,0.022239
3,18116.000000,21884.000000,2,2308.724866,3703048.762193,248.195800,4.164791,1,1,2,0.027304
