generation,prey_fitness,predator_fitness,num_alive_end,avg_bb_size,var_bb_size,avg_shortest_dist,swarm_density_count,prey_neurons_connected_prey_retina,prey_neurons_connected_predator_retina,predator_neurons_connected_prey_retina,mutual_info
1,17759.000000,22241.000000,2,27917.189017,752182130.880506,3402.069495,1.122416,1,0,1,0.059874
1,16746.000000,23254.000000,2,50384.161765,371408518.557372,44677.045537,0.874430,1,0,1,0.052177
2,17994.000000,22006.000000,2,35515.647568,1276645261.574213,7117.060358,1.129803,1,0,1,0.053897
3,15138.000000,24862.000000,2,19489.830796,437271431.061332,9101.353844,1.011202,1,0,1,0.039842
