generation,prey_fitness,predator_fitness,num_alive_end,avg_bb_size,var_bb_size,avg_shortest_dist,swarm_density_count,prey_neurons_connected_prey_retina,prey_neurons_connected_predator_retina,predator_neurons_connected_prey_retina,mutual_info
1,28436.000000,11564.000000,8,969.730877,232113.565647,25.124937,10.301203,1,0,1,0.014011
1,34355.000000,5645.000000,12,1018.967257,126207.655681,18.101470,12.874100,1,0,1,0.013921
2,30578.000000,9422.000000,10,1013.475635,152584.413936,21.477229,10.901873,1,0,1,0.012920
3,34912.000000,5088.000000,11,964.858225,156127.926681,16.669073,13.216294,1,0,1,0.029914
