generation,prey_fitness,predator_fitness,num_alive_end,avg_bb_size,var_bb_size,avg_shortest_dist,swarm_density_count,prey_neurons_connected_prey_retina,prey_neurons_connected_predator_retina,predator_neurons_connected_prey_retina,mutual_info
1,16584.000000,23416.000000,2,25441.128921,342674728.819752,15465.711835,0.879985,1,1,3,0.056910
1,16314.000000,23686.000000,2,35235.255490,677810514.362698,25118.239546,0.796792,1,1,3,0.079662
2,13491.000000,26509.000000,2,12173.778575,174967034.940632,5059.245715,0.750053,1,1,3,0.045238
3,13094.000000,26906.000000,2,20778.395600,372777293.814778,12528.820250,0.844509,1,1,3,0.051314
