generation,prey_fitness,predator_fitness,num_alive_end,avg_bb_size,var_bb_size,avg_shortest_dist,swarm_density_count,prey_neurons_connected_prey_retina,prey_neurons_connected_predator_retina,predator_neurons_connected_prey_retina,mutual_info
1,35577.000000,4423.000000,16,784.370047,94212.898507,13.714616,14.818606,1,1,1,0.010743
1,31725.000000,8275.000000,13,665.696110,63401.430592,12.909252,13.375104,1,1,1,0.010411
2,32221.000000,7779.000000,11,745.751291,79782.153553,13.078861,12.989778,1,1,1,0.013795
3,25914.000000,14086.000000,7,645.923507,81696.525645,19.715192,10.341912,1,1,1,0.014239
