generation,prey_fitness,predator_fitness,num_alive_end,avg_bb_size,var_bb_size,avg_shortest_dist,swarm_density_count,prey_neurons_connected_prey_retina,prey_neurons_connected_predator_retina,predator_neurons_connected_prey_retina,mutual_info
1,20102.000000,19898.000000,2,70438.436927,949597907.992562,22956.571109,0.686003,1,2,1,0.047584
1,19225.000000,20775.000000,2,99322.373408,3821036932.940792,17016.035629,0.657327,1,2,1,0.053911
2,15821.000000,24179.000000,2,69511.336454,2455240065.214289,16776.332230,0.692594,1,2,1,0.056411
3,16095.000000,23905.000000,2,53147.852348,1474752467.520784,21497.673732,0.695346,1,2,1,0.093349
