generation,prey_fitness,predator_fitness,num_alive_end,avg_bb_size,var_bb_size,avg_shortest_dist,swarm_density_count,prey_neurons_connected_prey_retina,prey_neurons_connected_predator_retina,predator_neurons_connected_prey_retina,mutual_info
1,15171.000000,24829.000000,2,8772.645608,50387721.813592,3974.504092,1.216280,0,0,1,0.045702
1,15353.000000,24647.000000,2,12414.592296,167976430.752448,3112.107686,1.105740,0,0,1,0.075011
2,14850.000000,25150.000000,2,8698.162847,73253309.018067,2177.118968,1.227658,0,0,1,0.052121
3,13151.000000,26849.000000,2,6687.138361,54107632.435186,1652.821113,1.210272,0,0,1,0.035674
