generation,prey_fitness,predator_fitness,num_alive_end,avg_bb_size,var_bb_size,avg_shortest_dist,swarm_density_count,prey_neurons_connected_prey_retina,prey_neurons_connected_predator_retina,predator_neurons_connected_prey_retina,mutual_info
1,20586.000000,19414.000000,2,1094.057262,476685.488472,174.013347,6.579151,4,1,2,0.027884
1,29236.000000,10764.000000,4,1500.966840,325869.939257,43.221767,8.922834,4,1,2,0.038883
2,22002.000000,17998.000000,2,1233.945737,386513.052890,81.894165,6.975315,4,1,2,0.029084
3,19250.000000,20750.000000,2,1042.269303,394542.885164,214.700176,6.289041,4,1,2,0.028040
