generation,prey_fitness,predator_fitness,num_alive_end,avg_bb_size,var_bb_size,avg_shortest_dist,swarm_density_count,prey_neurons_connected_prey_retina,prey_neurons_connected_predator_retina,predator_neurons_connected_prey_retina,mutual_info
1,14300.000000,25700.000000,2,32478.639507,237343306.109902,28253.561437,0.788646,0,1,1,0.083749
1,14182.000000,25818.000000,2,39161.311806,1231581443.901659,28733.545600,0.759411,0,1,1,0.049565
2,15980.000000,24020.000000,2,39041.259698,1086624460.407475,8815.950402,0.852784,0,1,1,0.070376
3,16628.000000,23372.000000,2,43670.919383,432908487.970373,39481.735769,0.715924,0,1,1,0.052451
