generation,prey_fitness,predator_fitness,num_alive_end,avg_bb_size,var_bb_size,avg_shortest_dist,swarm_density_count,prey_neurons_connected_prey_retina,prey_neurons_connected_predator_retina,predator_neurons_connected_prey_retina,mutual_info
1,30042.000000,9958.000000,7,2617.090880,1161204.469576,41.552487,7.203327,1,1,4,0.046200
1,37598.000000,2402.000000,17,2577.080070,1624911.326316,27.617706,9.718757,1,1,4,0.057321
2,23691.000000,16309.000000,2,1703.026022,1237952.873245,110.658394,6.522741,1,1,4,0.022397
3,28725.000000,11275.000000,4,2310.306298,2097024.340472,47.575085,7.620007,1,1,4,0.034105
