generation,prey_fitness,predator_fitness,num_alive_end,avg_bb_size,var_bb_size,avg_shortest_dist,swarm_density_count,prey_neurons_connected_prey_retina,prey_neurons_connected_predator_retina,predator_neurons_connected_prey_retina,mutual_info
1,25117.000000,14883.000000,5,1097.047887,350882.124713,41.409404,8.754067,3,3,1,0.022675
1,26969.000000,13031.000000,6,1615.062324,1147466.591701,36.358092,8.274592,3,3,1,0.028886
2,31327.000000,8673.000000,6,1551.509549,656239.187973,31.049039,10.428341,3,3,1,0.022868
3,33909.000000,6091.000000,12,1363.314834,624318.634810,19.524915,11.739540,3,3,1,0.020687
