generation,prey_fitness,predator_fitness,num_alive_end,avg_bb_size,var_bb_size,avg_shortest_dist,swarm_density_count,prey_neurons_connected_prey_retina,prey_neurons_connected_predator_retina,predator_neurons_connected_prey_retina,mutual_info
1,21328.000000,18672.000000,2,54429.429616,1050752569.429823,3440.687717,0.817097,0,1,2,0.034429
1,18051.000000,21949.000000,2,46502.632327,792675914.205791,17315.073954,0.665511,0,1,2,0.053012
2,19809.000000,20191.000000,2,59779.402135,815538223.960479,22985.981072,0.704474,0,1,2,0.045483
3,19285.000000,20715.000000,2,64497.827895,1631369878.432081,9422.158888,0.741456,0,1,2,0.077077
