generation,prey_fitness,predator_fitness,num_alive_end,avg_bb_size,var_bb_size,avg_shortest_dist,swarm_density_count,prey_neurons_connected_prey_retina,prey_neurons_connected_predator_retina,predator_neurons_connected_prey_retina,mutual_info
1,35526.000000,4474.000000,14,719.666169,60580.930654,12.815006,15.765059,1,1,1,0.023751
1,33138.000000,6862.000000,12,719.995444,58328.660931,13.450762,14.596811,1,1,1,0.032502
2,33735.000000,6265.000000,13,722.725896,58385.978165,13.118017,14.879612,1,1,1,0.030120
3,32144.000000,7856.000000,12,727.825664,64120.333829,13.606051,13.936106,1,1,1,0.028165
