generation,prey_fitness,predator_fitness,num_alive_end,avg_bb_size,var_bb_size,avg_shortest_dist,swarm_density_count,prey_neurons_connected_prey_retina,prey_neurons_connected_predator_retina,predator_neurons_connected_prey_retina,mutual_info
1,15544.000000,24456.000000,2,14175.081771,182340336.776547,2295.644651,0.975829,3,1,1,0.050766
1,12722.000000,27278.000000,2,7140.390382,68676615.631396,3116.178489,0.994047,3,1,1,0.062890
2,12675.000000,27325.000000,2,9683.281723,65025111.893173,6383.629859,1.086092,3,1,1,0.100354
3,13129.000000,26871.000000,2,20214.739522,75039955.027650,24186.689853,0.845276,3,1,1,0.088675
