generation,prey_fitness,predator_fitness,num_alive_end,avg_bb_size,var_bb_size,avg_shortest_dist,swarm_density_count,prey_neurons_connected_prey_retina,prey_neurons_connected_predator_retina,predator_neurons_connected_prey_retina,mutual_info
1,18265.000000,21735.000000,2,23741.608993,180403371.975836,7653.640082,1.350023,3,1,1,0.052418
1,17086.000000,22914.000000,2,15695.444714,206639295.885982,2456.282641,1.237604,3,1,1,0.031215
2,19769.000000,20231.000000,2,18579.837304,388969906.703303,1905.980899,1.867086,3,1,1,0.041553
3,12909.000000,27091.000000,2,10335.562491,102203228.036857,10179.734102,1.217601,3,1,1,0.074444
