generation,prey_fitness,predator_fitness,num_alive_end,avg_bb_size,var_bb_size,avg_shortest_dist,swarm_density_count,prey_neurons_connected_prey_retina,prey_neurons_connected_predator_retina,predator_neurons_connected_prey_retina,mutual_info
1,12365.000000,27635.000000,2,39264.157458,532233014.187823,48950.626685,0.618734,3,0,2,0.076837
1,17545.000000,22455.000000,2,26704.045181,966409317.344330,1549.701735,1.129829,3,0,2,0.039057
2,18780.000000,21220.000000,2,50225.271768,1261537256.738186,6800.041272,0.950013,3,0,2,0.050900
3,13432.000000,26568.000000,2,28825.419448,715666973.855680,23861.855348,0.733411,3,0,2,0.065339
