generation,prey_fitness,predator_fitness,num_alive_end,avg_bb_size,var_bb_size,avg_shortest_dist,swarm_density_count,prey_neurons_connected_prey_retina,prey_neurons_connected_predator_retina,predator_neurons_connected_prey_retina,mutual_info
1,28978.000000,11022.000000,8,1656.728029,539702.785143,42.758279,8.321497,5,3,1,0.009692
1,24034.000000,15966.000000,2,1457.585664,735251.944122,87.586720,6.802085,5,3,1,0.007627
2,28289.000000,11711.000000,9,1580.825633,316494.491500,43.811935,8.616780,5,3,1,0.010572
3,31080.000000,8920.000000,11,1750.862451,267013.739632,46.503575,8.836258,5,3,1,0.007990
