generation,prey_fitness,predator_fitness,num_alive_end,avg_bb_size,var_bb_size,avg_shortest_dist,swarm_density_count,prey_neurons_connected_prey_retina,prey_neurons_connected_predator_retina,predator_neurons_connected_prey_retina,mutual_info
1,16945.000000,23055.000000,2,99150.726760,4247683187.963274,29487.169544,0.845218,1,3,1,0.040697
1,22635.000000,17365.000000,7,173891.107808,5233918218.153129,12157.132470,0.680936,1,3,1,0.034570
2,26158.000000,13842.000000,9,187463.337711,6022338358.049095,9909.046090,0.724127,1,3,1,0.025997
3,20891.000000,19109.000000,4,165976.684689,5127359161.874622,11266.984719,0.871304,1,3,1,0.053508
