generation,prey_fitness,predator_fitness,num_alive_end,avg_bb_size,var_bb_size,avg_shortest_dist,swarm_density_count,prey_neurons_connected_prey_retina,prey_neurons_connected_predator_retina,predator_neurons_connected_prey_retina,mutual_info
1,17415.000000,22585.000000,2,1216.647457,965249.306622,258.168097,5.393630,1,2,4,0.016998
1,13358.000000,26642.000000,2,1020.767618,967769.665456,512.230997,3.607363,1,2,4,0.019638
2,24380.000000,15620.000000,2,1946.468268,1842074.258173,176.873073,6.944999,1,2,4,0.014908
3,16442.000000,23558.000000,2,1191.761681,998933.616822,478.130308,4.710196,1,2,4,0.027253
