generation,prey_fitness,predator_fitness,num_alive_end,avg_bb_size,var_bb_size,avg_shortest_dist,swarm_density_count,prey_neurons_connected_prey_retina,prey_neurons_connected_predator_retina,predator_neurons_connected_prey_retina,mutual_info
1,30570.000000,9430.000000,9,1229.900765,275842.982788,23.999498,10.234109,2,3,1,0.023562
1,32212.000000,7788.000000,10,1361.368807,332647.915800,24.975891,10.404737,2,3,1,0.023037
2,31967.000000,8033.000000,11,1239.514913,245069.645364,24.470866,10.799247,2,3,1,0.021130
3,28730.000000,11270.000000,6,1276.340207,294456.597044,28.541967,9.068635,2,3,1,0.022766
