generation,prey_fitness,predator_fitness,num_alive_end,avg_bb_size,var_bb_size,avg_shortest_dist,swarm_density_count,prey_neurons_connected_prey_retina,prey_neurons_connected_predator_retina,predator_neurons_connected_prey_retina,mutual_info
1,24018.000000,15982.000000,2,1425.935937,1411389.889876,80.239993,7.497249,3,0,1,0.016943
1,21116.000000,18884.000000,2,974.185420,548106.890699,69.619314,7.227706,3,0,1,0.027316
2,16495.000000,23505.000000,2,759.444099,527941.031676,163.616388,5.639835,3,0,1,0.022123
3,29078.000000,10922.000000,8,2418.002746,2211131.517105,77.977810,8.726155,3,0,1,0.017944
