generation,prey_fitness,predator_fitness,num_alive_end,avg_bb_size,var_bb_size,avg_shortest_dist,swarm_density_count,prey_neurons_connected_prey_retina,prey_neurons_connected_predator_retina,predator_neurons_connected_prey_retina,mutual_info
1,38349.000000,1651.000000,19,452.574257,15361.264429,9.643663,18.108168,2,1,1,0.011750
1,40000.000000,1.000000,20,443.125294,15371.732938,8.701915,18.928550,2,1,1,0.006222
2,39619.000000,381.000000,19,420.568966,10801.366992,8.325709,18.774100,2,1,1,0.008621
3,34906.000000,5094.000000,17,403.049924,10823.158224,9.695339,16.433834,2,1,1,0.009442
