generation,prey_fitness,predator_fitness,num_alive_end,avg_bb_size,var_bb_size,avg_shortest_dist,swarm_density_count,prey_neurons_connected_prey_retina,prey_neurons_connected_predator_retina,predator_neurons_connected_prey_retina,mutual_info
1,34052.000000,5948.000000,14,1011.504797,144591.026274,24.245275,14.192838,3,1,1,0.013815
1,33012.000000,6988.000000,13,833.686358,58904.672130,21.962894,14.510606,3,1,1,0.007969
2,29552.000000,10448.000000,9,891.148082,96122.524919,28.016610,12.114342,3,1,1,0.021928
3,29988.000000,10012.000000,8,793.515116,77511.369613,26.148748,12.808061,3,1,1,0.008777
