generation,prey_fitness,predator_fitness,num_alive_end,avg_bb_size,var_bb_size,avg_shortest_dist,swarm_density_count,prey_neurons_connected_prey_retina,prey_neurons_connected_predator_retina,predator_neurons_connected_prey_retina,mutual_info
1,35687.000000,4313.000000,15,696.749706,76564.235929,13.147585,15.428150,6,4,1,0.013577
1,34795.000000,5205.000000,15,735.050104,71394.358743,15.428411,15.034573,6,4,1,0.011245
2,35633.000000,4367.000000,16,677.108950,58727.741252,13.833361,15.721757,6,4,1,0.015962
3,35432.000000,4568.000000,16,697.727042,64805.865116,13.783804,15.427380,6,4,1,0.010587
