generation,prey_fitness,predator_fitness,num_alive_end,avg_bb_size,var_bb_size,avg_shortest_dist,swarm_density_count,prey_neurons_connected_prey_retina,prey_neurons_connected_predator_retina,predator_neurons_connected_prey_retina,mutual_info
1,34639.000000,5361.000000,15,576.330387,52906.289797,8.588946,14.764101,2,2,3,0.021138
1,33267.000000,6733.000000,13,633.833657,57239.388540,11.176201,14.031541,2,2,3,0.027177
2,35607.000000,4393.000000,16,654.040961,55060.276563,8.654540,14.759145,2,2,3,0.034892
3,33674.000000,6326.000000,13,614.219432,62460.925636,10.056704,14.130243,2,2,3,0.018722
