generation,prey_fitness,predator_fitness,num_alive_end,avg_bb_size,var_bb_size,avg_shortest_dist,swarm_density_count,prey_neurons_connected_prey_retina,prey_neurons_connected_predator_retina,predator_neurons_connected_prey_retina,mutual_info
1,14266.000000,25734.000000,2,11318.790219,147161027.539118,5109.119875,1.080376,1,1,1,0.049759
1,16259.000000,23741.000000,2,15660.992828,166372725.456286,7389.087595,1.004468,1,1,1,0.085725
2,13020.000000,26980.000000,2,13312.786097,177468809.251912,6210.279613,0.863280,1,1,1,0.090527
3,14781.000000,25219.000000,2,15435.109928,84800784.583820,10048.094207,0.933744,1,1,1,0.063835
