generation,prey_fitness,predator_fitness,num_alive_end,avg_bb_size,var_bb_size,avg_shortest_dist,swarm_density_count,prey_neurons_connected_prey_retina,prey_neurons_connected_predator_retina,predator_neurons_connected_prey_retina,mutual_info
1,23855.000000,16145.000000,2,2251.663780,2835624.399847,205.994784,5.973115,1,0,1,0.019949
1,22827.000000,17173.000000,2,2167.280390,2167904.207820,281.303595,5.775201,1,0,1,0.016705
2,14910.000000,25090.000000,2,1650.932198,3120147.210147,440.546631,3.545862,1,0,1,0.022079
3,22813.000000,17187.000000,2,2350.480018,2454311.952268,277.209954,5.595355,1,0,1,0.020568
