generation,prey_fitness,predator_fitness,num_alive_end,avg_bb_size,var_bb_size,avg_shortest_dist,swarm_density_count,prey_neurons_connected_prey_retina,prey_neurons_connected_predator_retina,predator_neurons_connected_prey_retina,mutual_info
1,26011.000000,13989.000000,2,1760.968764,648632.026187,95.035902,7.615154,3,3,1,0.018512
1,24338.000000,15662.000000,4,1960.836500,1107001.813203,75.990213,6.421557,3,3,1,0.038682
2,24010.000000,15990.000000,2,1688.354805,1044479.302670,100.265968,6.944083,3,3,1,0.018590
3,21021.000000,18979.000000,2,2125.296857,1656642.833137,272.360503,5.303820,3,3,1,0.020562
