generation,prey_fitness,predator_fitness,num_alive_end,avg_bb_size,var_bb_size,avg_shortest_dist,swarm_density_count,prey_neurons_connected_prey_retina,prey_neurons_connected_predator_retina,predator_neurons_connected_prey_retina,mutual_info
1,33501.000000,6499.000000,11,980.532434,153544.612917,17.620600,12.695245,2,5,1,0.015976
1,34684.000000,5316.000000,14,1200.113353,193939.785606,17.243768,11.800258,2,5,1,0.034685
2,33768.000000,6232.000000,12,960.341248,136687.053515,15.555431,12.706626,2,5,1,0.015600
3,36323.000000,3677.000000,16,1106.834819,148917.882175,17.323890,13.572422,2,5,1,0.012071
