generation,prey_fitness,predator_fitness,num_alive_end,avg_bb_size,var_bb_size,avg_shortest_dist,swarm_density_count,prey_neurons_connected_prey_retina,prey_neurons_connected_predator_retina,predator_neurons_connected_prey_retina,mutual_info
1,13671.000000,26329.000000,2,5556.265836,28339747.611623,2511.184852,1.366869,0,2,2,0.026723
1,15439.000000,24561.000000,2,4691.378935,19078650.242084,2703.840148,1.895094,0,2,2,0.126917
2,14239.000000,25761.000000,2,4858.482192,12863215.176305,4540.553511,1.637570,0,2,2,0.037483
3,15414.000000,24586.000000,2,6867.125496,38263744.546513,5352.906203,1.524020,0,2,2,0.044124
