generation,prey_fitness,predator_fitness,num_alive_end,avg_bb_size,var_bb_size,avg_shortest_dist,swarm_density_count,prey_neurons_connected_prey_retina,prey_neurons_connected_predator_retina,predator_neurons_connected_prey_retina,mutual_info
1,37551.000000,2449.000000,18,829.192437,33575.128356,15.523559,16.926885,2,1,1,0.006506
1,37831.000000,2169.000000,18,824.588098,32544.015783,15.816240,17.070807,2,1,1,0.007399
2,35959.000000,4041.000000,16,842.103983,40370.753368,17.563890,16.157143,2,1,1,0.005715
3,38202.000000,1798.000000,18,872.096542,70444.330554,15.818215,17.071746,2,1,1,0.005079
