generation,prey_fitness,predator_fitness,num_alive_end,avg_bb_size,var_bb_size,avg_shortest_dist,swarm_density_count,prey_neurons_connected_prey_retina,prey_neurons_connected_predator_retina,predator_neurons_connected_prey_retina,mutual_info
1,14759.000000,25241.000000,2,7512.451549,86158151.370598,2870.328439,1.386264,1,1,1,0.084805
1,13477.000000,26523.000000,2,7920.097845,57371972.092678,3721.900908,1.026010,1,1,1,0.084051
2,13629.000000,26371.000000,2,7996.610975,47474621.710136,4619.056678,1.166249,1,1,1,0.062479
3,12790.000000,27210.000000,2,7030.835903,53676853.496083,3411.495578,1.085807,1,1,1,0.053638
