generation,prey_fitness,predator_fitness,num_alive_end,avg_bb_size,var_bb_size,avg_shortest_dist,swarm_density_count,prey_neurons_connected_prey_retina,prey_neurons_connected_predator_retina,predator_neurons_connected_prey_retina,mutual_info
1,14548.000000,25452.000000,2,12029.968989,110518696.206220,6162.152250,1.239049,0,1,1,0.053490
1,13256.000000,26744.000000,2,17914.865489,45379781.301902,17268.163076,1.005622,0,1,1,0.114089
2,14903.000000,25097.000000,2,15662.972284,256211573.750229,4879.471855,0.981318,0,1,1,0.056219
3,15607.000000,24393.000000,2,14312.162820,155157610.056998,10214.158590,0.932220,0,1,1,0.085310
