generation,prey_fitness,predator_fitness,num_alive_end,avg_bb_size,var_bb_size,avg_shortest_dist,swarm_density_count,prey_neurons_connected_prey_retina,prey_neurons_connected_predator_retina,predator_neurons_connected_prey_retina,mutual_info
1,26555.000000,13445.000000,3,1663.018951,715797.309678,84.145817,7.952866,3,0,1,0.009235
1,30112.000000,9888.000000,10,1698.701598,251433.935736,61.276113,9.575454,3,0,1,0.006437
2,28271.000000,11729.000000,7,1477.113013,245814.178728,60.774603,9.347890,3,0,1,0.010437
3,35237.000000,4763.000000,13,1880.595004,309696.894875,45.442926,10.847835,3,0,1,0.007306
