generation,prey_fitness,predator_fitness,num_alive_end,avg_bb_size,var_bb_size,avg_shortest_dist,swarm_density_count,prey_neurons_connected_prey_retina,prey_neurons_connected_predator_retina,predator_neurons_connected_prey_retina,mutual_info
1,15148.000000,24852.000000,2,42062.970252,906377819.232986,39513.308933,0.857569,2,2,1,0.058007
1,14386.000000,25614.000000,2,44413.888320,1786031161.729897,39658.559300,0.668754,2,2,1,0.053830
2,22343.000000,17657.000000,4,70019.559699,1166892183.281646,5209.999285,0.868206,2,2,1,0.032061
3,15428.000000,24572.000000,2,83092.035529,1587983203.689019,65687.881558,0.703270,2,2,1,0.056569
