generation,prey_fitness,predator_fitness,num_alive_end,avg_bb_size,var_bb_size,avg_shortest_dist,swarm_density_count,prey_neurons_connected_prey_retina,prey_neurons_connected_predator_retina,predator_neurons_connected_prey_retina,mutual_info
1,16031.000000,23969.000000,2,7394.614234,37678276.974330,3083.492632,1.673401,1,0,1,0.046001
1,15928.000000,24072.000000,2,6651.658190,34110591.924733,1853.851038,1.719860,1,0,1,0.038109
2,15078.000000,24922.000000,2,5461.055376,27872747.661464,1853.413680,1.556573,1,0,1,0.032164
3,14110.000000,25890.000000,2,7613.285870,29240090.545107,16354.249603,1.244188,1,0,1,0.055116
