generation,prey_fitness,predator_fitness,num_alive_end,avg_bb_size,var_bb_size,avg_shortest_dist,swarm_density_count,prey_neurons_connected_prey_retina,prey_neurons_connected_predator_retina,predator_neurons_connected_prey_retina,mutual_info
1,15817.000000,24183.000000,2,65258.715189,4597823257.687084,28675.454635,1.072167,3,0,2,0.056143
1,15713.000000,24287.000000,2,93336.631580,2684257276.205936,76616.649307,0.916193,3,0,2,0.060144
2,16742.000000,23258.000000,2,63288.891577,2833422674.917521,15724.211037,0.957108,3,0,2,0.093296
3,16236.000000,23764.000000,4,121998.121541,3788752555.796049,21664.693417,0.819060,3,0,2,0.046720
