generation,prey_fitness,predator_fitness,num_alive_end,avg_bb_size,var_bb_size,avg_shortest_dist,swarm_density_count,prey_neurons_connected_prey_retina,prey_neurons_connected_predator_retina,predator_neurons_connected_prey_retina,mutual_info
1,12707.000000,27293.000000,2,15826.496066,105918616.180050,21783.537978,0.830545,5,3,1,0.081457
1,14760.000000,25240.000000,2,36012.800213,1289839452.794684,11415.867749,0.734926,5,3,1,0.044439
2,15473.000000,24527.000000,2,19014.604308,259176738.669284,6748.560967,0.871156,5,3,1,0.058953
3,14813.000000,25187.000000,2,26048.386852,274420878.201634,33986.734931,0.980166,5,3,1,0.036531
