generation,prey_fitness,predator_fitness,num_alive_end,avg_bb_size,var_bb_size,avg_shortest_dist,swarm_density_count,prey_neurons_connected_prey_retina,prey_neurons_connected_predator_retina,predator_neurons_connected_prey_retina,mutual_info
1,18935.000000,21065.000000,2,41584.100789,1682385574.875564,9087.243539,0.858153,0,0,1,0.055479
1,19151.000000,20849.000000,2,112100.045973,4306975549.754610,16770.194828,0.708887,0,0,1,0.050817
2,19766.000000,20234.000000,2,84747.042303,2539557988.203412,14005.832893,0.752101,0,0,1,0.062314
3,20761.000000,19239.000000,3,100830.559464,5324766848.081977,10349.862967,0.806209,0,0,1,0.052164
