generation,prey_fitness,predator_fitness,num_alive_end,avg_bb_size,var_bb_size,avg_shortest_dist,swarm_density_count,prey_neurons_connected_prey_retina,prey_neurons_connected_predator_retina,predator_neurons_connected_prey_retina,mutual_info
1,14806.000000,25194.000000,2,1595.839969,2972502.320412,390.287414,3.507812,2,3,1,0.037251
1,14910.000000,25090.000000,2,2147.137849,4787169.985394,954.704868,3.195313,2,3,1,0.043988
2,21481.000000,18519.000000,3,2203.563036,1774678.990139,156.568077,5.479336,2,3,1,0.022977
3,17400.000000,22600.000000,2,2154.272536,2533838.792380,704.893574,3.811211,2,3,1,0.029932
