generation,prey_fitness,predator_fitness,num_alive_end,avg_bb_size,var_bb_size,avg_shortest_dist,swarm_density_count,prey_neurons_connected_prey_retina,prey_neurons_connected_predator_retina,predator_neurons_connected_prey_retina,mutual_info
1,21664.000000,18336.000000,6,136468.037947,4036177081.237391,15796.666406,0.894313,3,0,2,0.047066
1,12738.000000,27262.000000,2,29803.575152,595329126.877518,15475.115920,0.828911,3,0,2,0.094346
2,11986.000000,28014.000000,2,78720.459286,3436039924.938210,71243.668458,0.774580,3,0,2,0.053801
3,19111.000000,20889.000000,2,92904.109812,2802354664.046834,22799.993034,0.840930,3,0,2,0.052476
