generation,prey_fitness,predator_fitness,num_alive_end,avg_bb_size,var_bb_size,avg_shortest_dist,swarm_density_count,prey_neurons_connected_prey_retina,prey_neurons_connected_predator_retina,predator_neurons_connected_prey_retina,mutual_info
1,22895.000000,17105.000000,5,54489.306654,478382719.431013,4404.421447,1.106076,0,1,5,0.050207
1,19270.000000,20730.000000,2,47732.379603,950805911.675366,5672.517080,0.876233,0,1,5,0.098504
2,25186.000000,14814.000000,7,78054.059964,1428524403.311418,4794.332182,0.962717,0,1,5,0.099487
3,19468.000000,20532.000000,2,60694.743271,514279989.736675,8591.448947,0.915626,0,1,5,0.137329
