generation,prey_fitness,predator_fitness,num_alive_end,avg_bb_size,var_bb_size,avg_shortest_dist,swarm_density_count,prey_neurons_connected_prey_retina,prey_neurons_connected_predator_retina,predator_neurons_connected_prey_retina,mutual_info
1,29993.000000,10007.000000,9,747.374001,61944.368286,22.590500,12.871389,1,1,3,0.015968
1,37992.000000,2008.000000,16,788.515003,72630.877382,16.147020,16.810034,1,1,3,0.012298
2,25722.000000,14278.000000,7,553.416907,46143.146360,26.786529,11.491335,1,1,3,0.037219
3,35215.000000,4785.000000,14,763.117717,47192.120976,17.172903,15.681717,1,1,3,0.014842
