generation,prey_fitness,predator_fitness,num_alive_end,avg_bb_size,var_bb_size,avg_shortest_dist,swarm_density_count,prey_neurons_connected_prey_retina,prey_neurons_connected_predator_retina,predator_neurons_connected_prey_retina,mutual_info
1,11134.000000,28866.000000,2,3916.889726,23398937.102631,2339.299529,1.118146,1,3,1,0.085796
1,19340.000000,20660.000000,2,21013.841306,229232490.486188,4053.251384,1.265408,1,3,1,0.066670
2,10738.000000,29262.000000,2,5055.075527,31007285.201454,7441.069759,0.888614,1,3,1,0.061205
3,16407.000000,23593.000000,2,10379.645117,103256460.742151,2421.361669,1.213970,1,3,1,0.050754
