generation,prey_fitness,predator_fitness,num_alive_end,avg_bb_size,var_bb_size,avg_shortest_dist,swarm_density_count,prey_neurons_connected_prey_retina,prey_neurons_connected_predator_retina,predator_neurons_connected_prey_retina,mutual_info
1,38034.000000,1966.000000,17,852.805598,59982.300949,20.234993,17.116583,4,1,1,0.004187
1,38716.000000,1284.000000,18,858.717980,56370.380279,20.785744,17.368150,4,1,1,0.009512
2,26327.000000,13673.000000,9,671.682273,70911.007505,28.159712,11.553892,4,1,1,0.006935
3,32147.000000,7853.000000,12,828.329811,101703.370689,26.503046,14.108865,4,1,1,0.010274
