generation,prey_fitness,predator_fitness,num_alive_end,avg_bb_size,var_bb_size,avg_shortest_dist,swarm_density_count,prey_neurons_connected_prey_retina,prey_neurons_connected_predator_retina,predator_neurons_connected_prey_retina,mutual_info
1,18283.000000,21717.000000,2,24631.583964,386122976.246764,6221.032605,0.807557,0,0,1,0.044859
1,14493.000000,25507.000000,2,7412.433303,70768263.064319,1249.871085,1.319609,0,0,1,0.062821
2,13444.000000,26556.000000,2,12544.119235,161826203.433708,5718.697892,0.851485,0,0,1,0.054655
3,15762.000000,24238.000000,2,13101.667387,116687762.540754,9403.634622,1.105966,0,0,1,0.065965
