generation,prey_fitness,predator_fitness,num_alive_end,avg_bb_size,var_bb_size,avg_shortest_dist,swarm_density_count,prey_neurons_connected_prey_retina,prey_neurons_connected_predator_retina,predator_neurons_connected_prey_retina,mutual_info
1,19142.000000,20858.000000,2,787.751381,456351.194184,75.539887,7.043692,2,1,2,0.022722
1,28219.000000,11781.000000,5,1991.543515,1903597.882117,71.368260,9.087403,2,1,2,0.023460
2,21946.000000,18054.000000,2,1056.857738,514880.472287,105.613504,7.772983,2,1,2,0.022574
3,16986.000000,23014.000000,2,1030.359205,810409.386180,128.928546,5.423637,2,1,2,0.025859
