generation,prey_fitness,predator_fitness,num_alive_end,avg_bb_size,var_bb_size,avg_shortest_dist,swarm_density_count,prey_neurons_connected_prey_retina,prey_neurons_connected_predator_retina,predator_neurons_connected_prey_retina,mutual_info
1,19079.000000,20921.000000,2,22461.272208,300226471.687134,3547.302804,0.906441,0,0,4,0.065364
1,21057.000000,18943.000000,2,39490.191544,604260936.096696,6485.381084,0.847291,0,0,4,0.063589
2,17422.000000,22578.000000,2,31026.935482,496472872.934507,13324.617450,0.870885,0,0,4,0.055580
3,15315.000000,24685.000000,2,16079.914961,125581365.984501,6930.311140,0.853838,0,0,4,0.060627
