generation,prey_fitness,predator_fitness,num_alive_end,avg_bb_size,var_bb_size,avg_shortest_dist,swarm_density_count,prey_neurons_connected_prey_retina,prey_neurons_connected_predator_retina,predator_neurons_connected_prey_retina,mutual_info
1,21715.000000,18285.000000,2,1476.471510,948336.183307,215.302870,6.637544,4,1,1,0.012667
1,23704.000000,16296.000000,2,1497.650291,589516.693512,105.211727,7.329116,4,1,1,0.013533
2,24340.000000,15660.000000,2,1546.127795,592538.191685,185.072959,7.651147,4,1,1,0.016227
3,14408.000000,25592.000000,2,966.143203,646627.140173,643.363818,4.292000,4,1,1,0.014800
