generation,prey_fitness,predator_fitness,num_alive_end,avg_bb_size,var_bb_size,avg_shortest_dist,swarm_density_count,prey_neurons_connected_prey_retina,prey_neurons_connected_predator_retina,predator_neurons_connected_prey_retina,mutual_info
1,18788.000000,21212.000000,2,84826.124197,4334517429.709842,11885.644461,0.931010,0,2,1,0.065399
1,20092.000000,19908.000000,3,124580.570304,2790798159.786987,13042.899980,0.850341,0,2,1,0.056698
2,16797.000000,23203.000000,2,52883.275191,2523859775.130478,9937.231576,0.809867,0,2,1,0.085079
3,21970.000000,18030.000000,2,126184.735479,6284382094.818791,14234.070041,0.788164,0,2,1,0.063346
