generation,prey_fitness,predator_fitness,num_alive_end,avg_bb_size,var_bb_size,avg_shortest_dist,swarm_density_count,prey_neurons_connected_prey_retina,prey_neurons_connected_predator_retina,predator_neurons_connected_prey_retina,mutual_info
1,18157.000000,21843.000000,2,2292.217691,5319264.156929,379.287920,3.989343,1,0,2,0.040856
1,14577.000000,25423.000000,2,2071.226867,3064441.314364,1154.381801,2.969723,1,0,2,0.029213
2,15466.000000,24534.000000,2,2528.964509,6632436.880968,872.200110,2.900983,1,0,2,0.046728
3,17176.000000,22824.000000,2,2875.408695,6429858.210492,738.391418,3.224991,1,0,2,0.035888
