generation,prey_fitness,predator_fitness,num_alive_end,avg_bb_size,var_bb_size,avg_shortest_dist,swarm_density_count,prey_neurons_connected_prey_retina,prey_neurons_connected_predator_retina,predator_neurons_connected_prey_retina,mutual_info
1,14543.000000,25457.000000,2,5392.099468,22749300.932446,4268.904984,1.463735,0,4,1,0.039372
1,16370.000000,23630.000000,2,10699.197934,66462018.302488,9103.617654,1.258841,0,4,1,0.030164
2,17605.000000,22395.000000,2,7275.379413,22663855.603807,2663.251493,1.809837,0,4,1,0.034341
3,17055.000000,22945.000000,2,10491.440336,47639642.383296,8511.111268,1.410639,0,4,1,0.033789
