generation,prey_fitness,predator_fitness,num_alive_end,avg_bb_size,var_bb_size,avg_shortest_dist,swarm_density_count,prey_neurons_connected_prey_retina,prey_neurons_connected_predator_retina,predator_neurons_connected_prey_retina,mutual_info
1,14830.000000,25170.000000,2,17333.719301,186937077.140538,6919.461744,0.874396,2,1,1,0.060397
1,17724.000000,22276.000000,2,16537.188068,213710188.402720,3034.442100,1.095479,2,1,1,0.032569
2,15404.000000,24596.000000,2,16355.620950,231009271.900258,3537.034759,0.912182,2,1,1,0.046479
3,17837.000000,22163.000000,3,43534.840631,1297369989.376539,6037.574201,0.836555,2,1,1,0.082604
