generation,prey_fitness,predator_fitness,num_alive_end,avg_bb_size,var_bb_size,avg_shortest_dist,swarm_density_count,prey_neurons_connected_prey_retina,prey_neurons_connected_predator_retina,predator_neurons_connected_prey_retina,mutual_info
1,14580.000000,25420.000000,2,17600.792610,235537047.812127,7095.785209,0.900985,1,1,1,0.056863
1,14398.000000,25602.000000,2,27064.014466,254086570.232968,20038.715942,0.826260,1,1,1,0.042389
2,17176.000000,22824.000000,2,26602.222495,430205252.891174,6221.721866,0.853006,1,1,1,0.056938
3,14620.000000,25380.000000,2,23991.279918,119937993.512074,23734.509669,0.856093,1,1,1,0.058039
