generation,prey_fitness,predator_fitness,num_alive_end,avg_bb_size,var_bb_size,avg_shortest_dist,swarm_density_count,prey_neurons_connected_prey_retina,prey_neurons_connected_predator_retina,predator_neurons_connected_prey_retina,mutual_info
1,33986.000000,6014.000000,13,505.401376,28768.424138,10.062419,15.523972,1,0,1,0.009263
1,38073.000000,1927.000000,17,562.969741,35377.712282,9.474817,17.290904,1,0,1,0.008797
2,37895.000000,2105.000000,15,582.369012,34992.952255,10.136486,17.253746,1,0,1,0.010067
3,35273.000000,4727.000000,16,547.414610,35928.454489,9.687718,15.879543,1,0,1,0.006075
