generation,prey_fitness,predator_fitness,num_alive_end,avg_bb_size,var_bb_size,avg_shortest_dist,swarm_density_count,prey_neurons_connected_prey_retina,prey_neurons_connected_predator_retina,predator_neurons_connected_prey_retina,mutual_info
1,23405.000000,16595.000000,2,2727.968355,2247948.262505,279.105775,5.174067,2,0,2,0.041704
1,20439.000000,19561.000000,2,2111.422980,1851266.263099,620.514439,5.045438,2,0,2,0.019679
2,20942.000000,19058.000000,2,2129.425594,1662262.956862,342.403303,4.739871,2,0,2,0.030987
3,25072.000000,14928.000000,2,2644.573485,1754604.046663,151.301725,5.923128,2,0,2,0.019423
