generation,prey_fitness,predator_fitness,num_alive_end,avg_bb_size,var_bb_size,avg_shortest_dist,swarm_density_count,prey_neurons_connected_prey_retina,prey_neurons_connected_predator_retina,predator_neurons_connected_prey_retina,mutual_info
1,39070.000000,930.000000,17,698.504070,59623.151096,10.807629,16.633653,2,1,1,0.016287
1,39261.000000,739.000000,17,686.034159,105769.040418,9.062009,16.634015,2,1,1,0.010651
2,40000.000000,1.000000,20,652.492364,48049.449687,8.623802,17.759050,2,1,1,0.020594
3,38328.000000,1672.000000,18,634.571015,58875.779163,9.085266,16.601404,2,1,1,0.007560
