generation,prey_fitness,predator_fitness,num_alive_end,avg_bb_size,var_bb_size,avg_shortest_dist,swarm_density_count,prey_neurons_connected_prey_retina,prey_neurons_connected_predator_retina,predator_neurons_connected_prey_retina,mutual_info
1,23057.000000,16943.000000,3,1017.110014,259047.795905,62.824432,7.910318,2,2,1,0.020526
1,28808.000000,11192.000000,5,1056.660182,325401.987438,31.496110,9.682461,2,2,1,0.015858
2,30854.000000,9146.000000,7,1227.706658,329988.042231,22.433929,10.132453,2,2,1,0.020467
3,32487.000000,7513.000000,9,1166.893354,241884.045253,20.467098,11.267520,2,2,1,0.017669
