generation,prey_fitness,predator_fitness,num_alive_end,avg_bb_size,var_bb_size,avg_shortest_dist,swarm_density_count,prey_neurons_connected_prey_retina,prey_neurons_connected_predator_retina,predator_neurons_connected_prey_retina,mutual_info
1,26536.000000,13464.000000,2,1178.214104,421957.520115,47.930451,9.072810,1,0,3,0.015676
1,25361.000000,14639.000000,3,1093.779565,479031.120188,45.661790,8.808958,1,0,3,0.029320
2,23926.000000,16074.000000,2,783.307313,222976.956647,45.628975,9.413496,1,0,3,0.019705
3,25527.000000,14473.000000,7,967.208256,284172.568109,34.955495,9.732142,1,0,3,0.011273
