generation,prey_fitness,predator_fitness,num_alive_end,avg_bb_size,var_bb_size,avg_shortest_dist,swarm_density_count,prey_neurons_connected_prey_retina,prey_neurons_connected_predator_retina,predator_neurons_connected_prey_retina,mutual_info
1,32083.000000,7917.000000,10,1137.788861,189682.948119,25.688015,11.754318,2,0,1,0.018521
1,24793.000000,15207.000000,7,842.456611,110341.288894,31.762342,9.522165,2,0,1,0.013273
2,30487.000000,9513.000000,5,974.847189,143796.877153,25.347016,11.534002,2,0,1,0.015958
3,30156.000000,9844.000000,8,934.740829,232878.753430,25.290111,11.635907,2,0,1,0.012541
