generation,prey_fitness,predator_fitness,num_alive_end,avg_bb_size,var_bb_size,avg_shortest_dist,swarm_density_count,prey_neurons_connected_prey_retina,prey_neurons_connected_predator_retina,predator_neurons_connected_prey_retina,mutual_info
1,14166.000000,25834.000000,2,13851.997532,269095518.586522,2137.373730,1.036610,2,0,1,0.073844
1,18042.000000,21958.000000,2,16963.397182,230835672.094056,4668.940585,1.116734,2,0,1,0.040816
2,12553.000000,27447.000000,2,12037.747021,148387136.191515,7645.451300,0.894532,2,0,1,0.049229
3,18791.000000,21209.000000,2,18255.859401,330285036.576796,1791.935372,1.171333,2,0,1,0.063419
