generation,prey_fitness,predator_fitness,num_alive_end,avg_bb_size,var_bb_size,avg_shortest_dist,swarm_density_count,prey_neurons_connected_prey_retina,prey_neurons_connected_predator_retina,predator_neurons_connected_prey_retina,mutual_info
1,18813.000000,21187.000000,2,11194.334834,56080892.655919,2258.619523,1.463453,1,5,1,0.031496
1,20719.000000,19281.000000,2,13988.550887,75453271.369634,1953.390771,1.352138,1,5,1,0.028858
2,13134.000000,26866.000000,2,7779.651396,23137104.566698,5274.817472,1.046930,1,5,1,0.050065
3,23578.000000,16422.000000,4,18305.550699,51610163.596827,1610.026768,1.533635,1,5,1,0.021125
