generation,prey_fitness,predator_fitness,num_alive_end,avg_bb_size,var_bb_size,avg_shortest_dist,swarm_density_count,prey_neurons_connected_prey_retina,prey_neurons_connected_predator_retina,predator_neurons_connected_prey_retina,mutual_info
1,18326.000000,21674.000000,2,97143.127457,4282839269.693935,30017.259608,0.752740,3,1,1,0.064007
1,19580.000000,20420.000000,2,85513.554577,1924920158.421387,10755.072789,0.894955,3,1,1,0.042678
2,12432.000000,27568.000000,3,58082.811567,3155415396.798606,10983.429958,0.687040,3,1,1,0.034018
3,17250.000000,22750.000000,2,82347.135065,4845819497.263475,13734.656876,0.719644,3,1,1,0.056720
