generation,prey_fitness,predator_fitness,num_alive_end,avg_bb_size,var_bb_size,avg_shortest_dist,swarm_density_count,prey_neurons_connected_prey_retina,prey_neurons_connected_predator_retina,predator_neurons_connected_prey_retina,mutual_info
1,15501.000000,24499.000000,2,1950.449961,2102620.157981,1393.828155,3.426878,1,1,1,0.017413
1,20149.000000,19851.000000,2,2171.783360,2226204.009165,395.126323,4.758274,1,1,1,0.028249
2,19606.000000,20394.000000,2,2245.836917,1550872.216697,415.237102,4.634551,1,1,1,0.018564
3,20304.000000,19696.000000,2,2452.466259,3900121.755331,264.066870,4.343161,1,1,1,0.029248
