generation,prey_fitness,predator_fitness,num_alive_end,avg_bb_size,var_bb_size,avg_shortest_dist,swarm_density_count,prey_neurons_connected_prey_retina,prey_neurons_connected_predator_retina,predator_neurons_connected_prey_retina,mutual_info
1,26338.000000,13662.000000,6,649.282341,71395.474864,15.700146,10.244587,3,0,1,0.011681
1,34322.000000,5678.000000,16,848.298562,122926.798328,9.292550,12.715915,3,0,1,0.017374
2,27297.000000,12703.000000,5,647.770969,114003.627970,14.570617,10.498224,3,0,1,0.017191
3,33038.000000,6962.000000,12,854.246387,132597.494811,10.088921,11.918014,3,0,1,0.024772
