generation,prey_fitness,predator_fitness,num_alive_end,avg_bb_size,var_bb_size,avg_shortest_dist,swarm_density_count,prey_neurons_connected_prey_retina,prey_neurons_connected_predator_retina,predator_neurons_connected_prey_retina,mutual_info
1,30985.000000,9015.000000,13,611.897216,74743.088063,14.939294,13.658063,2,1,1,0.009634
1,36589.000000,3411.000000,17,618.596149,125982.324335,11.110961,16.243664,2,1,1,0.013485
2,39375.000000,625.000000,18,568.084898,66749.945455,8.975911,17.945472,2,1,1,0.007555
3,35136.000000,4864.000000,16,763.943669,86399.257559,13.878321,14.939276,2,1,1,0.005364
