generation,prey_fitness,predator_fitness,num_alive_end,avg_bb_size,var_bb_size,avg_shortest_dist,swarm_density_count,prey_neurons_connected_prey_retina,prey_neurons_connected_predator_retina,predator_neurons_connected_prey_retina,mutual_info
1,11410.000000,28590.000000,2,20997.239739,452862968.947514,11173.105966,0.641733,3,2,1,0.075651
1,9391.000000,30609.000000,2,12165.742056,120314905.758307,14741.732637,0.575327,3,2,1,0.095003
2,14804.000000,25196.000000,2,22034.919212,630838642.961089,4869.759511,0.756418,3,2,1,0.057052
3,17958.000000,22042.000000,2,49204.616123,1889785243.884513,10729.882486,0.720343,3,2,1,0.057667
