generation,prey_fitness,predator_fitness,num_alive_end,avg_bb_size,var_bb_size,avg_shortest_dist,swarm_density_count,prey_neurons_connected_prey_retina,prey_neurons_connected_predator_retina,predator_neurons_connected_prey_retina,mutual_info
1,37169.000000,2831.000000,17,925.683963,48351.849127,21.113485,15.969774,2,1,1,0.003990
1,36384.000000,3616.000000,14,929.729053,52425.581319,21.262475,15.587974,2,1,1,0.005705
2,32048.000000,7952.000000,12,845.307309,73618.122597,24.206191,13.499711,2,1,1,0.004605
3,35630.000000,4370.000000,16,900.101476,82325.176175,21.150336,15.110772,2,1,1,0.002982
