generation,prey_fitness,predator_fitness,num_alive_end,avg_bb_size,var_bb_size,avg_shortest_dist,swarm_density_count,prey_neurons_connected_prey_retina,prey_neurons_connected_predator_retina,predator_neurons_connected_prey_retina,mutual_info
1,28622.000000,11378.000000,4,2765.109658,2404830.746955,74.427031,7.189450,3,3,1,0.011825
1,22745.000000,17255.000000,2,2108.661622,2409159.787615,98.305872,5.481052,3,3,1,0.023251
2,32664.000000,7336.000000,8,3244.835927,2643739.513125,57.368840,7.721409,3,3,1,0.020773
3,24775.000000,15225.000000,3,2416.649644,1903348.172162,90.721034,6.052047,3,3,1,0.024480
