generation,prey_fitness,predator_fitness,num_alive_end,avg_bb_size,var_bb_size,avg_shortest_dist,swarm_density_count,prey_neurons_connected_prey_retina,prey_neurons_connected_predator_retina,predator_neurons_connected_prey_retina,mutual_info
1,22051.000000,17949.000000,4,100975.556085,2342431828.014140,9366.247315,0.764181,1,1,1,0.049600
1,18191.000000,21809.000000,2,63229.283770,1448821906.264530,21599.819587,0.718983,1,1,1,0.060506
2,16770.000000,23230.000000,2,56359.910386,2163913898.833066,8723.731316,0.694930,1,1,1,0.045293
3,21188.000000,18812.000000,2,107922.148640,2355969991.747491,33195.638090,0.712809,1,1,1,0.061697
