generation,prey_fitness,predator_fitness,num_alive_end,avg_bb_size,var_bb_size,avg_shortest_dist,swarm_density_count,prey_neurons_connected_prey_retina,prey_neurons_connected_predator_retina,predator_neurons_connected_prey_retina,mutual_info
1,13692.000000,26308.000000,2,18884.595514,285276061.935710,17528.938844,0.836489,0,2,1,0.055624
1,14553.000000,25447.000000,2,15776.680789,69442821.287390,14969.352137,0.993492,0,2,1,0.099392
2,17089.000000,22911.000000,2,20508.330601,373348355.962793,4782.936699,0.987231,0,2,1,0.092258
3,15863.000000,24137.000000,2,9770.409911,67032851.888229,4891.795358,1.247487,0,2,1,0.044349
