generation,prey_fitness,predator_fitness,num_alive_end,avg_bb_size,var_bb_size,avg_shortest_dist,swarm_density_count,prey_neurons_connected_prey_retina,prey_neurons_connected_predator_retina,predator_neurons_connected_prey_retina,mutual_info
1,32052.000000,7948.000000,10,1198.720917,173682.314633,40.455795,13.136158,4,0,1,0.011278
1,27726.000000,12274.000000,8,917.336566,85925.504008,38.571620,11.775042,4,0,1,0.005460
2,31791.000000,8209.000000,13,986.454972,94148.451761,32.604497,13.511382,4,0,1,0.005271
3,34354.000000,5646.000000,13,1086.388765,146614.960121,31.302822,14.609034,4,0,1,0.007235
