generation,prey_fitness,predator_fitness,num_alive_end,avg_bb_size,var_bb_size,avg_shortest_dist,swarm_density_count,prey_neurons_connected_prey_retina,prey_neurons_connected_predator_retina,predator_neurons_connected_prey_retina,mutual_info
1,15352.000000,24648.000000,2,35277.932894,364182770.266808,24120.950994,0.961021,1,4,1,0.095269
1,17917.000000,22083.000000,2,31877.330569,643173996.075657,3423.933207,0.963277,1,4,1,0.034469
2,11833.000000,28167.000000,2,10607.482157,59597853.201014,12459.506014,0.947208,1,4,1,0.101992
3,14602.000000,25398.000000,2,43282.130048,535512305.947880,64770.916276,0.881678,1,4,1,0.057379
