generation,prey_fitness,predator_fitness,num_alive_end,avg_bb_size,var_bb_size,avg_shortest_dist,swarm_density_count,prey_neurons_connected_prey_retina,prey_neurons_connected_predator_retina,predator_neurons_connected_prey_retina,mutual_info
1,25108.000000,14892.000000,2,1833.045345,1234278.002233,87.708581,6.526671,5,3,3,0.031783
1,23753.000000,16247.000000,2,1717.271516,558039.687437,102.087127,6.761514,5,3,3,0.027107
2,16899.000000,23101.000000,2,1185.014318,980992.496025,237.413862,4.429750,5,3,3,0.036988
3,33665.000000,6335.000000,10,2867.002677,2242535.947751,42.350092,8.482090,5,3,3,0.049722
