generation,prey_fitness,predator_fitness,num_alive_end,avg_bb_size,var_bb_size,avg_shortest_dist,swarm_density_count,prey_neurons_connected_prey_retina,prey_neurons_connected_predator_retina,predator_neurons_connected_prey_retina,mutual_info
1,30796.000000,9204.000000,10,739.457782,81919.740361,13.312751,11.778599,3,1,1,0.010959
1,36360.000000,3640.000000,16,890.028547,153823.810718,10.410547,13.599344,3,1,1,0.013106
2,29457.000000,10543.000000,8,874.163503,150365.635015,15.944736,10.627596,3,1,1,0.026724
3,30309.000000,9691.000000,10,834.591058,101832.551527,13.380468,11.326345,3,1,1,0.015120
