generation,prey_fitness,predator_fitness,num_alive_end,avg_bb_size,var_bb_size,avg_shortest_dist,swarm_density_count,prey_neurons_connected_prey_retina,prey_neurons_connected_predator_retina,predator_neurons_connected_prey_retina,mutual_info
1,18366.000000,21634.000000,3,140650.908878,6478250273.891736,24376.260227,0.718667,0,1,2,0.053436
1,21037.000000,18963.000000,5,138431.153464,6083303587.501299,16437.769337,0.719956,0,1,2,0.023821
2,19435.000000,20565.000000,2,92171.933198,2581107426.811640,14081.298120,0.761210,0,1,2,0.039979
3,17105.000000,22895.000000,4,106513.496548,2486641140.470999,23747.775397,0.734940,0,1,2,0.080893
