generation,prey_fitness,predator_fitness,num_alive_end,avg_bb_size,var_bb_size,avg_shortest_dist,swarm_density_count,prey_neurons_connected_prey_retina,prey_neurons_connected_predator_retina,predator_neurons_connected_prey_retina,mutual_info
1,38344.000000,1656.000000,19,0.000000,0.000000,0.000000,18.172500,0,0,1,0.000119
1,40000.000000,1.000000,20,0.000000,0.000000,0.000000,19.000000,0,0,1,0.000000
2,40000.000000,1.000000,20,0.000000,0.000000,0.000000,19.000000,0,0,1,0.000000
3,40000.000000,1.000000,20,0.000000,0.000000,0.000000,19.000000,0,0,1,0.000000
