generation,prey_fitness,predator_fitness,num_alive_end,avg_bb_size,var_bb_size,avg_shortest_dist,swarm_density_count,prey_neurons_connected_prey_retina,prey_neurons_connected_predator_retina,predator_neurons_connected_prey_retina,mutual_info
1,29483.000000,10517.000000,10,703.449981,58185.113984,24.147356,12.766254,2,0,1,0.007618
1,36674.000000,3326.000000,17,665.697994,46166.146932,15.929358,16.907516,2,0,1,0.013092
2,30143.000000,9857.000000,12,847.381024,87956.217000,23.912153,12.609677,2,0,1,0.011978
3,34759.000000,5241.000000,14,817.725524,93374.436843,18.454396,14.792007,2,0,1,0.007027
