generation,prey_fitness,predator_fitness,num_alive_end,avg_bb_size,var_bb_size,avg_shortest_dist,swarm_density_count,prey_neurons_connected_prey_retina,prey_neurons_connected_predator_retina,predator_neurons_connected_prey_retina,mutual_info
1,16171.000000,23829.000000,2,1112.804131,1574549.237119,277.033242,4.432800,1,1,1,0.029549
1,18811.000000,21189.000000,2,1885.445804,1500826.519488,359.482504,4.194254,1,1,1,0.017903
2,21870.000000,18130.000000,2,1818.349220,1294466.004867,173.687605,5.722668,1,1,1,0.024555
3,23016.000000,16984.000000,2,2475.636419,2224846.877780,255.960290,5.682451,1,1,1,0.018925
