generation,prey_fitness,predator_fitness,num_alive_end,avg_bb_size,var_bb_size,avg_shortest_dist,swarm_density_count,prey_neurons_connected_prey_retina,prey_neurons_connected_predator_retina,predator_neurons_connected_prey_retina,mutual_info
1,24250.000000,15750.000000,2,2728.450766,2910890.425740,176.523976,5.499503,3,3,6,0.028602
1,19541.000000,20459.000000,2,2124.621054,2236323.472487,285.164258,4.568047,3,3,6,0.031535
2,23332.000000,16668.000000,2,3012.523322,4538221.694764,185.270320,5.208893,3,3,6,0.038013
3,32251.000000,7749.000000,10,4002.177654,4520209.823675,88.287943,7.094493,3,3,6,0.028627
