generation,prey_fitness,predator_fitness,num_alive_end,avg_bb_size,var_bb_size,avg_shortest_dist,swarm_density_count,prey_neurons_connected_prey_retina,prey_neurons_connected_predator_retina,predator_neurons_connected_prey_retina,mutual_info
1,14730.000000,25270.000000,2,8541.998534,100959542.480085,1584.512394,1.861707,4,0,3,0.095631
1,17533.000000,22467.000000,2,15261.478558,214344522.686718,3464.587130,1.588765,4,0,3,0.052808
2,20022.000000,19978.000000,2,18677.901981,144226453.367773,6778.816773,1.802382,4,0,3,0.063576
3,15262.000000,24738.000000,2,12356.861034,165206486.631459,4311.710652,1.390987,4,0,3,0.056697
