generation,prey_fitness,predator_fitness,num_alive_end,avg_bb_size,var_bb_size,avg_shortest_dist,swarm_density_count,prey_neurons_connected_prey_retina,prey_neurons_connected_predator_retina,predator_neurons_connected_prey_retina,mutual_info
1,26752.000000,13248.000000,7,622.766689,92551.073535,18.031515,11.296005,2,1,1,0.009066
1,34044.000000,5956.000000,14,812.196838,100863.604298,13.097155,13.647570,2,1,1,0.017549
2,32915.000000,7085.000000,12,806.613251,96354.966338,14.628479,12.955802,2,1,1,0.021553
3,31551.000000,8449.000000,11,754.115834,80981.524161,14.803240,12.535667,2,1,1,0.013332
