generation,prey_fitness,predator_fitness,num_alive_end,avg_bb_size,var_bb_size,avg_shortest_dist,swarm_density_count,prey_neurons_connected_prey_retina,prey_neurons_connected_predator_retina,predator_neurons_connected_prey_retina,mutual_info
1,18528.000000,21472.000000,2,1153.783996,735685.990019,293.127953,5.335036,4,1,1,0.017505
1,27736.000000,12264.000000,2,1892.600466,1275190.747446,55.222016,8.066518,4,1,1,0.016384
2,19608.000000,20392.000000,2,1198.798481,902769.572536,237.699401,5.670892,4,1,1,0.036635
3,29816.000000,10184.000000,9,1994.472136,742550.902026,36.853205,8.337086,4,1,1,0.028153
