generation,prey_fitness,predator_fitness,num_alive_end,avg_bb_size,var_bb_size,avg_shortest_dist,swarm_density_count,prey_neurons_connected_prey_retina,prey_neurons_connected_predator_retina,predator_neurons_connected_prey_retina,mutual_info
1,13201.000000,26799.000000,2,34525.362523,340581933.541000,28483.791978,0.650304,1,0,2,0.101675
1,15708.000000,24292.000000,2,27891.987125,737395766.235492,7355.318861,0.847915,1,0,2,0.085818
2,14226.000000,25774.000000,2,40793.605104,463506883.757153,38800.773886,0.762833,1,0,2,0.055832
3,18832.000000,21168.000000,2,29424.569655,541776811.757841,4123.708994,0.949094,1,0,2,0.065999
