generation,prey_fitness,predator_fitness,num_alive_end,avg_bb_size,var_bb_size,avg_shortest_dist,swarm_density_count,prey_neurons_connected_prey_retina,prey_neurons_connected_predator_retina,predator_neurons_connected_prey_retina,mutual_info
1,29015.000000,10985.000000,10,1082.681886,137383.804561,34.016748,10.177609,1,1,3,0.010952
1,29372.000000,10628.000000,8,1042.057986,149123.878904,29.910684,10.619056,1,1,3,0.010854
2,32638.000000,7362.000000,12,1283.447251,198973.121831,29.882966,11.351307,1,1,3,0.011159
3,37389.000000,2611.000000,16,1318.483240,128758.735668,25.827475,13.109000,1,1,3,0.009977
