generation,prey_fitness,predator_fitness,num_alive_end,avg_bb_size,var_bb_size,avg_shortest_dist,swarm_density_count,prey_neurons_connected_prey_retina,prey_neurons_connected_predator_retina,predator_neurons_connected_prey_retina,mutual_info
1,37575.000000,2425.000000,15,2123.073070,723208.174087,30.101694,10.438516,1,5,2,0.036189
1,34674.000000,5326.000000,14,2179.915323,426883.291053,39.690102,9.929763,1,5,2,0.040846
2,35808.000000,4192.000000,15,2312.255541,736757.973394,35.364786,9.721374,1,5,2,0.034966
3,34874.000000,5126.000000,16,1989.028073,408951.736855,33.403951,10.166256,1,5,2,0.050848
