generation,prey_fitness,predator_fitness,num_alive_end,avg_bb_size,var_bb_size,avg_shortest_dist,swarm_density_count,prey_neurons_connected_prey_retina,prey_neurons_connected_predator_retina,predator_neurons_connected_prey_retina,mutual_info
1,16443.000000,23557.000000,2,926.867503,395043.377581,714.720987,5.673238,4,3,1,0.016729
1,21214.000000,18786.000000,2,1073.989081,613611.613351,136.267940,7.305393,4,3,1,0.015929
2,21302.000000,18698.000000,2,1218.783611,700140.212839,117.740550,7.343467,4,3,1,0.019263
3,30021.000000,9979.000000,8,1684.069960,381075.405607,50.594675,10.150746,4,3,1,0.009162
