generation,prey_fitness,predator_fitness,num_alive_end,avg_bb_size,var_bb_size,avg_shortest_dist,swarm_density_count,prey_neurons_connected_prey_retina,prey_neurons_connected_predator_retina,predator_neurons_connected_prey_retina,mutual_info
1,40000.000000,1.000000,20,418.200642,17882.999306,9.325491,18.943100,3,6,1,0.317938
1,38362.000000,1638.000000,18,420.214534,24744.353312,9.962664,18.109927,3,6,1,0.309765
2,37188.000000,2812.000000,18,425.180125,19692.206122,10.447847,17.559520,3,6,1,0.310607
3,38152.000000,1848.000000,19,451.992627,33698.838550,10.855786,17.998674,3,6,1,0.303048
