generation,prey_fitness,predator_fitness,num_alive_end,avg_bb_size,var_bb_size,avg_shortest_dist,swarm_density_count,prey_neurons_connected_prey_retina,prey_neurons_connected_predator_retina,predator_neurons_connected_prey_retina,mutual_info
1,14083.000000,25917.000000,2,1181.307922,726554.137654,1063.611517,3.771993,1,0,1,0.020196
1,21669.000000,18331.000000,2,1429.327186,742714.492286,165.008476,6.886650,1,0,1,0.018578
2,20737.000000,19263.000000,2,1363.003917,895246.319476,255.013653,6.664039,1,0,1,0.011235
3,16813.000000,23187.000000,2,1048.865857,703836.758688,494.830727,5.338208,1,0,1,0.025894
