generation,prey_fitness,predator_fitness,num_alive_end,avg_bb_size,var_bb_size,avg_shortest_dist,swarm_density_count,prey_neurons_connected_prey_retina,prey_neurons_connected_predator_retina,predator_neurons_connected_prey_retina,mutual_info
1,30611.000000,9389.000000,10,999.828646,198858.796227,18.098971,10.815652,1,4,1,0.029810
1,32278.000000,7722.000000,8,1035.967906,212609.888707,15.573565,11.183769,1,4,1,0.029974
2,30074.000000,9926.000000,7,846.188854,108542.557256,19.177671,10.946999,1,4,1,0.021529
3,35618.000000,4382.000000,16,977.735511,148996.290901,12.464955,12.611994,1,4,1,0.022124
