generation,prey_fitness,predator_fitness,num_alive_end,avg_bb_size,var_bb_size,avg_shortest_dist,swarm_density_count,prey_neurons_connected_prey_retina,prey_neurons_connected_predator_retina,predator_neurons_connected_prey_retina,mutual_info
1,37108.000000,2892.000000,18,798.690067,44537.001256,19.307803,16.521747,3,2,1,0.005110
1,30229.000000,9771.000000,10,760.842049,71709.301992,24.558291,13.039215,3,2,1,0.008632
2,28838.000000,11162.000000,8,709.536907,56424.726339,27.332047,12.623594,3,2,1,0.009605
3,37043.000000,2957.000000,14,837.516105,72298.243738,18.298176,16.144299,3,2,1,0.005879
