generation,prey_fitness,predator_fitness,num_alive_end,avg_bb_size,var_bb_size,avg_shortest_dist,swarm_density_count,prey_neurons_connected_prey_retina,prey_neurons_connected_predator_retina,predator_neurons_connected_prey_retina,mutual_info
1,15635.000000,24365.000000,2,62018.908726,531646943.205596,58888.752372,0.717061,1,1,1,0.072849
1,18339.000000,21661.000000,2,32445.874966,444059329.309723,32348.948553,0.895652,1,1,1,0.051759
2,20373.000000,19627.000000,2,59505.610646,1331451068.142628,14781.926654,0.802702,1,1,1,0.064212
3,16083.000000,23917.000000,2,49492.257370,1226226196.836417,15275.798377,0.683437,1,1,1,0.073424
