generation,prey_fitness,predator_fitness,num_alive_end,avg_bb_size,var_bb_size,avg_shortest_dist,swarm_density_count,prey_neurons_connected_prey_retina,prey_neurons_connected_predator_retina,predator_neurons_connected_prey_retina,mutual_info
1,16264.000000,23736.000000,2,4509.901108,25759884.760059,1439.947947,2.187460,4,1,5,0.041093
1,18614.000000,21386.000000,2,5937.418487,20073913.238846,899.733602,2.457078,4,1,5,0.073038
2,17387.000000,22613.000000,2,5663.672845,19608601.917203,1570.078857,1.946880,4,1,5,0.044823
3,18492.000000,21508.000000,2,8125.239337,26324351.120198,1681.165969,2.002507,4,1,5,0.058966
