generation,prey_fitness,predator_fitness,num_alive_end,avg_bb_size,var_bb_size,avg_shortest_dist,swarm_density_count,prey_neurons_connected_prey_retina,prey_neurons_connected_predator_retina,predator_neurons_connected_prey_retina,mutual_info
1,13874.000000,26126.000000,2,7252.472665,46335430.308596,3665.912752,1.410910,1,1,1,0.094182
1,16215.000000,23785.000000,2,7496.557422,52340239.977737,2019.456850,1.631858,1,1,1,0.053718
2,17039.000000,22961.000000,2,13344.410769,137070268.118293,4311.063777,1.373294,1,1,1,0.036298
3,19790.000000,20210.000000,2,10842.181767,24933775.347583,3129.849015,1.836266,1,1,1,0.037310
