generation,prey_fitness,predator_fitness,num_alive_end,avg_bb_size,var_bb_size,avg_shortest_dist,swarm_density_count,prey_neurons_connected_prey_retina,prey_neurons_connected_predator_retina,predator_neurons_connected_prey_retina,mutual_info
1,36834.000000,3166.000000,18,499.272056,12485.079619,11.350617,17.413439,2,0,1,0.006221
1,38774.000000,1226.000000,19,549.487804,15447.774211,12.061798,18.349592,2,0,1,0.004655
2,38117.000000,1883.000000,18,535.738184,11760.014053,13.064839,18.043593,2,0,1,0.005087
3,40000.000000,1.000000,20,510.473041,12479.159096,10.088640,18.993750,2,0,1,0.005063
