generation,prey_fitness,predator_fitness,num_alive_end,avg_bb_size,var_bb_size,avg_shortest_dist,swarm_density_count,prey_neurons_connected_prey_retina,prey_neurons_connected_predator_retina,predator_neurons_connected_prey_retina,mutual_info
1,28346.000000,11654.000000,7,826.793532,101222.960378,23.943656,11.099309,2,0,1,0.011564
1,32643.000000,7357.000000,13,874.096736,127297.902973,19.877351,13.570123,2,0,1,0.010459
2,33476.000000,6524.000000,12,960.565348,112124.692043,20.535759,13.181148,2,0,1,0.015121
3,35427.000000,4573.000000,13,904.246916,96847.397937,18.445389,14.416570,2,0,1,0.021673
