generation,prey_fitness,predator_fitness,num_alive_end,avg_bb_size,var_bb_size,avg_shortest_dist,swarm_density_count,prey_neurons_connected_prey_retina,prey_neurons_connected_predator_retina,predator_neurons_connected_prey_retina,mutual_info
1,13511.000000,26489.000000,2,5775.013896,21852115.390327,4741.882626,1.430710,0,1,1,0.072775
1,13998.000000,26002.000000,2,6358.421881,25690364.215475,4653.137402,1.639563,0,1,1,0.037151
2,13181.000000,26819.000000,2,5567.819590,34810724.486603,2581.000734,1.332978,0,1,1,0.032749
3,13576.000000,26424.000000,2,4452.509416,15377165.914924,2884.612222,1.462500,0,1,1,0.041790
