generation,prey_fitness,predator_fitness,num_alive_end,avg_bb_size,var_bb_size,avg_shortest_dist,swarm_density_count,prey_neurons_connected_prey_retina,prey_neurons_connected_predator_retina,predator_neurons_connected_prey_retina,mutual_info
1,36207.000000,3793.000000,17,486.014436,18016.296967,11.426730,16.999584,1,2,1,0.015160
1,37274.000000,2726.000000,18,479.424328,17265.610837,10.771853,17.529136,1,2,1,0.017176
2,37855.000000,2145.000000,18,458.756581,14295.511968,10.565721,17.892497,1,2,1,0.014001
3,31552.000000,8448.000000,14,480.383919,24961.536107,14.941252,14.682824,1,2,1,0.014965
