generation,prey_fitness,predator_fitness,num_alive_end,avg_bb_size,var_bb_size,avg_shortest_dist,swarm_density_count,prey_neurons_connected_prey_retina,prey_neurons_connected_predator_retina,predator_neurons_connected_prey_retina,mutual_info
1,32018.000000,7982.000000,12,466.861943,26186.707185,11.085181,14.674523,1,1,1,0.006914
1,36395.000000,3605.000000,15,490.259199,28162.620828,10.079720,16.931209,1,1,1,0.007424
2,33180.000000,6820.000000,14,438.758268,22098.610912,9.901455,15.417456,1,1,1,0.006577
3,39054.000000,946.000000,18,498.151484,27033.923346,8.395502,18.199079,1,1,1,0.004950
