generation,prey_fitness,predator_fitness,num_alive_end,avg_bb_size,var_bb_size,avg_shortest_dist,swarm_density_count,prey_neurons_connected_prey_retina,prey_neurons_connected_predator_retina,predator_neurons_connected_prey_retina,mutual_info
1,36040.000000,3960.000000,13,1047.664730,314728.664660,15.661476,13.802826,2,1,2,0.011973
1,32741.000000,7259.000000,12,975.501810,152532.912411,17.698962,11.930151,2,1,2,0.022141
2,31270.000000,8730.000000,11,1139.797918,230200.198327,23.421335,10.570766,2,1,2,0.031810
3,34982.000000,5018.000000,14,897.343642,235717.126684,14.670189,13.568258,2,1,2,0.013614
