generation,prey_fitness,predator_fitness,num_alive_end,avg_bb_size,var_bb_size,avg_shortest_dist,swarm_density_count,prey_neurons_connected_prey_retina,prey_neurons_connected_predator_retina,predator_neurons_connected_prey_retina,mutual_info
1,13735.000000,26265.000000,2,14104.524421,342526662.850777,2173.485332,0.978656,1,1,1,0.047516
1,12593.000000,27407.000000,2,12604.063140,280784905.582352,6710.185606,0.714055,1,1,1,0.074637
2,11905.000000,28095.000000,2,12954.171419,105565064.742715,13121.007244,0.727295,1,1,1,0.061281
3,12575.000000,27425.000000,2,12774.264221,188542969.444547,5544.575815,0.709169,1,1,1,0.058088
