generation,prey_fitness,predator_fitness,num_alive_end,avg_bb_size,var_bb_size,avg_shortest_dist,swarm_density_count,prey_neurons_connected_prey_retina,prey_neurons_connected_predator_retina,predator_neurons_connected_prey_retina,mutual_info
1,13837.000000,26163.000000,2,9634.151695,51753660.841959,9412.975891,1.054025,2,1,1,0.055674
1,18354.000000,21646.000000,2,17233.575850,114930468.560179,8650.277645,1.277451,2,1,1,0.040888
2,13647.000000,26353.000000,2,10527.747416,70667163.107334,10412.565493,1.117893,2,1,1,0.068857
3,12927.000000,27073.000000,2,5639.729226,46170730.131158,2524.783225,1.102909,2,1,1,0.049191
