generation,prey_fitness,predator_fitness,num_alive_end,avg_bb_size,var_bb_size,avg_shortest_dist,swarm_density_count,prey_neurons_connected_prey_retina,prey_neurons_connected_predator_retina,predator_neurons_connected_prey_retina,mutual_info
1,28143.000000,11857.000000,5,857.188132,168283.892044,22.300692,10.569134,2,1,2,0.012777
1,29283.000000,10717.000000,8,829.152071,82855.707700,20.230300,11.389532,2,1,2,0.013668
2,29983.000000,10017.000000,5,789.134057,160159.502244,23.033971,11.459948,2,1,2,0.016554
3,22388.000000,17612.000000,2,618.089850,194913.487339,67.467291,8.646305,2,1,2,0.018150
