generation,prey_fitness,predator_fitness,num_alive_end,avg_bb_size,var_bb_size,avg_shortest_dist,swarm_density_count,prey_neurons_connected_prey_retina,prey_neurons_connected_predator_retina,predator_neurons_connected_prey_retina,mutual_info
1,29263.000000,10737.000000,7,1650.236268,422371.774163,38.181633,8.746089,2,0,4,0.031847
1,27782.000000,12218.000000,3,1693.747591,663388.535085,49.001108,7.868907,2,0,4,0.042352
2,24966.000000,15034.000000,2,1303.029834,468587.640032,95.177362,7.968772,2,0,4,0.034167
3,27477.000000,12523.000000,7,1496.758563,370352.405740,40.024038,8.436569,2,0,4,0.031928
