generation,prey_fitness,predator_fitness,num_alive_end,avg_bb_size,var_bb_size,avg_shortest_dist,swarm_density_count,prey_neurons_connected_prey_retina,prey_neurons_connected_predator_retina,predator_neurons_connected_prey_retina,mutual_info
1,25788.000000,14212.000000,4,1250.256898,323761.030870,43.345069,8.361018,3,1,1,0.024570
1,27107.000000,12893.000000,5,1398.954850,299688.999981,39.424210,8.580708,3,1,1,0.024518
2,29126.000000,10874.000000,6,1324.891618,296772.691365,33.368133,9.565849,3,1,1,0.026684
3,25705.000000,14295.000000,3,1063.082638,285496.052425,48.201931,9.077875,3,1,1,0.019096
