generation,prey_fitness,predator_fitness,num_alive_end,avg_bb_size,var_bb_size,avg_shortest_dist,swarm_density_count,prey_neurons_connected_prey_retina,prey_neurons_connected_predator_retina,predator_neurons_connected_prey_retina,mutual_info
1,25468.000000,14532.000000,2,4869.844164,11603891.606473,316.351049,4.340163,2,1,2,0.044843
1,19352.000000,20648.000000,2,4426.298428,18078305.284510,644.680688,3.190968,2,1,2,0.047773
2,16579.000000,23421.000000,2,2195.854925,4286638.284655,418.813971,3.357337,2,1,2,0.033159
3,17634.000000,22366.000000,2,3930.396421,20901284.422552,542.335739,2.956061,2,1,2,0.062048
