generation,prey_fitness,predator_fitness,num_alive_end,avg_bb_size,var_bb_size,avg_shortest_dist,swarm_density_count,prey_neurons_connected_prey_retina,prey_neurons_connected_predator_retina,predator_neurons_connected_prey_retina,mutual_info
1,12559.000000,27441.000000,2,11827.879782,90100778.016094,5887.488870,0.732998,1,0,1,0.078579
1,14857.000000,25143.000000,2,20513.515301,325255406.913936,8767.939939,0.727066,1,0,1,0.082932
2,14714.000000,25286.000000,2,18161.626644,249833849.068461,9064.345781,0.737354,1,0,1,0.072900
3,16104.000000,23896.000000,2,15467.651669,232022479.314782,3493.786736,0.890063,1,0,1,0.041239
