generation,prey_fitness,predator_fitness,num_alive_end,avg_bb_size,var_bb_size,avg_shortest_dist,swarm_density_count,prey_neurons_connected_prey_retina,prey_neurons_connected_predator_retina,predator_neurons_connected_prey_retina,mutual_info
1,11645.000000,28355.000000,2,45956.939176,2355559663.944459,21514.804581,0.884127,3,1,1,0.086038
1,19396.000000,20604.000000,5,111030.817843,5926482633.362978,10393.245741,0.820103,3,1,1,0.039092
2,20323.000000,19677.000000,4,174967.173050,5308148945.839157,38308.504267,0.706166,3,1,1,0.058944
3,17479.000000,22521.000000,3,142069.669224,3747474738.167846,47838.922621,0.887707,3,1,1,0.053674
