generation,prey_fitness,predator_fitness,num_alive_end,avg_bb_size,var_bb_size,avg_shortest_dist,swarm_density_count,prey_neurons_connected_prey_retina,prey_neurons_connected_predator_retina,predator_neurons_connected_prey_retina,mutual_info
1,24821.000000,15179.000000,3,1684.818649,1738388.875657,57.939468,7.145931,1,0,1,0.025956
1,27545.000000,12455.000000,5,1984.502967,792900.375369,61.986033,7.692462,1,0,1,0.033358
2,21962.000000,18038.000000,2,1498.558038,1148099.029519,211.096484,6.261635,1,0,1,0.039018
3,28577.000000,11423.000000,6,2169.230099,1021847.795581,57.414138,7.718426,1,0,1,0.044866
