generation,prey_fitness,predator_fitness,num_alive_end,avg_bb_size,var_bb_size,avg_shortest_dist,swarm_density_count,prey_neurons_connected_prey_retina,prey_neurons_connected_predator_retina,predator_neurons_connected_prey_retina,mutual_info
1,31761.000000,8239.000000,11,970.391105,148486.932269,19.096419,12.068719,3,3,1,0.014356
1,33462.000000,6538.000000,14,928.757105,177577.132180,17.733690,13.022432,3,3,1,0.013484
2,26163.000000,13837.000000,6,776.922256,179632.692949,22.297385,10.133084,3,3,1,0.016761
3,28842.000000,11158.000000,10,807.578258,104014.099866,19.363302,11.419709,3,3,1,0.016632
