generation,prey_fitness,predator_fitness,num_alive_end,avg_bb_size,var_bb_size,avg_shortest_dist,swarm_density_count,prey_neurons_connected_prey_retina,prey_neurons_connected_predator_retina,predator_neurons_connected_prey_retina,mutual_info
1,15996.000000,24004.000000,2,6247.959853,47655613.154206,2555.063378,1.792253,1,4,1,0.086366
1,14510.000000,25490.000000,2,7271.106666,36680668.660213,9192.883279,1.316746,1,4,1,0.047800
2,17792.000000,22208.000000,2,6470.232303,22105706.945691,1936.420246,1.925045,1,4,1,0.059556
3,12214.000000,27786.000000,2,4312.207518,12662095.117617,4288.558738,1.426818,1,4,1,0.044529
