generation,prey_fitness,predator_fitness,num_alive_end,avg_bb_size,var_bb_size,avg_shortest_dist,swarm_density_count,prey_neurons_connected_prey_retina,prey_neurons_connected_predator_retina,predator_neurons_connected_prey_retina,mutual_info
1,35434.000000,4566.000000,16,625.014390,54940.548076,8.969280,14.868209,2,2,2,0.009736
1,32985.000000,7015.000000,12,660.910588,72266.820610,11.471234,13.393816,2,2,2,0.018204
2,30252.000000,9748.000000,10,586.826750,55264.922628,12.492034,12.592286,2,2,2,0.009818
3,31058.000000,8942.000000,12,613.879756,45706.386932,11.459857,13.130828,2,2,2,0.013460
