generation,prey_fitness,predator_fitness,num_alive_end,avg_bb_size,var_bb_size,avg_shortest_dist,swarm_density_count,prey_neurons_connected_prey_retina,prey_neurons_connected_predator_retina,predator_neurons_connected_prey_retina,mutual_info
1,20714.000000,19286.000000,2,1843.983328,1123983.827738,590.193130,5.821964,3,3,3,0.034007
1,19130.000000,20870.000000,2,1416.103423,721047.244041,132.143197,6.130779,3,3,3,0.019583
2,16981.000000,23019.000000,2,1423.597997,1029045.464938,760.272874,4.774046,3,3,3,0.048148
3,15167.000000,24833.000000,2,1356.072244,1629879.128297,583.582850,4.260342,3,3,3,0.036869
