generation,prey_fitness,predator_fitness,num_alive_end,avg_bb_size,var_bb_size,avg_shortest_dist,swarm_density_count,prey_neurons_connected_prey_retina,prey_neurons_connected_predator_retina,predator_neurons_connected_prey_retina,mutual_info
1,25709.000000,14291.000000,5,1348.686590,369313.200611,43.720756,8.280594,1,3,1,0.013496
1,20103.000000,19897.000000,2,963.790715,395341.315412,124.224064,6.629127,1,3,1,0.016478
2,31076.000000,8924.000000,9,1696.917571,469320.623618,38.649095,9.531953,1,3,1,0.018730
3,28873.000000,11127.000000,8,1268.145592,296652.347273,32.504791,9.842428,1,3,1,0.013071
