generation,prey_fitness,predator_fitness,num_alive_end,avg_bb_size,var_bb_size,avg_shortest_dist,swarm_density_count,prey_neurons_connected_prey_retina,prey_neurons_connected_predator_retina,predator_neurons_connected_prey_retina,mutual_info
1,16596.000000,23404.000000,2,5974.879513,20858568.487233,1585.211324,1.949928,2,3,5,0.039703
1,15079.000000,24921.000000,2,4717.131302,23566889.367979,2108.914722,1.764831,2,3,5,0.051185
2,15693.000000,24307.000000,2,4579.447097,19584332.082468,2016.335268,1.826901,2,3,5,0.037033
3,13516.000000,26484.000000,2,3356.512196,8381002.332858,2659.461240,1.737517,2,3,5,0.031709
