generation,prey_fitness,predator_fitness,num_alive_end,avg_bb_size,var_bb_size,avg_shortest_dist,swarm_density_count,prey_neurons_connected_prey_retina,prey_neurons_connected_predator_retina,predator_neurons_connected_prey_retina,mutual_info
1,17758.000000,22242.000000,2,1445.216055,1193601.947569,432.929968,4.767561,3,1,2,0.019600
1,15094.000000,24906.000000,2,1107.189521,1268291.073597,306.339389,4.217382,3,1,2,0.026876
2,19629.000000,20371.000000,2,1402.248917,1064043.100728,361.563129,5.797121,3,1,2,0.012954
3,23381.000000,16619.000000,2,1600.269187,832050.534069,130.368093,7.191684,3,1,2,0.019807
