generation,prey_fitness,predator_fitness,num_alive_end,avg_bb_size,var_bb_size,avg_shortest_dist,swarm_density_count,prey_neurons_connected_prey_retina,prey_neurons_connected_predator_retina,predator_neurons_connected_prey_retina,mutual_info
1,19557.000000,20443.000000,4,135958.727902,4513347556.669391,22626.833990,0.676901,2,3,1,0.060025
1,17913.000000,22087.000000,2,76589.572243,4305805543.614209,9774.303198,0.706392,2,3,1,0.119564
2,18024.000000,21976.000000,3,75756.870211,3385183559.806637,14530.465197,0.649714,2,3,1,0.039022
3,15129.000000,24871.000000,2,67686.002097,1801399672.610404,68382.297048,0.724012,2,3,1,0.064394
