generation,prey_fitness,predator_fitness,num_alive_end,avg_bb_size,var_bb_size,avg_shortest_dist,swarm_density_count,prey_neurons_connected_prey_retina,prey_neurons_connected_predator_retina,predator_neurons_connected_prey_retina,mutual_info
1,17603.000000,22397.000000,4,114141.922365,3172050217.808374,22138.911752,0.780361,0,0,1,0.056795
1,20159.000000,19841.000000,2,141981.093796,4344956588.876736,43251.753552,0.787779,0,0,1,0.053298
2,15486.000000,24514.000000,2,94702.496664,1955582234.736173,31475.810517,0.684193,0,0,1,0.078069
3,19488.000000,20512.000000,2,147339.308299,8045326557.913583,44138.780080,0.701610,0,0,1,0.039342
