generation,prey_fitness,predator_fitness,num_alive_end,avg_bb_size,var_bb_size,avg_shortest_dist,swarm_density_count,prey_neurons_connected_prey_retina,prey_neurons_connected_predator_retina,predator_neurons_connected_prey_retina,mutual_info
1,36431.000000,3569.000000,16,1648.931720,116777.003209,31.748470,10.832275,2,0,1,0.005743
1,36351.000000,3649.000000,15,1667.124525,107711.626757,32.591792,10.680252,2,0,1,0.004380
2,32283.000000,7717.000000,12,1436.229599,285314.012934,33.659658,10.438892,2,0,1,0.005839
3,35430.000000,4570.000000,13,1475.537940,194489.375934,30.219894,11.349503,2,0,1,0.008614
