generation,prey_fitness,predator_fitness,num_alive_end,avg_bb_size,var_bb_size,avg_shortest_dist,swarm_density_count,prey_neurons_connected_prey_retina,prey_neurons_connected_predator_retina,predator_neurons_connected_prey_retina,mutual_info
1,21411.000000,18589.000000,4,141617.104164,4983027184.260107,12018.528316,0.804469,1,1,1,0.047010
1,15663.000000,24337.000000,2,68565.187759,2641243927.460735,19208.513572,0.788379,1,1,1,0.065865
2,17424.000000,22576.000000,2,109841.283154,4423150643.790058,43683.441839,0.923053,1,1,1,0.076708
3,15880.000000,24120.000000,4,79208.634330,2027381606.073407,20830.805990,0.890021,1,1,1,0.065037
