generation,prey_fitness,predator_fitness,num_alive_end,avg_bb_size,var_bb_size,avg_shortest_dist,swarm_density_count,prey_neurons_connected_prey_retina,prey_neurons_connected_predator_retina,predator_neurons_connected_prey_retina,mutual_info
1,39049.000000,10951.000000,14,1165.871412,252805.212203,13.987745,14.234978,1,1,1,0.016993
1,40002.000000,9998.000000,14,960.753718,146018.050010,12.041676,15.889150,1,1,1,0.015999
2,39362.000000,10638.000000,13,967.351900,158123.870142,12.221138,14.917705,1,1,1,0.009846
3,39625.000000,10375.000000,13,965.037654,123952.280733,12.785598,15.497634,1,1,1,0.011695
