generation,prey_fitness,predator_fitness,num_alive_end,avg_bb_size,var_bb_size,avg_shortest_dist,swarm_density_count,prey_neurons_connected_prey_retina,prey_neurons_connected_predator_retina,predator_neurons_connected_prey_retina,mutual_info
1,38552.000000,11448.000000,8,1721.194719,714767.734834,19.475395,11.709457,1,2,1,0.029455
1,36536.000000,13464.000000,10,1711.112050,437104.365707,21.893546,11.111941,1,2,1,0.029969
2,42399.000000,7601.000000,18,1905.388092,896863.534336,18.894924,13.420235,1,2,1,0.040924
3,42183.000000,7817.000000,15,1689.140452,642777.928090,15.159544,12.927869,1,2,1,0.030948
