generation,prey_fitness,predator_fitness,num_alive_end,avg_bb_size,var_bb_size,avg_shortest_dist,swarm_density_count,prey_neurons_connected_prey_retina,prey_neurons_connected_predator_retina,predator_neurons_connected_prey_retina,mutual_info
1,42634.000000,7366.000000,18,725.889607,47700.589012,9.548439,18.436265,2,0,3,0.012193
1,46224.000000,3776.000000,19,802.147871,60302.425326,9.750270,20.117812,2,0,3,0.006460
2,42283.000000,7717.000000,17,714.853892,56624.866322,9.618270,18.549816,2,0,3,0.011139
3,44452.000000,5548.000000,20,774.470859,70507.848896,9.587102,19.321220,2,0,3,0.007533
