generation,prey_fitness,predator_fitness,num_alive_end,avg_bb_size,var_bb_size,avg_shortest_dist,swarm_density_count,prey_neurons_connected_prey_retina,prey_neurons_connected_predator_retina,predator_neurons_connected_prey_retina,mutual_info
1,22824.000000,27176.000000,2,26965.267650,536312614.028889,2698.936905,1.429854,1,1,1,0.042958
1,24933.000000,25067.000000,2,31563.873156,583746479.383923,4914.204976,1.488876,1,1,1,0.057625
2,24247.000000,25753.000000,2,37505.251560,963472243.585057,2087.092661,1.485734,1,1,1,0.045405
3,22802.000000,27198.000000,2,46941.460099,1072465597.258906,8761.442296,1.292003,1,1,1,0.090500
