generation,prey_fitness,predator_fitness,num_alive_end,avg_bb_size,var_bb_size,avg_shortest_dist,swarm_density_count,prey_neurons_connected_prey_retina,prey_neurons_connected_predator_retina,predator_neurons_connected_prey_retina,mutual_info
1,26853.000000,23147.000000,3,29603.162743,162643488.616061,1905.400782,1.373591,1,0,1,0.038807
1,28555.000000,21445.000000,2,48116.703238,533295039.664867,3402.488198,1.309209,1,0,1,0.024078
2,25622.000000,24378.000000,2,26602.134843,226583348.657417,2693.515887,1.341365,1,0,1,0.021443
3,25961.000000,24039.000000,2,50770.697345,812901116.041937,3292.516033,1.134387,1,0,1,0.044482
