generation,prey_fitness,predator_fitness,num_alive_end,avg_bb_size,var_bb_size,avg_shortest_dist,swarm_density_count,prey_neurons_connected_prey_retina,prey_neurons_connected_predator_retina,predator_neurons_connected_prey_retina,mutual_info
1,44028.000000,5972.000000,15,947.258629,121881.165878,9.573792,16.663701,2,1,1,0.021920
1,41837.000000,8163.000000,17,948.635179,147250.893594,9.773203,15.678889,2,1,1,0.020845
2,45255.000000,4745.000000,17,1013.545311,168060.812044,9.410607,16.380702,2,1,1,0.018218
3,39260.000000,10740.000000,13,1030.464628,168480.318281,12.197262,14.540546,2,1,1,0.028217
