generation,prey_fitness,predator_fitness,num_alive_end,avg_bb_size,var_bb_size,avg_shortest_dist,swarm_density_count,prey_neurons_connected_prey_retina,prey_neurons_connected_predator_retina,predator_neurons_connected_prey_retina,mutual_info
1,17800.000000,32200.000000,2,52485.204960,1331851246.234630,10757.847588,0.936516,0,0,1,0.085437
1,22944.000000,27056.000000,2,63310.064375,2299400203.127578,7674.874759,1.232401,0,0,1,0.067577
2,28749.000000,21251.000000,3,84401.081328,2768615267.893342,4838.718341,1.208096,0,0,1,0.037882
3,28391.000000,21609.000000,4,137027.034056,3502222361.006046,6521.777729,1.033771,0,0,1,0.038553
