generation,prey_fitness,predator_fitness,num_alive_end,avg_bb_size,var_bb_size,avg_shortest_dist,swarm_density_count,prey_neurons_connected_prey_retina,prey_neurons_connected_predator_retina,predator_neurons_connected_prey_retina,mutual_info
1,30721.000000,19279.000000,3,3661.458716,4280100.109120,142.983041,6.754681,2,3,1,0.015034
1,33709.000000,16291.000000,3,3822.493248,2952474.661967,142.055035,7.332718,2,3,1,0.022218
2,28078.000000,21922.000000,2,3106.949688,3536806.159984,271.332833,6.161303,2,3,1,0.021359
3,36148.000000,13852.000000,9,3916.600949,2874607.935410,94.650122,8.264059,2,3,1,0.013104
