generation,prey_fitness,predator_fitness,num_alive_end,avg_bb_size,var_bb_size,avg_shortest_dist,swarm_density_count,prey_neurons_connected_prey_retina,prey_neurons_connected_predator_retina,predator_neurons_connected_prey_retina,mutual_info
1,40788.000000,9212.000000,15,3852.338328,7294333.446228,39.205282,9.959025,3,3,1,0.037410
1,45013.000000,4987.000000,20,3232.157320,1583329.123091,27.694092,11.123824,3,3,1,0.032509
2,36988.000000,13012.000000,12,2626.335017,1027425.808662,34.920266,9.654511,3,3,1,0.029913
3,43426.000000,6574.000000,18,2863.111773,1641243.946278,25.140803,11.473180,3,3,1,0.022317
