generation,prey_fitness,predator_fitness,num_alive_end,avg_bb_size,var_bb_size,avg_shortest_dist,swarm_density_count,prey_neurons_connected_prey_retina,prey_neurons_connected_predator_retina,predator_neurons_connected_prey_retina,mutual_info
1,46461.000000,3539.000000,21,780.363690,69543.605792,6.931189,19.068696,2,2,3,0.020797
1,45313.000000,4687.000000,20,810.523017,92574.264506,7.912847,18.243982,2,2,3,0.014094
2,45782.000000,4218.000000,19,751.337261,76183.151966,7.035485,18.614897,2,2,3,0.016997
3,49075.000000,925.000000,24,751.843686,88979.889535,5.419331,19.830232,2,2,3,0.020193
