generation,prey_fitness,predator_fitness,num_alive_end,avg_bb_size,var_bb_size,avg_shortest_dist,swarm_density_count,prey_neurons_connected_prey_retina,prey_neurons_connected_predator_retina,predator_neurons_connected_prey_retina,mutual_info
1,43236.000000,6764.000000,17,1202.021020,148745.132018,19.597169,17.281424,3,1,1,0.007242
1,39318.000000,10682.000000,13,1165.711859,173306.926934,23.624824,15.785493,3,1,1,0.016749
2,45436.000000,4564.000000,18,1183.889388,126129.818406,18.140020,18.379346,3,1,1,0.018065
3,39993.000000,10007.000000,14,981.616492,98514.666403,17.947103,16.849409,3,1,1,0.013787
