generation,prey_fitness,predator_fitness,num_alive_end,avg_bb_size,var_bb_size,avg_shortest_dist,swarm_density_count,prey_neurons_connected_prey_retina,prey_neurons_connected_predator_retina,predator_neurons_connected_prey_retina,mutual_info
1,26853.000000,23147.000000,2,16149.469876,112491767.705052,1077.780497,2.127226,0,0,1,0.057987
1,23942.000000,26058.000000,2,20936.055287,236050409.524337,3779.060107,1.440764,0,0,1,0.037361
2,19908.000000,30092.000000,2,13060.083748,167872411.886691,1661.739425,1.484018,0,0,1,0.056010
3,24958.000000,25042.000000,2,16965.167632,78358388.917339,4328.104876,1.902899,0,0,1,0.043383
