generation,prey_fitness,predator_fitness,num_alive_end,avg_bb_size,var_bb_size,avg_shortest_dist,swarm_density_count,prey_neurons_connected_prey_retina,prey_neurons_connected_predator_retina,predator_neurons_connected_prey_retina,mutual_info
1,30318.000000,19682.000000,2,18884.570554,124645590.518709,472.758691,2.317167,1,1,1,0.058310
1,22090.000000,27910.000000,2,9905.683142,74950167.432576,1350.115423,2.100550,1,1,1,0.039176
2,25581.000000,24419.000000,2,15542.693487,142142471.082068,650.303874,1.878898,1,1,1,0.026561
3,25457.000000,24543.000000,2,19866.444569,169704576.183316,1052.721202,1.896795,1,1,1,0.034963
