generation,prey_fitness,predator_fitness,num_alive_end,avg_bb_size,var_bb_size,avg_shortest_dist,swarm_density_count,prey_neurons_connected_prey_retina,prey_neurons_connected_predator_retina,predator_neurons_connected_prey_retina,mutual_info
1,39051.000000,10949.000000,16,1107.765494,188610.882598,15.076936,14.180617,1,0,1,0.013962
1,40822.000000,9178.000000,15,1144.724845,158003.515805,14.734344,15.041034,1,0,1,0.012643
2,47293.000000,2707.000000,21,1257.149325,174925.715677,11.376331,17.231672,1,0,1,0.016103
3,40341.000000,9659.000000,16,1129.206332,190175.998832,14.725748,14.739962,1,0,1,0.017404
