generation,prey_fitness,predator_fitness,num_alive_end,avg_bb_size,var_bb_size,avg_shortest_dist,swarm_density_count,prey_neurons_connected_prey_retina,prey_neurons_connected_predator_retina,predator_neurons_connected_prey_retina,mutual_info
1,19472.000000,30528.000000,2,10985.746542,109879614.386281,3135.723985,1.648642,1,1,1,0.048538
1,21537.000000,28463.000000,2,18686.352502,119005878.631863,7583.590510,1.460402,1,1,1,0.035785
2,24849.000000,25151.000000,2,20569.242169,170526665.812917,2071.417390,1.573588,1,1,1,0.021990
3,21272.000000,28728.000000,2,14942.622909,94298158.684124,7699.949047,1.648988,1,1,1,0.053271
