generation,prey_fitness,predator_fitness,num_alive_end,avg_bb_size,var_bb_size,avg_shortest_dist,swarm_density_count,prey_neurons_connected_prey_retina,prey_neurons_connected_predator_retina,predator_neurons_connected_prey_retina,mutual_info
1,18576.000000,31424.000000,2,18906.524595,346217531.691246,2653.682908,1.182594,5,3,1,0.123191
1,20676.000000,29324.000000,2,26752.581164,344678573.733558,6134.032258,1.071383,5,3,1,0.037707
2,25472.000000,24528.000000,2,34549.362690,310041707.508362,7054.184216,1.236743,5,3,1,0.037145
3,26571.000000,23429.000000,2,51425.094674,592306053.348593,4134.257106,1.161315,5,3,1,0.034309
