generation,prey_fitness,predator_fitness,num_alive_end,avg_bb_size,var_bb_size,avg_shortest_dist,swarm_density_count,prey_neurons_connected_prey_retina,prey_neurons_connected_predator_retina,predator_neurons_connected_prey_retina,mutual_info
1,38558.000000,11442.000000,16,901.474760,73213.060007,21.879305,16.792171,4,1,1,0.005471
1,47244.000000,2756.000000,20,1178.093701,90001.111676,21.257441,20.215587,4,1,1,0.005369
2,43939.000000,6061.000000,20,1215.360178,131068.769718,23.993320,18.174477,4,1,1,0.007967
3,49288.000000,712.000000,24,1072.921699,80025.425305,18.448740,21.351903,4,1,1,0.008667
