generation,prey_fitness,predator_fitness,num_alive_end,avg_bb_size,var_bb_size,avg_shortest_dist,swarm_density_count,prey_neurons_connected_prey_retina,prey_neurons_connected_predator_retina,predator_neurons_connected_prey_retina,mutual_info
1,31268.000000,18732.000000,8,85202.903277,991409362.108205,3686.171320,1.161929,0,1,5,0.048095
1,34652.000000,15348.000000,12,128441.922393,3308461282.566190,4899.040514,1.349726,0,1,5,0.048501
2,31786.000000,18214.000000,8,86155.259227,1464265625.022990,4258.987379,1.300325,0,1,5,0.045633
3,35377.000000,14623.000000,11,131992.907684,3421556603.338794,4670.872253,1.124986,0,1,5,0.055274
