generation,prey_fitness,predator_fitness,num_alive_end,avg_bb_size,var_bb_size,avg_shortest_dist,swarm_density_count,prey_neurons_connected_prey_retina,prey_neurons_connected_predator_retina,predator_neurons_connected_prey_retina,mutual_info
1,41968.000000,8032.000000,16,1792.607419,378187.234102,28.642706,14.003485,2,2,1,0.013980
1,39611.000000,10389.000000,11,1595.096064,262444.199463,31.262468,13.724150,2,2,1,0.013461
2,38681.000000,11319.000000,14,1689.903911,381259.777231,28.564888,12.720739,2,2,1,0.015044
3,27435.000000,22565.000000,4,1265.183731,428810.323374,45.431071,9.268955,2,2,1,0.020692
