generation,prey_fitness,predator_fitness,num_alive_end,avg_bb_size,var_bb_size,avg_shortest_dist,swarm_density_count,prey_neurons_connected_prey_retina,prey_neurons_connected_predator_retina,predator_neurons_connected_prey_retina,mutual_info
1,34019.000000,15981.000000,9,1965.810607,712595.367071,31.923680,9.843968,3,0,1,0.028613
1,47053.000000,2947.000000,22,2192.933559,749492.121716,19.748644,13.808492,3,0,1,0.032740
2,34312.000000,15688.000000,6,1856.453545,594291.075952,41.789369,11.379168,3,0,1,0.023596
3,39154.000000,10846.000000,11,2013.693494,680345.399136,30.933693,12.407019,3,0,1,0.036823
