generation,prey_fitness,predator_fitness,num_alive_end,avg_bb_size,var_bb_size,avg_shortest_dist,swarm_density_count,prey_neurons_connected_prey_retina,prey_neurons_connected_predator_retina,predator_neurons_connected_prey_retina,mutual_info
1,48487.000000,1513.000000,22,1312.780362,235948.004182,10.666454,16.757358,2,5,1,0.024921
1,40921.000000,9079.000000,16,1116.233381,295066.654436,13.938923,15.607130,2,5,1,0.019326
2,43037.000000,6963.000000,17,1461.333089,383323.966097,15.600122,14.618614,2,5,1,0.017580
3,46158.000000,3842.000000,21,1256.607566,231316.364290,11.926663,16.510640,2,5,1,0.027611
