generation,prey_fitness,predator_fitness,num_alive_end,avg_bb_size,var_bb_size,avg_shortest_dist,swarm_density_count,prey_neurons_connected_prey_retina,prey_neurons_connected_predator_retina,predator_neurons_connected_prey_retina,mutual_info
1,44391.000000,5609.000000,17,1543.998959,401971.874308,15.525243,14.363709,2,3,1,0.020738
1,42423.000000,7577.000000,16,1505.363580,512681.338218,16.345283,13.998199,2,3,1,0.035686
2,42737.000000,7263.000000,15,1450.737620,366187.624650,16.052381,13.891934,2,3,1,0.022923
3,40898.000000,9102.000000,14,1646.696528,418355.084104,21.322045,12.900917,2,3,1,0.036535
