generation,prey_fitness,predator_fitness,num_alive_end,avg_bb_size,var_bb_size,avg_shortest_dist,swarm_density_count,prey_neurons_connected_prey_retina,prey_neurons_connected_predator_retina,predator_neurons_connected_prey_retina,mutual_info
1,29981.000000,20019.000000,7,132318.245007,3709288654.703151,8607.839670,1.035390,0,1,3,0.027623
1,29045.000000,20955.000000,4,123784.754118,3616562693.866199,6906.677089,0.996197,0,1,3,0.021953
2,31611.000000,18389.000000,5,110658.240828,2261838230.235201,5865.994172,1.072360,0,1,3,0.031954
3,30133.000000,19867.000000,6,95501.470117,1703984324.419360,5632.265284,1.121155,0,1,3,0.027244
