generation,prey_fitness,predator_fitness,num_alive_end,avg_bb_size,var_bb_size,avg_shortest_dist,swarm_density_count,prey_neurons_connected_prey_retina,prey_neurons_connected_predator_retina,predator_neurons_connected_prey_retina,mutual_info
1,41093.000000,8907.000000,13,1748.219196,502711.344682,29.504114,13.890463,1,0,1,0.013790
1,38095.000000,11905.000000,13,1378.869921,238879.867996,30.547613,14.339421,1,0,1,0.007282
2,39191.000000,10809.000000,12,1369.061541,153363.241696,26.981031,14.528328,1,0,1,0.013490
3,47187.000000,2813.000000,21,1717.061812,357520.768654,23.564688,16.480441,1,0,1,0.014152
