generation,prey_fitness,predator_fitness,num_alive_end,avg_bb_size,var_bb_size,avg_shortest_dist,swarm_density_count,prey_neurons_connected_prey_retina,prey_neurons_connected_predator_retina,predator_neurons_connected_prey_retina,mutual_info
1,22560.000000,27440.000000,2,52308.219027,1308169916.514609,28555.864695,1.315778,1,0,1,0.051801
1,24107.000000,25893.000000,2,48831.120010,1054840372.730804,14853.786696,1.266736,1,0,1,0.034848
2,22969.000000,27031.000000,2,37560.463974,605599376.518542,7970.869463,1.271247,1,0,1,0.050746
3,17803.000000,32197.000000,2,16037.169634,238937972.963348,6954.168398,1.418942,1,0,1,0.072185
