generation,prey_fitness,predator_fitness,num_alive_end,avg_bb_size,var_bb_size,avg_shortest_dist,swarm_density_count,prey_neurons_connected_prey_retina,prey_neurons_connected_predator_retina,predator_neurons_connected_prey_retina,mutual_info
1,23715.000000,26285.000000,2,61830.986293,581850614.301193,9501.738922,1.053174,0,1,1,0.068591
1,19891.000000,30109.000000,2,37403.459655,1029300026.204355,19947.312295,0.988725,0,1,1,0.041616
2,25525.000000,24475.000000,2,45513.181984,698509903.150631,4843.759375,1.204916,0,1,1,0.060316
3,23223.000000,26777.000000,2,59363.394122,815242659.048480,14396.756490,1.029139,0,1,1,0.027153
