generation,prey_fitness,predator_fitness,num_alive_end,avg_bb_size,var_bb_size,avg_shortest_dist,swarm_density_count,prey_neurons_connected_prey_retina,prey_neurons_connected_predator_retina,predator_neurons_connected_prey_retina,mutual_info
1,29657.000000,20343.000000,2,120529.706960,2959185062.958214,16063.092882,0.893332,0,1,1,0.108310
1,28994.000000,21006.000000,4,99875.997172,1235275515.759807,5551.785297,0.928271,0,1,1,0.050030
2,23812.000000,26188.000000,3,110681.429320,1901214833.513208,11356.366791,0.810385,0,1,1,0.058836
3,26748.000000,23252.000000,3,105027.038668,2788401679.408863,6630.059139,0.894661,0,1,1,0.054175
