generation,prey_fitness,predator_fitness,num_alive_end,avg_bb_size,var_bb_size,avg_shortest_dist,swarm_density_count,prey_neurons_connected_prey_retina,prey_neurons_connected_predator_retina,predator_neurons_connected_prey_retina,mutual_info
1,38695.000000,11305.000000,13,4190.006566,2438656.746290,53.222232,8.269365,1,1,2,0.049709
1,36156.000000,13844.000000,10,4198.080449,3638238.170478,59.298394,7.763581,1,1,2,0.032829
2,32953.000000,17047.000000,6,3665.954026,6867876.439227,77.022496,8.125414,1,1,2,0.032788
3,41905.000000,8095.000000,15,4248.519899,4014634.273316,43.422161,9.409967,1,1,2,0.033588
