generation,prey_fitness,predator_fitness,num_alive_end,avg_bb_size,var_bb_size,avg_shortest_dist,swarm_density_count,prey_neurons_connected_prey_retina,prey_neurons_connected_predator_retina,predator_neurons_connected_prey_retina,mutual_info
1,23570.000000,26430.000000,2,55103.480623,1703795677.076719,5445.254554,1.347551,3,0,2,0.032195
1,22742.000000,27258.000000,2,47307.915602,1175181598.247361,2864.484614,1.139067,3,0,2,0.045179
2,26363.000000,23637.000000,2,87207.308920,2485761557.436287,3998.990304,1.014996,3,0,2,0.040101
3,28522.000000,21478.000000,2,81280.965545,1170265457.863487,5195.779406,1.285588,3,0,2,0.043230
