generation,prey_fitness,predator_fitness,num_alive_end,avg_bb_size,var_bb_size,avg_shortest_dist,swarm_density_count,prey_neurons_connected_prey_retina,prey_neurons_connected_predator_retina,predator_neurons_connected_prey_retina,mutual_info
1,45890.000000,4110.000000,20,994.254601,100211.313025,10.649540,18.542363,4,1,1,0.005922
1,45015.000000,4985.000000,20,874.812892,115635.005533,10.469493,19.038570,4,1,1,0.005700
2,48488.000000,1512.000000,22,1041.472291,151516.337796,10.358273,19.379000,4,1,1,0.009497
3,45760.000000,4240.000000,21,893.334783,95317.391125,9.143883,18.846053,4,1,1,0.012672
