generation,prey_fitness,predator_fitness,num_alive_end,avg_bb_size,var_bb_size,avg_shortest_dist,swarm_density_count,prey_neurons_connected_prey_retina,prey_neurons_connected_predator_retina,predator_neurons_connected_prey_retina,mutual_info
1,44495.000000,5505.000000,18,1729.880010,337414.947168,17.211821,14.276401,2,2,1,0.034605
1,41752.000000,8248.000000,15,1616.007603,403805.553495,18.815700,13.478034,2,2,1,0.028871
2,36015.000000,13985.000000,10,1545.302845,280338.012910,22.967607,11.358273,2,2,1,0.018071
3,40036.000000,9964.000000,15,1670.447002,402210.236439,19.905283,12.860110,2,2,1,0.020378
