generation,prey_fitness,predator_fitness,num_alive_end,avg_bb_size,var_bb_size,avg_shortest_dist,swarm_density_count,prey_neurons_connected_prey_retina,prey_neurons_connected_predator_retina,predator_neurons_connected_prey_retina,mutual_info
1,41417.000000,8583.000000,14,2088.271465,320034.135049,40.256606,11.893065,3,0,1,0.005689
1,45748.000000,4252.000000,17,2191.110198,300100.305538,36.563606,12.649055,3,0,1,0.004055
2,44256.000000,5744.000000,16,2176.971708,306880.224197,38.054481,12.528874,3,0,1,0.003764
3,39515.000000,10485.000000,15,2120.393045,409221.035294,44.860949,11.474964,3,0,1,0.006456
