generation,prey_fitness,predator_fitness,num_alive_end,avg_bb_size,var_bb_size,avg_shortest_dist,swarm_density_count,prey_neurons_connected_prey_retina,prey_neurons_connected_predator_retina,predator_neurons_connected_prey_retina,mutual_info
1,25419.000000,24581.000000,2,2743.328070,3291599.302782,175.675217,6.051166,1,0,1,0.014157
1,32761.000000,17239.000000,4,2691.812421,1987304.961171,83.410519,9.043373,1,0,1,0.010537
2,29624.000000,20376.000000,2,3322.457320,4399810.486951,254.598169,6.826571,1,0,1,0.021243
3,29474.000000,20526.000000,2,2956.567022,3927738.344901,138.700221,7.036261,1,0,1,0.017752
