generation,prey_fitness,predator_fitness,num_alive_end,avg_bb_size,var_bb_size,avg_shortest_dist,swarm_density_count,prey_neurons_connected_prey_retina,prey_neurons_connected_predator_retina,predator_neurons_connected_prey_retina,mutual_info
1,42259.000000,7741.000000,17,1080.738391,230507.156742,9.372934,14.884188,3,2,1,0.022212
1,42827.000000,7173.000000,13,1025.246677,224369.136842,8.987765,15.240679,3,2,1,0.017195
2,41653.000000,8347.000000,14,979.107438,192298.705100,9.559743,15.059431,3,2,1,0.017154
3,47507.000000,2493.000000,22,1175.808024,354737.435576,8.333548,16.182095,3,2,1,0.028595
