generation,prey_fitness,predator_fitness,num_alive_end,avg_bb_size,var_bb_size,avg_shortest_dist,swarm_density_count,prey_neurons_connected_prey_retina,prey_neurons_connected_predator_retina,predator_neurons_connected_prey_retina,mutual_info
1,34399.000000,15601.000000,7,2345.394301,1035962.225784,40.414664,9.327872,1,1,4,0.036317
1,42670.000000,7330.000000,16,3314.381145,1948882.614917,28.289231,10.437628,1,1,4,0.057262
2,41566.000000,8434.000000,15,3120.504015,2094887.286615,28.671614,9.847551,1,1,4,0.043629
3,36268.000000,13732.000000,10,2910.056214,2228287.939034,37.690780,9.127905,1,1,4,0.037660
