generation,prey_fitness,predator_fitness,num_alive_end,avg_bb_size,var_bb_size,avg_shortest_dist,swarm_density_count,prey_neurons_connected_prey_retina,prey_neurons_connected_predator_retina,predator_neurons_connected_prey_retina,mutual_info
1,44394.000000,5606.000000,20,448.604014,14525.007218,7.321718,21.123196,2,1,1,0.007862
1,48756.000000,1244.000000,24,490.834066,21567.888575,7.038561,23.197112,2,1,1,0.007518
2,49676.000000,324.000000,24,473.642066,17203.252901,6.629521,23.672907,2,1,1,0.005930
3,45289.000000,4711.000000,22,436.692363,13830.700058,7.217762,21.618809,2,1,1,0.006755
