generation,prey_fitness,predator_fitness,num_alive_end,avg_bb_size,var_bb_size,avg_shortest_dist,swarm_density_count,prey_neurons_connected_prey_retina,prey_neurons_connected_predator_retina,predator_neurons_connected_prey_retina,mutual_info
1,23347.000000,26653.000000,2,44381.024108,365862290.060100,24664.097362,1.153340,0,2,1,0.028136
1,23528.000000,26472.000000,2,45674.574416,380116856.074345,19012.053806,1.190000,0,2,1,0.082064
2,29872.000000,20128.000000,5,70012.586152,766737217.956118,4460.592111,1.242433,0,2,1,0.022548
3,20994.000000,29006.000000,2,33055.359773,394226694.099347,17263.717294,1.129089,0,2,1,0.045433
