generation,prey_fitness,predator_fitness,num_alive_end,avg_bb_size,var_bb_size,avg_shortest_dist,swarm_density_count,prey_neurons_connected_prey_retina,prey_neurons_connected_predator_retina,predator_neurons_connected_prey_retina,mutual_info
1,35858.000000,14142.000000,8,2946.423389,2032029.965370,37.963579,8.631359,2,1,3,0.036888
1,37751.000000,12249.000000,12,2336.523087,803503.121876,30.808417,10.393961,2,1,3,0.031331
2,34421.000000,15579.000000,5,2617.135826,1676611.165152,40.811678,8.667657,2,1,3,0.035953
3,42163.000000,7837.000000,16,2978.407997,1047585.383953,28.854728,10.841726,2,1,3,0.025797
