generation,prey_fitness,predator_fitness,num_alive_end,avg_bb_size,var_bb_size,avg_shortest_dist,swarm_density_count,prey_neurons_connected_prey_retina,prey_neurons_connected_predator_retina,predator_neurons_connected_prey_retina,mutual_info
1,19224.000000,30776.000000,2,2306.257808,2975838.386796,795.719960,4.312975,1,2,3,0.035758
1,22083.000000,27917.000000,2,2705.794640,5059562.768738,442.448543,4.749912,1,2,3,0.027109
2,22044.000000,27956.000000,2,2264.574015,2944235.829913,278.100084,5.360923,1,2,3,0.026654
3,16947.000000,33053.000000,2,1578.640603,2379472.786363,371.360116,4.134087,1,2,3,0.037232
