generation,prey_fitness,predator_fitness,num_alive_end,avg_bb_size,var_bb_size,avg_shortest_dist,swarm_density_count,prey_neurons_connected_prey_retina,prey_neurons_connected_predator_retina,predator_neurons_connected_prey_retina,mutual_info
1,19189.000000,30811.000000,2,10627.481095,56651412.661467,9309.114591,1.420065,2,0,3,0.032812
1,22143.000000,27857.000000,2,17839.444445,146674880.305049,6749.381829,1.583643,2,0,3,0.029084
2,21724.000000,28276.000000,2,20162.286811,128578443.783663,8853.411815,1.279632,2,0,3,0.039320
3,23697.000000,26303.000000,2,15755.117198,94610135.442961,1536.851316,1.804224,2,0,3,0.028253
