generation,prey_fitness,predator_fitness,num_alive_end,avg_bb_size,var_bb_size,avg_shortest_dist,swarm_density_count,prey_neurons_connected_prey_retina,prey_neurons_connected_predator_retina,predator_neurons_connected_prey_retina,mutual_info
1,25234.000000,24766.000000,2,69711.475904,1008384309.291068,19467.820688,1.013113,0,1,1,0.032717
1,22374.000000,27626.000000,2,57265.671675,1272257909.896264,9148.460782,0.877200,0,1,1,0.072802
2,27755.000000,22245.000000,2,60905.547834,929501535.856676,4343.069748,1.150016,0,1,1,0.038978
3,29575.000000,20425.000000,3,88961.968675,1886855083.661543,5287.083569,1.019003,0,1,1,0.034498
