generation,prey_fitness,predator_fitness,num_alive_end,avg_bb_size,var_bb_size,avg_shortest_dist,swarm_density_count,prey_neurons_connected_prey_retina,prey_neurons_connected_predator_retina,predator_neurons_connected_prey_retina,mutual_info
1,43588.000000,6412.000000,17,1912.590825,430806.085111,21.859737,13.306347,2,2,1,0.034293
1,42216.000000,7784.000000,14,1738.777057,416467.557537,20.338657,13.116814,2,2,1,0.027134
2,39930.000000,10070.000000,13,1952.796684,503757.000209,28.053898,12.279939,2,2,1,0.024627
3,41406.000000,8594.000000,14,1781.955277,472769.224182,22.533119,12.864263,2,2,1,0.025244
