generation,prey_fitness,predator_fitness,num_alive_end,avg_bb_size,var_bb_size,avg_shortest_dist,swarm_density_count,prey_neurons_connected_prey_retina,prey_neurons_connected_predator_retina,predator_neurons_connected_prey_retina,mutual_info
1,32655.000000,17345.000000,4,2394.412255,1223919.022648,66.239638,8.945830,3,1,2,0.021550
1,36353.000000,13647.000000,7,2002.940020,982375.185782,46.051872,11.507693,3,1,2,0.019842
2,34645.000000,15355.000000,6,2043.397391,616062.521995,50.876683,10.704613,3,1,2,0.025655
3,40604.000000,9396.000000,12,2331.230365,843878.363228,37.155087,12.031199,3,1,2,0.028401
