generation,prey_fitness,predator_fitness,num_alive_end,avg_bb_size,var_bb_size,avg_shortest_dist,swarm_density_count,prey_neurons_connected_prey_retina,prey_neurons_connected_predator_retina,predator_neurons_connected_prey_retina,mutual_info
1,21191.000000,28809.000000,2,17574.704078,100579297.412656,3686.021876,1.617077,1,0,1,0.029971
1,23515.000000,26485.000000,2,10454.873011,82681086.199112,678.648574,2.564267,1,0,1,0.059258
2,20347.000000,29653.000000,2,17681.390566,141794024.425394,6787.578780,1.407696,1,0,1,0.027921
3,26487.000000,23513.000000,2,19909.132771,121480629.541298,2365.452433,1.831192,1,0,1,0.024573
