generation,prey_fitness,predator_fitness,num_alive_end,avg_bb_size,var_bb_size,avg_shortest_dist,swarm_density_count,prey_neurons_connected_prey_retina,prey_neurons_connected_predator_retina,predator_neurons_connected_prey_retina,mutual_info
1,28591.000000,21409.000000,2,22184.528305,134747095.844644,1776.235964,1.940534,1,0,1,0.035868
1,24025.000000,25975.000000,2,10313.963809,56064852.740410,3580.607549,2.372963,1,0,1,0.028076
2,23626.000000,26374.000000,2,11369.276057,96116113.490517,1171.510498,2.150173,1,0,1,0.036448
3,23963.000000,26037.000000,2,14204.955551,126088703.426636,1446.651420,2.137108,1,0,1,0.023219
