generation,prey_fitness,predator_fitness,num_alive_end,avg_bb_size,var_bb_size,avg_shortest_dist,swarm_density_count,prey_neurons_connected_prey_retina,prey_neurons_connected_predator_retina,predator_neurons_connected_prey_retina,mutual_info
1,35139.000000,14861.000000,4,55164.627199,905497021.827614,1265.207984,1.765011,1,0,1,0.025666
1,27287.000000,22713.000000,4,51483.652300,453069606.263960,2160.252061,1.489420,1,0,1,0.037558
2,21887.000000,28113.000000,2,45715.272091,403279049.165303,11344.014824,1.274804,1,0,1,0.059243
3,31470.000000,18530.000000,5,47624.839595,383572829.154465,1688.435816,1.557052,1,0,1,0.033038
