generation,prey_fitness,predator_fitness,num_alive_end,avg_bb_size,var_bb_size,avg_shortest_dist,swarm_density_count,prey_neurons_connected_prey_retina,prey_neurons_connected_predator_retina,predator_neurons_connected_prey_retina,mutual_info
1,43139.000000,6861.000000,16,1227.832047,152363.429991,20.400709,17.228166,2,2,1,0.006611
1,45036.000000,4964.000000,19,1111.849787,55545.907768,18.173723,18.732453,2,2,1,0.006374
2,40029.000000,9971.000000,14,1112.248790,144475.009775,23.235287,16.429448,2,2,1,0.006182
3,38332.000000,11668.000000,16,1074.070117,117424.144008,23.108039,15.834226,2,2,1,0.005026
