generation,prey_fitness,predator_fitness,num_alive_end,avg_bb_size,var_bb_size,avg_shortest_dist,swarm_density_count,prey_neurons_connected_prey_retina,prey_neurons_connected_predator_retina,predator_neurons_connected_prey_retina,mutual_info
1,20080.000000,29920.000000,2,12463.685904,83027931.273333,5320.329223,1.569453,1,1,1,0.040548
1,22843.000000,27157.000000,2,13755.914748,88425985.325937,2348.345140,1.629637,1,1,1,0.039020
2,23909.000000,26091.000000,2,24474.116390,242070257.837460,3582.125130,1.230005,1,1,1,0.056788
3,22777.000000,27223.000000,2,17171.560032,187486058.178857,4507.047843,1.672534,1,1,1,0.029840
