generation,prey_fitness,predator_fitness,num_alive_end,avg_bb_size,var_bb_size,avg_shortest_dist,swarm_density_count,prey_neurons_connected_prey_retina,prey_neurons_connected_predator_retina,predator_neurons_connected_prey_retina,mutual_info
1,37852.000000,12148.000000,15,2107.047130,427741.091694,39.589863,9.831124,5,3,1,0.007656
1,37741.000000,12259.000000,12,1955.210660,418006.551467,37.219292,10.213030,5,3,1,0.008747
2,37323.000000,12677.000000,13,1985.393341,441304.904512,36.674703,9.818199,5,3,1,0.005794
3,41026.000000,8974.000000,10,2151.606117,429574.123655,36.637168,10.350702,5,3,1,0.007317
