generation,prey_fitness,predator_fitness,num_alive_end,avg_bb_size,var_bb_size,avg_shortest_dist,swarm_density_count,prey_neurons_connected_prey_retina,prey_neurons_connected_predator_retina,predator_neurons_connected_prey_retina,mutual_info
1,37095.000000,12905.000000,8,4248.729451,5243511.865124,58.427400,8.000160,1,0,1,0.031165
1,28274.000000,21726.000000,2,2498.216016,2800144.591765,238.774940,6.928712,1,0,1,0.036014
2,30474.000000,19526.000000,2,2785.149806,3306050.175482,94.782749,7.470534,1,0,1,0.043156
3,32975.000000,17025.000000,7,2578.218288,918304.589392,51.442285,8.530383,1,0,1,0.030858
