generation,prey_fitness,predator_fitness,num_alive_end,avg_bb_size,var_bb_size,avg_shortest_dist,swarm_density_count,prey_neurons_connected_prey_retina,prey_neurons_connected_predator_retina,predator_neurons_connected_prey_retina,mutual_info
1,40181.000000,9819.000000,12,3925.989172,2232460.917844,58.721367,9.187149,1,0,1,0.048271
1,36212.000000,13788.000000,11,3690.507912,2029318.450947,70.503143,8.467631,1,0,1,0.043949
2,38225.000000,11775.000000,11,3431.285390,1498582.203475,53.277581,8.987664,1,0,1,0.026771
3,36069.000000,13931.000000,8,3206.070466,1402525.013035,58.596258,8.712696,1,0,1,0.032381
