generation,prey_fitness,predator_fitness,num_alive_end,avg_bb_size,var_bb_size,avg_shortest_dist,swarm_density_count,prey_neurons_connected_prey_retina,prey_neurons_connected_predator_retina,predator_neurons_connected_prey_retina,mutual_info
1,26855.000000,23145.000000,2,38791.187956,305715118.433300,4437.294136,1.543802,2,2,1,0.035429
1,25911.000000,24089.000000,3,49604.012115,472989358.571000,5122.686287,1.132028,2,2,1,0.042096
2,25618.000000,24382.000000,2,36467.054487,431671951.048146,4581.796381,1.389034,2,2,1,0.046753
3,24851.000000,25149.000000,2,33615.714952,208392786.673718,4133.491517,1.436904,2,2,1,0.038430
