generation,prey_fitness,predator_fitness,num_alive_end,avg_bb_size,var_bb_size,avg_shortest_dist,swarm_density_count,prey_neurons_connected_prey_retina,prey_neurons_connected_predator_retina,predator_neurons_connected_prey_retina,mutual_info
1,28643.000000,21357.000000,4,111609.643615,4347963870.666142,7059.123981,1.550282,3,0,2,0.049230
1,27147.000000,22853.000000,4,93744.165703,2752235325.468280,8164.015814,1.938967,3,0,2,0.077709
2,30760.000000,19240.000000,7,134654.374360,3661016608.254522,7838.862117,1.940245,3,0,2,0.047631
3,36124.000000,13876.000000,10,174969.835640,6534423209.903980,4635.161892,1.447009,3,0,2,0.030241
