generation,prey_fitness,predator_fitness,num_alive_end,avg_bb_size,var_bb_size,avg_shortest_dist,swarm_density_count,prey_neurons_connected_prey_retina,prey_neurons_connected_predator_retina,predator_neurons_connected_prey_retina,mutual_info
1,20919.000000,29081.000000,2,58752.531219,1923728754.588048,5414.291208,0.989259,1,0,1,0.035472
1,23248.000000,26752.000000,2,57111.464490,1764142046.423062,11475.218345,0.939462,1,0,1,0.076917
2,22864.000000,27136.000000,2,48554.387001,1492654410.446515,3853.873055,1.122260,1,0,1,0.033595
3,17904.000000,32096.000000,2,76006.827807,871130348.566936,63541.388425,0.866141,1,0,1,0.061361
