generation,prey_fitness,predator_fitness,num_alive_end,avg_bb_size,var_bb_size,avg_shortest_dist,swarm_density_count,prey_neurons_connected_prey_retina,prey_neurons_connected_predator_retina,predator_neurons_connected_prey_retina,mutual_info
1,22435.000000,27565.000000,2,28347.621597,161236663.201698,10007.456056,1.370564,0,1,1,0.039155
1,18760.000000,31240.000000,2,17403.360731,240135036.049958,5514.822614,1.432273,0,1,1,0.067281
2,32413.000000,17587.000000,4,38028.622595,264701065.268207,1899.344114,1.702409,0,1,1,0.034009
3,17830.000000,32170.000000,2,21000.737659,125394168.250624,20508.002542,1.318424,0,1,1,0.066862
