generation,prey_fitness,predator_fitness,num_alive_end,avg_bb_size,var_bb_size,avg_shortest_dist,swarm_density_count,prey_neurons_connected_prey_retina,prey_neurons_connected_predator_retina,predator_neurons_connected_prey_retina,mutual_info
1,45665.000000,4335.000000,20,891.923867,185568.415965,5.296196,16.920982,1,1,2,0.009787
1,46907.000000,3093.000000,21,903.465940,194190.598161,5.494989,17.483105,1,1,2,0.021885
2,41911.000000,8089.000000,16,795.504053,151708.857225,5.746231,15.910415,1,1,2,0.008951
3,48467.000000,1533.000000,23,989.445818,222610.998731,5.320698,17.429843,1,1,2,0.017034
