generation,prey_fitness,predator_fitness,num_alive_end,avg_bb_size,var_bb_size,avg_shortest_dist,swarm_density_count,prey_neurons_connected_prey_retina,prey_neurons_connected_predator_retina,predator_neurons_connected_prey_retina,mutual_info
1,28253.000000,21747.000000,5,92983.880324,1476843037.726030,4827.226202,0.989222,0,1,2,0.025323
1,22493.000000,27507.000000,3,81830.817715,1882747179.403981,18640.764192,0.953819,0,1,2,0.081532
2,23651.000000,26349.000000,2,59383.308382,1050079551.410272,5546.382350,0.946956,0,1,2,0.076977
3,22676.000000,27324.000000,2,53264.103575,1577952661.063624,5539.960059,0.863496,0,1,2,0.056107
