generation,prey_fitness,predator_fitness,num_alive_end,avg_bb_size,var_bb_size,avg_shortest_dist,swarm_density_count,prey_neurons_connected_prey_retina,prey_neurons_connected_predator_retina,predator_neurons_connected_prey_retina,mutual_info
1,28341.000000,21659.000000,3,35305.605232,372983660.357971,1593.510874,1.827388,3,1,1,0.047517
1,23060.000000,26940.000000,2,56565.736168,1078682342.428057,17530.394144,1.493919,3,1,1,0.036633
2,28410.000000,21590.000000,2,71590.563602,3023795120.641725,3262.482109,1.596729,3,1,1,0.028171
3,28155.000000,21845.000000,6,59080.699366,964926273.821280,1849.825549,1.815055,3,1,1,0.027843
