generation,prey_fitness,predator_fitness,num_alive_end,avg_bb_size,var_bb_size,avg_shortest_dist,swarm_density_count,prey_neurons_connected_prey_retina,prey_neurons_connected_predator_retina,predator_neurons_connected_prey_retina,mutual_info
1,28998.000000,21002.000000,3,64813.052708,780499665.264476,4542.661545,1.006058,1,1,1,0.043482
1,23791.000000,26209.000000,2,69262.799367,941311541.630816,28697.483813,0.948277,1,1,1,0.048537
2,26566.000000,23434.000000,4,99741.974050,1545194922.848332,9649.291775,0.955688,1,1,1,0.037610
3,23990.000000,26010.000000,2,53904.070729,1275005119.987917,6025.467371,1.023044,1,1,1,0.038537
