generation,prey_fitness,predator_fitness,num_alive_end,avg_bb_size,var_bb_size,avg_shortest_dist,swarm_density_count,prey_neurons_connected_prey_retina,prey_neurons_connected_predator_retina,predator_neurons_connected_prey_retina,mutual_info
1,27035.000000,22965.000000,2,67510.849262,1433192237.707470,5035.569599,0.895246,1,0,1,0.032735
1,26940.000000,23060.000000,3,65573.718272,1209658256.620453,5687.241193,1.098602,1,0,1,0.052423
2,21243.000000,28757.000000,2,59660.925450,799518137.301304,35787.101544,0.904584,1,0,1,0.037528
3,20493.000000,29507.000000,2,43884.819588,605166899.070608,13798.226313,0.936373,1,0,1,0.044786
