generation,prey_fitness,predator_fitness,num_alive_end,avg_bb_size,var_bb_size,avg_shortest_dist,swarm_density_count,prey_neurons_connected_prey_retina,prey_neurons_connected_predator_retina,predator_neurons_connected_prey_retina,mutual_info
1,47568.000000,2432.000000,22,659.671920,50823.017894,7.980440,20.999325,2,0,3,0.011490
1,44706.000000,5294.000000,20,733.708953,65955.826267,10.049460,18.996079,2,0,3,0.006161
2,44865.000000,5135.000000,19,788.262015,71197.623431,10.509533,18.998209,2,0,3,0.011054
3,45809.000000,4191.000000,21,677.367443,38654.857057,8.764003,20.202693,2,0,3,0.015630
