generation,prey_fitness,predator_fitness,num_alive_end,avg_bb_size,var_bb_size,avg_shortest_dist,swarm_density_count,prey_neurons_connected_prey_retina,prey_neurons_connected_predator_retina,predator_neurons_connected_prey_retina,mutual_info
1,46237.000000,3763.000000,19,1700.025894,463059.949256,13.667493,14.139198,4,3,2,0.037787
1,43510.000000,6490.000000,16,1438.382039,254505.258165,13.501599,14.081296,4,3,2,0.025433
2,41456.000000,8544.000000,14,1419.982808,326249.162212,14.838196,14.187873,4,3,2,0.015303
3,42499.000000,7501.000000,14,1597.799283,366863.739673,17.989048,13.992625,4,3,2,0.010661
