generation,prey_fitness,predator_fitness,num_alive_end,avg_bb_size,var_bb_size,avg_shortest_dist,swarm_density_count,prey_neurons_connected_prey_retina,prey_neurons_connected_predator_retina,predator_neurons_connected_prey_retina,mutual_info
1,45231.000000,4769.000000,18,780.474415,58069.322757,12.568100,20.539470,1,1,3,0.014965
1,43038.000000,6962.000000,16,862.679656,84319.928612,14.602372,19.041103,1,1,3,0.012660
2,44284.000000,5716.000000,20,795.021941,75614.420189,12.835857,20.015751,1,1,3,0.005859
3,44970.000000,5030.000000,20,832.132923,116296.918836,13.631593,20.034341,1,1,3,0.009957
