generation,prey_fitness,predator_fitness,num_alive_end,avg_bb_size,var_bb_size,avg_shortest_dist,swarm_density_count,prey_neurons_connected_prey_retina,prey_neurons_connected_predator_retina,predator_neurons_connected_prey_retina,mutual_info
1,21592.000000,28408.000000,2,36098.822032,729387607.442057,4776.140203,1.148218,0,1,1,0.048256
1,19948.000000,30052.000000,2,25848.366868,144341164.422487,12965.030179,1.229932,0,1,1,0.065901
2,16072.000000,33928.000000,2,18677.419013,303650309.406984,5956.098728,1.127562,0,1,1,0.044824
3,20949.000000,29051.000000,2,31784.175500,1002192559.246659,3287.110556,1.346857,0,1,1,0.062809
