generation,prey_fitness,predator_fitness,num_alive_end,avg_bb_size,var_bb_size,avg_shortest_dist,swarm_density_count,prey_neurons_connected_prey_retina,prey_neurons_connected_predator_retina,predator_neurons_connected_prey_retina,mutual_info
1,29839.000000,20161.000000,6,47475.475556,555157927.013774,2853.458813,1.895620,1,1,5,0.113465
1,27434.000000,22566.000000,2,69038.925654,1705747898.367816,5470.930035,1.160869,1,1,5,0.027582
2,25324.000000,24676.000000,2,34226.685704,236907915.362172,7570.106471,1.396856,1,1,5,0.041608
3,22680.000000,27320.000000,2,45583.481459,752315276.369380,8638.693417,1.122097,1,1,5,0.035600
