generation,prey_fitness,predator_fitness,num_alive_end,avg_bb_size,var_bb_size,avg_shortest_dist,swarm_density_count,prey_neurons_connected_prey_retina,prey_neurons_connected_predator_retina,predator_neurons_connected_prey_retina,mutual_info
1,28058.000000,21942.000000,3,89764.452161,1531002149.115913,8524.926067,1.136139,2,2,1,0.043563
1,22977.000000,27023.000000,2,57708.805239,1706756843.059792,10819.220260,1.015381,2,2,1,0.049292
2,30688.000000,19312.000000,9,112197.114833,2599345371.712646,4387.434042,1.158361,2,2,1,0.038589
3,23260.000000,26740.000000,2,66444.824665,1300463780.958598,5442.146511,1.118507,2,2,1,0.048780
