generation,prey_fitness,predator_fitness,num_alive_end,avg_bb_size,var_bb_size,avg_shortest_dist,swarm_density_count,prey_neurons_connected_prey_retina,prey_neurons_connected_predator_retina,predator_neurons_connected_prey_retina,mutual_info
1,34506.000000,15494.000000,11,1846.191614,530005.229017,29.784491,10.527223,4,1,2,0.024185
1,36667.000000,13333.000000,10,1766.688680,531202.782581,27.093463,11.523321,4,1,2,0.022252
2,37012.000000,12988.000000,11,1555.175602,358306.309122,22.582967,11.964439,4,1,2,0.018369
3,42216.000000,7784.000000,15,1962.013485,434529.892858,21.286188,12.845689,4,1,2,0.046214
