generation,prey_fitness,predator_fitness,num_alive_end,avg_bb_size,var_bb_size,avg_shortest_dist,swarm_density_count,prey_neurons_connected_prey_retina,prey_neurons_connected_predator_retina,predator_neurons_connected_prey_retina,mutual_info
1,18723.000000,31277.000000,2,19150.985492,255767816.764941,5367.459246,1.185475,3,1,1,0.039940
1,20997.000000,29003.000000,2,18383.896011,215539878.871638,2434.854697,1.420134,3,1,1,0.046372
2,15517.000000,34483.000000,2,10466.882146,68548690.544390,6024.543079,1.223982,3,1,1,0.132599
3,20949.000000,29051.000000,2,20487.677275,263931792.023077,3826.256891,1.150255,3,1,1,0.049577
