generation,prey_fitness,predator_fitness,num_alive_end,avg_bb_size,var_bb_size,avg_shortest_dist,swarm_density_count,prey_neurons_connected_prey_retina,prey_neurons_connected_predator_retina,predator_neurons_connected_prey_retina,mutual_info
1,29327.000000,20673.000000,5,180117.881872,5429262586.315246,11443.617905,1.014398,1,3,1,0.061981
1,22275.000000,27725.000000,5,188219.811036,5357289638.582546,22811.702156,0.880352,1,3,1,0.041996
2,22029.000000,27971.000000,2,150530.245307,4565891268.054859,30044.583864,0.833031,1,3,1,0.036020
3,25465.000000,24535.000000,4,154389.932207,6626087891.462917,15499.109301,1.057748,1,3,1,0.087344
