generation,prey_fitness,predator_fitness,num_alive_end,avg_bb_size,var_bb_size,avg_shortest_dist,swarm_density_count,prey_neurons_connected_prey_retina,prey_neurons_connected_predator_retina,predator_neurons_connected_prey_retina,mutual_info
1,22932.000000,27068.000000,2,8086.249521,45904219.802113,416.985838,2.821418,1,2,2,0.058797
1,21379.000000,28621.000000,2,11406.059523,88227441.363377,1704.768496,2.380566,1,2,2,0.056511
2,23401.000000,26599.000000,2,9516.809278,32056565.435204,1575.397345,2.938859,1,2,2,0.065814
3,25582.000000,24418.000000,2,6552.167724,17244801.375262,517.636770,3.337114,1,2,2,0.030093
