generation,prey_fitness,predator_fitness,num_alive_end,avg_bb_size,var_bb_size,avg_shortest_dist,swarm_density_count,prey_neurons_connected_prey_retina,prey_neurons_connected_predator_retina,predator_neurons_connected_prey_retina,mutual_info
1,39343.000000,10657.000000,12,1914.813958,386107.207087,34.786163,12.506398,1,2,1,0.018727
1,37156.000000,12844.000000,12,1856.648644,436760.239249,35.652421,11.917462,1,2,1,0.013125
2,31513.000000,18487.000000,7,1433.353329,341267.536227,37.384170,10.444093,1,2,1,0.017141
3,33408.000000,16592.000000,5,1510.758084,525638.991816,45.538023,11.238588,1,2,1,0.014707
