generation,prey_fitness,predator_fitness,num_alive_end,avg_bb_size,var_bb_size,avg_shortest_dist,swarm_density_count,prey_neurons_connected_prey_retina,prey_neurons_connected_predator_retina,predator_neurons_connected_prey_retina,mutual_info
1,45524.000000,4476.000000,20,1218.094696,96677.686441,25.973508,19.823286,1,2,2,0.005324
1,44981.000000,5019.000000,19,1301.446539,224687.183285,26.813250,19.323226,1,2,2,0.005455
2,43706.000000,6294.000000,19,1106.214255,61193.573553,24.272756,19.122146,1,2,2,0.005975
3,44765.000000,5235.000000,18,1399.090726,165536.972758,30.108493,18.697226,1,2,2,0.007723
