generation,prey_fitness,predator_fitness,num_alive_end,avg_bb_size,var_bb_size,avg_shortest_dist,swarm_density_count,prey_neurons_connected_prey_retina,prey_neurons_connected_predator_retina,predator_neurons_connected_prey_retina,mutual_info
1,31977.000000,18023.000000,9,149905.338230,4249122552.719002,8064.981386,0.979755,3,1,1,0.046751
1,40263.000000,9737.000000,15,153982.703345,3687971372.499487,4432.383149,1.029527,3,1,1,0.029785
2,38513.000000,11487.000000,14,162625.443408,4880850773.449356,4412.840005,0.950664,3,1,1,0.032493
3,35627.000000,14373.000000,11,150773.826905,4230606202.910952,6486.916250,0.984618,3,1,1,0.018981
