generation,prey_fitness,predator_fitness,num_alive_end,avg_bb_size,var_bb_size,avg_shortest_dist,swarm_density_count,prey_neurons_connected_prey_retina,prey_neurons_connected_predator_retina,predator_neurons_connected_prey_retina,mutual_info
1,20111.000000,29889.000000,2,25978.710110,176966260.652738,8037.910919,1.063465,1,1,1,0.054100
1,23327.000000,26673.000000,2,30671.324118,169205895.253079,10682.833623,1.325586,1,1,1,0.032691
2,28547.000000,21453.000000,5,57565.463405,538952385.123927,3307.884437,1.263182,1,1,1,0.026642
3,26520.000000,23480.000000,3,38357.535692,198563759.741631,3946.868886,1.425577,1,1,1,0.039308
