generation,prey_fitness,predator_fitness,num_alive_end,avg_bb_size,var_bb_size,avg_shortest_dist,swarm_density_count,prey_neurons_connected_prey_retina,prey_neurons_connected_predator_retina,predator_neurons_connected_prey_retina,mutual_info
1,38610.000000,11390.000000,13,2006.196821,1717737.833325,21.195801,11.746647,3,3,1,0.034018
1,41808.000000,8192.000000,16,1616.783147,711519.003503,16.329469,14.166390,3,3,1,0.022574
2,39278.000000,10722.000000,8,1860.623935,668663.582479,22.643308,12.197424,3,3,1,0.025428
3,43653.000000,6347.000000,17,2352.994313,1158258.401569,20.500846,12.791976,3,3,1,0.020875
