generation,prey_fitness,predator_fitness,num_alive_end,avg_bb_size,var_bb_size,avg_shortest_dist,swarm_density_count,prey_neurons_connected_prey_retina,prey_neurons_connected_predator_retina,predator_neurons_connected_prey_retina,mutual_info
1,44523.000000,5477.000000,16,938.070491,109518.362167,10.311956,17.170775,1,1,1,0.022266
1,44293.000000,5707.000000,20,821.529376,74357.979500,9.165415,18.386985,1,1,1,0.013267
2,43656.000000,6344.000000,18,860.469699,75681.490027,9.727198,17.952972,1,1,1,0.015314
3,48426.000000,1574.000000,21,1102.081143,145002.959298,9.800890,18.191578,1,1,1,0.015751
