generation,prey_fitness,predator_fitness,num_alive_end,avg_bb_size,var_bb_size,avg_shortest_dist,swarm_density_count,prey_neurons_connected_prey_retina,prey_neurons_connected_predator_retina,predator_neurons_connected_prey_retina,mutual_info
1,45451.000000,4549.000000,20,681.381329,71577.199210,9.520801,20.752738,6,4,1,0.006801
1,47733.000000,2267.000000,20,907.885512,101679.798659,12.009393,20.333585,6,4,1,0.007545
2,46514.000000,3486.000000,20,964.804628,133338.360868,12.934936,19.503528,6,4,1,0.008432
3,47341.000000,2659.000000,22,925.984837,113129.810820,12.473771,20.377181,6,4,1,0.009249
