generation,prey_fitness,predator_fitness,num_alive_end,avg_bb_size,var_bb_size,avg_shortest_dist,swarm_density_count,prey_neurons_connected_prey_retina,prey_neurons_connected_predator_retina,predator_neurons_connected_prey_retina,mutual_info
1,20542.000000,29458.000000,2,11913.399424,79088811.691216,2297.931779,1.491990,1,3,1,0.056296
1,18960.000000,31040.000000,2,12727.015126,111751186.042423,3444.319096,1.424687,1,3,1,0.053718
2,19568.000000,30432.000000,2,12903.041006,115656757.503697,2218.848709,1.598426,1,3,1,0.039682
3,28717.000000,21283.000000,2,25195.726918,250912522.563208,3158.206138,1.671914,1,3,1,0.042988
