generation,prey_fitness,predator_fitness,num_alive_end,avg_bb_size,var_bb_size,avg_shortest_dist,swarm_density_count,prey_neurons_connected_prey_retina,prey_neurons_connected_predator_retina,predator_neurons_connected_prey_retina,mutual_info
1,46685.000000,3315.000000,21,996.556239,26933.587655,13.777078,20.427757,2,1,1,0.005573
1,46981.000000,3019.000000,23,1052.468550,38426.399770,14.383186,20.079376,2,1,1,0.005430
2,48119.000000,1881.000000,24,999.164780,45875.858559,12.333575,20.950592,2,1,1,0.004750
3,46446.000000,3554.000000,21,992.351217,63755.849673,13.314134,20.226834,2,1,1,0.004090
