generation,prey_fitness,predator_fitness,num_alive_end,avg_bb_size,var_bb_size,avg_shortest_dist,swarm_density_count,prey_neurons_connected_prey_retina,prey_neurons_connected_predator_retina,predator_neurons_connected_prey_retina,mutual_info
1,50000.000000,1.000000,25,269.097098,4675.147461,3.178339,24.000000,3,1,3,0.014899
1,47141.000000,2859.000000,23,300.458727,5136.418741,4.182637,22.571500,3,1,3,0.006324
2,50000.000000,1.000000,25,254.567862,4262.659938,3.334515,24.000000,3,1,3,0.011834
3,49587.000000,413.000000,24,266.741615,4866.117423,2.969503,23.794000,3,1,3,0.009513
