generation,prey_fitness,predator_fitness,num_alive_end,avg_bb_size,var_bb_size,avg_shortest_dist,swarm_density_count,prey_neurons_connected_prey_retina,prey_neurons_connected_predator_retina,predator_neurons_connected_prey_retina,mutual_info
1,22212.000000,27788.000000,2,29751.743493,474876888.458077,3593.371400,1.196581,1,1,1,0.027120
1,22921.000000,27079.000000,2,35949.818741,788308575.643768,2114.689774,1.319372,1,1,1,0.041248
2,20823.000000,29177.000000,2,40228.973972,247921337.059862,27191.712209,1.179556,1,1,1,0.044985
3,24131.000000,25869.000000,2,32584.625986,397269796.941513,18066.483919,1.443019,1,1,1,0.032660
