generation,prey_fitness,predator_fitness,num_alive_end,avg_bb_size,var_bb_size,avg_shortest_dist,swarm_density_count,prey_neurons_connected_prey_retina,prey_neurons_connected_predator_retina,predator_neurons_connected_prey_retina,mutual_info
1,25304.000000,24696.000000,2,2128.532800,2569268.804206,149.677831,6.316519,3,1,1,0.024216
1,35082.000000,14918.000000,8,3718.128924,3478209.501291,65.802773,7.927355,3,1,1,0.021844
2,37504.000000,12496.000000,8,3715.640763,3945229.314358,49.318685,8.510270,3,1,1,0.020620
3,25692.000000,24308.000000,2,2335.519205,1906840.224300,157.530159,6.148008,3,1,1,0.027792
