generation,prey_fitness,predator_fitness,num_alive_end,avg_bb_size,var_bb_size,avg_shortest_dist,swarm_density_count,prey_neurons_connected_prey_retina,prey_neurons_connected_predator_retina,predator_neurons_connected_prey_retina,mutual_info
1,21894.000000,28106.000000,2,9490.048800,70380450.743059,1155.747424,2.062136,0,2,2,0.046136
1,20294.000000,29706.000000,2,9249.030528,52930645.366969,2634.849804,1.855849,0,2,2,0.041233
2,19830.000000,30170.000000,2,8504.035679,45950827.708042,1647.225877,2.045364,0,2,2,0.052123
3,19761.000000,30239.000000,2,10180.580779,31981788.877218,4706.822904,1.773230,0,2,2,0.038883
