generation,prey_fitness,predator_fitness,num_alive_end,avg_bb_size,var_bb_size,avg_shortest_dist,swarm_density_count,prey_neurons_connected_prey_retina,prey_neurons_connected_predator_retina,predator_neurons_connected_prey_retina,mutual_info
1,44465.000000,5535.000000,16,2968.326829,895841.545577,40.109633,11.883431,2,2,1,0.018297
1,40946.000000,9054.000000,14,2837.986074,1078034.277717,45.110874,11.213956,2,2,1,0.018384
2,37386.000000,12614.000000,15,2521.504604,686818.569875,42.177386,10.056290,2,2,1,0.029954
3,41254.000000,8746.000000,14,3074.532762,1217848.885264,44.225565,10.477098,2,2,1,0.037040
