generation,prey_fitness,predator_fitness,num_alive_end,avg_bb_size,var_bb_size,avg_shortest_dist,swarm_density_count,prey_neurons_connected_prey_retina,prey_neurons_connected_predator_retina,predator_neurons_connected_prey_retina,mutual_info
1,50000.000000,1.000000,25,538.840155,50001.619606,3.255018,21.612240,2,1,2,0.018049
1,44214.000000,5786.000000,19,553.977546,55584.405639,4.110696,18.797894,2,1,2,0.006223
2,49806.000000,194.000000,24,556.351798,58201.525826,3.476157,21.330243,2,1,2,0.009226
3,47169.000000,2831.000000,21,551.233079,53108.501622,3.628907,20.122842,2,1,2,0.016646
