generation,prey_fitness,predator_fitness,num_alive_end,avg_bb_size,var_bb_size,avg_shortest_dist,swarm_density_count,prey_neurons_connected_prey_retina,prey_neurons_connected_predator_retina,predator_neurons_connected_prey_retina,mutual_info
1,33122.000000,16878.000000,7,188948.620188,5850176937.316751,5174.182137,1.150613,3,0,2,0.038979
1,26311.000000,23689.000000,8,156135.950435,5969609757.242252,14075.190586,1.167490,3,0,2,0.034190
2,30074.000000,19926.000000,10,163530.667945,4285491785.913328,6369.273373,1.122815,3,0,2,0.034896
3,24524.000000,25476.000000,3,164851.417679,5378464715.205700,22753.167661,0.988021,3,0,2,0.038016
