generation,prey_fitness,predator_fitness,num_alive_end,avg_bb_size,var_bb_size,avg_shortest_dist,swarm_density_count,prey_neurons_connected_prey_retina,prey_neurons_connected_predator_retina,predator_neurons_connected_prey_retina,mutual_info
1,31788.000000,18212.000000,4,1989.568915,1449506.317817,49.788300,9.690919,3,0,1,0.021537
1,34238.000000,15762.000000,4,2474.186963,1844703.765739,53.022246,9.476346,3,0,1,0.017089
2,33076.000000,16924.000000,7,1620.928060,1047798.476406,30.836138,11.087537,3,0,1,0.017512
3,31460.000000,18540.000000,2,1372.443087,926923.604058,39.505160,10.931927,3,0,1,0.014298
