generation,prey_fitness,predator_fitness,num_alive_end,avg_bb_size,var_bb_size,avg_shortest_dist,swarm_density_count,prey_neurons_connected_prey_retina,prey_neurons_connected_predator_retina,predator_neurons_connected_prey_retina,mutual_info
1,44596.000000,5404.000000,17,1989.154983,586311.905112,20.826301,13.261414,4,1,3,0.021580
1,39962.000000,10038.000000,14,2098.009141,482468.613259,28.850286,11.739452,4,1,3,0.036381
2,33895.000000,16105.000000,5,1838.919891,496801.592841,43.569114,10.264158,4,1,3,0.031632
3,42306.000000,7694.000000,16,2243.322017,583915.961965,25.802505,12.183625,4,1,3,0.034677
