generation,prey_fitness,predator_fitness,num_alive_end,avg_bb_size,var_bb_size,avg_shortest_dist,swarm_density_count,prey_neurons_connected_prey_retina,prey_neurons_connected_predator_retina,predator_neurons_connected_prey_retina,mutual_info
1,27885.000000,22115.000000,2,4281.589122,7025359.950123,216.135329,5.546032,1,0,2,0.040862
1,27920.000000,22080.000000,2,4417.097604,5312934.650423,546.097866,5.448969,1,0,2,0.031418
2,27377.000000,22623.000000,2,5672.881302,16468828.238538,209.869825,4.445049,1,0,2,0.020668
3,34834.000000,15166.000000,2,5159.289046,6206499.896706,196.102164,6.927259,1,0,2,0.030948
