generation,prey_fitness,predator_fitness,num_alive_end,avg_bb_size,var_bb_size,avg_shortest_dist,swarm_density_count,prey_neurons_connected_prey_retina,prey_neurons_connected_predator_retina,predator_neurons_connected_prey_retina,mutual_info
1,42277.000000,7723.000000,18,643.145867,43502.464250,9.231543,19.149848,1,0,1,0.009534
1,45236.000000,4764.000000,18,670.375860,44915.066339,8.757773,20.324123,1,0,1,0.016062
2,47575.000000,2425.000000,22,687.570332,42990.266102,7.790812,21.495945,1,0,1,0.004634
3,43804.000000,6196.000000,18,648.454802,50941.862519,8.625405,19.680223,1,0,1,0.010657
