generation,prey_fitness,predator_fitness,num_alive_end,avg_bb_size,var_bb_size,avg_shortest_dist,swarm_density_count,prey_neurons_connected_prey_retina,prey_neurons_connected_predator_retina,predator_neurons_connected_prey_retina,mutual_info
1,31913.000000,18087.000000,6,84956.982366,1394965644.206872,4559.856856,1.248296,0,0,4,0.043992
1,31161.000000,18839.000000,5,66338.505491,603685045.384769,3200.906862,1.275003,0,0,4,0.027292
2,26200.000000,23800.000000,3,55985.018893,1197154897.404750,4850.916304,1.134210,0,0,4,0.064429
3,23463.000000,26537.000000,2,25249.034581,191951387.612965,3380.823047,1.165082,0,0,4,0.051189
