generation,prey_fitness,predator_fitness,num_alive_end,avg_bb_size,var_bb_size,avg_shortest_dist,swarm_density_count,prey_neurons_connected_prey_retina,prey_neurons_connected_predator_retina,predator_neurons_connected_prey_retina,mutual_info
1,37467.000000,12533.000000,10,3349.781937,1241391.127587,58.285649,8.787170,2,0,2,0.028849
1,34207.000000,15793.000000,7,3583.226456,2125881.709809,73.919294,7.735559,2,0,2,0.023042
2,36039.000000,13961.000000,12,3833.551455,2243162.304201,63.748741,7.779188,2,0,2,0.029908
3,34238.000000,15762.000000,3,3427.694439,2715877.550342,80.473151,7.672460,2,0,2,0.049589
