generation,prey_fitness,predator_fitness,num_alive_end,avg_bb_size,var_bb_size,avg_shortest_dist,swarm_density_count,prey_neurons_connected_prey_retina,prey_neurons_connected_predator_retina,predator_neurons_connected_prey_retina,mutual_info
1,26660.000000,23340.000000,2,1591.362383,1208269.986262,115.516777,8.794492,2,1,2,0.027471
1,29380.000000,20620.000000,3,1939.050905,1570388.828209,108.541396,8.615686,2,1,2,0.018444
2,36311.000000,13689.000000,9,2882.019033,2373204.585088,66.426838,9.978415,2,1,2,0.021412
3,33125.000000,16875.000000,6,2223.199059,1022305.971014,63.457409,10.139392,2,1,2,0.015670
