generation,prey_fitness,predator_fitness,num_alive_end,avg_bb_size,var_bb_size,avg_shortest_dist,swarm_density_count,prey_neurons_connected_prey_retina,prey_neurons_connected_predator_retina,predator_neurons_connected_prey_retina,mutual_info
1,26386.000000,23614.000000,2,14628.670455,55601931.404543,1077.020354,2.137518,0,4,1,0.077173
1,27688.000000,22312.000000,2,10594.810463,17451379.798490,2071.732519,2.755790,0,4,1,0.059825
2,26275.000000,23725.000000,2,13111.081931,66460188.340038,825.153290,2.160899,0,4,1,0.031171
3,26203.000000,23797.000000,2,14531.413233,40944618.078943,4510.972884,2.154297,0,4,1,0.052300
