generation,prey_fitness,predator_fitness,num_alive_end,avg_bb_size,var_bb_size,avg_shortest_dist,swarm_density_count,prey_neurons_connected_prey_retina,prey_neurons_connected_predator_retina,predator_neurons_connected_prey_retina,mutual_info
1,24255.000000,25745.000000,2,46082.083679,758801148.774420,7003.717644,1.210826,1,1,1,0.087313
1,20990.000000,29010.000000,2,25735.973128,214234525.660163,10753.842975,1.279348,1,1,1,0.051448
2,18991.000000,31009.000000,2,26274.239277,334642745.542583,11886.183130,1.149030,1,1,1,0.049088
3,22729.000000,27271.000000,2,51013.104206,419121118.179233,43567.649396,1.253607,1,1,1,0.041971
