generation,prey_fitness,predator_fitness,num_alive_end,avg_bb_size,var_bb_size,avg_shortest_dist,swarm_density_count,prey_neurons_connected_prey_retina,prey_neurons_connected_predator_retina,predator_neurons_connected_prey_retina,mutual_info
1,33861.000000,16139.000000,8,163981.028042,5711335911.661499,5944.346815,1.146772,0,2,1,0.045557
1,25125.000000,24875.000000,5,162850.256769,5281744396.685797,14676.132819,1.163780,0,2,1,0.030930
2,33834.000000,16166.000000,9,155139.769870,4929028092.710576,4264.792941,1.199117,0,2,1,0.036202
3,30937.000000,19063.000000,9,172070.998928,5652395944.511819,6878.984883,1.160979,0,2,1,0.030410
