generation,prey_fitness,predator_fitness,num_alive_end,avg_bb_size,var_bb_size,avg_shortest_dist,swarm_density_count,prey_neurons_connected_prey_retina,prey_neurons_connected_predator_retina,predator_neurons_connected_prey_retina,mutual_info
1,17890.000000,32110.000000,2,13224.054065,157416889.842155,4199.450689,1.041038,0,0,1,0.070672
1,28552.000000,21448.000000,2,26327.250285,164186372.993174,2475.375560,1.700067,0,0,1,0.048717
2,21380.000000,28620.000000,2,14491.345687,112591077.672680,3536.214146,1.474325,0,0,1,0.032930
3,26604.000000,23396.000000,2,38068.653568,540361688.614057,2755.054528,1.205377,0,0,1,0.055375
