generation,prey_fitness,predator_fitness,num_alive_end,avg_bb_size,var_bb_size,avg_shortest_dist,swarm_density_count,prey_neurons_connected_prey_retina,prey_neurons_connected_predator_retina,predator_neurons_connected_prey_retina,mutual_info
1,24509.000000,25491.000000,2,50206.762133,675204779.611822,11812.938410,1.357866,2,1,1,0.048622
1,21625.000000,28375.000000,2,34713.012994,737640016.943575,3155.766269,1.090034,2,1,1,0.052767
2,25222.000000,24778.000000,2,44688.247949,499467890.602182,3835.651017,1.277870,2,1,1,0.034499
3,24193.000000,25807.000000,2,37016.004148,753115957.479758,7937.540521,1.454205,2,1,1,0.056550
