generation,prey_fitness,predator_fitness,num_alive_end,avg_bb_size,var_bb_size,avg_shortest_dist,swarm_density_count,prey_neurons_connected_prey_retina,prey_neurons_connected_predator_retina,predator_neurons_connected_prey_retina,mutual_info
1,48636.000000,1364.000000,22,678.962788,68905.970844,6.583592,21.013933,2,1,1,0.013529
1,48310.000000,1690.000000,23,745.786372,85497.940795,7.007467,20.126091,2,1,1,0.013132
2,47312.000000,2688.000000,22,720.332903,82270.080321,7.134243,20.274291,2,1,1,0.017421
3,46868.000000,3132.000000,22,671.392792,63493.313129,6.741092,20.480442,2,1,1,0.013993
