generation,prey_fitness,predator_fitness,num_alive_end,avg_bb_size,var_bb_size,avg_shortest_dist,swarm_density_count,prey_neurons_connected_prey_retina,prey_neurons_connected_predator_retina,predator_neurons_connected_prey_retina,mutual_info
1,37703.000000,12297.000000,12,1620.558026,390964.927505,27.014670,12.429671,1,0,3,0.022993
1,42195.000000,7805.000000,15,1827.941020,493909.446782,22.711603,13.173523,1,0,3,0.039067
2,34217.000000,15783.000000,9,1385.024467,340811.104838,31.709719,11.986449,1,0,3,0.019742
3,31962.000000,18038.000000,7,1455.904775,594214.333088,35.113464,10.694681,1,0,3,0.019158
