generation,prey_fitness,predator_fitness,num_alive_end,avg_bb_size,var_bb_size,avg_shortest_dist,swarm_density_count,prey_neurons_connected_prey_retina,prey_neurons_connected_predator_retina,predator_neurons_connected_prey_retina,mutual_info
1,37884.000000,12116.000000,10,3476.872570,1851501.635053,97.707138,9.104625,1,1,1,0.021482
1,22808.000000,27192.000000,2,2374.352755,2977101.203969,737.222732,5.151796,1,1,1,0.020030
2,34551.000000,15449.000000,7,3688.274042,1923121.365489,119.499875,7.771142,1,1,1,0.024546
3,29752.000000,20248.000000,3,2644.927612,1478517.358505,119.643453,7.417561,1,1,1,0.020435
