generation,prey_fitness,predator_fitness,num_alive_end,avg_bb_size,var_bb_size,avg_shortest_dist,swarm_density_count,prey_neurons_connected_prey_retina,prey_neurons_connected_predator_retina,predator_neurons_connected_prey_retina,mutual_info
1,32024.000000,17976.000000,6,29184.197844,103304000.040676,1511.222755,1.696102,1,5,1,0.020245
1,25779.000000,24221.000000,5,25235.659665,121430447.782438,1814.284549,1.751067,1,5,1,0.021776
2,36392.000000,13608.000000,7,39196.191956,245021890.456064,1517.285117,1.927544,1,5,1,0.016290
3,30952.000000,19048.000000,6,30678.775095,180046472.640224,1351.601396,1.831972,1,5,1,0.026390
