generation,prey_fitness,predator_fitness,num_alive_end,avg_bb_size,var_bb_size,avg_shortest_dist,swarm_density_count,prey_neurons_connected_prey_retina,prey_neurons_connected_predator_retina,predator_neurons_connected_prey_retina,mutual_info
1,21257.000000,28743.000000,2,3093.303258,5775904.389201,1129.570805,4.162188,1,0,1,0.028318
1,21816.000000,28184.000000,2,2690.964587,5185459.740664,313.791617,4.343401,1,0,1,0.018283
2,18423.000000,31577.000000,2,2189.057064,3001644.716747,1065.372221,3.882077,1,0,1,0.027344
3,21440.000000,28560.000000,2,2876.229872,4318604.491692,720.642572,4.417228,1,0,1,0.019540
