generation,prey_fitness,predator_fitness,num_alive_end,avg_bb_size,var_bb_size,avg_shortest_dist,swarm_density_count,prey_neurons_connected_prey_retina,prey_neurons_connected_predator_retina,predator_neurons_connected_prey_retina,mutual_info
1,44280.000000,5720.000000,15,1430.968478,328164.993958,18.120362,15.277331,2,0,1,0.024918
1,41094.000000,8906.000000,14,1392.940644,222952.471800,20.414167,14.539308,2,0,1,0.024086
2,42322.000000,7678.000000,15,1385.093990,271305.514447,18.461938,14.840758,2,0,1,0.018091
3,44975.000000,5025.000000,20,1574.601521,378863.058754,17.708503,14.850577,2,0,1,0.026058
