generation,prey_fitness,predator_fitness,num_alive_end,avg_bb_size,var_bb_size,avg_shortest_dist,swarm_density_count,prey_neurons_connected_prey_retina,prey_neurons_connected_predator_retina,predator_neurons_connected_prey_retina,mutual_info
1,21391.000000,28609.000000,2,14779.507803,127542651.609065,1564.405105,1.831298,1,2,1,0.036004
1,21471.000000,28529.000000,2,9043.065077,74718244.996155,1309.966530,2.168076,1,2,1,0.038730
2,18110.000000,31890.000000,2,7120.800713,36560434.688089,2446.105674,1.879364,1,2,1,0.025032
3,21420.000000,28580.000000,2,10860.012453,109293270.283433,1348.725568,1.980847,1,2,1,0.044645
