generation,prey_fitness,predator_fitness,num_alive_end,avg_bb_size,var_bb_size,avg_shortest_dist,swarm_density_count,prey_neurons_connected_prey_retina,prey_neurons_connected_predator_retina,predator_neurons_connected_prey_retina,mutual_info
1,18312.000000,31688.000000,3,130595.888901,5812746899.357284,33596.457633,1.028950,3,1,1,0.025491
1,26434.000000,23566.000000,7,177735.011288,5637542647.763708,7599.373505,0.869283,3,1,1,0.029387
2,18382.000000,31618.000000,3,109134.683609,2710177071.824725,31854.089771,1.218559,3,1,1,0.063218
3,22753.000000,27247.000000,6,147087.779242,3994132241.237994,16263.679696,0.946296,3,1,1,0.026876
