generation,prey_fitness,predator_fitness,num_alive_end,avg_bb_size,var_bb_size,avg_shortest_dist,swarm_density_count,prey_neurons_connected_prey_retina,prey_neurons_connected_predator_retina,predator_neurons_connected_prey_retina,mutual_info
1,23477.000000,26523.000000,2,32029.619478,457887348.821970,4913.367403,1.130630,2,0,1,0.036310
1,20950.000000,29050.000000,2,28760.022042,600965076.814048,2675.319627,1.206274,2,0,1,0.039570
2,22789.000000,27211.000000,2,34284.193655,490963106.208387,9765.180662,1.096701,2,0,1,0.030976
3,23582.000000,26418.000000,2,22107.707865,205103128.082759,5067.618848,1.502407,2,0,1,0.040949
