generation,prey_fitness,predator_fitness,num_alive_end,avg_bb_size,var_bb_size,avg_shortest_dist,swarm_density_count,prey_neurons_connected_prey_retina,prey_neurons_connected_predator_retina,predator_neurons_connected_prey_retina,mutual_info
1,44442.000000,5558.000000,19,1390.575270,331430.057339,12.222436,14.703863,2,2,1,0.019734
1,39125.000000,10875.000000,15,1846.847176,792869.948231,16.949873,12.146911,2,2,1,0.013966
2,38652.000000,11348.000000,13,1220.360452,267592.715612,13.392245,13.325743,2,2,1,0.017078
3,43739.000000,6261.000000,17,1487.283446,339165.558207,12.567331,14.244834,2,2,1,0.021764
