generation,prey_fitness,predator_fitness,num_alive_end,avg_bb_size,var_bb_size,avg_shortest_dist,swarm_density_count,prey_neurons_connected_prey_retina,prey_neurons_connected_predator_retina,predator_neurons_connected_prey_retina,mutual_info
1,22503.000000,27497.000000,2,29154.316393,354278010.909380,3682.748902,1.189016,1,4,1,0.058283
1,25416.000000,24584.000000,2,55051.038114,899961986.258969,6173.490673,1.148364,1,4,1,0.049362
2,21789.000000,28211.000000,2,38003.714524,562972947.541086,5436.162521,1.061209,1,4,1,0.049322
3,27769.000000,22231.000000,2,45382.229596,393293150.726928,14914.111287,1.371557,1,4,1,0.045807
