generation,prey_fitness,predator_fitness,num_alive_end,avg_bb_size,var_bb_size,avg_shortest_dist,swarm_density_count,prey_neurons_connected_prey_retina,prey_neurons_connected_predator_retina,predator_neurons_connected_prey_retina,mutual_info
1,31964.000000,18036.000000,6,2945.185068,3207758.452828,67.548738,7.798966,3,3,1,0.019431
1,40762.000000,9238.000000,12,3990.606939,2665233.430742,45.758634,8.761505,3,3,1,0.033912
2,42249.000000,7751.000000,14,4410.225608,3386736.517416,49.766175,9.427592,3,3,1,0.025968
3,35214.000000,14786.000000,8,3227.075372,2333451.791362,49.634510,8.332828,3,3,1,0.030003
