generation,prey_fitness,predator_fitness,num_alive_end,avg_bb_size,var_bb_size,avg_shortest_dist,swarm_density_count,prey_neurons_connected_prey_retina,prey_neurons_connected_predator_retina,predator_neurons_connected_prey_retina,mutual_info
1,48585.000000,1415.000000,22,1187.160169,71477.941060,18.336533,19.967367,2,1,1,0.004227
1,47349.000000,2651.000000,19,1151.104229,61198.631037,18.388131,19.386751,2,1,1,0.003387
2,37011.000000,12989.000000,12,1023.189705,88985.783640,23.954451,15.237699,2,1,1,0.005091
3,44947.000000,5053.000000,20,1097.361676,58295.296704,18.117214,18.310426,2,1,1,0.006775
