generation,prey_fitness,predator_fitness,num_alive_end,avg_bb_size,var_bb_size,avg_shortest_dist,swarm_density_count,prey_neurons_connected_prey_retina,prey_neurons_connected_predator_retina,predator_neurons_connected_prey_retina,mutual_info
1,49062.000000,938.000000,23,691.947468,200508.751477,8.563321,22.251158,2,1,1,0.007101
1,44698.000000,5302.000000,19,925.347905,154394.001678,11.960310,18.511583,2,1,1,0.007515
2,42436.000000,7564.000000,18,891.387652,111591.163978,12.136681,17.342506,2,1,1,0.008607
3,44812.000000,5188.000000,21,1013.369391,111746.110255,13.442767,18.574634,2,1,1,0.005652
