generation,prey_fitness,predator_fitness,num_alive_end,avg_bb_size,var_bb_size,avg_shortest_dist,swarm_density_count,prey_neurons_connected_prey_retina,prey_neurons_connected_predator_retina,predator_neurons_connected_prey_retina,mutual_info
1,43848.000000,6152.000000,20,1023.143902,246486.961217,7.116965,15.808751,3,0,1,0.023630
1,43012.000000,6988.000000,18,1034.027079,207405.050864,7.874547,15.417399,3,0,1,0.017927
2,40411.000000,9589.000000,14,994.604292,208689.402239,7.937080,14.313210,3,0,1,0.039911
3,44676.000000,5324.000000,19,954.745390,201524.068962,6.632900,16.365795,3,0,1,0.023230
