generation,prey_fitness,predator_fitness,num_alive_end,avg_bb_size,var_bb_size,avg_shortest_dist,swarm_density_count,prey_neurons_connected_prey_retina,prey_neurons_connected_predator_retina,predator_neurons_connected_prey_retina,mutual_info
1,29153.000000,20847.000000,6,126669.176215,2078842839.678091,7431.890580,0.844325,1,1,1,0.048715
1,21553.000000,28447.000000,3,90297.432136,3738873681.261349,9438.491378,0.833843,1,1,1,0.055055
2,26685.000000,23315.000000,5,97537.441397,1923267790.127753,7987.056466,0.930961,1,1,1,0.040090
3,25017.000000,24983.000000,2,85652.050144,1525301450.091591,21497.044949,0.886278,1,1,1,0.051062
