generation,prey_fitness,predator_fitness,num_alive_end,avg_bb_size,var_bb_size,avg_shortest_dist,swarm_density_count,prey_neurons_connected_prey_retina,prey_neurons_connected_predator_retina,predator_neurons_connected_prey_retina,mutual_info
1,19829.000000,30171.000000,2,55826.938410,1892881637.828958,14434.852555,0.867719,3,2,1,0.054655
1,24825.000000,25175.000000,2,57359.150491,808888869.671864,5784.178495,0.968668,3,2,1,0.030141
2,22524.000000,27476.000000,2,46026.273638,1113009537.769732,7210.924312,0.934367,3,2,1,0.030943
3,16080.000000,33920.000000,2,22551.933858,586596347.272589,3301.639831,0.989035,3,2,1,0.084235
