generation,prey_fitness,predator_fitness,num_alive_end,avg_bb_size,var_bb_size,avg_shortest_dist,swarm_density_count,prey_neurons_connected_prey_retina,prey_neurons_connected_predator_retina,predator_neurons_connected_prey_retina,mutual_info
1,41474.000000,8526.000000,14,1278.928195,195760.590724,29.282774,17.188334,4,0,1,0.005043
1,40210.000000,9790.000000,15,1176.484745,134026.784487,27.684480,17.018269,4,0,1,0.005372
2,41964.000000,8036.000000,11,1471.969101,173590.414554,35.636276,16.649996,4,0,1,0.004706
3,42712.000000,7288.000000,16,1181.783487,126166.655751,27.526226,18.317352,4,0,1,0.004958
