generation,prey_fitness,predator_fitness,num_alive_end,avg_bb_size,var_bb_size,avg_shortest_dist,swarm_density_count,prey_neurons_connected_prey_retina,prey_neurons_connected_predator_retina,predator_neurons_connected_prey_retina,mutual_info
1,42419.000000,7581.000000,17,901.607129,129828.510282,11.059733,16.999688,2,1,1,0.014761
1,41457.000000,8543.000000,16,893.421143,82479.313272,11.636508,16.642855,2,1,1,0.014460
2,44304.000000,5696.000000,19,951.915141,116669.065172,10.746887,17.206355,2,1,1,0.018863
3,42727.000000,7273.000000,17,917.930663,149479.984636,11.188671,16.628426,2,1,1,0.015208
