generation,prey_fitness,predator_fitness,num_alive_end,avg_bb_size,var_bb_size,avg_shortest_dist,swarm_density_count,prey_neurons_connected_prey_retina,prey_neurons_connected_predator_retina,predator_neurons_connected_prey_retina,mutual_info
1,24767.000000,25233.000000,2,19831.932688,208350444.587886,2127.814276,2.573104,4,0,3,0.059296
1,25632.000000,24368.000000,2,17589.883305,100230334.049195,4150.325439,2.427576,4,0,3,0.027819
2,26568.000000,23432.000000,2,27313.512455,223368030.365476,2568.670829,2.518432,4,0,3,0.036035
3,28546.000000,21454.000000,2,24399.672101,138917388.715657,3197.050585,2.274968,4,0,3,0.048668
