generation,prey_fitness,predator_fitness,num_alive_end,avg_bb_size,var_bb_size,avg_shortest_dist,swarm_density_count,prey_neurons_connected_prey_retina,prey_neurons_connected_predator_retina,predator_neurons_connected_prey_retina,mutual_info
1,28974.000000,21026.000000,4,94984.959084,3828291217.146948,3871.204178,1.097921,1,0,2,0.054445
1,21883.000000,28117.000000,2,87622.939352,2555033588.474193,17159.055775,0.943761,1,0,2,0.040566
2,21465.000000,28535.000000,2,53947.362713,1957261196.387616,11697.003784,1.106578,1,0,2,0.074664
3,23688.000000,26312.000000,2,46314.047553,615923063.110128,10672.319116,1.123088,1,0,2,0.038494
