generation,prey_fitness,predator_fitness,num_alive_end,avg_bb_size,var_bb_size,avg_shortest_dist,swarm_density_count,prey_neurons_connected_prey_retina,prey_neurons_connected_predator_retina,predator_neurons_connected_prey_retina,mutual_info
1,26228.000000,23772.000000,7,160977.496845,4390175691.490169,10652.717427,0.827434,0,1,2,0.030342
1,31528.000000,18472.000000,5,175648.414579,6196348649.708913,7763.418988,0.943618,0,1,2,0.033253
2,29440.000000,20560.000000,7,194688.612367,5686119982.173256,12251.862513,0.990966,0,1,2,0.026243
3,21682.000000,28318.000000,2,104628.294709,5365825235.047754,13601.660113,0.862039,0,1,2,0.056086
