generation,prey_fitness,predator_fitness,num_alive_end,avg_bb_size,var_bb_size,avg_shortest_dist,swarm_density_count,prey_neurons_connected_prey_retina,prey_neurons_connected_predator_retina,predator_neurons_connected_prey_retina,mutual_info
1,34780.000000,15220.000000,7,4112.486328,2508147.566634,92.620572,7.593720,3,3,6,0.049819
1,37465.000000,12535.000000,10,3983.161654,2189144.295259,64.916305,8.535348,3,3,6,0.032972
2,42832.000000,7168.000000,18,4944.832094,4217635.118071,59.837349,9.255365,3,3,6,0.028129
3,35325.000000,14675.000000,7,4217.277385,3255966.198698,77.227636,7.583903,3,3,6,0.042006
