generation,prey_fitness,predator_fitness,num_alive_end,avg_bb_size,var_bb_size,avg_shortest_dist,swarm_density_count,prey_neurons_connected_prey_retina,prey_neurons_connected_predator_retina,predator_neurons_connected_prey_retina,mutual_info
1,38741.000000,11259.000000,13,2263.683005,1048193.259651,27.380053,10.986439,4,1,1,0.034669
1,39101.000000,10899.000000,16,2218.364568,655973.812552,25.926900,11.026468,4,1,1,0.021935
2,28137.000000,21863.000000,2,1560.557973,964153.150331,83.903700,8.173762,4,1,1,0.034735
3,31685.000000,18315.000000,6,1840.046930,490580.774636,37.460420,9.448847,4,1,1,0.017749
