generation,prey_fitness,predator_fitness,num_alive_end,avg_bb_size,var_bb_size,avg_shortest_dist,swarm_density_count,prey_neurons_connected_prey_retina,prey_neurons_connected_predator_retina,predator_neurons_connected_prey_retina,mutual_info
1,38201.000000,11799.000000,14,4306.757236,1887786.349077,68.041566,7.921929,1,1,1,0.035557
1,36748.000000,13252.000000,12,4393.117084,2396138.666903,62.345831,7.462352,1,1,1,0.049615
2,31613.000000,18387.000000,5,4255.453832,3460486.443920,150.229685,6.794019,1,1,1,0.036470
3,28714.000000,21286.000000,5,3194.866575,1867001.429005,97.650331,6.521106,1,1,1,0.028843
