generation,prey_fitness,predator_fitness,num_alive_end,avg_bb_size,var_bb_size,avg_shortest_dist,swarm_density_count,prey_neurons_connected_prey_retina,prey_neurons_connected_predator_retina,predator_neurons_connected_prey_retina,mutual_info
1,49623.000000,377.000000,24,1023.485592,122881.116601,14.303842,21.616060,2,0,1,0.011621
1,43632.000000,6368.000000,18,890.681793,100014.608305,15.419896,19.125609,2,0,1,0.006072
2,45905.000000,4095.000000,19,1029.021086,127108.224472,15.790650,19.338894,2,0,1,0.011674
3,45736.000000,4264.000000,21,852.529506,86450.348857,13.192583,20.205935,2,0,1,0.009131
