generation,prey_fitness,predator_fitness,num_alive_end,avg_bb_size,var_bb_size,avg_shortest_dist,swarm_density_count,prey_neurons_connected_prey_retina,prey_neurons_connected_predator_retina,predator_neurons_connected_prey_retina,mutual_info
1,46779.000000,3221.000000,20,1060.521471,198225.749519,7.744924,16.976809,3,1,1,0.015824
1,43401.000000,6599.000000,16,1013.194638,133677.778416,8.999461,16.251503,3,1,1,0.015552
2,48088.000000,1912.000000,23,961.198615,158037.709654,6.714468,18.241275,3,1,1,0.023716
3,42074.000000,7926.000000,16,1064.232182,206958.798840,9.001188,15.366362,3,1,1,0.027443
