generation,prey_fitness,predator_fitness,num_alive_end,avg_bb_size,var_bb_size,avg_shortest_dist,swarm_density_count,prey_neurons_connected_prey_retina,prey_neurons_connected_predator_retina,predator_neurons_connected_prey_retina,mutual_info
1,43524.000000,6476.000000,20,488.429850,29175.274736,10.103082,20.635936,3,6,1,0.285565
1,46514.000000,3486.000000,23,536.042765,32294.917223,10.052477,22.128396,3,6,1,0.236070
2,46038.000000,3962.000000,22,425.524435,32756.691928,7.820931,21.958643,3,6,1,0.331887
3,45047.000000,4953.000000,22,473.671687,30798.478694,9.064053,21.435604,3,6,1,0.336236
