generation,prey_fitness,predator_fitness,num_alive_end,avg_bb_size,var_bb_size,avg_shortest_dist,swarm_density_count,prey_neurons_connected_prey_retina,prey_neurons_connected_predator_retina,predator_neurons_connected_prey_retina,mutual_info
1,28430.000000,21570.000000,2,1949.836126,921245.914716,125.969369,8.616911,1,0,1,0.010319
1,36633.000000,13367.000000,9,2654.349250,866780.012868,66.460565,10.330826,1,0,1,0.017590
2,34563.000000,15437.000000,6,2339.229727,758991.203051,66.453549,10.568164,1,0,1,0.011882
3,29353.000000,20647.000000,4,2079.235468,742769.661863,79.947011,8.300089,1,0,1,0.016231
