generation,prey_fitness,predator_fitness,num_alive_end,avg_bb_size,var_bb_size,avg_shortest_dist,swarm_density_count,prey_neurons_connected_prey_retina,prey_neurons_connected_predator_retina,predator_neurons_connected_prey_retina,mutual_info
1,30161.000000,19839.000000,3,92740.855444,2079994513.483458,6152.458943,1.077128,1,1,1,0.061594
1,20713.000000,29287.000000,2,38214.154083,905089957.553545,6137.482679,0.946664,1,1,1,0.041085
2,19495.000000,30505.000000,3,39746.674893,648989217.298181,8770.102537,0.836453,1,1,1,0.091342
3,22398.000000,27602.000000,2,64693.758676,1686129838.736084,33857.066313,0.846606,1,1,1,0.064611
