generation,prey_fitness,predator_fitness,num_alive_end,avg_bb_size,var_bb_size,avg_shortest_dist,swarm_density_count,prey_neurons_connected_prey_retina,prey_neurons_connected_predator_retina,predator_neurons_connected_prey_retina,mutual_info
1,23270.000000,26730.000000,2,12422.558825,86990070.673270,2547.818877,1.936104,1,1,1,0.047362
1,22029.000000,27971.000000,2,9827.799426,79663932.687538,1218.510185,2.194596,1,1,1,0.044643
2,23512.000000,26488.000000,2,15307.346504,75628180.696107,3619.773705,1.825865,1,1,1,0.036386
3,19111.000000,30889.000000,2,7615.689582,61741538.925999,1522.449389,1.989382,1,1,1,0.054602
