generation,prey_fitness,predator_fitness,num_alive_end,avg_bb_size,var_bb_size,avg_shortest_dist,swarm_density_count,prey_neurons_connected_prey_retina,prey_neurons_connected_predator_retina,predator_neurons_connected_prey_retina,mutual_info
1,44155.000000,5845.000000,17,1663.335179,144419.941400,24.783847,13.406215,1,1,3,0.005901
1,44352.000000,5648.000000,18,1575.362422,86549.906902,23.196197,13.846736,1,1,3,0.006681
2,38526.000000,11474.000000,15,1427.300404,184938.390065,27.510802,12.584967,1,1,3,0.009907
3,41255.000000,8745.000000,18,1596.900078,280218.445209,25.392274,13.144636,1,1,3,0.012304
