generation,prey_fitness,predator_fitness,num_alive_end,avg_bb_size,var_bb_size,avg_shortest_dist,swarm_density_count,prey_neurons_connected_prey_retina,prey_neurons_connected_predator_retina,predator_neurons_connected_prey_retina,mutual_info
1,44545.000000,5455.000000,18,2956.648314,1330326.268159,28.571722,11.439302,1,5,2,0.033955
1,45839.000000,4161.000000,20,2851.868791,795445.442965,27.234797,11.924228,1,5,2,0.037602
2,47846.000000,2154.000000,23,2956.445162,1294244.527453,25.414361,12.553740,1,5,2,0.035801
3,48293.000000,1707.000000,23,2646.567131,615363.600589,23.161499,12.770306,1,5,2,0.033505
