generation,prey_fitness,predator_fitness,num_alive_end,avg_bb_size,var_bb_size,avg_shortest_dist,swarm_density_count,prey_neurons_connected_prey_retina,prey_neurons_connected_predator_retina,predator_neurons_connected_prey_retina,mutual_info
1,32616.000000,17384.000000,4,1690.771437,508135.013693,57.694868,11.097394,4,3,1,0.012004
1,30856.000000,19144.000000,5,1557.591368,418370.207058,58.632124,10.952765,4,3,1,0.016866
2,34620.000000,15380.000000,7,1684.673031,492359.608724,45.317924,12.155272,4,3,1,0.016402
3,34203.000000,15797.000000,6,1824.189929,562377.242224,56.050232,11.734820,4,3,1,0.008511
