generation,prey_fitness,predator_fitness,num_alive_end,avg_bb_size,var_bb_size,avg_shortest_dist,swarm_density_count,prey_neurons_connected_prey_retina,prey_neurons_connected_predator_retina,predator_neurons_connected_prey_retina,mutual_info
1,31078.000000,18922.000000,4,17180.417558,82125490.713373,417.553246,2.806524,4,1,5,0.071833
1,29022.000000,20978.000000,7,14530.922710,40026037.053805,354.936385,2.934746,4,1,5,0.043851
2,25915.000000,24085.000000,2,9122.074190,35080353.652896,534.722283,2.967378,4,1,5,0.044572
3,33517.000000,16483.000000,6,15020.263469,73671383.938761,232.307436,3.675979,4,1,5,0.069858
