generation,prey_fitness,predator_fitness,num_alive_end,avg_bb_size,var_bb_size,avg_shortest_dist,swarm_density_count,prey_neurons_connected_prey_retina,prey_neurons_connected_predator_retina,predator_neurons_connected_prey_retina,mutual_info
1,44349.000000,5651.000000,20,1019.630774,100500.927195,17.826799,18.630137,3,2,1,0.006489
1,45013.000000,4987.000000,20,1106.327694,154606.930119,18.965418,18.524515,3,2,1,0.012623
2,46943.000000,3057.000000,22,1125.126970,181159.627784,17.832237,19.828999,3,2,1,0.007217
3,42408.000000,7592.000000,18,899.509840,62422.682021,16.845538,18.540261,3,2,1,0.005622
