generation,prey_fitness,predator_fitness,num_alive_end,avg_bb_size,var_bb_size,avg_shortest_dist,swarm_density_count,prey_neurons_connected_prey_retina,prey_neurons_connected_predator_retina,predator_neurons_connected_prey_retina,mutual_info
1,41627.000000,8373.000000,15,953.152999,234105.617886,9.677641,15.452935,1,4,1,0.021833
1,44230.000000,5770.000000,17,1042.837632,311737.407215,9.207688,16.067784,1,4,1,0.023271
2,45055.000000,4945.000000,18,1095.712396,230783.104899,9.673272,15.931755,1,4,1,0.025758
3,47845.000000,2155.000000,22,1104.624415,298130.876154,8.329563,17.443903,1,4,1,0.021077
