generation,prey_fitness,predator_fitness,num_alive_end,avg_bb_size,var_bb_size,avg_shortest_dist,swarm_density_count,prey_neurons_connected_prey_retina,prey_neurons_connected_predator_retina,predator_neurons_connected_prey_retina,mutual_info
1,44298.000000,5702.000000,18,1225.455721,258745.579221,12.980504,15.490198,2,1,2,0.016553
1,43996.000000,6004.000000,19,1171.877112,246973.407685,13.388644,15.570365,2,1,2,0.021127
2,46846.000000,3154.000000,19,1273.779028,367796.092924,12.503414,16.948028,2,1,2,0.018006
3,45250.000000,4750.000000,18,1221.592007,306185.210859,12.446979,15.693872,2,1,2,0.035537
