generation,prey_fitness,predator_fitness,num_alive_end,avg_bb_size,var_bb_size,avg_shortest_dist,swarm_density_count,prey_neurons_connected_prey_retina,prey_neurons_connected_predator_retina,predator_neurons_connected_prey_retina,mutual_info
1,40079.000000,9921.000000,16,488.805120,22530.936915,9.035059,18.773948,1,1,1,0.007136
1,47977.000000,2023.000000,23,558.969117,40809.885925,7.282110,22.191269,1,1,1,0.011106
2,44148.000000,5852.000000,20,599.146000,41944.773646,9.007879,20.270738,1,1,1,0.013673
3,47009.000000,2991.000000,23,563.308828,30022.996874,7.605321,21.882341,1,1,1,0.006843
