generation,prey_fitness,predator_fitness,num_alive_end,avg_bb_size,var_bb_size,avg_shortest_dist,swarm_density_count,prey_neurons_connected_prey_retina,prey_neurons_connected_predator_retina,predator_neurons_connected_prey_retina,mutual_info
1,39340.000000,10660.000000,14,1096.077350,133154.455661,15.324686,14.599227,2,1,2,0.011680
1,41842.000000,8158.000000,17,1034.382892,135878.195694,12.591524,16.045695,2,1,2,0.011048
2,38519.000000,11481.000000,11,1280.184639,347334.017530,19.777561,14.307926,2,1,2,0.016321
3,47762.000000,2238.000000,20,1198.802415,157037.424512,10.846158,17.999362,2,1,2,0.010992
