generation,prey_fitness,predator_fitness,num_alive_end,avg_bb_size,var_bb_size,avg_shortest_dist,swarm_density_count,prey_neurons_connected_prey_retina,prey_neurons_connected_predator_retina,predator_neurons_connected_prey_retina,mutual_info
1,47291.000000,2709.000000,23,602.479838,17996.493417,10.035401,22.615311,2,0,1,0.005513
1,50000.000000,1.000000,25,648.873825,17369.949343,9.930975,23.941840,2,0,1,0.006322
2,50000.000000,1.000000,25,666.791630,16402.075709,10.252999,23.933760,2,0,1,0.003802
3,48531.000000,1469.000000,24,616.349202,16914.483706,10.092204,23.225947,2,0,1,0.008010
