generation,prey_fitness,predator_fitness,num_alive_end,avg_bb_size,var_bb_size,avg_shortest_dist,swarm_density_count,prey_neurons_connected_prey_retina,prey_neurons_connected_predator_retina,predator_neurons_connected_prey_retina,mutual_info
1,23767.000000,26233.000000,2,39371.532230,1024996113.511636,2901.978208,1.115782,1,1,1,0.038219
1,22184.000000,27816.000000,2,41934.477946,754519556.486743,14228.057131,1.070420,1,1,1,0.053767
2,24306.000000,25694.000000,2,50225.808687,1549458780.460272,3473.149419,1.033422,1,1,1,0.022544
3,17752.000000,32248.000000,2,15527.123071,227738158.907766,2698.749734,0.981363,1,1,1,0.045433
