generation,prey_fitness,predator_fitness,num_alive_end,avg_bb_size,var_bb_size,avg_shortest_dist,swarm_density_count,prey_neurons_connected_prey_retina,prey_neurons_connected_predator_retina,predator_neurons_connected_prey_retina,mutual_info
1,18485.000000,31515.000000,2,5024.970660,19879413.388756,1455.923257,2.252936,0,1,1,0.036955
1,17754.000000,32246.000000,2,6753.084345,34745987.997611,2543.656351,1.949231,0,1,1,0.031718
2,24756.000000,25244.000000,2,8724.862254,29599374.167808,967.381281,2.638998,0,1,1,0.028737
3,23772.000000,26228.000000,2,9152.643344,38876478.511794,1033.585599,2.547100,0,1,1,0.037255
