generation,prey_fitness,predator_fitness,num_alive_end,avg_bb_size,var_bb_size,avg_shortest_dist,swarm_density_count,prey_neurons_connected_prey_retina,prey_neurons_connected_predator_retina,predator_neurons_connected_prey_retina,mutual_info
1,24499.000000,25501.000000,2,31930.394375,404297379.225777,2858.922011,1.408038,2,1,1,0.043301
1,24447.000000,25553.000000,2,21501.874156,223742816.406993,1240.552129,1.842655,2,1,1,0.040127
2,21766.000000,28234.000000,2,14945.993630,133815408.156585,1567.670639,1.505260,2,1,1,0.054742
3,21174.000000,28826.000000,2,20393.425222,255153435.291098,2668.214102,1.455931,2,1,1,0.065322
