generation,prey_fitness,predator_fitness,num_alive_end,avg_bb_size,var_bb_size,avg_shortest_dist,swarm_density_count,prey_neurons_connected_prey_retina,prey_neurons_connected_predator_retina,predator_neurons_connected_prey_retina,mutual_info
1,46833.000000,3167.000000,22,1196.719054,161996.144386,15.176287,17.798262,2,0,1,0.015403
1,46028.000000,3972.000000,20,1180.714507,164877.321648,15.470988,17.606795,2,0,1,0.015947
2,42632.000000,7368.000000,18,1084.682150,171011.062823,14.904280,16.817491,2,0,1,0.013847
3,45863.000000,4137.000000,19,1057.147459,160330.103698,13.372044,18.222150,2,0,1,0.012138
