generation,prey_fitness,predator_fitness,num_alive_end,avg_bb_size,var_bb_size,avg_shortest_dist,swarm_density_count,prey_neurons_connected_prey_retina,prey_neurons_connected_predator_retina,predator_neurons_connected_prey_retina,mutual_info
1,46525.000000,3475.000000,23,537.832098,23192.989492,9.198445,22.153772,1,2,1,0.010945
1,48203.000000,1797.000000,23,494.735560,17205.571725,7.874399,23.013485,1,2,1,0.013239
2,50000.000000,1.000000,25,511.090322,21824.304748,7.993604,23.934440,1,2,1,0.011597
3,49146.000000,854.000000,24,516.200542,25722.902312,7.653502,23.431202,1,2,1,0.011623
