generation,prey_fitness,predator_fitness,num_alive_end,avg_bb_size,var_bb_size,avg_shortest_dist,swarm_density_count,prey_neurons_connected_prey_retina,prey_neurons_connected_predator_retina,predator_neurons_connected_prey_retina,mutual_info
1,21621.000000,28379.000000,2,15146.094632,109950839.050320,4028.602218,1.711909,0,5,1,0.033398
1,26820.000000,23180.000000,2,36062.775192,378647843.131010,4763.538909,1.565479,0,5,1,0.031975
2,22178.000000,27822.000000,2,39259.039792,1159847103.535701,3283.462267,1.335252,0,5,1,0.045868
3,24384.000000,25616.000000,2,20418.925543,130512660.656208,6717.935704,1.600743,0,5,1,0.035036
