generation,prey_fitness,predator_fitness,num_alive_end,avg_bb_size,var_bb_size,avg_shortest_dist,swarm_density_count,prey_neurons_connected_prey_retina,prey_neurons_connected_predator_retina,predator_neurons_connected_prey_retina,mutual_info
1,38490.000000,11510.000000,12,1138.258724,255258.362137,17.902761,14.320464,3,3,1,0.010265
1,43506.000000,6494.000000,17,1334.105562,248374.485989,17.648445,15.868921,3,3,1,0.021734
2,40461.000000,9539.000000,13,1098.486643,165092.232608,15.629840,15.511748,3,3,1,0.010856
3,42393.000000,7607.000000,16,1172.807132,285478.059324,15.201760,16.307609,3,3,1,0.011387
