generation,prey_fitness,predator_fitness,num_alive_end,avg_bb_size,var_bb_size,avg_shortest_dist,swarm_density_count,prey_neurons_connected_prey_retina,prey_neurons_connected_predator_retina,predator_neurons_connected_prey_retina,mutual_info
1,35578.000000,14422.000000,8,6268.800606,5774387.329704,124.493054,5.975184,2,1,2,0.032401
1,26493.000000,23507.000000,2,5086.909751,15994677.743301,414.425533,4.438844,2,1,2,0.027034
2,22765.000000,27235.000000,2,4037.379737,10716065.599274,313.021237,3.940557,2,1,2,0.029452
3,34513.000000,15487.000000,7,6802.617841,9148196.491963,120.807381,5.327519,2,1,2,0.026139
