generation,prey_fitness,predator_fitness,num_alive_end,avg_bb_size,var_bb_size,avg_shortest_dist,swarm_density_count,prey_neurons_connected_prey_retina,prey_neurons_connected_predator_retina,predator_neurons_connected_prey_retina,mutual_info
1,24609.000000,25391.000000,8,183821.628903,6138508948.123460,12877.772843,0.847581,3,1,1,0.026885
1,29112.000000,20888.000000,6,174480.870052,6646560503.720922,8489.652722,1.010922,3,1,1,0.044989
2,29927.000000,20073.000000,8,197218.407600,6222754691.680093,9556.851917,0.983854,3,1,1,0.035345
3,27084.000000,22916.000000,2,152664.353586,4885046354.930243,24170.887573,1.006014,3,1,1,0.030884
