generation,prey_fitness,predator_fitness,num_alive_end,avg_bb_size,var_bb_size,avg_shortest_dist,swarm_density_count,prey_neurons_connected_prey_retina,prey_neurons_connected_predator_retina,predator_neurons_connected_prey_retina,mutual_info
1,39979.000000,10021.000000,14,1785.122814,472381.059072,21.541771,12.490715,3,1,1,0.031349
1,37908.000000,12092.000000,12,1658.651979,436983.353217,22.797742,12.013781,3,1,1,0.028814
2,44436.000000,5564.000000,20,1914.379510,446416.641755,20.599822,13.713051,3,1,1,0.037413
3,45266.000000,4734.000000,18,2229.661351,748950.855259,21.139377,13.244525,3,1,1,0.034524
