generation,prey_fitness,predator_fitness,num_alive_end,avg_bb_size,var_bb_size,avg_shortest_dist,swarm_density_count,prey_neurons_connected_prey_retina,prey_neurons_connected_predator_retina,predator_neurons_connected_prey_retina,mutual_info
1,39097.000000,10903.000000,12,1850.116793,492490.330335,24.691044,11.959666,2,0,4,0.038007
1,42846.000000,7154.000000,18,1957.261321,507531.053317,19.735081,12.584229,2,0,4,0.037245
2,35405.000000,14595.000000,6,1777.010529,546009.262668,35.453129,10.907520,2,0,4,0.029324
3,39149.000000,10851.000000,12,2062.352377,863666.748482,24.166967,11.043952,2,0,4,0.037502
