generation,prey_fitness,predator_fitness,num_alive_end,avg_bb_size,var_bb_size,avg_shortest_dist,swarm_density_count,prey_neurons_connected_prey_retina,prey_neurons_connected_predator_retina,predator_neurons_connected_prey_retina,mutual_info
1,24234.000000,25766.000000,2,11075.102810,48533269.002847,1729.532431,2.281614,1,4,1,0.066275
1,20531.000000,29469.000000,2,6446.003908,21243557.075387,3121.643682,2.330468,1,4,1,0.109957
2,18380.000000,31620.000000,2,6517.454356,31299581.916007,1266.609730,1.874946,1,4,1,0.162864
3,18221.000000,31779.000000,2,6667.897054,23250453.348838,2973.991745,2.240299,1,4,1,0.054478
