generation,prey_fitness,predator_fitness,num_alive_end,avg_bb_size,var_bb_size,avg_shortest_dist,swarm_density_count,prey_neurons_connected_prey_retina,prey_neurons_connected_predator_retina,predator_neurons_connected_prey_retina,mutual_info
1,42936.000000,7064.000000,15,2348.313025,580737.352041,31.196013,11.977428,1,0,1,0.031159
1,34972.000000,15028.000000,7,2281.147454,1420270.172602,44.808849,10.122704,1,0,1,0.034545
2,38001.000000,11999.000000,12,2816.112253,1763833.297152,36.518081,9.829471,1,0,1,0.058005
3,38220.000000,11780.000000,10,2484.158170,995656.800975,36.718825,10.428420,1,0,1,0.034899
