generation,prey_fitness,predator_fitness,num_alive_end,avg_bb_size,var_bb_size,avg_shortest_dist,swarm_density_count,prey_neurons_connected_prey_retina,prey_neurons_connected_predator_retina,predator_neurons_connected_prey_retina,mutual_info
1,23508.000000,26492.000000,2,33930.939443,329264101.430177,6734.538771,1.072063,1,0,1,0.019517
1,17480.000000,32520.000000,2,18825.312333,303686732.975289,5557.515577,0.957389,1,0,1,0.034550
2,23566.000000,26434.000000,2,29712.506747,513912925.878024,3206.878260,0.995301,1,0,1,0.044071
3,24684.000000,25316.000000,2,39569.137707,590728339.329930,2392.197170,1.049598,1,0,1,0.042950
