generation,prey_fitness,predator_fitness,num_alive_end,avg_bb_size,var_bb_size,avg_shortest_dist,swarm_density_count,prey_neurons_connected_prey_retina,prey_neurons_connected_predator_retina,predator_neurons_connected_prey_retina,mutual_info
1,28790.000000,21210.000000,2,2026.573218,1603188.767903,232.673500,8.112007,3,1,2,0.008672
1,27925.000000,22075.000000,2,2089.144975,1052657.361537,158.962102,8.184316,3,1,2,0.017617
2,30904.000000,19096.000000,2,2158.987528,1104019.498567,102.295668,8.790564,3,1,2,0.008443
3,20127.000000,29873.000000,2,1445.172491,1404322.167296,349.847779,5.712608,3,1,2,0.025120
