generation,prey_fitness,predator_fitness,num_alive_end,avg_bb_size,var_bb_size,avg_shortest_dist,swarm_density_count,prey_neurons_connected_prey_retina,prey_neurons_connected_predator_retina,predator_neurons_connected_prey_retina,mutual_info
1,39693.000000,10307.000000,17,1816.796107,237784.144563,29.064259,11.151655,2,0,1,0.006949
1,33920.000000,16080.000000,10,1585.634721,334787.071098,37.745491,10.308038,2,0,1,0.004868
2,43561.000000,6439.000000,17,2254.676126,541154.066931,32.462459,10.878720,2,0,1,0.005981
3,40353.000000,9647.000000,15,1984.983814,208044.879128,31.766152,10.587006,2,0,1,0.005619
