generation,prey_fitness,predator_fitness,num_alive_end,avg_bb_size,var_bb_size,avg_shortest_dist,swarm_density_count,prey_neurons_connected_prey_retina,prey_neurons_connected_predator_retina,predator_neurons_connected_prey_retina,mutual_info
1,36953.000000,13047.000000,12,1969.294379,501333.605316,32.245226,11.114707,1,3,1,0.015662
1,31615.000000,18385.000000,5,1555.427612,520540.241729,42.721159,10.021027,1,3,1,0.013172
2,43251.000000,6749.000000,15,1865.865088,447897.551240,24.676716,13.293599,1,3,1,0.017252
3,37383.000000,12617.000000,10,1586.990431,304345.403112,28.899213,12.372203,1,3,1,0.016539
