generation,prey_fitness,predator_fitness,num_alive_end,avg_bb_size,var_bb_size,avg_shortest_dist,swarm_density_count,prey_neurons_connected_prey_retina,prey_neurons_connected_predator_retina,predator_neurons_connected_prey_retina,mutual_info
1,31627.000000,18373.000000,5,110498.042484,1701128210.967731,5223.133053,1.281540,2,3,1,0.061813
1,30695.000000,19305.000000,8,148127.367391,7063646687.937410,8395.285500,1.087787,2,3,1,0.058695
2,30550.000000,19450.000000,5,131273.723928,3753822107.874223,8610.996598,1.048286,2,3,1,0.113505
3,21918.000000,28082.000000,2,88882.824469,3640078497.504806,23910.975729,1.167747,2,3,1,0.108713
