generation,prey_fitness,predator_fitness,num_alive_end,avg_bb_size,var_bb_size,avg_shortest_dist,swarm_density_count,prey_neurons_connected_prey_retina,prey_neurons_connected_predator_retina,predator_neurons_connected_prey_retina,mutual_info
1,27624.000000,22376.000000,4,162658.640563,5001986745.604093,12272.887123,0.979495,1,1,1,0.028739
1,26135.000000,23865.000000,4,99713.580136,3343300777.837038,5487.995168,1.042259,1,1,1,0.059820
2,26698.000000,23302.000000,6,162906.317247,4668332980.159641,12320.975333,1.011196,1,1,1,0.059148
3,27163.000000,22837.000000,4,129307.180635,3994121998.695522,9728.614327,1.004346,1,1,1,0.045831
