generation,prey_fitness,predator_fitness,num_alive_end,avg_bb_size,var_bb_size,avg_shortest_dist,swarm_density_count,prey_neurons_connected_prey_retina,prey_neurons_connected_predator_retina,predator_neurons_connected_prey_retina,mutual_info
1,29569.000000,20431.000000,3,2585.209950,1441005.857582,136.212968,8.483027,3,3,3,0.020213
1,34255.000000,15745.000000,9,2743.152356,1271349.685900,92.517735,10.055530,3,3,3,0.011253
2,28118.000000,21882.000000,2,2025.055866,1155721.501598,208.536207,8.984202,3,3,3,0.027135
3,25062.000000,24938.000000,2,2503.036105,2891983.024781,327.530170,6.572432,3,3,3,0.020183
