generation,prey_fitness,predator_fitness,num_alive_end,avg_bb_size,var_bb_size,avg_shortest_dist,swarm_density_count,prey_neurons_connected_prey_retina,prey_neurons_connected_predator_retina,predator_neurons_connected_prey_retina,mutual_info
1,20437.000000,29563.000000,2,7854.517011,52169101.048107,926.531694,2.462038,2,3,5,0.079586
1,22134.000000,27866.000000,2,6097.516988,17836040.292939,1584.766921,2.681655,2,3,5,0.029530
2,19741.000000,30259.000000,2,5568.059911,21231149.767017,1411.450654,2.584308,2,3,5,0.040754
3,18271.000000,31729.000000,2,4866.787604,20006599.593280,1882.458218,2.505694,2,3,5,0.045734
