generation,prey_fitness,predator_fitness,num_alive_end,avg_bb_size,var_bb_size,avg_shortest_dist,swarm_density_count,prey_neurons_connected_prey_retina,prey_neurons_connected_predator_retina,predator_neurons_connected_prey_retina,mutual_info
1,42241.000000,7759.000000,15,697.143527,82699.971027,7.660198,17.332561,2,2,2,0.023697
1,48492.000000,1508.000000,23,758.078270,82660.720373,7.140490,20.031020,2,2,2,0.013885
2,46168.000000,3832.000000,21,722.998593,71819.005975,6.814735,19.016061,2,2,2,0.015758
3,46031.000000,3969.000000,21,713.042423,83008.592321,6.565540,18.854064,2,2,2,0.011149
