generation,prey_fitness,predator_fitness,num_alive_end,avg_bb_size,var_bb_size,avg_shortest_dist,swarm_density_count,prey_neurons_connected_prey_retina,prey_neurons_connected_predator_retina,predator_neurons_connected_prey_retina,mutual_info
1,44745.000000,25255.000000,11,103513.440206,1486927456.516102,2809.767429,1.545624,1,0,1,0.016581
1,50015.000000,19985.000000,16,143348.152970,4213537053.346112,3343.423755,1.541948,1,0,1,0.027879
2,45195.000000,24805.000000,11,103708.369707,1929088965.465850,2865.185455,1.436124,1,0,1,0.021727
3,45814.000000,24186.000000,15,115439.166297,2761454483.756083,3308.758898,1.465753,1,0,1,0.029193
