generation,prey_fitness,predator_fitness,num_alive_end,avg_bb_size,var_bb_size,avg_shortest_dist,swarm_density_count,prey_neurons_connected_prey_retina,prey_neurons_connected_predator_retina,predator_neurons_connected_prey_retina,mutual_info
1,56757.000000,13243.000000,24,2202.127827,749857.714845,12.781568,17.436165,3,3,1,0.023430
1,64317.000000,5683.000000,30,2798.814229,1509153.609162,13.109354,18.317044,3,3,1,0.032235
2,61946.000000,8054.000000,26,2912.568301,1718627.533470,14.457771,18.004001,3,3,1,0.013697
3,64830.000000,5170.000000,29,3343.802235,2900491.252772,14.100695,18.182393,3,3,1,0.017414
