generation,prey_fitness,predator_fitness,num_alive_end,avg_bb_size,var_bb_size,avg_shortest_dist,swarm_density_count,prey_neurons_connected_prey_retina,prey_neurons_connected_predator_retina,predator_neurons_connected_prey_retina,mutual_info
1,50810.000000,19190.000000,16,3620.210675,1902834.315607,36.791159,12.315392,2,2,1,0.036502
1,52380.000000,17620.000000,18,3155.319279,1037153.272011,31.687826,13.538257,2,2,1,0.016950
2,56376.000000,13624.000000,20,3977.678098,2385195.170951,34.961155,13.560535,2,2,1,0.023429
3,58305.000000,11695.000000,21,3921.362398,1454972.976087,33.653890,13.990649,2,2,1,0.036696
