generation,prey_fitness,predator_fitness,num_alive_end,avg_bb_size,var_bb_size,avg_shortest_dist,swarm_density_count,prey_neurons_connected_prey_retina,prey_neurons_connected_predator_retina,predator_neurons_connected_prey_retina,mutual_info
1,40112.000000,29888.000000,8,58363.477122,970535997.472812,2133.660548,2.119681,0,1,1,0.034472
1,43592.000000,26408.000000,11,59192.950619,413153654.315485,1861.582098,2.143327,0,1,1,0.019784
2,42004.000000,27996.000000,3,29433.346692,157773627.327363,1286.219452,2.648235,0,1,1,0.029006
3,39487.000000,30513.000000,7,31298.971348,95803105.869053,1143.940472,2.547976,0,1,1,0.032335
