generation,prey_fitness,predator_fitness,num_alive_end,avg_bb_size,var_bb_size,avg_shortest_dist,swarm_density_count,prey_neurons_connected_prey_retina,prey_neurons_connected_predator_retina,predator_neurons_connected_prey_retina,mutual_info
1,46391.000000,23609.000000,10,131824.527047,2946579403.343792,3110.440680,1.565764,0,1,3,0.021083
1,45970.000000,24030.000000,14,164576.316070,4889690676.184905,3983.282908,1.433458,0,1,3,0.046092
2,42100.000000,27900.000000,10,82523.652816,1076089918.458034,2936.526382,1.686641,0,1,3,0.024890
3,42718.000000,27282.000000,11,146960.054703,3801882330.209228,3548.987038,1.600125,0,1,3,0.027833
