generation,prey_fitness,predator_fitness,num_alive_end,avg_bb_size,var_bb_size,avg_shortest_dist,swarm_density_count,prey_neurons_connected_prey_retina,prey_neurons_connected_predator_retina,predator_neurons_connected_prey_retina,mutual_info
1,60687.000000,9313.000000,26,1609.702064,175458.113447,11.596173,21.052183,2,5,1,0.015175
1,64535.000000,5465.000000,29,1464.766035,238910.173740,10.315982,23.442205,2,5,1,0.021537
2,67270.000000,2730.000000,31,1748.227973,484789.127757,9.548069,22.325678,2,5,1,0.026527
3,60868.000000,9132.000000,26,1480.835406,279697.421717,10.625841,22.104757,2,5,1,0.013588
