generation,prey_fitness,predator_fitness,num_alive_end,avg_bb_size,var_bb_size,avg_shortest_dist,swarm_density_count,prey_neurons_connected_prey_retina,prey_neurons_connected_predator_retina,predator_neurons_connected_prey_retina,mutual_info
1,41456.000000,28544.000000,6,122604.375212,2990840583.089366,4210.676627,1.420833,0,1,2,0.033088
1,39958.000000,30042.000000,8,131835.387117,3642320639.232410,4739.966047,1.380409,0,1,2,0.025271
2,48488.000000,21512.000000,13,155342.947251,3896416342.158365,3127.052681,1.337224,0,1,2,0.024855
3,49255.000000,20745.000000,15,149342.811007,3243515291.746925,3333.486682,1.550600,0,1,2,0.021954
