generation,prey_fitness,predator_fitness,num_alive_end,avg_bb_size,var_bb_size,avg_shortest_dist,swarm_density_count,prey_neurons_connected_prey_retina,prey_neurons_connected_predator_retina,predator_neurons_connected_prey_retina,mutual_info
1,42625.000000,27375.000000,9,148161.311769,3484236456.767725,4206.212218,1.309319,1,2,1,0.037853
1,44952.000000,25048.000000,10,157914.146200,3638749096.673080,3687.192562,1.359646,1,2,1,0.034485
2,49051.000000,20949.000000,15,174922.595144,4544300172.847790,4515.914879,1.333224,1,2,1,0.031911
3,45414.000000,24586.000000,12,176079.582603,5030349034.925468,4694.006144,1.347152,1,2,1,0.035802
