generation,prey_fitness,predator_fitness,num_alive_end,avg_bb_size,var_bb_size,avg_shortest_dist,swarm_density_count,prey_neurons_connected_prey_retina,prey_neurons_connected_predator_retina,predator_neurons_connected_prey_retina,mutual_info
1,44328.000000,25672.000000,6,52824.213093,461549222.023429,1526.544977,1.778659,0,2,1,0.012812
1,42124.000000,27876.000000,7,56795.223556,404479573.346408,1708.626819,1.896472,0,2,1,0.026439
2,43862.000000,26138.000000,8,68951.072789,974397172.436916,1851.781331,1.716358,0,2,1,0.044011
3,45561.000000,24439.000000,12,67835.321562,640582477.062758,1928.696637,2.023784,0,2,1,0.038765
