generation,prey_fitness,predator_fitness,num_alive_end,avg_bb_size,var_bb_size,avg_shortest_dist,swarm_density_count,prey_neurons_connected_prey_retina,prey_neurons_connected_predator_retina,predator_neurons_connected_prey_retina,mutual_info
1,56842.000000,13158.000000,23,2072.395542,556237.870171,13.945656,17.589292,4,1,2,0.024450
1,63650.000000,6350.000000,29,2156.072352,552343.232343,12.375568,19.364653,4,1,2,0.026875
2,61633.000000,8367.000000,27,2218.760331,511889.856888,13.196607,18.876582,4,1,2,0.034756
3,58528.000000,11472.000000,25,2026.489399,382589.604437,13.236641,18.440821,4,1,2,0.036857
