generation,prey_fitness,predator_fitness,num_alive_end,avg_bb_size,var_bb_size,avg_shortest_dist,swarm_density_count,prey_neurons_connected_prey_retina,prey_neurons_connected_predator_retina,predator_neurons_connected_prey_retina,mutual_info
1,57009.000000,12991.000000,23,2424.182300,556958.521020,27.155602,16.328785,2,2,1,0.006537
1,61681.000000,8319.000000,26,3024.848923,889957.143424,30.048629,16.017117,2,2,1,0.016294
2,57694.000000,12306.000000,23,2716.641517,534476.690406,30.075277,15.315034,2,2,1,0.012631
3,62791.000000,7209.000000,25,2857.920714,757686.443568,28.309593,16.369001,2,2,1,0.014566
