generation,prey_fitness,predator_fitness,num_alive_end,avg_bb_size,var_bb_size,avg_shortest_dist,swarm_density_count,prey_neurons_connected_prey_retina,prey_neurons_connected_predator_retina,predator_neurons_connected_prey_retina,mutual_info
1,61667.000000,8333.000000,27,3150.117795,697561.190504,24.829420,13.726041,5,3,1,0.010714
1,54679.000000,15321.000000,16,2713.337069,459707.819942,28.252312,12.403886,5,3,1,0.008194
2,61950.000000,8050.000000,26,2969.602121,419579.361091,24.968960,13.756263,5,3,1,0.006404
3,62499.000000,7501.000000,28,3105.867103,590828.450147,25.302638,14.676772,5,3,1,0.018436
