generation,prey_fitness,predator_fitness,num_alive_end,avg_bb_size,var_bb_size,avg_shortest_dist,swarm_density_count,prey_neurons_connected_prey_retina,prey_neurons_connected_predator_retina,predator_neurons_connected_prey_retina,mutual_info
1,68629.000000,1371.000000,33,2374.254197,731145.580757,12.613412,20.267851,4,3,2,0.013857
1,63756.000000,6244.000000,28,2163.696889,429575.780328,12.241619,18.813310,4,3,2,0.016745
2,66765.000000,3235.000000,30,2270.988777,966969.823627,12.124416,20.382956,4,3,2,0.021754
3,64172.000000,5828.000000,27,1874.212832,540830.109052,10.529222,20.367349,4,3,2,0.017208
