generation,prey_fitness,predator_fitness,num_alive_end,avg_bb_size,var_bb_size,avg_shortest_dist,swarm_density_count,prey_neurons_connected_prey_retina,prey_neurons_connected_predator_retina,predator_neurons_connected_prey_retina,mutual_info
1,42654.000000,27346.000000,7,33263.364518,154309009.464730,1084.432894,2.506246,1,3,1,0.054770
1,34813.000000,35187.000000,2,30291.702833,194114542.535477,1761.426834,2.257499,1,3,1,0.073539
2,39058.000000,30942.000000,2,27176.745665,150241478.192995,1027.704569,2.487643,1,3,1,0.045220
3,42912.000000,27088.000000,7,36262.721576,152485360.197300,1195.290510,2.407894,1,3,1,0.037506
