generation,prey_fitness,predator_fitness,num_alive_end,avg_bb_size,var_bb_size,avg_shortest_dist,swarm_density_count,prey_neurons_connected_prey_retina,prey_neurons_connected_predator_retina,predator_neurons_connected_prey_retina,mutual_info
1,44757.000000,25243.000000,11,127140.713736,2670883612.824335,2701.128742,1.862974,1,1,1,0.028218
1,42423.000000,27577.000000,8,74543.842060,733432305.823777,2180.246470,1.939372,1,1,1,0.036400
2,43171.000000,26829.000000,8,86117.190687,1315244387.144616,2923.727987,1.833373,1,1,1,0.024097
3,38282.000000,31718.000000,3,70134.219919,1458790617.593166,4307.488282,1.896252,1,1,1,0.036703
