generation,prey_fitness,predator_fitness,num_alive_end,avg_bb_size,var_bb_size,avg_shortest_dist,swarm_density_count,prey_neurons_connected_prey_retina,prey_neurons_connected_predator_retina,predator_neurons_connected_prey_retina,mutual_info
1,67105.000000,2895.000000,31,1511.798446,283873.270824,7.913072,23.497980,1,1,1,0.021001
1,66367.000000,3633.000000,28,1516.079273,252371.216604,8.511831,23.585266,1,1,1,0.027003
2,60045.000000,9955.000000,23,1434.154778,312497.271511,9.079478,21.100040,1,1,1,0.026993
3,65999.000000,4001.000000,31,1476.904286,201066.811676,8.962982,23.351377,1,1,1,0.025364
