generation,prey_fitness,predator_fitness,num_alive_end,avg_bb_size,var_bb_size,avg_shortest_dist,swarm_density_count,prey_neurons_connected_prey_retina,prey_neurons_connected_predator_retina,predator_neurons_connected_prey_retina,mutual_info
1,64815.000000,5185.000000,29,1304.800773,258470.507782,8.007071,23.809416,1,1,1,0.028132
1,62736.000000,7264.000000,26,1225.400804,216018.740799,8.154474,23.418573,1,1,1,0.019442
2,63225.000000,6775.000000,29,1251.333415,155621.636963,8.142703,23.638010,1,1,1,0.030219
3,59452.000000,10548.000000,20,1213.696816,180319.477616,8.528277,21.810195,1,1,1,0.024534
