generation,prey_fitness,predator_fitness,num_alive_end,avg_bb_size,var_bb_size,avg_shortest_dist,swarm_density_count,prey_neurons_connected_prey_retina,prey_neurons_connected_predator_retina,predator_neurons_connected_prey_retina,mutual_info
1,65746.000000,4254.000000,30,1144.604180,309770.011146,3.782818,23.389696,1,1,2,0.030673
1,64922.000000,5078.000000,32,1225.291975,341030.949698,4.115686,22.285045,1,1,2,0.024994
2,69475.000000,525.000000,33,1218.729224,368513.732531,3.576365,24.039885,1,1,2,0.020672
3,65481.000000,4519.000000,29,1230.059957,313298.003018,4.007557,23.026382,1,1,2,0.023715
