generation,prey_fitness,predator_fitness,num_alive_end,avg_bb_size,var_bb_size,avg_shortest_dist,swarm_density_count,prey_neurons_connected_prey_retina,prey_neurons_connected_predator_retina,predator_neurons_connected_prey_retina,mutual_info
1,53094.000000,16906.000000,19,144729.940417,3074608033.633270,2909.621518,1.356691,1,1,1,0.015853
1,49345.000000,20655.000000,12,123213.138088,2979610581.673278,3382.911810,1.559602,1,1,1,0.029519
2,46161.000000,23839.000000,12,108858.646613,2190124972.533448,2563.013635,1.513664,1,1,1,0.032788
3,47692.000000,22308.000000,13,140716.966033,3014181506.298077,2891.100982,1.482314,1,1,1,0.024634
