generation,prey_fitness,predator_fitness,num_alive_end,avg_bb_size,var_bb_size,avg_shortest_dist,swarm_density_count,prey_neurons_connected_prey_retina,prey_neurons_connected_predator_retina,predator_neurons_connected_prey_retina,mutual_info
1,50937.000000,19063.000000,16,74717.465414,1569445188.159225,2007.152439,2.690126,1,1,5,0.030578
1,44797.000000,25203.000000,11,51682.676026,392288632.336551,1349.981976,2.324371,1,1,5,0.018156
2,49055.000000,20945.000000,13,105250.007362,2283668691.744512,3964.588349,2.206801,1,1,5,0.029492
3,39546.000000,30454.000000,9,71075.309693,714665133.341612,2896.266123,1.950125,1,1,5,0.028425
