generation,prey_fitness,predator_fitness,num_alive_end,avg_bb_size,var_bb_size,avg_shortest_dist,swarm_density_count,prey_neurons_connected_prey_retina,prey_neurons_connected_predator_retina,predator_neurons_connected_prey_retina,mutual_info
1,42162.000000,27838.000000,4,27362.891342,88511246.430974,1059.209659,2.617823,2,0,3,0.028128
1,48969.000000,21031.000000,15,38623.483447,229406479.035335,879.870045,2.880431,2,0,3,0.015639
2,44149.000000,25851.000000,8,40408.398948,233736025.965529,1109.037744,2.583702,2,0,3,0.014623
3,43990.000000,26010.000000,5,20300.974181,51836800.424720,638.177454,3.518930,2,0,3,0.028048
