generation,prey_fitness,predator_fitness,num_alive_end,avg_bb_size,var_bb_size,avg_shortest_dist,swarm_density_count,prey_neurons_connected_prey_retina,prey_neurons_connected_predator_retina,predator_neurons_connected_prey_retina,mutual_info
1,42779.000000,27221.000000,6,45467.990622,724285002.957582,1444.653545,2.760602,0,0,1,0.026650
1,39464.000000,30536.000000,3,29594.664823,133852959.007928,1380.627366,2.503813,0,0,1,0.030002
2,36681.000000,33319.000000,2,36881.802247,183023042.366989,3152.079138,2.147792,0,0,1,0.018680
3,37717.000000,32283.000000,2,34477.111297,187242361.965726,2225.974880,2.363894,0,0,1,0.039412
