generation,prey_fitness,predator_fitness,num_alive_end,avg_bb_size,var_bb_size,avg_shortest_dist,swarm_density_count,prey_neurons_connected_prey_retina,prey_neurons_connected_predator_retina,predator_neurons_connected_prey_retina,mutual_info
1,62347.000000,7653.000000,27,1403.012036,132633.962141,18.855417,27.044330,1,2,2,0.004693
1,65745.000000,4255.000000,31,1469.517234,93001.109890,18.329462,28.137485,1,2,2,0.004525
2,64267.000000,5733.000000,29,1497.865822,109703.649658,20.324927,27.389964,1,2,2,0.006019
3,63484.000000,6516.000000,26,1549.489253,147632.263952,20.800244,26.943983,1,2,2,0.005094
