generation,prey_fitness,predator_fitness,num_alive_end,avg_bb_size,var_bb_size,avg_shortest_dist,swarm_density_count,prey_neurons_connected_prey_retina,prey_neurons_connected_predator_retina,predator_neurons_connected_prey_retina,mutual_info
1,37640.000000,32360.000000,2,43108.369459,701229385.803152,1464.042145,1.718797,1,1,3,0.056875
1,46447.000000,23553.000000,12,99374.547268,1845748589.516979,2894.062942,1.656718,1,1,3,0.021187
2,44583.000000,25417.000000,10,80748.815516,813923537.127133,2144.556237,1.710492,1,1,3,0.031830
3,39198.000000,30802.000000,7,67824.667715,563316789.874620,2575.725439,1.500202,1,1,3,0.028243
