generation,prey_fitness,predator_fitness,num_alive_end,avg_bb_size,var_bb_size,avg_shortest_dist,swarm_density_count,prey_neurons_connected_prey_retina,prey_neurons_connected_predator_retina,predator_neurons_connected_prey_retina,mutual_info
1,63043.000000,6957.000000,27,2019.508593,716618.711933,11.541026,19.455342,5,0,1,0.035696
1,61956.000000,8044.000000,25,1799.699288,489147.421306,10.523544,19.679216,5,0,1,0.030904
2,67702.000000,2298.000000,33,2044.193430,661723.993035,10.656044,21.078377,5,0,1,0.025040
3,66703.000000,3297.000000,32,2054.764752,689687.968445,10.766696,20.890984,5,0,1,0.031465
