generation,prey_fitness,predator_fitness,num_alive_end,avg_bb_size,var_bb_size,avg_shortest_dist,swarm_density_count,prey_neurons_connected_prey_retina,prey_neurons_connected_predator_retina,predator_neurons_connected_prey_retina,mutual_info
1,49484.000000,20516.000000,15,13209.519243,23703172.986821,118.978068,5.818165,1,2,2,0.050605
1,39424.000000,30576.000000,3,11378.832002,41672940.411820,217.351737,4.467941,1,2,2,0.037790
2,36850.000000,33150.000000,2,11842.936567,20950213.361514,499.580514,3.835648,1,2,2,0.026976
3,47694.000000,22306.000000,11,13554.587048,24276502.703887,126.791706,5.270997,1,2,2,0.035618
