generation,prey_fitness,predator_fitness,num_alive_end,avg_bb_size,var_bb_size,avg_shortest_dist,swarm_density_count,prey_neurons_connected_prey_retina,prey_neurons_connected_predator_retina,predator_neurons_connected_prey_retina,mutual_info
1,60103.000000,9897.000000,27,1302.466975,58155.668088,11.448689,22.353371,2,1,1,0.004351
1,65506.000000,4494.000000,31,1516.312648,47664.152110,11.333524,21.313342,2,1,1,0.002444
2,67333.000000,2667.000000,30,1470.885961,73464.969549,10.760445,22.704581,2,1,1,0.003032
3,68722.000000,1278.000000,33,1516.129683,65721.195137,11.601284,22.689963,2,1,1,0.003339
