generation,prey_fitness,predator_fitness,num_alive_end,avg_bb_size,var_bb_size,avg_shortest_dist,swarm_density_count,prey_neurons_connected_prey_retina,prey_neurons_connected_predator_retina,predator_neurons_connected_prey_retina,mutual_info
1,46973.000000,23027.000000,12,78875.578414,900561324.895786,2179.354274,1.778242,3,1,1,0.027331
1,37641.000000,32359.000000,6,53450.477944,502086846.926726,1930.225833,2.024784,3,1,1,0.031898
2,39281.000000,30719.000000,6,61964.773732,639678897.566876,3160.546944,1.695969,3,1,1,0.019322
3,36218.000000,33782.000000,6,51460.567092,327191173.018965,3673.876113,1.839548,3,1,1,0.049405
