generation,prey_fitness,predator_fitness,num_alive_end,avg_bb_size,var_bb_size,avg_shortest_dist,swarm_density_count,prey_neurons_connected_prey_retina,prey_neurons_connected_predator_retina,predator_neurons_connected_prey_retina,mutual_info
1,42411.000000,27589.000000,10,186360.496487,6000797669.452254,6243.040873,1.533018,3,0,2,0.018256
1,39051.000000,30949.000000,8,178705.964648,5594094686.801146,7744.290416,1.528615,3,0,2,0.020868
2,40675.000000,29325.000000,7,184377.952740,5712788778.666774,7902.638417,1.523522,3,0,2,0.041051
3,45533.000000,24467.000000,9,184481.501376,5381969282.713566,6138.836729,1.499951,3,0,2,0.031104
