generation,prey_fitness,predator_fitness,num_alive_end,avg_bb_size,var_bb_size,avg_shortest_dist,swarm_density_count,prey_neurons_connected_prey_retina,prey_neurons_connected_predator_retina,predator_neurons_connected_prey_retina,mutual_info
1,45444.000000,24556.000000,11,69431.575999,501406981.845984,1571.408661,1.959876,1,1,1,0.038683
1,44215.000000,25785.000000,11,57946.332396,546149396.300508,1508.172948,1.996086,1,1,1,0.026726
2,38020.000000,31980.000000,4,37817.223049,609399211.734898,1177.684039,2.210263,1,1,1,0.020888
3,45715.000000,24285.000000,10,57436.186625,409445084.480962,1402.011616,2.183390,1,1,1,0.025328
