generation,prey_fitness,predator_fitness,num_alive_end,avg_bb_size,var_bb_size,avg_shortest_dist,swarm_density_count,prey_neurons_connected_prey_retina,prey_neurons_connected_predator_retina,predator_neurons_connected_prey_retina,mutual_info
1,59426.000000,10574.000000,25,4129.931255,2064485.423359,21.726067,13.712317,2,1,3,0.049383
1,61041.000000,8959.000000,25,4061.779250,2395473.314370,23.039149,14.213732,2,1,3,0.044356
2,56202.000000,13798.000000,21,3422.516617,1728312.565713,21.993736,13.681249,2,1,3,0.040308
3,59928.000000,10072.000000,26,3856.198470,1315653.432936,22.713276,14.022388,2,1,3,0.034254
