generation,prey_fitness,predator_fitness,num_alive_end,avg_bb_size,var_bb_size,avg_shortest_dist,swarm_density_count,prey_neurons_connected_prey_retina,prey_neurons_connected_predator_retina,predator_neurons_connected_prey_retina,mutual_info
1,54608.000000,15392.000000,21,2500.044293,430304.010916,32.747600,14.170764,3,0,1,0.007010
1,61629.000000,8371.000000,25,2667.887219,366418.252955,27.520109,14.879494,3,0,1,0.004244
2,59776.000000,10224.000000,21,2624.951295,316970.113797,28.960637,14.585166,3,0,1,0.003692
3,56908.000000,13092.000000,23,2793.669589,442563.944385,34.008009,13.548592,3,0,1,0.003399
