generation,prey_fitness,predator_fitness,num_alive_end,avg_bb_size,var_bb_size,avg_shortest_dist,swarm_density_count,prey_neurons_connected_prey_retina,prey_neurons_connected_predator_retina,predator_neurons_connected_prey_retina,mutual_info
1,60562.000000,9438.000000,24,2743.781712,805605.103385,16.593513,16.744712,4,1,3,0.036679
1,65737.000000,4263.000000,30,2557.872140,743105.661709,13.642503,19.020558,4,1,3,0.029601
2,56747.000000,13253.000000,21,2419.671547,754859.722298,17.661610,16.825294,4,1,3,0.034567
3,65528.000000,4472.000000,28,2592.435662,801605.279013,14.366782,18.618242,4,1,3,0.042237
