generation,prey_fitness,predator_fitness,num_alive_end,avg_bb_size,var_bb_size,avg_shortest_dist,swarm_density_count,prey_neurons_connected_prey_retina,prey_neurons_connected_predator_retina,predator_neurons_connected_prey_retina,mutual_info
1,49406.000000,20594.000000,12,35774.798439,260581260.905994,890.646064,2.973658,1,1,1,0.021137
1,32206.000000,37794.000000,2,17334.018765,139836759.085921,856.756704,2.639246,1,1,1,0.032648
2,55840.000000,14160.000000,18,62860.368019,566254315.021162,1234.447846,2.424717,1,1,1,0.009816
3,34426.000000,35574.000000,3,33034.367674,103227463.173640,2180.085484,2.062777,1,1,1,0.037684
