generation,prey_fitness,predator_fitness,num_alive_end,avg_bb_size,var_bb_size,avg_shortest_dist,swarm_density_count,prey_neurons_connected_prey_retina,prey_neurons_connected_predator_retina,predator_neurons_connected_prey_retina,mutual_info
1,68119.000000,1881.000000,32,2180.088692,496512.154538,11.077405,20.944859,2,2,1,0.028908
1,65583.000000,4417.000000,29,2034.738347,484459.337083,11.299408,21.509080,2,2,1,0.029297
2,66496.000000,3504.000000,29,2042.940868,564250.943280,10.307095,20.591863,2,2,1,0.032757
3,65122.000000,4878.000000,30,2013.615470,453131.831570,11.738095,21.254317,2,2,1,0.023187
