generation,prey_fitness,predator_fitness,num_alive_end,avg_bb_size,var_bb_size,avg_shortest_dist,swarm_density_count,prey_neurons_connected_prey_retina,prey_neurons_connected_predator_retina,predator_neurons_connected_prey_retina,mutual_info
1,32996.000000,37004.000000,2,90066.193761,2687281712.863212,9407.216711,1.264592,1,0,1,0.052676
1,39033.000000,30967.000000,7,100310.382632,1163205119.539744,4444.863465,1.353273,1,0,1,0.029853
2,41489.000000,28511.000000,9,109224.825638,1501452809.450979,3193.029300,1.344445,1,0,1,0.016606
3,39497.000000,30503.000000,7,128997.790285,3154976903.465504,4277.397018,1.316888,1,0,1,0.031140
