generation,prey_fitness,predator_fitness,num_alive_end,avg_bb_size,var_bb_size,avg_shortest_dist,swarm_density_count,prey_neurons_connected_prey_retina,prey_neurons_connected_predator_retina,predator_neurons_connected_prey_retina,mutual_info
1,59562.000000,10438.000000,21,2635.665830,772165.893603,25.656906,17.765801,3,1,2,0.026066
1,54040.000000,15960.000000,20,2511.346167,1163781.412584,32.090692,16.669500,3,1,2,0.021964
2,59505.000000,10495.000000,24,2665.488264,858299.134379,27.718168,18.124013,3,1,2,0.020384
3,62316.000000,7684.000000,28,2570.193310,936679.142890,22.106434,18.827195,3,1,2,0.026493
