generation,prey_fitness,predator_fitness,num_alive_end,avg_bb_size,var_bb_size,avg_shortest_dist,swarm_density_count,prey_neurons_connected_prey_retina,prey_neurons_connected_predator_retina,predator_neurons_connected_prey_retina,mutual_info
1,58863.000000,11137.000000,27,8819.273415,10428976.538373,47.671847,8.920341,1,0,2,0.048734
1,58315.000000,11685.000000,24,8214.191355,12515338.498461,43.787689,9.274090,1,0,2,0.077241
2,60374.000000,9626.000000,26,8835.347514,24751547.000186,44.360350,9.802307,1,0,2,0.070759
3,59874.000000,10126.000000,25,8639.760028,10857870.186316,43.844397,9.457207,1,0,2,0.051748
