generation,prey_fitness,predator_fitness,num_alive_end,avg_bb_size,var_bb_size,avg_shortest_dist,swarm_density_count,prey_neurons_connected_prey_retina,prey_neurons_connected_predator_retina,predator_neurons_connected_prey_retina,mutual_info
1,63817.000000,6183.000000,28,1480.188043,255642.961324,9.739516,23.070375,4,1,1,0.020645
1,60931.000000,9069.000000,26,1251.915005,153205.354040,9.299142,23.994469,4,1,1,0.010655
2,64178.000000,5822.000000,28,1522.411549,199368.414179,9.544125,23.393562,4,1,1,0.009505
3,61137.000000,8863.000000,28,1362.578125,253297.342431,9.143554,22.766064,4,1,1,0.017922
