generation,prey_fitness,predator_fitness,num_alive_end,avg_bb_size,var_bb_size,avg_shortest_dist,swarm_density_count,prey_neurons_connected_prey_retina,prey_neurons_connected_predator_retina,predator_neurons_connected_prey_retina,mutual_info
1,68779.000000,1221.000000,34,384.488980,2760.984605,4.290315,33.390000,1,1,1,0.003164
1,67548.000000,2452.000000,33,361.788206,3308.769352,4.124965,32.775000,1,1,1,0.002191
2,70000.000000,1.000000,35,381.055961,3761.083271,4.018731,34.000000,1,1,1,0.003002
3,67352.000000,2648.000000,32,379.360336,3488.850966,4.360608,32.677500,1,1,1,0.004119
