generation,prey_fitness,predator_fitness,num_alive_end,avg_bb_size,var_bb_size,avg_shortest_dist,swarm_density_count,prey_neurons_connected_prey_retina,prey_neurons_connected_predator_retina,predator_neurons_connected_prey_retina,mutual_info
1,65601.000000,4399.000000,29,2685.187452,1061197.984516,11.016958,17.469634,1,2,1,0.045247
1,64890.000000,5110.000000,29,3016.241383,2379488.202245,13.329174,17.119815,1,2,1,0.059275
2,61466.000000,8534.000000,27,2603.754762,992614.461914,14.391893,17.148849,1,2,1,0.034129
3,63884.000000,6116.000000,25,2471.915870,873495.495109,13.547076,18.618913,1,2,1,0.027240
