generation,prey_fitness,predator_fitness,num_alive_end,avg_bb_size,var_bb_size,avg_shortest_dist,swarm_density_count,prey_neurons_connected_prey_retina,prey_neurons_connected_predator_retina,predator_neurons_connected_prey_retina,mutual_info
1,68144.000000,1856.000000,32,1381.692207,256809.390006,7.340020,24.246874,1,0,1,0.021639
1,68472.000000,1528.000000,33,1366.661424,251838.903814,6.964474,24.290224,1,0,1,0.021373
2,65259.000000,4741.000000,28,1252.852462,182433.260751,7.299702,23.790716,1,0,1,0.021312
3,68471.000000,1529.000000,34,1368.036110,226087.438713,7.638406,24.952464,1,0,1,0.023215
