generation,prey_fitness,predator_fitness,num_alive_end,avg_bb_size,var_bb_size,avg_shortest_dist,swarm_density_count,prey_neurons_connected_prey_retina,prey_neurons_connected_predator_retina,predator_neurons_connected_prey_retina,mutual_info
1,63142.000000,6858.000000,29,1408.163595,107396.720017,14.838687,25.481122,2,2,1,0.003235
1,59634.000000,10366.000000,23,1395.071731,250861.855261,15.442394,23.515877,2,2,1,0.006770
2,65952.000000,4048.000000,28,1519.252630,118478.624277,14.736219,25.515033,2,2,1,0.004138
3,69054.000000,946.000000,33,1564.760353,158615.481919,14.348105,26.556422,2,2,1,0.007509
