generation,prey_fitness,predator_fitness,num_alive_end,avg_bb_size,var_bb_size,avg_shortest_dist,swarm_density_count,prey_neurons_connected_prey_retina,prey_neurons_connected_predator_retina,predator_neurons_connected_prey_retina,mutual_info
1,41200.000000,28800.000000,6,20705.479373,84136886.722483,634.206472,3.364081,1,0,1,0.022781
1,50174.000000,19826.000000,12,26393.070487,102787956.047888,451.867346,3.688694,1,0,1,0.013614
2,34845.000000,35155.000000,2,16687.882884,110060824.160913,855.858941,3.192858,1,0,1,0.033124
3,46716.000000,23284.000000,9,25329.282678,76355745.536056,559.472013,3.321779,1,0,1,0.015329
