generation,prey_fitness,predator_fitness,num_alive_end,avg_bb_size,var_bb_size,avg_shortest_dist,swarm_density_count,prey_neurons_connected_prey_retina,prey_neurons_connected_predator_retina,predator_neurons_connected_prey_retina,mutual_info
1,48871.000000,21129.000000,16,130388.606113,2934828014.639181,2901.664707,1.394201,3,1,1,0.019509
1,52986.000000,17014.000000,15,160643.418609,4292144778.413717,3896.844952,1.496976,3,1,1,0.024878
2,53430.000000,16570.000000,21,157158.652963,3772334251.739901,2800.213025,1.475432,3,1,1,0.028518
3,52958.000000,17042.000000,20,154880.522642,5312373253.514314,3344.126091,1.448366,3,1,1,0.025458
