generation,prey_fitness,predator_fitness,num_alive_end,avg_bb_size,var_bb_size,avg_shortest_dist,swarm_density_count,prey_neurons_connected_prey_retina,prey_neurons_connected_predator_retina,predator_neurons_connected_prey_retina,mutual_info
1,41071.000000,28929.000000,2,8821.457654,53285143.474837,224.374332,7.530786,3,0,1,0.031047
1,48794.000000,21206.000000,12,9850.282739,36207753.378344,147.079069,8.902837,3,0,1,0.022681
2,46522.000000,23478.000000,6,6179.637189,14112694.293203,96.383769,9.109305,3,0,1,0.017544
3,49876.000000,20124.000000,12,6911.968812,21725901.193737,97.828995,10.478010,3,0,1,0.013578
