generation,prey_fitness,predator_fitness,num_alive_end,avg_bb_size,var_bb_size,avg_shortest_dist,swarm_density_count,prey_neurons_connected_prey_retina,prey_neurons_connected_predator_retina,predator_neurons_connected_prey_retina,mutual_info
1,67408.000000,2592.000000,31,1651.886754,199811.941640,18.189929,27.401086,4,1,1,0.006179
1,59330.000000,10670.000000,25,1600.393549,207872.987116,20.412848,23.767680,4,1,1,0.007424
2,64591.000000,5409.000000,29,1739.408226,207522.113093,20.272402,25.728098,4,1,1,0.010003
3,67597.000000,2403.000000,31,1833.947391,192283.279138,20.462363,26.220013,4,1,1,0.007640
