generation,prey_fitness,predator_fitness,num_alive_end,avg_bb_size,var_bb_size,avg_shortest_dist,swarm_density_count,prey_neurons_connected_prey_retina,prey_neurons_connected_predator_retina,predator_neurons_connected_prey_retina,mutual_info
1,61974.000000,8026.000000,25,3895.023976,2072355.929967,17.262148,14.169869,1,1,4,0.047710
1,63275.000000,6725.000000,25,3350.331769,2699368.826135,14.694138,15.521554,1,1,4,0.053479
2,62152.000000,7848.000000,25,3442.216865,2229262.587985,16.089365,14.984734,1,1,4,0.057955
3,59478.000000,10522.000000,25,4013.545409,3282754.384550,20.309365,13.852107,1,1,4,0.051619
