generation,prey_fitness,predator_fitness,num_alive_end,avg_bb_size,var_bb_size,avg_shortest_dist,swarm_density_count,prey_neurons_connected_prey_retina,prey_neurons_connected_predator_retina,predator_neurons_connected_prey_retina,mutual_info
1,67759.000000,2241.000000,32,546.085326,18058.636936,4.671634,32.573611,2,1,1,0.008974
1,65326.000000,4674.000000,30,618.083263,29355.114368,5.768125,30.652728,2,1,1,0.007788
2,65998.000000,4002.000000,31,676.491433,40469.526679,6.104865,30.468046,2,1,1,0.006274
3,67880.000000,2120.000000,32,586.969762,22032.555664,4.982654,32.260513,2,1,1,0.007617
