generation,prey_fitness,predator_fitness,num_alive_end,avg_bb_size,var_bb_size,avg_shortest_dist,swarm_density_count,prey_neurons_connected_prey_retina,prey_neurons_connected_predator_retina,predator_neurons_connected_prey_retina,mutual_info
1,37550.000000,32450.000000,2,53374.844303,857766571.513523,1523.185563,2.018109,1,0,1,0.027769
1,40715.000000,29285.000000,7,79795.846397,1495448922.983877,2263.950161,1.741352,1,0,1,0.030151
2,47524.000000,22476.000000,11,110892.572654,2340176511.385643,1482.715786,2.027567,1,0,1,0.026133
3,39632.000000,30368.000000,6,117083.632003,2915908340.568413,2988.812286,2.041832,1,0,1,0.027556
