generation,prey_fitness,predator_fitness,num_alive_end,avg_bb_size,var_bb_size,avg_shortest_dist,swarm_density_count,prey_neurons_connected_prey_retina,prey_neurons_connected_predator_retina,predator_neurons_connected_prey_retina,mutual_info
1,50168.000000,19832.000000,13,38848.228757,244812340.614450,829.375950,2.801109,1,0,1,0.016229
1,41938.000000,28062.000000,6,31314.873351,150224052.571307,1032.522600,2.653953,1,0,1,0.024659
2,45383.000000,24617.000000,10,41795.792921,257064468.664384,1011.420233,2.663464,1,0,1,0.019162
3,45145.000000,24855.000000,8,38771.048297,225762051.444599,1059.150857,2.593160,1,0,1,0.030341
