generation,prey_fitness,predator_fitness,num_alive_end,avg_bb_size,var_bb_size,avg_shortest_dist,swarm_density_count,prey_neurons_connected_prey_retina,prey_neurons_connected_predator_retina,predator_neurons_connected_prey_retina,mutual_info
1,43930.000000,26070.000000,11,47886.240604,217846297.474860,1327.020997,2.131140,2,2,1,0.039114
1,40625.000000,29375.000000,9,50641.021633,254912396.932814,1697.116107,1.963840,2,2,1,0.030910
2,44211.000000,25789.000000,10,40245.166734,260601186.864118,1119.984736,2.513493,2,2,1,0.019407
3,44745.000000,25255.000000,11,43465.662688,269775458.920877,1388.787203,2.530931,2,2,1,0.026323
