generation,prey_fitness,predator_fitness,num_alive_end,avg_bb_size,var_bb_size,avg_shortest_dist,swarm_density_count,prey_neurons_connected_prey_retina,prey_neurons_connected_predator_retina,predator_neurons_connected_prey_retina,mutual_info
1,48358.000000,21642.000000,15,3224.440538,1036337.686673,54.238730,13.506159,1,2,4,0.006367
1,49876.000000,20124.000000,12,3533.695863,997489.718684,61.301907,13.176304,1,2,4,0.009429
2,50726.000000,19274.000000,15,4073.680046,2298664.380785,66.217973,12.563397,1,2,4,0.011041
3,57054.000000,12946.000000,20,3634.243375,1015905.659244,51.316156,15.347687,1,2,4,0.006644
