generation,prey_fitness,predator_fitness,num_alive_end,avg_bb_size,var_bb_size,avg_shortest_dist,swarm_density_count,prey_neurons_connected_prey_retina,prey_neurons_connected_predator_retina,predator_neurons_connected_prey_retina,mutual_info
1,67446.000000,2554.000000,33,1114.330505,132492.799844,9.815763,29.153535,1,1,3,0.008872
1,65841.000000,4159.000000,29,1136.617964,130948.502088,10.547381,28.358934,1,1,3,0.009221
2,66748.000000,3252.000000,31,1251.019895,157849.368376,11.080177,28.011239,1,1,3,0.011289
3,56418.000000,13582.000000,24,1044.596449,141465.505118,11.540230,24.527717,1,1,3,0.008400
