generation,prey_fitness,predator_fitness,num_alive_end,avg_bb_size,var_bb_size,avg_shortest_dist,swarm_density_count,prey_neurons_connected_prey_retina,prey_neurons_connected_predator_retina,predator_neurons_connected_prey_retina,mutual_info
1,52273.000000,17727.000000,13,145844.316656,5432548043.505044,3950.123297,2.783036,3,0,2,0.030921
1,49609.000000,20391.000000,10,182633.615782,6409157549.291234,3663.155591,2.249600,3,0,2,0.021935
2,44819.000000,25181.000000,11,187443.166547,6580969416.496216,5298.906055,1.989504,3,0,2,0.019479
3,44842.000000,25158.000000,13,108696.251011,2986285020.289689,2821.672888,2.742368,3,0,2,0.032473
