generation,prey_fitness,predator_fitness,num_alive_end,avg_bb_size,var_bb_size,avg_shortest_dist,swarm_density_count,prey_neurons_connected_prey_retina,prey_neurons_connected_predator_retina,predator_neurons_connected_prey_retina,mutual_info
1,64443.000000,5557.000000,28,2381.437860,459094.182273,20.717733,19.960155,2,2,1,0.013257
1,60993.000000,9007.000000,26,2505.003144,589810.900153,22.234419,18.273595,2,2,1,0.022741
2,61604.000000,8396.000000,25,2399.012242,421887.305754,20.339229,18.777605,2,2,1,0.015214
3,59524.000000,10476.000000,24,2409.090348,578986.437837,24.249055,18.240016,2,2,1,0.025525
