generation,prey_fitness,predator_fitness,num_alive_end,avg_bb_size,var_bb_size,avg_shortest_dist,swarm_density_count,prey_neurons_connected_prey_retina,prey_neurons_connected_predator_retina,predator_neurons_connected_prey_retina,mutual_info
1,42958.000000,27042.000000,13,86558.012741,1701886440.066293,2740.830441,1.825915,0,1,1,0.029024
1,31119.000000,38881.000000,2,47522.160442,424120560.963455,13467.136490,1.667903,0,1,1,0.036039
2,39774.000000,30226.000000,9,91303.492508,1635677621.630318,3532.646860,1.736630,0,1,1,0.032017
3,42176.000000,27824.000000,10,97122.634035,1263127037.766703,2555.643814,1.545459,0,1,1,0.018495
