generation,prey_fitness,predator_fitness,num_alive_end,avg_bb_size,var_bb_size,avg_shortest_dist,swarm_density_count,prey_neurons_connected_prey_retina,prey_neurons_connected_predator_retina,predator_neurons_connected_prey_retina,mutual_info
1,42653.000000,27347.000000,10,176037.397914,5975979777.127881,3637.466309,1.611242,2,2,1,0.025020
1,41796.000000,28204.000000,9,170367.147998,5752203079.701509,5595.822180,1.546552,2,2,1,0.020957
2,43376.000000,26624.000000,8,143719.003198,3313277004.680438,4744.806039,1.484528,2,2,1,0.022440
3,46520.000000,23480.000000,11,134632.028448,2834347633.729624,3143.516691,1.626472,2,2,1,0.027575
