generation,prey_fitness,predator_fitness,num_alive_end,avg_bb_size,var_bb_size,avg_shortest_dist,swarm_density_count,prey_neurons_connected_prey_retina,prey_neurons_connected_predator_retina,predator_neurons_connected_prey_retina,mutual_info
1,67915.000000,2085.000000,32,1009.691482,139303.375045,5.137883,26.449166,2,2,3,0.021001
1,65779.000000,4221.000000,32,980.150381,124805.695985,5.081310,25.815703,2,2,3,0.019263
2,63736.000000,6264.000000,30,1087.829325,110656.330395,6.176277,24.479816,2,2,3,0.026757
3,66429.000000,3571.000000,31,1049.125124,155121.028249,5.038638,25.652331,2,2,3,0.028692
