generation,prey_fitness,predator_fitness,num_alive_end,avg_bb_size,var_bb_size,avg_shortest_dist,swarm_density_count,prey_neurons_connected_prey_retina,prey_neurons_connected_predator_retina,predator_neurons_connected_prey_retina,mutual_info
1,39738.000000,30262.000000,7,86927.886569,1581916943.284242,2630.553743,1.819523,0,1,1,0.032773
1,45846.000000,24154.000000,14,78169.240659,770164811.060381,1824.079143,1.831576,0,1,1,0.055463
2,40814.000000,29186.000000,5,68831.852673,677809188.643820,3392.093275,1.991019,0,1,1,0.024394
3,36822.000000,33178.000000,5,55000.638049,588775420.476548,3534.417960,1.851374,0,1,1,0.033709
