generation,prey_fitness,predator_fitness,num_alive_end,avg_bb_size,var_bb_size,avg_shortest_dist,swarm_density_count,prey_neurons_connected_prey_retina,prey_neurons_connected_predator_retina,predator_neurons_connected_prey_retina,mutual_info
1,46798.000000,23202.000000,13,88245.819968,1096780931.258915,1854.833958,1.965577,1,0,1,0.022737
1,44783.000000,25217.000000,10,133046.214190,2491565381.854396,2211.949592,1.711761,1,0,1,0.026331
2,50845.000000,19155.000000,13,70501.983367,825723467.641426,1379.613876,2.561361,1,0,1,0.026016
3,53145.000000,16855.000000,23,89850.280698,2489022688.620931,901.774996,2.442108,1,0,1,0.022533
