generation,prey_fitness,predator_fitness,num_alive_end,avg_bb_size,var_bb_size,avg_shortest_dist,swarm_density_count,prey_neurons_connected_prey_retina,prey_neurons_connected_predator_retina,predator_neurons_connected_prey_retina,mutual_info
1,59329.000000,10671.000000,21,2331.026297,700563.200362,17.115146,18.349138,3,0,1,0.037987
1,60707.000000,9293.000000,23,2237.676048,581393.771270,15.093163,18.678227,3,0,1,0.030419
2,62266.000000,7734.000000,28,2117.470441,632635.158742,15.034810,20.263914,3,0,1,0.034583
3,61866.000000,8134.000000,26,2381.194689,647024.367969,16.305095,19.316197,3,0,1,0.031068
