generation,prey_fitness,predator_fitness,num_alive_end,avg_bb_size,var_bb_size,avg_shortest_dist,swarm_density_count,prey_neurons_connected_prey_retina,prey_neurons_connected_predator_retina,predator_neurons_connected_prey_retina,mutual_info
1,58183.000000,11817.000000,21,2306.350017,711579.257185,17.506980,17.233504,2,2,1,0.032117
1,61274.000000,8726.000000,26,2561.794894,805874.742768,17.410000,17.182296,2,2,1,0.032034
2,66129.000000,3871.000000,31,2833.340441,1121896.043687,16.834308,17.753300,2,2,1,0.051459
3,60737.000000,9263.000000,29,2492.948422,752104.301765,16.307814,17.506702,2,2,1,0.035601
