generation,prey_fitness,predator_fitness,num_alive_end,avg_bb_size,var_bb_size,avg_shortest_dist,swarm_density_count,prey_neurons_connected_prey_retina,prey_neurons_connected_predator_retina,predator_neurons_connected_prey_retina,mutual_info
1,59599.000000,10401.000000,21,2474.316099,432181.412412,23.090363,17.440455,1,2,1,0.014969
1,58750.000000,11250.000000,24,2344.009985,398496.914229,21.525267,18.044791,1,2,1,0.011645
2,62378.000000,7622.000000,24,2826.502494,644722.461778,23.777576,17.380758,1,2,1,0.021833
3,59108.000000,10892.000000,21,2260.230946,473401.261721,21.722099,18.153625,1,2,1,0.016687
