generation,prey_fitness,predator_fitness,num_alive_end,avg_bb_size,var_bb_size,avg_shortest_dist,swarm_density_count,prey_neurons_connected_prey_retina,prey_neurons_connected_predator_retina,predator_neurons_connected_prey_retina,mutual_info
1,34433.000000,35567.000000,2,41597.982554,404114304.757091,2997.697360,1.604493,5,3,1,0.064186
1,43111.000000,26889.000000,9,72444.081999,652448055.300722,2208.519287,1.787748,5,3,1,0.023553
2,44060.000000,25940.000000,10,64614.859866,362708571.622775,1488.171946,1.683336,5,3,1,0.046332
3,43982.000000,26018.000000,9,85998.035216,1196421764.071090,2561.169913,1.611504,5,3,1,0.020253
