generation,prey_fitness,predator_fitness,num_alive_end,avg_bb_size,var_bb_size,avg_shortest_dist,swarm_density_count,prey_neurons_connected_prey_retina,prey_neurons_connected_predator_retina,predator_neurons_connected_prey_retina,mutual_info
1,64539.000000,5461.000000,28,4998.624653,2379304.354130,28.114076,13.796405,1,0,1,0.034255
1,59861.000000,10139.000000,23,4193.135503,2014272.923903,30.492366,14.349108,1,0,1,0.039247
2,57131.000000,12869.000000,21,4447.114170,3795762.407335,32.094897,12.736243,1,0,1,0.048234
3,56580.000000,13420.000000,23,4305.795783,2259121.967489,32.414726,12.805785,1,0,1,0.037765
