generation,prey_fitness,predator_fitness,num_alive_end,avg_bb_size,var_bb_size,avg_shortest_dist,swarm_density_count,prey_neurons_connected_prey_retina,prey_neurons_connected_predator_retina,predator_neurons_connected_prey_retina,mutual_info
1,45221.000000,24779.000000,10,115055.886566,1916559306.476888,4151.104346,1.591448,0,0,1,0.030287
1,50102.000000,19898.000000,15,149964.547151,4453795398.166043,3392.193388,1.696395,0,0,1,0.031666
2,39510.000000,30490.000000,7,141522.034297,3143007102.802143,5208.276851,1.499680,0,0,1,0.027364
3,34857.000000,35143.000000,4,117921.110555,3473805858.067074,5224.110692,1.457499,0,0,1,0.040116
