generation,prey_fitness,predator_fitness,num_alive_end,avg_bb_size,var_bb_size,avg_shortest_dist,swarm_density_count,prey_neurons_connected_prey_retina,prey_neurons_connected_predator_retina,predator_neurons_connected_prey_retina,mutual_info
1,44573.000000,25427.000000,11,120988.619858,2038837987.414539,3273.219894,1.564265,3,0,2,0.026719
1,41661.000000,28339.000000,9,122171.563339,1855353458.429372,2535.148069,1.574470,3,0,2,0.027176
2,46052.000000,23948.000000,10,128547.788095,2170553883.924248,1997.407345,1.599434,3,0,2,0.020297
3,40062.000000,29938.000000,6,118450.299442,1797356875.372970,2748.213380,1.507973,3,0,2,0.038976
