generation,prey_fitness,predator_fitness,num_alive_end,avg_bb_size,var_bb_size,avg_shortest_dist,swarm_density_count,prey_neurons_connected_prey_retina,prey_neurons_connected_predator_retina,predator_neurons_connected_prey_retina,mutual_info
1,33312.000000,36688.000000,2,3473.257568,3935315.275533,353.678082,7.831684,1,2,3,0.020112
1,41823.000000,28177.000000,2,5047.952462,5936890.428086,179.346301,8.724478,1,2,3,0.015053
2,37269.000000,32731.000000,3,4621.945574,3793409.585549,215.286828,8.241936,1,2,3,0.012591
3,49399.000000,20601.000000,9,5376.795264,2356614.657361,122.291228,10.620484,1,2,3,0.014824
