generation,prey_fitness,predator_fitness,num_alive_end,avg_bb_size,var_bb_size,avg_shortest_dist,swarm_density_count,prey_neurons_connected_prey_retina,prey_neurons_connected_predator_retina,predator_neurons_connected_prey_retina,mutual_info
1,39136.000000,30864.000000,2,17716.892991,74459072.168231,1337.000248,3.307197,0,2,2,0.040476
1,35974.000000,34026.000000,2,19542.107111,130047147.208544,1276.594515,2.930917,0,2,2,0.021066
2,41340.000000,28660.000000,2,21386.057024,109080558.156591,715.515026,3.088802,0,2,2,0.039892
3,40135.000000,29865.000000,3,24796.368256,105696015.080214,1150.307414,2.738427,0,2,2,0.021130
