generation,prey_fitness,predator_fitness,num_alive_end,avg_bb_size,var_bb_size,avg_shortest_dist,swarm_density_count,prey_neurons_connected_prey_retina,prey_neurons_connected_predator_retina,predator_neurons_connected_prey_retina,mutual_info
1,41075.000000,28925.000000,4,25566.102021,71993812.592977,982.053674,2.595387,1,1,1,0.030959
1,44678.000000,25322.000000,10,45121.206063,367836678.561107,1500.765826,2.818512,1,1,1,0.019895
2,40190.000000,29810.000000,5,30981.906266,106362066.957292,1408.814615,3.205561,1,1,1,0.034000
3,42556.000000,27444.000000,7,52825.538219,520610227.556210,1848.274075,2.408998,1,1,1,0.029394
