generation,prey_fitness,predator_fitness,num_alive_end,avg_bb_size,var_bb_size,avg_shortest_dist,swarm_density_count,prey_neurons_connected_prey_retina,prey_neurons_connected_predator_retina,predator_neurons_connected_prey_retina,mutual_info
1,62992.000000,7008.000000,27,3081.184333,1366324.304263,16.602774,17.037318,1,0,1,0.018779
1,63927.000000,6073.000000,28,3088.896159,1162734.895784,17.287050,17.484858,1,0,1,0.023974
2,59632.000000,10368.000000,26,2783.988543,1120068.150305,18.109104,16.771514,1,0,1,0.021274
3,63064.000000,6936.000000,27,3142.541168,1262961.271511,19.014789,16.828873,1,0,1,0.027743
