generation,prey_fitness,predator_fitness,num_alive_end,avg_bb_size,var_bb_size,avg_shortest_dist,swarm_density_count,prey_neurons_connected_prey_retina,prey_neurons_connected_predator_retina,predator_neurons_connected_prey_retina,mutual_info
1,48974.000000,21026.000000,15,169021.857149,3654858337.590360,3912.049530,1.251028,0,1,1,0.034828
1,42034.000000,27966.000000,10,140807.647438,2642765282.334321,3732.890615,1.220849,0,1,1,0.050938
2,50299.000000,19701.000000,14,171351.835030,3970681991.933996,4220.742204,1.312922,0,1,1,0.032733
3,44834.000000,25166.000000,10,176029.462493,4121839991.902108,5046.117126,1.195486,0,1,1,0.034973
