generation,prey_fitness,predator_fitness,num_alive_end,avg_bb_size,var_bb_size,avg_shortest_dist,swarm_density_count,prey_neurons_connected_prey_retina,prey_neurons_connected_predator_retina,predator_neurons_connected_prey_retina,mutual_info
1,50486.000000,19514.000000,15,196048.845947,5980116466.256076,2708.342278,1.528139,2,0,1,0.028349
1,51826.000000,18174.000000,16,182062.280216,5662981849.197148,2810.672011,1.560718,2,0,1,0.037598
2,44715.000000,25285.000000,12,175227.145195,5462749446.815194,7141.760839,1.552418,2,0,1,0.055688
3,41127.000000,28873.000000,8,160281.403234,4505801874.594541,6537.977600,1.791244,2,0,1,0.081561
