generation,prey_fitness,predator_fitness,num_alive_end,avg_bb_size,var_bb_size,avg_shortest_dist,swarm_density_count,prey_neurons_connected_prey_retina,prey_neurons_connected_predator_retina,predator_neurons_connected_prey_retina,mutual_info
1,63842.000000,6158.000000,28,857.916740,61495.346054,6.022082,28.692356,1,1,1,0.028723
1,68162.000000,1838.000000,33,1137.190558,150003.359809,7.008684,29.631855,1,1,1,0.028659
2,66828.000000,3172.000000,31,1055.900964,84811.910004,6.538885,29.108701,1,1,1,0.027009
3,64749.000000,5251.000000,29,1059.951747,113603.215085,6.722746,28.302675,1,1,1,0.020632
