generation,prey_fitness,predator_fitness,num_alive_end,avg_bb_size,var_bb_size,avg_shortest_dist,swarm_density_count,prey_neurons_connected_prey_retina,prey_neurons_connected_predator_retina,predator_neurons_connected_prey_retina,mutual_info
1,62677.000000,7323.000000,28,8448.585262,13895376.950700,39.968986,10.753602,1,1,2,0.063023
1,65670.000000,4330.000000,28,7975.519611,9606880.496720,40.335866,11.410973,1,1,2,0.033192
2,63209.000000,6791.000000,26,7648.686521,13676803.227725,36.397382,11.757570,1,1,2,0.034142
3,61955.000000,8045.000000,27,7782.938717,14593526.365290,39.713724,11.172507,1,1,2,0.037692
