generation,prey_fitness,predator_fitness,num_alive_end,avg_bb_size,var_bb_size,avg_shortest_dist,swarm_density_count,prey_neurons_connected_prey_retina,prey_neurons_connected_predator_retina,predator_neurons_connected_prey_retina,mutual_info
1,57552.000000,12448.000000,22,148730.735993,4458727352.086178,2515.334155,1.835064,0,1,5,0.019173
1,47379.000000,22621.000000,17,128364.634635,3844024480.800847,3204.443798,1.798917,0,1,5,0.042746
2,55716.000000,14284.000000,22,148014.126406,3967147873.826092,2576.863818,1.715225,0,1,5,0.020587
3,52587.000000,17413.000000,20,111798.238585,2358146282.066967,2294.350661,1.697216,0,1,5,0.066477
