generation,prey_fitness,predator_fitness,num_alive_end,avg_bb_size,var_bb_size,avg_shortest_dist,swarm_density_count,prey_neurons_connected_prey_retina,prey_neurons_connected_predator_retina,predator_neurons_connected_prey_retina,mutual_info
1,64339.000000,5661.000000,29,850.503582,51983.036531,6.690821,28.784633,2,0,3,0.007336
1,63824.000000,6176.000000,29,1005.997127,120528.003870,7.685391,26.581788,2,0,3,0.008811
2,65362.000000,4638.000000,29,948.500082,109823.934087,7.223173,28.241609,2,0,3,0.009023
3,66025.000000,3975.000000,32,901.166204,87309.360346,6.435508,29.275456,2,0,3,0.005101
