generation,prey_fitness,predator_fitness,num_alive_end,avg_bb_size,var_bb_size,avg_shortest_dist,swarm_density_count,prey_neurons_connected_prey_retina,prey_neurons_connected_predator_retina,predator_neurons_connected_prey_retina,mutual_info
1,51888.000000,18112.000000,17,84653.252002,1489098281.801288,1026.194657,3.326174,3,1,1,0.019749
1,47561.000000,22439.000000,16,46313.960249,493183636.446514,585.522443,3.504967,3,1,1,0.027210
2,49823.000000,20177.000000,14,63114.554010,496482127.171024,1172.698647,2.683001,3,1,1,0.025644
3,42708.000000,27292.000000,13,132311.310518,3679886747.826545,3283.136567,1.996837,3,1,1,0.013648
