generation,prey_fitness,predator_fitness,num_alive_end,avg_bb_size,var_bb_size,avg_shortest_dist,swarm_density_count,prey_neurons_connected_prey_retina,prey_neurons_connected_predator_retina,predator_neurons_connected_prey_retina,mutual_info
1,66798.000000,3202.000000,31,1312.997446,248903.928202,11.135046,26.567753,6,4,1,0.006373
1,66488.000000,3512.000000,30,1255.216765,177377.995231,10.640464,26.516647,6,4,1,0.007611
2,63026.000000,6974.000000,26,1227.609922,208222.079375,10.961114,25.414250,6,4,1,0.008295
3,62491.000000,7509.000000,28,1227.535863,166053.728810,11.154406,25.025132,6,4,1,0.007645
