generation,prey_fitness,predator_fitness,num_alive_end,avg_bb_size,var_bb_size,avg_shortest_dist,swarm_density_count,prey_neurons_connected_prey_retina,prey_neurons_connected_predator_retina,predator_neurons_connected_prey_retina,mutual_info
1,64669.000000,5331.000000,28,5083.403496,6677162.319417,22.895714,14.118655,3,3,1,0.033010
1,66566.000000,3434.000000,29,5204.368246,4948297.718663,22.285174,14.276827,3,3,1,0.026105
2,55767.000000,14233.000000,21,4967.914382,5430476.705543,30.092546,12.418619,3,3,1,0.023446
3,54198.000000,15802.000000,22,3990.688929,4570244.881941,24.840270,13.249330,3,3,1,0.034080
