generation,prey_fitness,predator_fitness,num_alive_end,avg_bb_size,var_bb_size,avg_shortest_dist,swarm_density_count,prey_neurons_connected_prey_retina,prey_neurons_connected_predator_retina,predator_neurons_connected_prey_retina,mutual_info
1,64317.000000,5683.000000,29,1513.741734,188214.057426,14.566016,25.171884,3,1,1,0.011516
1,61251.000000,8749.000000,25,1416.377855,276273.096417,14.134301,24.630266,3,1,1,0.012192
2,62071.000000,7929.000000,26,1578.634267,163935.206690,15.259857,23.846135,3,1,1,0.011084
3,64867.000000,5133.000000,29,1398.314619,174039.830628,13.499274,26.806250,3,1,1,0.005250
