generation,prey_fitness,predator_fitness,num_alive_end,avg_bb_size,var_bb_size,avg_shortest_dist,swarm_density_count,prey_neurons_connected_prey_retina,prey_neurons_connected_predator_retina,predator_neurons_connected_prey_retina,mutual_info
1,49946.000000,20054.000000,13,4833.453928,3583259.173298,71.173353,11.121146,1,0,1,0.016436
1,51846.000000,18154.000000,15,3880.286047,1617877.347411,53.526399,13.177908,1,0,1,0.007350
2,51350.000000,18650.000000,13,5183.112385,2214146.192266,69.157839,10.691610,1,0,1,0.016768
3,48767.000000,21233.000000,12,5408.673899,5589766.062201,77.825444,9.676094,1,0,1,0.017813
