generation,prey_fitness,predator_fitness,num_alive_end,avg_bb_size,var_bb_size,avg_shortest_dist,swarm_density_count,prey_neurons_connected_prey_retina,prey_neurons_connected_predator_retina,predator_neurons_connected_prey_retina,mutual_info
1,64665.000000,5335.000000,30,1443.863623,470017.878042,5.999267,21.358510,3,2,1,0.039580
1,67498.000000,2502.000000,30,1219.736105,305659.629905,4.879625,23.922551,3,2,1,0.025762
2,65696.000000,4304.000000,31,1344.677487,374913.306203,5.650621,22.091973,3,2,1,0.032434
3,65166.000000,4834.000000,31,1435.212773,437305.750029,6.379364,21.786604,3,2,1,0.037023
