generation,prey_fitness,predator_fitness,num_alive_end,avg_bb_size,var_bb_size,avg_shortest_dist,swarm_density_count,prey_neurons_connected_prey_retina,prey_neurons_connected_predator_retina,predator_neurons_connected_prey_retina,mutual_info
1,63074.000000,6926.000000,27,6636.520088,6446322.638211,33.694417,12.051286,3,1,1,0.038396
1,59362.000000,10638.000000,23,7161.488511,10874358.361947,44.634789,10.878848,3,1,1,0.036480
2,55621.000000,14379.000000,20,5512.375896,3635265.174631,36.822302,11.121282,3,1,1,0.030056
3,59187.000000,10813.000000,25,5293.317832,4752538.385469,35.116237,12.154248,3,1,1,0.044228
