generation,prey_fitness,predator_fitness,num_alive_end,avg_bb_size,var_bb_size,avg_shortest_dist,swarm_density_count,prey_neurons_connected_prey_retina,prey_neurons_connected_predator_retina,predator_neurons_connected_prey_retina,mutual_info
1,37470.000000,32530.000000,3,36839.360141,355261844.137327,1336.617727,2.509483,1,1,1,0.031097
1,39936.000000,30064.000000,4,26909.037114,292542921.895079,412.611455,2.767142,1,1,1,0.029474
2,45504.000000,24496.000000,8,70747.461665,744254396.840879,2537.377154,2.625279,1,1,1,0.035067
3,40665.000000,29335.000000,3,24371.378602,218714166.536200,418.433711,2.850999,1,1,1,0.028627
