generation,prey_fitness,predator_fitness,num_alive_end,avg_bb_size,var_bb_size,avg_shortest_dist,swarm_density_count,prey_neurons_connected_prey_retina,prey_neurons_connected_predator_retina,predator_neurons_connected_prey_retina,mutual_info
1,41182.000000,28818.000000,4,35849.517086,171193819.154657,1885.623561,2.695486,0,3,1,0.029348
1,37844.000000,32156.000000,2,34070.444235,298182751.458955,1306.903312,2.321058,0,3,1,0.038818
2,36990.000000,33010.000000,3,27845.621827,124672935.149964,1820.164370,2.634120,0,3,1,0.030697
3,48689.000000,21311.000000,14,48883.210624,395915617.551470,1097.950043,2.535209,0,3,1,0.035482
