generation,prey_fitness,predator_fitness,num_alive_end,avg_bb_size,var_bb_size,avg_shortest_dist,swarm_density_count,prey_neurons_connected_prey_retina,prey_neurons_connected_predator_retina,predator_neurons_connected_prey_retina,mutual_info
1,44772.000000,25228.000000,9,55183.924856,656164934.525717,1672.567723,2.277470,1,1,1,0.020449
1,41863.000000,28137.000000,8,49953.490955,453788154.141572,1708.853670,2.258523,1,1,1,0.017084
2,39224.000000,30776.000000,5,43466.932488,234352982.418937,2746.793825,2.259055,1,1,1,0.033135
3,41266.000000,28734.000000,7,61318.442526,540612867.480505,2073.656163,2.006568,1,1,1,0.031439
