generation,prey_fitness,predator_fitness,num_alive_end,avg_bb_size,var_bb_size,avg_shortest_dist,swarm_density_count,prey_neurons_connected_prey_retina,prey_neurons_connected_predator_retina,predator_neurons_connected_prey_retina,mutual_info
1,40309.000000,29691.000000,7,56001.087519,328465920.733026,1998.494744,1.851584,1,1,1,0.028551
1,48257.000000,21743.000000,10,78444.821944,821974400.835539,1885.344625,1.934252,1,1,1,0.018756
2,44298.000000,25702.000000,10,61994.065840,598848679.626277,1901.992103,1.972569,1,1,1,0.029576
3,45041.000000,24959.000000,9,73876.789140,898936914.699824,2213.851075,1.935763,1,1,1,0.025034
