generation,prey_fitness,predator_fitness,num_alive_end,avg_bb_size,var_bb_size,avg_shortest_dist,swarm_density_count,prey_neurons_connected_prey_retina,prey_neurons_connected_predator_retina,predator_neurons_connected_prey_retina,mutual_info
1,40976.000000,29024.000000,13,163465.191944,5542887271.595569,4497.870374,1.555830,0,2,1,0.032597
1,46581.000000,23419.000000,14,191420.708326,7120361799.634530,4203.158523,1.561523,0,2,1,0.021448
2,41472.000000,28528.000000,10,191065.433104,6754766563.657932,7157.890816,1.519804,0,2,1,0.024992
3,41909.000000,28091.000000,9,175900.664011,6858885771.768534,7197.709844,1.636904,0,2,1,0.028221
