generation,prey_fitness,predator_fitness,num_alive_end,avg_bb_size,var_bb_size,avg_shortest_dist,swarm_density_count,prey_neurons_connected_prey_retina,prey_neurons_connected_predator_retina,predator_neurons_connected_prey_retina,mutual_info
1,49923.000000,20077.000000,14,71001.189114,705479806.468043,1511.659280,1.871698,0,0,4,0.027579
1,48449.000000,21551.000000,15,80438.236360,933173322.402121,1764.065202,1.679937,0,0,4,0.016899
2,44594.000000,25406.000000,11,70412.656997,666814018.612983,2011.973553,1.725950,0,0,4,0.030339
3,41723.000000,28277.000000,10,68074.526782,791595326.298032,2364.902114,1.882704,0,0,4,0.033332
