generation,prey_fitness,predator_fitness,num_alive_end,avg_bb_size,var_bb_size,avg_shortest_dist,swarm_density_count,prey_neurons_connected_prey_retina,prey_neurons_connected_predator_retina,predator_neurons_connected_prey_retina,mutual_info
1,50212.000000,19788.000000,14,2334.857071,396078.861172,37.550242,15.823515,4,1,1,0.009003
1,60246.000000,9754.000000,23,2909.653982,816065.168712,33.194415,17.460593,4,1,1,0.007382
2,55084.000000,14916.000000,19,2556.451019,561582.062839,33.541334,16.974652,4,1,1,0.009529
3,51875.000000,18125.000000,15,2574.466735,538885.036600,37.652182,15.758908,4,1,1,0.008878
