generation,prey_fitness,predator_fitness,num_alive_end,avg_bb_size,var_bb_size,avg_shortest_dist,swarm_density_count,prey_neurons_connected_prey_retina,prey_neurons_connected_predator_retina,predator_neurons_connected_prey_retina,mutual_info
1,60130.000000,9870.000000,23,5036.450633,2223948.440203,34.802859,12.507792,2,0,2,0.044791
1,63470.000000,6530.000000,26,4897.947501,3416188.418657,31.979389,13.744536,2,0,2,0.036908
2,56213.000000,13787.000000,19,5375.298418,3798325.197621,45.552034,11.541149,2,0,2,0.033187
3,61572.000000,8428.000000,26,5156.962142,3106925.653127,31.066294,12.551996,2,0,2,0.032584
