generation,prey_fitness,predator_fitness,num_alive_end,avg_bb_size,var_bb_size,avg_shortest_dist,swarm_density_count,prey_neurons_connected_prey_retina,prey_neurons_connected_predator_retina,predator_neurons_connected_prey_retina,mutual_info
1,51598.000000,18402.000000,15,3450.584892,2556089.929722,48.980615,14.605899,2,1,2,0.018952
1,48658.000000,21342.000000,13,3637.162157,1968881.814009,56.205289,12.490117,2,1,2,0.020037
2,58125.000000,11875.000000,20,4491.202879,2140439.625017,49.721193,14.113853,2,1,2,0.024677
3,50379.000000,19621.000000,17,3588.507657,1749779.249460,51.555490,13.765515,2,1,2,0.020322
