generation,prey_fitness,predator_fitness,num_alive_end,avg_bb_size,var_bb_size,avg_shortest_dist,swarm_density_count,prey_neurons_connected_prey_retina,prey_neurons_connected_predator_retina,predator_neurons_connected_prey_retina,mutual_info
1,45678.000000,24322.000000,6,8710.420035,22196181.025014,164.532804,7.395282,1,0,2,0.020105
1,50556.000000,19444.000000,13,8001.343128,8206571.309989,94.031587,8.314927,1,0,2,0.029096
2,50733.000000,19267.000000,16,10214.382075,24116976.137170,115.817834,8.254724,1,0,2,0.032322
3,50977.000000,19023.000000,11,7606.839822,6442307.698513,86.124652,8.522619,1,0,2,0.025061
