generation,prey_fitness,predator_fitness,num_alive_end,avg_bb_size,var_bb_size,avg_shortest_dist,swarm_density_count,prey_neurons_connected_prey_retina,prey_neurons_connected_predator_retina,predator_neurons_connected_prey_retina,mutual_info
1,46429.000000,23571.000000,11,96674.237484,1554392095.990484,2286.177851,1.752242,2,1,1,0.033398
1,45424.000000,24576.000000,12,78082.498490,816345482.549734,2344.301085,1.869569,2,1,1,0.032734
2,45440.000000,24560.000000,8,75941.508617,985761222.238150,2066.721373,1.795217,2,1,1,0.020255
3,45789.000000,24211.000000,13,56611.995101,402657763.323433,1297.284022,2.238151,2,1,1,0.039603
