generation,prey_fitness,predator_fitness,num_alive_end,avg_bb_size,var_bb_size,avg_shortest_dist,swarm_density_count,prey_neurons_connected_prey_retina,prey_neurons_connected_predator_retina,predator_neurons_connected_prey_retina,mutual_info
1,45914.000000,24086.000000,12,56726.630074,395386556.802669,1498.805086,2.023773,0,0,1,0.022789
1,40360.000000,29640.000000,5,31565.267297,281325545.042438,1186.882460,2.321231,0,0,1,0.045631
2,39232.000000,30768.000000,4,34582.797426,282246158.121024,1478.229687,2.246009,0,0,1,0.029508
3,36230.000000,33770.000000,2,25927.924459,229978249.081897,1229.875211,2.202922,0,0,1,0.060588
