generation,prey_fitness,predator_fitness,num_alive_end,avg_bb_size,var_bb_size,avg_shortest_dist,swarm_density_count,prey_neurons_connected_prey_retina,prey_neurons_connected_predator_retina,predator_neurons_connected_prey_retina,mutual_info
1,65972.000000,4028.000000,32,857.451382,62725.978309,6.712128,28.984126,1,0,1,0.006024
1,65040.000000,4960.000000,31,827.650777,78306.749129,6.523449,28.884714,1,0,1,0.009099
2,64031.000000,5969.000000,29,829.705707,59539.036867,6.944392,28.235891,1,0,1,0.006028
3,66049.000000,3951.000000,30,828.400350,68389.667624,6.853307,29.055928,1,0,1,0.006352
