generation,prey_fitness,predator_fitness,num_alive_end,avg_bb_size,var_bb_size,avg_shortest_dist,swarm_density_count,prey_neurons_connected_prey_retina,prey_neurons_connected_predator_retina,predator_neurons_connected_prey_retina,mutual_info
1,64943.000000,5057.000000,31,821.575590,95585.313399,4.889663,27.013342,2,1,1,0.012687
1,65697.000000,4303.000000,32,797.307210,87950.419596,5.007910,28.113911,2,1,1,0.013928
2,65881.000000,4119.000000,30,847.508808,126312.928604,5.246661,27.707885,2,1,1,0.010820
3,69165.000000,835.000000,33,919.360977,125808.242974,5.161033,28.527171,2,1,1,0.008867
