generation,prey_fitness,predator_fitness,num_alive_end,avg_bb_size,var_bb_size,avg_shortest_dist,swarm_density_count,prey_neurons_connected_prey_retina,prey_neurons_connected_predator_retina,predator_neurons_connected_prey_retina,mutual_info
1,68347.000000,1653.000000,31,2271.451253,513674.791883,13.666377,21.350986,2,0,1,0.022597
1,64926.000000,5074.000000,28,2070.819312,429371.534669,13.733867,20.181854,2,0,1,0.031170
2,65633.000000,4367.000000,28,2201.756573,613993.335762,13.775918,20.611367,2,0,1,0.034081
3,58409.000000,11591.000000,24,1927.805458,400432.552834,16.893393,18.800042,2,0,1,0.027448
