generation,prey_fitness,predator_fitness,num_alive_end,avg_bb_size,var_bb_size,avg_shortest_dist,swarm_density_count,prey_neurons_connected_prey_retina,prey_neurons_connected_predator_retina,predator_neurons_connected_prey_retina,mutual_info
1,43420.000000,26580.000000,4,4019.260228,1550786.688729,129.858759,9.599093,1,1,1,0.030860
1,52077.000000,17923.000000,16,3959.403145,1596016.265100,68.519829,12.296777,1,1,1,0.033793
2,52775.000000,17225.000000,15,4125.313974,1361656.135546,73.555609,11.928939,1,1,1,0.021588
3,47086.000000,22914.000000,13,4018.651605,1538257.334594,89.860317,10.601536,1,1,1,0.031938
