generation,prey_fitness,predator_fitness,num_alive_end,avg_bb_size,var_bb_size,avg_shortest_dist,swarm_density_count,prey_neurons_connected_prey_retina,prey_neurons_connected_predator_retina,predator_neurons_connected_prey_retina,mutual_info
1,43659.000000,26341.000000,9,51064.300367,495011239.610725,1389.605822,2.108646,2,0,1,0.020341
1,41305.000000,28695.000000,8,56701.957015,356089136.138614,2051.094587,1.995776,2,0,1,0.024625
2,47688.000000,22312.000000,13,72714.720078,776227872.890260,1512.185876,2.177101,2,0,1,0.027812
3,41724.000000,28276.000000,9,46403.130385,313036387.389817,1486.783305,2.155576,2,0,1,0.029908
