generation,prey_fitness,predator_fitness,num_alive_end,avg_bb_size,var_bb_size,avg_shortest_dist,swarm_density_count,prey_neurons_connected_prey_retina,prey_neurons_connected_predator_retina,predator_neurons_connected_prey_retina,mutual_info
1,40814.000000,29186.000000,9,182574.121596,5590420100.171725,5466.813059,1.278525,3,1,1,0.026045
1,42572.000000,27428.000000,7,190430.666569,5982096297.251961,4816.047039,1.390784,3,1,1,0.022710
2,41982.000000,28018.000000,9,169248.081690,6203158935.429213,5372.411160,1.343528,3,1,1,0.021741
3,29716.000000,40284.000000,3,168824.865250,5300121137.579660,21098.454971,1.272126,3,1,1,0.026607
