generation,prey_fitness,predator_fitness,num_alive_end,avg_bb_size,var_bb_size,avg_shortest_dist,swarm_density_count,prey_neurons_connected_prey_retina,prey_neurons_connected_predator_retina,predator_neurons_connected_prey_retina,mutual_info
1,66322.000000,3678.000000,31,1844.231388,653351.702127,7.748200,21.566238,2,2,1,0.021936
1,64927.000000,5073.000000,30,2132.033063,838878.954045,9.205732,19.378821,2,2,1,0.032338
2,64972.000000,5028.000000,28,2003.983478,641033.946049,7.959524,20.600027,2,2,1,0.025107
3,62146.000000,7854.000000,27,1739.281083,476823.121003,8.091448,19.832747,2,2,1,0.033966
