generation,prey_fitness,predator_fitness,num_alive_end,avg_bb_size,var_bb_size,avg_shortest_dist,swarm_density_count,prey_neurons_connected_prey_retina,prey_neurons_connected_predator_retina,predator_neurons_connected_prey_retina,mutual_info
1,49554.000000,20446.000000,16,41312.057062,280750267.688705,939.295939,2.708175,1,5,1,0.009547
1,58499.000000,11501.000000,20,59300.682573,666421539.444686,917.902555,2.604878,1,5,1,0.013438
2,55516.000000,14484.000000,19,40171.439282,232146043.977941,767.034760,2.924607,1,5,1,0.013074
3,54283.000000,15717.000000,16,39043.838797,191650560.324671,799.449408,2.890781,1,5,1,0.010040
