generation,prey_fitness,predator_fitness,num_alive_end,avg_bb_size,var_bb_size,avg_shortest_dist,swarm_density_count,prey_neurons_connected_prey_retina,prey_neurons_connected_predator_retina,predator_neurons_connected_prey_retina,mutual_info
1,43345.000000,26655.000000,6,26896.597445,245572865.362326,555.720220,2.977791,1,2,1,0.019489
1,46381.000000,23619.000000,12,28292.269943,192322718.069260,531.120041,3.232882,1,2,1,0.028451
2,42761.000000,27239.000000,10,19857.000537,54903293.427107,413.134718,3.718837,1,2,1,0.027004
3,41390.000000,28610.000000,6,23174.712145,70387375.045192,601.502368,2.897029,1,2,1,0.019164
