generation,prey_fitness,predator_fitness,num_alive_end,avg_bb_size,var_bb_size,avg_shortest_dist,swarm_density_count,prey_neurons_connected_prey_retina,prey_neurons_connected_predator_retina,predator_neurons_connected_prey_retina,mutual_info
1,61744.000000,8256.000000,27,2140.470154,462919.983251,16.251557,19.588786,1,0,3,0.025185
1,62736.000000,7264.000000,25,2248.980062,656691.557215,16.328528,19.542657,1,0,3,0.027046
2,55342.000000,14658.000000,21,2059.279998,462868.459528,18.889732,17.780068,1,0,3,0.018441
3,58279.000000,11721.000000,23,2080.699464,642363.192047,15.994016,18.586011,1,0,3,0.026252
