generation,prey_fitness,predator_fitness,num_alive_end,avg_bb_size,var_bb_size,avg_shortest_dist,swarm_density_count,prey_neurons_connected_prey_retina,prey_neurons_connected_predator_retina,predator_neurons_connected_prey_retina,mutual_info
1,54140.000000,15860.000000,14,6010.832591,3537653.130857,96.386871,9.971284,1,0,1,0.008614
1,50314.000000,19686.000000,10,5457.334374,4045202.523150,91.611570,9.280874,1,0,1,0.010388
2,52919.000000,17081.000000,16,6240.285133,3118023.188742,96.141325,9.458847,1,0,1,0.008883
3,49570.000000,20430.000000,13,5243.701216,3844434.628314,91.221020,10.239803,1,0,1,0.014297
