generation,prey_fitness,predator_fitness,num_alive_end,avg_bb_size,var_bb_size,avg_shortest_dist,swarm_density_count,prey_neurons_connected_prey_retina,prey_neurons_connected_predator_retina,predator_neurons_connected_prey_retina,mutual_info
1,66424.000000,3576.000000,32,1339.154606,408255.506573,4.730640,22.759650,3,0,1,0.039340
1,64702.000000,5298.000000,28,1258.808801,206222.053101,5.164450,22.865271,3,0,1,0.034750
2,62847.000000,7153.000000,28,1240.751236,298910.776629,5.043468,21.842283,3,0,1,0.040064
3,66546.000000,3454.000000,32,1343.728572,311429.517094,4.873999,22.855334,3,0,1,0.036497
