generation,prey_fitness,predator_fitness,num_alive_end,avg_bb_size,var_bb_size,avg_shortest_dist,swarm_density_count,prey_neurons_connected_prey_retina,prey_neurons_connected_predator_retina,predator_neurons_connected_prey_retina,mutual_info
1,40641.000000,29359.000000,4,50681.696704,653828261.560759,1538.190809,2.186466,0,2,1,0.031984
1,38192.000000,31808.000000,4,52184.227164,697477654.403132,2650.048118,2.277440,0,2,1,0.030245
2,46375.000000,23625.000000,9,70144.047454,607826975.707879,2075.753511,1.872316,0,2,1,0.017567
3,47837.000000,22163.000000,11,68764.819220,747074599.305552,1695.435349,2.264678,0,2,1,0.017195
