generation,prey_fitness,predator_fitness,num_alive_end,avg_bb_size,var_bb_size,avg_shortest_dist,swarm_density_count,prey_neurons_connected_prey_retina,prey_neurons_connected_predator_retina,predator_neurons_connected_prey_retina,mutual_info
1,43045.000000,26955.000000,10,116725.865467,1731765916.192748,3628.422712,1.363871,1,1,1,0.044256
1,41012.000000,28988.000000,9,118650.290495,1818161999.630391,4014.157498,1.289272,1,1,1,0.030785
2,43060.000000,26940.000000,9,135138.650818,2291271196.069510,4487.877234,1.275980,1,1,1,0.027490
3,45206.000000,24794.000000,12,145031.336450,3224493603.888651,4105.167854,1.455974,1,1,1,0.030484
