generation,prey_fitness,predator_fitness,num_alive_end,avg_bb_size,var_bb_size,avg_shortest_dist,swarm_density_count,prey_neurons_connected_prey_retina,prey_neurons_connected_predator_retina,predator_neurons_connected_prey_retina,mutual_info
1,58755.000000,11245.000000,20,6068.743078,5303925.963276,38.702569,11.230704,3,3,1,0.021391
1,55595.000000,14405.000000,20,5615.883741,7019438.071818,35.007771,11.201024,3,3,1,0.017273
2,61617.000000,8383.000000,24,7004.258453,7364714.943579,35.621112,11.226752,3,3,1,0.024261
3,60898.000000,9102.000000,24,6388.397346,7185100.292163,32.571061,11.644607,3,3,1,0.018328
