generation,prey_fitness,predator_fitness,num_alive_end,avg_bb_size,var_bb_size,avg_shortest_dist,swarm_density_count,prey_neurons_connected_prey_retina,prey_neurons_connected_predator_retina,predator_neurons_connected_prey_retina,mutual_info
1,32214.000000,37786.000000,2,64840.720795,605960280.261815,6342.168072,1.408237,3,2,1,0.018805
1,44209.000000,25791.000000,10,112453.868456,1465318216.343992,2968.921676,1.370814,3,2,1,0.016352
2,43430.000000,26570.000000,9,114440.161762,1601586146.754863,3760.342134,1.394362,3,2,1,0.037769
3,34184.000000,35816.000000,5,80914.177869,1121192896.969285,3614.224709,1.315879,3,2,1,0.026098
