generation,prey_fitness,predator_fitness,num_alive_end,avg_bb_size,var_bb_size,avg_shortest_dist,swarm_density_count,prey_neurons_connected_prey_retina,prey_neurons_connected_predator_retina,predator_neurons_connected_prey_retina,mutual_info
1,68144.000000,1856.000000,34,1511.777178,269494.486445,10.768514,24.971724,2,1,1,0.006484
1,68965.000000,1035.000000,33,1347.571436,212620.765357,9.496437,26.733875,2,1,1,0.008283
2,62291.000000,7709.000000,27,1318.345616,242180.512066,10.599146,24.101182,2,1,1,0.013511
3,64604.000000,5396.000000,28,1258.411589,264007.022841,9.811294,25.611530,2,1,1,0.016462
