generation,prey_fitness,predator_fitness,num_alive_end,avg_bb_size,var_bb_size,avg_shortest_dist,swarm_density_count,prey_neurons_connected_prey_retina,prey_neurons_connected_predator_retina,predator_neurons_connected_prey_retina,mutual_info
1,63043.000000,6957.000000,28,1557.410533,316381.009716,20.478800,26.420973,4,0,1,0.003433
1,62006.000000,7994.000000,28,1413.149254,166692.271139,17.682208,26.629342,4,0,1,0.003633
2,67806.000000,2194.000000,32,1723.524943,202342.704008,21.024741,27.873441,4,0,1,0.003728
3,65393.000000,4607.000000,29,1592.183645,239449.945186,19.892839,27.301484,4,0,1,0.002966
