generation,prey_fitness,predator_fitness,num_alive_end,avg_bb_size,var_bb_size,avg_shortest_dist,swarm_density_count,prey_neurons_connected_prey_retina,prey_neurons_connected_predator_retina,predator_neurons_connected_prey_retina,mutual_info
1,43971.000000,26029.000000,9,145224.348029,4210010063.776789,4366.797308,1.540141,1,0,2,0.042487
1,35144.000000,34856.000000,3,105636.686329,3528041822.962554,4664.805962,1.463451,1,0,2,0.037855
2,43872.000000,26128.000000,9,130008.262604,2880048092.448498,4249.582581,1.637596,1,0,2,0.044779
3,45801.000000,24199.000000,11,125957.172847,2600894960.371486,3430.751336,1.752291,1,0,2,0.030969
