generation,prey_fitness,predator_fitness,num_alive_end,avg_bb_size,var_bb_size,avg_shortest_dist,swarm_density_count,prey_neurons_connected_prey_retina,prey_neurons_connected_predator_retina,predator_neurons_connected_prey_retina,mutual_info
1,65343.000000,4657.000000,28,1046.118596,109741.960505,9.565838,28.224188,2,0,1,0.009747
1,68614.000000,1386.000000,33,1161.081298,140379.903646,10.059166,29.069659,2,0,1,0.006575
2,66974.000000,3026.000000,31,1076.202171,117595.134041,10.152310,29.275881,2,0,1,0.004493
3,64527.000000,5473.000000,30,1196.697971,125173.870877,10.808987,26.495987,2,0,1,0.007072
