generation,prey_fitness,predator_fitness,num_alive_end,avg_bb_size,var_bb_size,avg_shortest_dist,swarm_density_count,prey_neurons_connected_prey_retina,prey_neurons_connected_predator_retina,predator_neurons_connected_prey_retina,mutual_info
1,49315.000000,20685.000000,14,30901.508036,245375244.452127,659.296721,5.967040,4,0,3,0.039933
1,46182.000000,23818.000000,11,33291.274831,210143903.065710,772.550959,4.220889,4,0,3,0.026891
2,45064.000000,24936.000000,8,37927.390456,404837879.984816,1069.254887,4.425873,4,0,3,0.040084
3,43739.000000,26261.000000,7,38114.099444,394588129.600314,1187.765790,4.344111,4,0,3,0.046516
