generation,prey_fitness,predator_fitness,num_alive_end,avg_bb_size,var_bb_size,avg_shortest_dist,swarm_density_count,prey_neurons_connected_prey_retina,prey_neurons_connected_predator_retina,predator_neurons_connected_prey_retina,mutual_info
1,62223.000000,7777.000000,28,5350.975933,2848024.622879,30.755448,12.226636,5,3,3,0.054979
1,65313.000000,4687.000000,30,6626.951563,9497624.132694,26.995718,12.046032,5,3,3,0.067238
2,66329.000000,3671.000000,29,7519.667456,11212511.613609,27.571024,11.179423,5,3,3,0.107178
3,64795.000000,5205.000000,24,5020.991006,2941511.149140,26.100212,13.068476,5,3,3,0.059824
