generation,prey_fitness,predator_fitness,num_alive_end,avg_bb_size,var_bb_size,avg_shortest_dist,swarm_density_count,prey_neurons_connected_prey_retina,prey_neurons_connected_predator_retina,predator_neurons_connected_prey_retina,mutual_info
1,48365.000000,21635.000000,12,200361.389657,5993906482.281730,5332.971678,1.328931,0,1,2,0.012925
1,43206.000000,26794.000000,10,191710.253937,5423400814.545257,6044.984009,1.324157,0,1,2,0.032196
2,40833.000000,29167.000000,9,205004.282544,6439515402.431748,6783.164564,1.436816,0,1,2,0.030405
3,46338.000000,23662.000000,11,197614.750001,5821737458.533047,5020.949572,1.254533,0,1,2,0.016310
