generation,prey_fitness,predator_fitness,num_alive_end,avg_bb_size,var_bb_size,avg_shortest_dist,swarm_density_count,prey_neurons_connected_prey_retina,prey_neurons_connected_predator_retina,predator_neurons_connected_prey_retina,mutual_info
1,61613.000000,8387.000000,28,1193.553897,180753.664316,7.760827,22.777445,2,1,1,0.017851
1,69478.000000,522.000000,33,1172.632573,153249.579072,6.839961,26.051870,2,1,1,0.019303
2,62689.000000,7311.000000,26,1243.977787,215110.464998,8.443025,23.553802,2,1,1,0.018913
3,64736.000000,5264.000000,29,1248.060775,204588.214664,7.924772,24.280984,2,1,1,0.022696
