generation,prey_fitness,predator_fitness,num_alive_end,avg_bb_size,var_bb_size,avg_shortest_dist,swarm_density_count,prey_neurons_connected_prey_retina,prey_neurons_connected_predator_retina,predator_neurons_connected_prey_retina,mutual_info
1,55628.000000,14372.000000,20,5234.241903,3650039.423238,41.043050,11.627384,3,3,6,0.032431
1,65330.000000,4670.000000,29,6087.982274,5188307.086512,34.307522,12.974600,3,3,6,0.045024
2,56714.000000,13286.000000,25,5109.255845,2082309.625649,35.420615,11.984506,3,3,6,0.032648
3,58628.000000,11372.000000,25,5716.044191,3892896.769639,45.493959,12.527573,3,3,6,0.034443
