generation,prey_fitness,predator_fitness,num_alive_end,avg_bb_size,var_bb_size,avg_shortest_dist,swarm_density_count,prey_neurons_connected_prey_retina,prey_neurons_connected_predator_retina,predator_neurons_connected_prey_retina,mutual_info
1,48753.000000,21247.000000,15,2123.365719,351792.970709,33.389433,16.667348,4,3,1,0.013216
1,46951.000000,23049.000000,9,1984.842502,505171.963538,37.048428,16.924268,4,3,1,0.008171
2,59239.000000,10761.000000,24,2337.457786,510882.578230,26.884969,20.368273,4,3,1,0.011724
3,60555.000000,9445.000000,23,2503.718050,492669.210803,27.425424,19.639774,4,3,1,0.018296
