generation,prey_fitness,predator_fitness,num_alive_end,avg_bb_size,var_bb_size,avg_shortest_dist,swarm_density_count,prey_neurons_connected_prey_retina,prey_neurons_connected_predator_retina,predator_neurons_connected_prey_retina,mutual_info
1,67193.000000,2807.000000,31,1631.929502,613941.117114,7.081653,22.118621,1,4,1,0.031919
1,64495.000000,5505.000000,27,1417.282886,479921.449587,6.411465,21.585126,1,4,1,0.032923
2,66246.000000,3754.000000,30,1481.094331,605393.078144,6.616276,22.402098,1,4,1,0.029896
3,63924.000000,6076.000000,28,1293.227833,345745.877111,5.799654,21.808984,1,4,1,0.029504
