generation,prey_fitness,predator_fitness,num_alive_end,avg_bb_size,var_bb_size,avg_shortest_dist,swarm_density_count,prey_neurons_connected_prey_retina,prey_neurons_connected_predator_retina,predator_neurons_connected_prey_retina,mutual_info
1,60624.000000,9376.000000,27,1638.395747,309555.093574,17.925337,22.366943,3,2,1,0.006987
1,66685.000000,3315.000000,29,1800.263377,532363.591521,17.929676,24.010472,3,2,1,0.009189
2,67113.000000,2887.000000,33,1772.681743,332468.506248,16.924079,24.728954,3,2,1,0.007573
3,62503.000000,7497.000000,26,1520.759974,308341.733222,15.650296,23.959769,3,2,1,0.006507
