generation,prey_fitness,predator_fitness,num_alive_end,avg_bb_size,var_bb_size,avg_shortest_dist,swarm_density_count,prey_neurons_connected_prey_retina,prey_neurons_connected_predator_retina,predator_neurons_connected_prey_retina,mutual_info
1,64424.000000,5576.000000,29,2565.097563,180764.924855,20.279835,15.416390,1,1,3,0.015385
1,62265.000000,7735.000000,28,2607.800975,342519.998619,22.257705,14.562850,1,1,3,0.014524
2,65444.000000,4556.000000,27,2778.604296,378665.768141,21.546428,14.868371,1,1,3,0.010062
3,59201.000000,10799.000000,24,2481.340924,476919.054419,23.000215,14.695844,1,1,3,0.013518
