generation,prey_fitness,predator_fitness,num_alive_end,avg_bb_size,var_bb_size,avg_shortest_dist,swarm_density_count,prey_neurons_connected_prey_retina,prey_neurons_connected_predator_retina,predator_neurons_connected_prey_retina,mutual_info
1,68845.000000,1155.000000,33,3379.367062,1468235.602887,15.319012,16.869740,1,5,2,0.031325
1,63261.000000,6739.000000,29,3323.883804,978144.056921,16.993523,15.534561,1,5,2,0.040541
2,67156.000000,2844.000000,31,3108.193366,790822.046627,17.010113,16.565403,1,5,2,0.032943
3,69361.000000,639.000000,33,3713.946824,1662375.697706,18.082282,17.106168,1,5,2,0.056043
