generation,prey_fitness,predator_fitness,num_alive_end,avg_bb_size,var_bb_size,avg_shortest_dist,swarm_density_count,prey_neurons_connected_prey_retina,prey_neurons_connected_predator_retina,predator_neurons_connected_prey_retina,mutual_info
1,42648.000000,27352.000000,11,138489.370075,3353221575.872221,4470.927386,1.281119,1,1,1,0.020561
1,49699.000000,20301.000000,15,122821.983772,1901913875.834492,2560.693416,1.511645,1,1,1,0.019595
2,48071.000000,21929.000000,12,120848.447941,2079953158.331065,3359.845747,1.342044,1,1,1,0.025808
3,41687.000000,28313.000000,8,123783.682202,2599565891.930594,4763.996771,1.291582,1,1,1,0.027814
