generation,prey_fitness,predator_fitness,num_alive_end,avg_bb_size,var_bb_size,avg_shortest_dist,swarm_density_count,prey_neurons_connected_prey_retina,prey_neurons_connected_predator_retina,predator_neurons_connected_prey_retina,mutual_info
1,46708.000000,23292.000000,11,23099.840511,119906068.047049,260.661683,3.778987,4,1,5,0.039774
1,55280.000000,14720.000000,18,19905.073369,39822013.136893,165.858942,4.425998,4,1,5,0.029546
2,52512.000000,17488.000000,16,21501.987123,53487086.801965,212.284527,4.201353,4,1,5,0.045109
3,42468.000000,27532.000000,8,19601.976382,65691182.598820,297.384258,3.759096,4,1,5,0.031820
