generation,prey_fitness,predator_fitness,num_alive_end,avg_bb_size,var_bb_size,avg_shortest_dist,swarm_density_count,prey_neurons_connected_prey_retina,prey_neurons_connected_predator_retina,predator_neurons_connected_prey_retina,mutual_info
1,42215.000000,27785.000000,8,23501.843849,84192320.050538,788.516772,3.297664,1,1,1,0.013989
1,34300.000000,35700.000000,2,17895.968612,204606724.525205,756.442286,2.706954,1,1,1,0.023319
2,40915.000000,29085.000000,2,15721.426742,82114232.893409,709.394436,4.008015,1,1,1,0.017899
3,41733.000000,28267.000000,5,28120.914690,76208312.500488,1031.207366,3.118822,1,1,1,0.013118
