generation,prey_fitness,predator_fitness,num_alive_end,avg_bb_size,var_bb_size,avg_shortest_dist,swarm_density_count,prey_neurons_connected_prey_retina,prey_neurons_connected_predator_retina,predator_neurons_connected_prey_retina,mutual_info
1,44313.000000,25687.000000,9,134759.796834,3009374254.656293,2731.713792,1.314801,1,1,1,0.016376
1,43122.000000,26878.000000,8,106549.466939,1412667179.720910,2914.912702,1.394877,1,1,1,0.021062
2,35311.000000,34689.000000,6,53610.515886,613098323.040644,2049.114430,1.471966,1,1,1,0.028655
3,52276.000000,17724.000000,15,117311.084045,1527590981.072536,1839.022122,1.747105,1,1,1,0.026840
