generation,prey_fitness,predator_fitness,num_alive_end,avg_bb_size,var_bb_size,avg_shortest_dist,swarm_density_count,prey_neurons_connected_prey_retina,prey_neurons_connected_predator_retina,predator_neurons_connected_prey_retina,mutual_info
1,64230.000000,5770.000000,28,1593.893641,648507.369798,9.009951,21.848770,2,1,2,0.027865
1,64406.000000,5594.000000,27,1386.449909,332847.590142,8.080168,22.403159,2,1,2,0.023317
2,66471.000000,3529.000000,32,1670.815249,623833.268985,8.946822,21.880020,2,1,2,0.037515
3,66245.000000,3755.000000,30,1453.195874,345853.813891,8.275346,23.084684,2,1,2,0.031054
