generation,prey_fitness,predator_fitness,num_alive_end,avg_bb_size,var_bb_size,avg_shortest_dist,swarm_density_count,prey_neurons_connected_prey_retina,prey_neurons_connected_predator_retina,predator_neurons_connected_prey_retina,mutual_info
1,62370.000000,7630.000000,26,1620.523966,384656.682648,9.623250,22.458656,2,1,2,0.014727
1,63699.000000,6301.000000,30,1618.538370,445586.864400,9.548500,22.753703,2,1,2,0.012956
2,64654.000000,5346.000000,26,1568.899112,334195.226972,8.897339,23.817231,2,1,2,0.010034
3,61823.000000,8177.000000,25,1440.553966,305248.092208,9.537795,22.827028,2,1,2,0.015597
