generation,prey_fitness,predator_fitness,num_alive_end,avg_bb_size,var_bb_size,avg_shortest_dist,swarm_density_count,prey_neurons_connected_prey_retina,prey_neurons_connected_predator_retina,predator_neurons_connected_prey_retina,mutual_info
1,64193.000000,5807.000000,29,1398.167370,231271.932251,11.071987,24.262626,2,0,1,0.015784
1,62244.000000,7756.000000,27,1427.215691,222061.737470,11.119626,23.278391,2,0,1,0.022101
2,67911.000000,2089.000000,33,1485.885892,201563.184151,10.694360,25.459252,2,0,1,0.017768
3,65263.000000,4737.000000,31,1507.597760,266911.575430,11.699264,23.586547,2,0,1,0.019948
