generation,prey_fitness,predator_fitness,num_alive_end,avg_bb_size,var_bb_size,avg_shortest_dist,swarm_density_count,prey_neurons_connected_prey_retina,prey_neurons_connected_predator_retina,predator_neurons_connected_prey_retina,mutual_info
1,44323.000000,25677.000000,7,33384.887988,170541046.400531,1003.557535,2.811684,2,1,1,0.028276
1,32954.000000,37046.000000,2,29892.686241,262023486.596078,1965.736942,2.207234,2,1,1,0.032120
2,42360.000000,27640.000000,9,50712.493210,720863800.266430,1959.089554,2.425118,2,1,1,0.054307
3,44483.000000,25517.000000,6,23443.263969,123582530.123956,654.258543,3.486354,2,1,1,0.027576
