generation,prey_fitness,predator_fitness,num_alive_end,avg_bb_size,var_bb_size,avg_shortest_dist,swarm_density_count,prey_neurons_connected_prey_retina,prey_neurons_connected_predator_retina,predator_neurons_connected_prey_retina,mutual_info
1,66781.000000,3219.000000,32,572.753809,23553.496098,5.591152,32.255228,1,2,1,0.012613
1,68130.000000,1870.000000,33,608.488062,26922.868335,5.856912,32.793461,1,2,1,0.013232
2,69594.000000,406.000000,34,615.823052,27389.611461,5.930589,33.572787,1,2,1,0.011722
3,70000.000000,1.000000,35,600.821828,23341.155417,5.541131,33.656314,1,2,1,0.013310
