generation,prey_fitness,predator_fitness,num_alive_end,avg_bb_size,var_bb_size,avg_shortest_dist,swarm_density_count,prey_neurons_connected_prey_retina,prey_neurons_connected_predator_retina,predator_neurons_connected_prey_retina,mutual_info
1,62159.000000,7841.000000,28,650.304626,30378.461446,6.088605,28.899202,1,1,1,0.007069
1,65648.000000,4352.000000,32,723.165738,58473.715403,6.851536,30.066647,1,1,1,0.008275
2,66693.000000,3307.000000,32,691.929072,37673.452255,6.016905,30.797489,1,1,1,0.009933
3,63376.000000,6624.000000,30,679.300898,46639.720263,6.086123,29.284064,1,1,1,0.007925
