generation,prey_fitness,predator_fitness,num_alive_end,avg_bb_size,var_bb_size,avg_shortest_dist,swarm_density_count,prey_neurons_connected_prey_retina,prey_neurons_connected_predator_retina,predator_neurons_connected_prey_retina,mutual_info
1,68428.000000,1572.000000,34,863.959664,21319.592215,9.260610,32.772943,2,0,1,0.003974
1,70000.000000,1.000000,35,873.633080,27645.728648,9.079809,33.430686,2,0,1,0.003033
2,68647.000000,1353.000000,34,839.350346,22648.814949,8.862426,32.967245,2,0,1,0.003073
3,67320.000000,2680.000000,32,841.033736,22074.272970,9.369464,32.282198,2,0,1,0.002938
