generation,prey_fitness,predator_fitness,num_alive_end,avg_bb_size,var_bb_size,avg_shortest_dist,swarm_density_count,prey_neurons_connected_prey_retina,prey_neurons_connected_predator_retina,predator_neurons_connected_prey_retina,mutual_info
1,37376.000000,32624.000000,2,17068.805048,95202550.422022,785.528029,3.257955,0,1,1,0.020930
1,41117.000000,28883.000000,4,20056.957195,61592583.812180,820.573316,3.540951,0,1,1,0.038207
2,38253.000000,31747.000000,2,12880.359190,64585252.391968,647.781107,4.094530,0,1,1,0.018779
3,38519.000000,31481.000000,4,21138.795925,118810430.789171,886.157830,3.102308,0,1,1,0.019364
