generation,prey_fitness,predator_fitness,num_alive_end,avg_bb_size,var_bb_size,avg_shortest_dist,swarm_density_count,prey_neurons_connected_prey_retina,prey_neurons_connected_predator_retina,predator_neurons_connected_prey_retina,mutual_info
1,64428.000000,5572.000000,29,1161.892973,79059.222294,11.415349,28.738169,3,4,1,0.009162
1,62805.000000,7195.000000,26,1207.403885,104288.086243,12.518174,27.636097,3,4,1,0.005832
2,61941.000000,8059.000000,27,1082.355811,66153.108545,10.938681,28.005480,3,4,1,0.004381
3,62649.000000,7351.000000,26,1225.795741,94323.141242,12.675372,27.438675,3,4,1,0.005815
