generation,prey_fitness,predator_fitness,num_alive_end,avg_bb_size,var_bb_size,avg_shortest_dist,swarm_density_count,prey_neurons_connected_prey_retina,prey_neurons_connected_predator_retina,predator_neurons_connected_prey_retina,mutual_info
1,61609.000000,8391.000000,25,3560.966925,1746386.656976,23.008650,15.093370,1,0,1,0.058871
1,55689.000000,14311.000000,23,3246.935828,882277.749588,23.185154,13.541607,1,0,1,0.047324
2,54668.000000,15332.000000,16,3370.729334,1079405.018546,28.185507,13.186973,1,0,1,0.031082
3,49191.000000,20809.000000,18,3046.736887,1242843.562589,29.172970,12.463507,1,0,1,0.033458
