generation,prey_fitness,predator_fitness,num_alive_end,avg_bb_size,var_bb_size,avg_shortest_dist,swarm_density_count,prey_neurons_connected_prey_retina,prey_neurons_connected_predator_retina,predator_neurons_connected_prey_retina,mutual_info
1,46354.000000,23646.000000,10,54463.610372,328572896.531028,1455.830920,2.415840,0,5,1,0.028658
1,49182.000000,20818.000000,14,61951.157522,842569992.466471,1343.741194,2.339910,0,5,1,0.024752
2,41517.000000,28483.000000,10,66618.109798,750709029.960454,2107.298994,2.098314,0,5,1,0.049158
3,38487.000000,31513.000000,4,30974.424017,123494883.670008,1479.761844,2.693266,0,5,1,0.036041
