generation,prey_fitness,predator_fitness,num_alive_end,avg_bb_size,var_bb_size,avg_shortest_dist,swarm_density_count,prey_neurons_connected_prey_retina,prey_neurons_connected_predator_retina,predator_neurons_connected_prey_retina,mutual_info
1,46629.000000,23371.000000,11,188501.065697,5447937801.045425,5341.341912,1.456205,3,1,1,0.043048
1,49297.000000,20703.000000,12,206001.643849,6147047893.749240,4152.959194,1.521389,3,1,1,0.025511
2,43769.000000,26231.000000,10,196330.903383,5796270812.014223,5783.228559,1.355497,3,1,1,0.041225
3,46284.000000,23716.000000,14,199627.029205,6328876921.493165,4018.650324,1.465570,3,1,1,0.024811
