generation,prey_fitness,predator_fitness,num_alive_end,avg_bb_size,var_bb_size,avg_shortest_dist,swarm_density_count,prey_neurons_connected_prey_retina,prey_neurons_connected_predator_retina,predator_neurons_connected_prey_retina,mutual_info
1,48553.000000,21447.000000,15,10123.900016,14274154.644774,86.336843,6.776231,2,1,2,0.026665
1,60443.000000,9557.000000,24,13354.791726,31601873.950127,72.367489,7.787568,2,1,2,0.037929
2,58414.000000,11586.000000,24,12727.805203,30712326.913560,71.877979,8.126613,2,1,2,0.061429
3,55275.000000,14725.000000,21,12210.704884,21952327.965289,82.219074,7.337700,2,1,2,0.025662
