generation,prey_fitness,predator_fitness,num_alive_end,avg_bb_size,var_bb_size,avg_shortest_dist,swarm_density_count,prey_neurons_connected_prey_retina,prey_neurons_connected_predator_retina,predator_neurons_connected_prey_retina,mutual_info
1,34937.000000,35063.000000,2,14299.925333,65287261.992694,768.497038,3.602329,1,4,1,0.028531
1,37087.000000,32913.000000,2,13314.851127,42194272.135090,702.464158,4.337936,1,4,1,0.115469
2,40302.000000,29698.000000,8,17167.881827,46108449.889757,663.176735,3.965716,1,4,1,0.083551
3,35950.000000,34050.000000,2,9454.693405,40589291.257333,923.009076,4.691748,1,4,1,0.127450
