generation,prey_fitness,predator_fitness,num_alive_end,avg_bb_size,var_bb_size,avg_shortest_dist,swarm_density_count,prey_neurons_connected_prey_retina,prey_neurons_connected_predator_retina,predator_neurons_connected_prey_retina,mutual_info
1,46221.000000,23779.000000,11,82031.542280,737803672.551597,2107.580786,1.591196,1,0,1,0.014696
1,51787.000000,18213.000000,15,88830.229829,933792390.469796,1584.993303,1.575016,1,0,1,0.024827
2,35584.000000,34416.000000,3,56509.839652,382848983.152770,3006.725847,1.471198,1,0,1,0.017086
3,43868.000000,26132.000000,9,68395.746103,491474182.085479,1833.683274,1.604640,1,0,1,0.010986
