generation,prey_fitness,predator_fitness,num_alive_end,avg_bb_size,var_bb_size,avg_shortest_dist,swarm_density_count,prey_neurons_connected_prey_retina,prey_neurons_connected_predator_retina,predator_neurons_connected_prey_retina,mutual_info
1,62570.000000,7430.000000,26,2524.898981,900831.164829,16.696818,18.470853,3,1,1,0.034060
1,62363.000000,7637.000000,28,2571.109506,1150082.213140,15.414994,17.934968,3,1,1,0.036011
2,63454.000000,6546.000000,29,2498.798924,839096.619891,16.213601,18.872529,3,1,1,0.026536
3,59807.000000,10193.000000,23,2506.645314,909975.095471,18.326182,17.436329,3,1,1,0.031722
