generation,prey_fitness,predator_fitness,num_alive_end,avg_bb_size,var_bb_size,avg_shortest_dist,swarm_density_count,prey_neurons_connected_prey_retina,prey_neurons_connected_predator_retina,predator_neurons_connected_prey_retina,mutual_info
1,56381.000000,13619.000000,19,3281.912680,1131777.778969,32.741173,11.092233,2,0,1,0.003771
1,55835.000000,14165.000000,23,3231.322605,683539.483330,32.146512,10.810712,2,0,1,0.003837
2,56969.000000,13031.000000,22,3421.662677,1009098.797916,33.452811,10.833430,2,0,1,0.004857
3,57326.000000,12674.000000,25,3446.884289,801157.067797,31.875076,10.623825,2,0,1,0.003255
