generation,prey_fitness,predator_fitness,num_alive_end,avg_bb_size,var_bb_size,avg_shortest_dist,swarm_density_count,prey_neurons_connected_prey_retina,prey_neurons_connected_predator_retina,predator_neurons_connected_prey_retina,mutual_info
1,51058.000000,18942.000000,14,3633.892819,1665945.942053,59.109939,12.944979,3,1,2,0.011393
1,46978.000000,23022.000000,11,2964.336413,1005750.088268,62.433251,12.932810,3,1,2,0.006872
2,47054.000000,22946.000000,10,2954.204323,1132501.434733,62.794947,12.774262,3,1,2,0.007599
3,49298.000000,20702.000000,11,3143.526183,1335383.773962,59.168941,13.390382,3,1,2,0.005893
