generation,prey_fitness,predator_fitness,num_alive_end,avg_bb_size,var_bb_size,avg_shortest_dist,swarm_density_count,prey_neurons_connected_prey_retina,prey_neurons_connected_predator_retina,predator_neurons_connected_prey_retina,mutual_info
1,41547.000000,28453.000000,9,196077.535992,6261813792.428204,7298.819871,1.377581,0,0,1,0.025584
1,48649.000000,21351.000000,14,182348.569223,5245579060.190396,4086.709562,1.421293,0,0,1,0.022416
2,47228.000000,22772.000000,14,187451.189890,5974028664.782252,4318.686713,1.619263,0,0,1,0.026446
3,50157.000000,19843.000000,15,195895.295906,6596474252.742229,4692.185547,1.549547,0,0,1,0.015227
