generation,prey_fitness,predator_fitness,num_alive_end,avg_bb_size,var_bb_size,avg_shortest_dist,swarm_density_count,prey_neurons_connected_prey_retina,prey_neurons_connected_predator_retina,predator_neurons_connected_prey_retina,mutual_info
1,63664.000000,6336.000000,27,3681.441127,1897589.500449,24.455210,15.629700,1,3,1,0.042731
1,60971.000000,9029.000000,25,2874.561556,843523.777899,20.546734,16.584131,1,3,1,0.015395
2,55901.000000,14099.000000,24,2756.685976,831686.608494,23.617868,15.937915,1,3,1,0.017013
3,58876.000000,11124.000000,24,2900.664297,1333029.244875,20.806731,15.835141,1,3,1,0.031971
