generation,prey_fitness,predator_fitness,num_alive_end,avg_bb_size,var_bb_size,avg_shortest_dist,swarm_density_count,prey_neurons_connected_prey_retina,prey_neurons_connected_predator_retina,predator_neurons_connected_prey_retina,mutual_info
1,46343.000000,23657.000000,11,151400.488162,3582677718.584436,4839.883859,1.634024,2,3,1,0.029777
1,46331.000000,23669.000000,12,132831.358822,2864656339.182724,4413.438327,1.568994,2,3,1,0.042375
2,54327.000000,15673.000000,19,174920.933078,6114823066.392879,3618.841573,1.821738,2,3,1,0.039104
3,40499.000000,29501.000000,9,153611.861292,3907616124.038762,4938.933888,1.436755,2,3,1,0.076398
