generation,prey_fitness,predator_fitness,num_alive_end,avg_bb_size,var_bb_size,avg_shortest_dist,swarm_density_count,prey_neurons_connected_prey_retina,prey_neurons_connected_predator_retina,predator_neurons_connected_prey_retina,mutual_info
1,41455.000000,28545.000000,8,130690.080864,2873624168.717878,4201.967704,1.407785,1,1,1,0.060265
1,42011.000000,27989.000000,10,176956.640949,4918215527.929010,6160.892082,1.457374,1,1,1,0.023869
2,42259.000000,27741.000000,12,176645.583713,5400668283.072493,4787.237638,1.478724,1,1,1,0.035471
3,42974.000000,27026.000000,8,182805.600660,5960810896.074466,4770.762966,1.618901,1,1,1,0.027558
