generation,prey_fitness,predator_fitness,num_alive_end,avg_bb_size,var_bb_size,avg_shortest_dist,swarm_density_count,prey_neurons_connected_prey_retina,prey_neurons_connected_predator_retina,predator_neurons_connected_prey_retina,mutual_info
1,66982.000000,3018.000000,32,830.550384,97010.932549,4.789136,27.822445,2,2,2,0.015946
1,65997.000000,4003.000000,32,887.957887,102903.050548,5.124690,27.726541,2,2,2,0.016976
2,65998.000000,4002.000000,31,838.508664,112402.972047,4.667909,27.038769,2,2,2,0.016985
3,66491.000000,3509.000000,30,835.362074,71876.802951,4.844000,27.726905,2,2,2,0.016132
