generation,prey_fitness,predator_fitness,num_alive_end,avg_bb_size,var_bb_size,avg_shortest_dist,swarm_density_count,prey_neurons_connected_prey_retina,prey_neurons_connected_predator_retina,predator_neurons_connected_prey_retina,mutual_info
1,4734.000000,5266.000000,2,24149.335595,187449294.887308,87814.091736,0.151667,2,1,3,0.105543
1,4355.000000,5645.000000,2,14685.878194,101415822.238471,94297.201060,0.121033,2,1,3,0.087995
2,4436.000000,5564.000000,2,23154.310449,793477194.120808,61677.308272,0.152700,2,1,3,0.084205
3,4362.000000,5638.000000,2,7223.647556,53013768.860706,24359.025567,0.146550,2,1,3,0.134700
