generation,prey_fitness,predator_fitness,num_alive_end,avg_bb_size,var_bb_size,avg_shortest_dist,swarm_density_count,prey_neurons_connected_prey_retina,prey_neurons_connected_predator_retina,predator_neurons_connected_prey_retina,mutual_info
1,4321.000000,5679.000000,2,17001.503850,449658505.730311,35851.426215,0.099200,1,0,1,0.095934
1,4588.000000,5412.000000,2,7356.489938,21422776.982944,17023.489954,0.119250,1,0,1,0.126817
2,4301.000000,5699.000000,2,7422.740320,94299171.756432,18848.290808,0.176617,1,0,1,0.163036
3,4185.000000,5815.000000,2,7735.395185,81579531.810481,28916.293073,0.100950,1,0,1,0.187694
