generation,prey_fitness,predator_fitness,num_alive_end,avg_bb_size,var_bb_size,avg_shortest_dist,swarm_density_count,prey_neurons_connected_prey_retina,prey_neurons_connected_predator_retina,predator_neurons_connected_prey_retina,mutual_info
1,4408.000000,5592.000000,2,16065.500147,191594766.614395,42376.652559,0.117667,1,0,1,0.168537
1,4279.000000,5721.000000,2,66878.670807,1003668035.727124,137909.052177,0.089983,1,0,1,0.096293
2,4561.000000,5439.000000,2,4577.029687,22914346.259110,11581.350495,0.140000,1,0,1,0.222171
3,4432.000000,5568.000000,2,11558.548358,163191081.199729,34439.552038,0.098600,1,0,1,0.131989
