generation,prey_fitness,predator_fitness,num_alive_end,avg_bb_size,var_bb_size,avg_shortest_dist,swarm_density_count,prey_neurons_connected_prey_retina,prey_neurons_connected_predator_retina,predator_neurons_connected_prey_retina,mutual_info
1,4334.000000,5666.000000,2,24789.665905,564947021.283254,58516.277207,0.149433,1,0,2,0.124395
1,4496.000000,5504.000000,2,22541.918701,337275273.554514,66496.668552,0.091600,1,0,2,0.123544
2,4545.000000,5455.000000,2,9634.919538,70662612.281790,34741.692888,0.144200,1,0,2,0.178768
3,4553.000000,5447.000000,2,14387.629195,70852456.443768,67182.898288,0.094450,1,0,2,0.095254
