generation,prey_fitness,predator_fitness,num_alive_end,avg_bb_size,var_bb_size,avg_shortest_dist,swarm_density_count,prey_neurons_connected_prey_retina,prey_neurons_connected_predator_retina,predator_neurons_connected_prey_retina,mutual_info
1,4362.000000,5638.000000,2,39422.065540,1014815199.065983,143149.897591,0.138500,0,2,1,0.153191
1,4436.000000,5564.000000,2,9292.039648,42990035.954041,43714.372018,0.126233,0,2,1,0.133674
2,4342.000000,5658.000000,2,15593.052937,258572076.059158,42845.561588,0.179033,0,2,1,0.103947
3,4533.000000,5467.000000,2,20887.911364,294739420.411451,115725.582921,0.084400,0,2,1,0.101302
