generation,prey_fitness,predator_fitness,num_alive_end,avg_bb_size,var_bb_size,avg_shortest_dist,swarm_density_count,prey_neurons_connected_prey_retina,prey_neurons_connected_predator_retina,predator_neurons_connected_prey_retina,mutual_info
1,4313.000000,5687.000000,2,3824.825589,25851313.593148,11764.606870,0.251100,4,5,1,0.085500
1,4462.000000,5538.000000,2,7406.885259,39894325.963864,22043.090874,0.096117,4,5,1,0.133473
2,4473.000000,5527.000000,2,1733.281969,4013579.744562,4151.009901,0.387100,4,5,1,0.112644
3,4696.000000,5304.000000,2,4080.527075,11866151.756947,8842.524376,0.223150,4,5,1,0.113220
