generation,prey_fitness,predator_fitness,num_alive_end,avg_bb_size,var_bb_size,avg_shortest_dist,swarm_density_count,prey_neurons_connected_prey_retina,prey_neurons_connected_predator_retina,predator_neurons_connected_prey_retina,mutual_info
1,4268.000000,5732.000000,2,1165.650049,1287206.779644,3434.442508,0.267400,0,1,1,0.088328
1,4223.000000,5777.000000,2,2215.316724,13142449.630520,7515.920306,0.245400,0,1,1,0.121162
2,4459.000000,5541.000000,2,5956.338282,16150425.822899,14771.608255,0.242983,0,1,1,0.105097
3,4418.000000,5582.000000,2,1006.305157,2178900.464564,4532.111707,0.394767,0,1,1,0.112095
