generation,prey_fitness,predator_fitness,num_alive_end,avg_bb_size,var_bb_size,avg_shortest_dist,swarm_density_count,prey_neurons_connected_prey_retina,prey_neurons_connected_predator_retina,predator_neurons_connected_prey_retina,mutual_info
1,4307.000000,5693.000000,2,8553.213483,60997109.774549,28164.229211,0.143350,2,0,3,0.146906
1,4539.000000,5461.000000,2,4318.697619,12359765.047579,12544.468300,0.226167,2,0,3,0.149903
2,4255.000000,5745.000000,2,25121.145729,684160000.039988,71625.893973,0.140000,2,0,3,0.139214
3,4318.000000,5682.000000,2,17900.649648,321802493.613999,61979.887523,0.103050,2,0,3,0.175419
