generation,prey_fitness,predator_fitness,num_alive_end,avg_bb_size,var_bb_size,avg_shortest_dist,swarm_density_count,prey_neurons_connected_prey_retina,prey_neurons_connected_predator_retina,predator_neurons_connected_prey_retina,mutual_info
1,4781.000000,5219.000000,2,7461.595147,22797199.091615,14858.633534,0.132400,1,2,2,0.157893
1,4274.000000,5726.000000,2,12952.915551,76680263.572114,28947.050136,0.089450,1,2,2,0.170285
2,4432.000000,5568.000000,2,6554.104329,50203089.334866,16680.528326,0.147600,1,2,2,0.126071
3,4506.000000,5494.000000,2,36441.103426,579524891.985372,79242.016803,0.165450,1,2,2,0.108250
