generation,prey_fitness,predator_fitness,num_alive_end,avg_bb_size,var_bb_size,avg_shortest_dist,swarm_density_count,prey_neurons_connected_prey_retina,prey_neurons_connected_predator_retina,predator_neurons_connected_prey_retina,mutual_info
1,4700.000000,5300.000000,2,16863.114294,143054134.948471,53936.616366,0.177083,1,0,5,0.114483
1,4683.000000,5317.000000,2,16535.659593,308301879.444676,41020.714382,0.146400,1,0,5,0.143360
2,4477.000000,5523.000000,2,31713.523796,987562877.179513,75239.748488,0.104333,1,0,5,0.134794
3,4430.000000,5570.000000,2,6141.753291,29640065.551003,22232.541708,0.115800,1,0,5,0.193643
