generation,prey_fitness,predator_fitness,num_alive_end,avg_bb_size,var_bb_size,avg_shortest_dist,swarm_density_count,prey_neurons_connected_prey_retina,prey_neurons_connected_predator_retina,predator_neurons_connected_prey_retina,mutual_info
1,4659.000000,5341.000000,2,23352.069481,489981985.915200,54907.251596,0.132000,2,2,2,0.131240
1,4566.000000,5434.000000,2,10119.550621,84840057.890603,29292.129915,0.162450,2,2,2,0.210170
2,4491.000000,5509.000000,2,6058.208476,41685853.708145,14412.105412,0.124750,2,2,2,0.121366
3,4404.000000,5596.000000,2,22343.081343,386961292.726316,64525.464582,0.245217,2,2,2,0.089469
