generation,prey_fitness,predator_fitness,num_alive_end,avg_bb_size,var_bb_size,avg_shortest_dist,swarm_density_count,prey_neurons_connected_prey_retina,prey_neurons_connected_predator_retina,predator_neurons_connected_prey_retina,mutual_info
1,4253.000000,5747.000000,2,4330.735268,20252065.486611,12294.313754,0.130250,1,1,1,0.095645
1,4420.000000,5580.000000,2,12378.039486,111034879.781258,34944.431275,0.075800,1,1,1,0.109841
2,4609.000000,5391.000000,2,14256.981362,194408785.495964,29784.999872,0.087400,1,1,1,0.159400
3,4882.000000,5118.000000,2,34278.627752,541613485.212160,92422.102938,0.116000,1,1,1,0.111127
