generation,prey_fitness,predator_fitness,num_alive_end,avg_bb_size,var_bb_size,avg_shortest_dist,swarm_density_count,prey_neurons_connected_prey_retina,prey_neurons_connected_predator_retina,predator_neurons_connected_prey_retina,mutual_info
1,4349.000000,5651.000000,2,1860.081715,3374525.177619,5757.147408,0.256767,3,1,1,0.131985
1,4479.000000,5521.000000,2,2490.716988,8831114.793604,6557.175332,0.268233,3,1,1,0.102905
2,4581.000000,5419.000000,2,3230.372872,10718140.292438,11611.718755,0.163067,3,1,1,0.148757
3,4504.000000,5496.000000,2,2344.909332,3693290.491522,6703.017432,0.218317,3,1,1,0.122848
