generation,prey_fitness,predator_fitness,num_alive_end,avg_bb_size,var_bb_size,avg_shortest_dist,swarm_density_count,prey_neurons_connected_prey_retina,prey_neurons_connected_predator_retina,predator_neurons_connected_prey_retina,mutual_info
1,4424.000000,5576.000000,2,1753.925760,2423744.073605,4998.688960,0.212250,1,1,1,0.107870
1,4319.000000,5681.000000,2,1110.906425,1658361.325806,3017.202291,0.298950,1,1,1,0.092429
2,4229.000000,5771.000000,2,9108.283109,61084267.469681,36899.956789,0.106817,1,1,1,0.139215
3,4441.000000,5559.000000,2,6980.488088,32146539.113638,18523.621547,0.150850,1,1,1,0.142110
