generation,prey_fitness,predator_fitness,num_alive_end,avg_bb_size,var_bb_size,avg_shortest_dist,swarm_density_count,prey_neurons_connected_prey_retina,prey_neurons_connected_predator_retina,predator_neurons_connected_prey_retina,mutual_info
1,4845.000000,5155.000000,2,7313.691382,64597083.636429,15245.080930,0.108700,1,0,3,0.173064
1,4711.000000,5289.000000,2,20833.626679,237067839.476082,48477.118482,0.129750,1,0,3,0.197733
2,4509.000000,5491.000000,2,5982.394189,43406690.677635,14288.386295,0.110200,1,0,3,0.168547
3,4425.000000,5575.000000,2,7006.798889,76418027.075052,17514.672705,0.153250,1,0,3,0.181970
