generation,prey_fitness,predator_fitness,num_alive_end,avg_bb_size,var_bb_size,avg_shortest_dist,swarm_density_count,prey_neurons_connected_prey_retina,prey_neurons_connected_predator_retina,predator_neurons_connected_prey_retina,mutual_info
1,4393.000000,5607.000000,2,1359.816270,2143402.569629,3394.980863,0.210000,0,5,1,0.118404
1,4338.000000,5662.000000,2,9100.910687,112868874.161258,19793.542646,0.169817,0,5,1,0.116463
2,4649.000000,5351.000000,2,3878.878080,12790601.958761,8733.489007,0.236133,0,5,1,0.093431
3,4462.000000,5538.000000,2,2996.292519,4330345.402926,7268.963023,0.152200,0,5,1,0.248358
