generation,prey_fitness,predator_fitness,num_alive_end,avg_bb_size,var_bb_size,avg_shortest_dist,swarm_density_count,prey_neurons_connected_prey_retina,prey_neurons_connected_predator_retina,predator_neurons_connected_prey_retina,mutual_info
1,4561.000000,5439.000000,2,11592.872438,88340431.197430,26437.051618,0.162883,1,0,1,0.178211
1,4662.000000,5338.000000,2,48708.010078,1209898990.766555,112880.331581,0.088400,1,0,1,0.120468
2,4268.000000,5732.000000,2,10110.763321,143886522.751190,24601.270487,0.283500,1,0,1,0.128172
3,4419.000000,5581.000000,2,15733.754710,298344692.759168,41573.267845,0.136033,1,0,1,0.116701
