generation,prey_fitness,predator_fitness,num_alive_end,avg_bb_size,var_bb_size,avg_shortest_dist,swarm_density_count,prey_neurons_connected_prey_retina,prey_neurons_connected_predator_retina,predator_neurons_connected_prey_retina,mutual_info
1,4455.000000,5545.000000,2,56768.618133,1202478325.635098,129139.885827,0.088200,2,1,1,0.082367
1,4391.000000,5609.000000,2,8153.202325,91633481.912343,24947.454034,0.101250,2,1,1,0.241235
2,4244.000000,5756.000000,2,14328.819511,81319177.220977,54043.405149,0.089200,2,1,1,0.179868
3,4502.000000,5498.000000,2,28392.723169,675748926.631309,95102.175263,0.152467,2,1,1,0.099207
