generation,prey_fitness,predator_fitness,num_alive_end,avg_bb_size,var_bb_size,avg_shortest_dist,swarm_density_count,prey_neurons_connected_prey_retina,prey_neurons_connected_predator_retina,predator_neurons_connected_prey_retina,mutual_info
1,4708.000000,5292.000000,2,14858.422154,102514471.285599,30112.836903,0.164083,3,3,1,0.108266
1,4520.000000,5480.000000,2,16893.711370,141751147.458361,41316.297011,0.113867,3,3,1,0.156955
2,4512.000000,5488.000000,2,7630.899090,93394102.016361,20031.392855,0.084450,3,3,1,0.132724
3,4327.000000,5673.000000,2,5923.089664,40243821.464323,15322.511072,0.120867,3,3,1,0.161100
