generation,prey_fitness,predator_fitness,num_alive_end,avg_bb_size,var_bb_size,avg_shortest_dist,swarm_density_count,prey_neurons_connected_prey_retina,prey_neurons_connected_predator_retina,predator_neurons_connected_prey_retina,mutual_info
1,4529.000000,5471.000000,2,13549.309661,153760532.370826,76492.366698,0.101950,2,0,1,0.228338
1,4220.000000,5780.000000,2,18258.201576,217983159.321790,46249.733665,0.090150,2,0,1,0.152597
2,4483.000000,5517.000000,2,81210.783077,2250298912.773323,170055.238496,0.132417,2,0,1,0.138077
3,4565.000000,5435.000000,2,2407.904009,8608620.959074,8239.566563,0.139467,2,0,1,0.178506
