generation,prey_fitness,predator_fitness,num_alive_end,avg_bb_size,var_bb_size,avg_shortest_dist,swarm_density_count,prey_neurons_connected_prey_retina,prey_neurons_connected_predator_retina,predator_neurons_connected_prey_retina,mutual_info
1,4767.000000,5233.000000,2,4685.594507,27185796.068233,19442.660136,0.250450,0,0,1,0.176693
1,4506.000000,5494.000000,2,6405.905686,77973935.545208,21102.940725,0.138950,0,0,1,0.149130
2,4452.000000,5548.000000,2,56994.711588,1542077288.755433,121464.716349,0.098800,0,0,1,0.080756
3,4483.000000,5517.000000,2,9081.325314,64309564.872362,39213.104196,0.168567,0,0,1,0.220931
