generation,prey_fitness,predator_fitness,num_alive_end,avg_bb_size,var_bb_size,avg_shortest_dist,swarm_density_count,prey_neurons_connected_prey_retina,prey_neurons_connected_predator_retina,predator_neurons_connected_prey_retina,mutual_info
1,4433.000000,5567.000000,2,4045.512881,10761473.387771,12320.574573,0.161000,0,1,1,0.146999
1,4221.000000,5779.000000,2,5081.544794,17289344.182533,14091.850624,0.096550,0,1,1,0.135108
2,4464.000000,5536.000000,2,4942.233502,22201602.738662,14701.443586,0.148167,0,1,1,0.150899
3,4389.000000,5611.000000,2,3720.652087,12608735.132500,11131.335800,0.166800,0,1,1,0.093476
