generation,prey_fitness,predator_fitness,num_alive_end,avg_bb_size,var_bb_size,avg_shortest_dist,swarm_density_count,prey_neurons_connected_prey_retina,prey_neurons_connected_predator_retina,predator_neurons_connected_prey_retina,mutual_info
1,4506.000000,5494.000000,2,6122.619483,63768366.912879,71600.724373,0.142150,1,0,4,0.130962
1,4569.000000,5431.000000,2,23047.083986,294851373.817079,62555.623804,0.144600,1,0,4,0.090803
2,4840.000000,5160.000000,2,41023.001105,2789640259.062373,129366.360816,0.178150,1,0,4,0.052551
3,4498.000000,5502.000000,2,17915.683575,184166647.387757,74548.523022,0.097250,1,0,4,0.108793
