generation,prey_fitness,predator_fitness,num_alive_end,avg_bb_size,var_bb_size,avg_shortest_dist,swarm_density_count,prey_neurons_connected_prey_retina,prey_neurons_connected_predator_retina,predator_neurons_connected_prey_retina,mutual_info
1,4849.000000,5151.000000,2,3541.724028,11937059.530318,9388.026402,0.300883,0,1,4,0.167852
1,4589.000000,5411.000000,2,14345.074229,166025164.422561,40629.326048,0.113600,0,1,4,0.182755
2,4376.000000,5624.000000,2,4120.227742,17204466.310899,15718.001195,0.090150,0,1,4,0.162725
3,4425.000000,5575.000000,2,3418.808133,19374673.977466,9279.736206,0.186300,0,1,4,0.143952
