generation,prey_fitness,predator_fitness,num_alive_end,avg_bb_size,var_bb_size,avg_shortest_dist,swarm_density_count,prey_neurons_connected_prey_retina,prey_neurons_connected_predator_retina,predator_neurons_connected_prey_retina,mutual_info
1,4286.000000,5714.000000,2,4002.950937,13697364.036797,10028.167655,0.285233,1,2,2,0.124314
1,4417.000000,5583.000000,2,4002.802831,18549736.145378,11637.065475,0.191300,1,2,2,0.179150
2,4532.000000,5468.000000,2,5197.635098,21081316.843634,19848.149682,0.098283,1,2,2,0.117137
3,4436.000000,5564.000000,2,3790.423939,7653975.551016,12242.925646,0.253267,1,2,2,0.146600
