generation,prey_fitness,predator_fitness,num_alive_end,avg_bb_size,var_bb_size,avg_shortest_dist,swarm_density_count,prey_neurons_connected_prey_retina,prey_neurons_connected_predator_retina,predator_neurons_connected_prey_retina,mutual_info
1,4145.000000,5855.000000,2,16941.729509,342377662.707435,43723.189749,0.129200,0,2,1,0.104359
1,4366.000000,5634.000000,2,8312.314356,53930826.974935,23988.037802,0.177600,0,2,1,0.088708
2,4395.000000,5605.000000,2,21723.562269,326984668.837531,55412.485993,0.122567,0,2,1,0.111503
3,4178.000000,5822.000000,2,5958.852800,62854790.827991,15123.036409,0.086633,0,2,1,0.124468
