generation,prey_fitness,predator_fitness,num_alive_end,avg_bb_size,var_bb_size,avg_shortest_dist,swarm_density_count,prey_neurons_connected_prey_retina,prey_neurons_connected_predator_retina,predator_neurons_connected_prey_retina,mutual_info
1,4452.000000,5548.000000,2,4258.121682,10990031.802310,11160.481986,0.105850,0,1,2,0.142329
1,4717.000000,5283.000000,2,10864.435586,61983242.330220,26212.493567,0.130800,0,1,2,0.150578
2,4318.000000,5682.000000,2,3646.538422,26161341.246202,10670.692178,0.169383,0,1,2,0.103944
3,4842.000000,5158.000000,2,10182.122361,108493494.594897,20783.250030,0.163083,0,1,2,0.154386
