generation,prey_fitness,predator_fitness,num_alive_end,avg_bb_size,var_bb_size,avg_shortest_dist,swarm_density_count,prey_neurons_connected_prey_retina,prey_neurons_connected_predator_retina,predator_neurons_connected_prey_retina,mutual_info
1,4464.000000,5536.000000,2,2399.768998,6680801.248633,5991.689020,0.222750,4,4,1,0.173352
1,4675.000000,5325.000000,2,2801.947912,8468864.019472,6110.650306,0.193833,4,4,1,0.217000
2,4424.000000,5576.000000,2,3728.872703,10178863.633435,11266.164836,0.154600,4,4,1,0.224394
3,4557.000000,5443.000000,2,12276.312430,91684428.534253,32879.181263,0.125900,4,4,1,0.143784
