generation,prey_fitness,predator_fitness,num_alive_end,avg_bb_size,var_bb_size,avg_shortest_dist,swarm_density_count,prey_neurons_connected_prey_retina,prey_neurons_connected_predator_retina,predator_neurons_connected_prey_retina,mutual_info
1,4330.000000,5670.000000,2,8720.918437,43607023.876129,30534.879421,0.098400,3,0,1,0.192448
1,4685.000000,5315.000000,2,12269.712959,52472587.270353,47574.860166,0.153950,3,0,1,0.087879
2,4379.000000,5621.000000,2,12258.001047,113963465.454225,47466.124554,0.118450,3,0,1,0.159242
3,4558.000000,5442.000000,2,6347.795117,32059600.005239,16383.411182,0.195700,3,0,1,0.147426
