generation,prey_fitness,predator_fitness,num_alive_end,avg_bb_size,var_bb_size,avg_shortest_dist,swarm_density_count,prey_neurons_connected_prey_retina,prey_neurons_connected_predator_retina,predator_neurons_connected_prey_retina,mutual_info
1,4568.000000,5432.000000,2,17109.330881,216795930.944106,60431.749964,0.115450,1,2,1,0.147764
1,4231.000000,5769.000000,2,6094.104557,33846680.399620,24072.491716,0.083150,1,2,1,0.163964
2,4274.000000,5726.000000,2,35184.834382,918985106.409829,75975.283093,0.092450,1,2,1,0.058250
3,4429.000000,5571.000000,2,35480.024505,558866052.059018,101419.412127,0.090300,1,2,1,0.115410
