generation,prey_fitness,predator_fitness,num_alive_end,avg_bb_size,var_bb_size,avg_shortest_dist,swarm_density_count,prey_neurons_connected_prey_retina,prey_neurons_connected_predator_retina,predator_neurons_connected_prey_retina,mutual_info
1,4275.000000,5725.000000,2,23916.831451,370630905.423489,65086.032652,0.110667,2,3,2,0.093376
1,4223.000000,5777.000000,2,10747.088205,258060990.917392,47468.801461,0.235650,2,3,2,0.106382
2,4653.000000,5347.000000,2,9173.208532,40804624.803827,20800.141058,0.104800,2,3,2,0.135270
3,4777.000000,5223.000000,2,6645.155312,30955299.615922,18761.727171,0.177350,2,3,2,0.243274
