generation,prey_fitness,predator_fitness,num_alive_end,avg_bb_size,var_bb_size,avg_shortest_dist,swarm_density_count,prey_neurons_connected_prey_retina,prey_neurons_connected_predator_retina,predator_neurons_connected_prey_retina,mutual_info
1,4446.000000,5554.000000,2,2992.174772,7585677.157501,10817.622128,0.223000,1,1,1,0.194297
1,4572.000000,5428.000000,2,9759.453684,57727207.524739,30313.564574,0.197117,1,1,1,0.157475
2,4437.000000,5563.000000,2,16214.946822,423539230.962119,80594.223117,0.118700,1,1,1,0.121623
3,4305.000000,5695.000000,2,7432.785605,28209019.584353,34602.243524,0.212367,1,1,1,0.247020
