generation,prey_fitness,predator_fitness,num_alive_end,avg_bb_size,var_bb_size,avg_shortest_dist,swarm_density_count,prey_neurons_connected_prey_retina,prey_neurons_connected_predator_retina,predator_neurons_connected_prey_retina,mutual_info
1,4710.000000,5290.000000,2,16540.979195,235826064.510214,54042.706671,0.172350,1,5,1,0.146815
1,4634.000000,5366.000000,2,6634.190880,33104826.118398,20851.288586,0.184000,1,5,1,0.172660
2,4303.000000,5697.000000,2,35640.678009,1061864176.876944,143452.827451,0.164333,1,5,1,0.114062
3,4421.000000,5579.000000,2,29124.003421,483318697.426453,71328.710741,0.118100,1,5,1,0.132273
