generation,prey_fitness,predator_fitness,num_alive_end,avg_bb_size,var_bb_size,avg_shortest_dist,swarm_density_count,prey_neurons_connected_prey_retina,prey_neurons_connected_predator_retina,predator_neurons_connected_prey_retina,mutual_info
1,4478.000000,5522.000000,2,7636.086193,99887720.764330,18984.155750,0.193317,1,2,2,0.154088
1,4322.000000,5678.000000,2,52572.718205,622791777.558555,114863.119366,0.081400,1,2,2,0.112245
2,4422.000000,5578.000000,2,10168.246174,82640753.311243,28273.691296,0.095450,1,2,2,0.159860
3,4373.000000,5627.000000,2,12423.187740,148352120.060989,46930.497568,0.111667,1,2,2,0.158222
