generation,prey_fitness,predator_fitness,num_alive_end,avg_bb_size,var_bb_size,avg_shortest_dist,swarm_density_count,prey_neurons_connected_prey_retina,prey_neurons_connected_predator_retina,predator_neurons_connected_prey_retina,mutual_info
1,4344.000000,5656.000000,2,4691.848757,12733864.264321,27137.929382,0.119817,1,1,2,0.121960
1,4498.000000,5502.000000,2,3520.474049,9293949.273637,10779.983312,0.129900,1,1,2,0.209906
2,4252.000000,5748.000000,2,844.169919,601408.850748,2763.487961,0.307000,1,1,2,0.131415
3,4572.000000,5428.000000,2,5557.131798,16523475.326025,18429.365729,0.192500,1,1,2,0.217252
