generation,prey_fitness,predator_fitness,num_alive_end,avg_bb_size,var_bb_size,avg_shortest_dist,swarm_density_count,prey_neurons_connected_prey_retina,prey_neurons_connected_predator_retina,predator_neurons_connected_prey_retina,mutual_info
1,4638.000000,5362.000000,2,10952.019224,37245349.881673,36755.614338,0.196800,3,0,1,0.192327
1,4945.000000,5055.000000,2,7394.376090,33442516.968620,14988.713905,0.163700,3,0,1,0.158054
2,4774.000000,5226.000000,2,4211.012280,13578553.959837,16912.049238,0.226400,3,0,1,0.174419
3,4299.000000,5701.000000,2,26111.188654,922755245.517243,102278.368684,0.096950,3,0,1,0.180138
