generation,prey_fitness,predator_fitness,num_alive_end,avg_bb_size,var_bb_size,avg_shortest_dist,swarm_density_count,prey_neurons_connected_prey_retina,prey_neurons_connected_predator_retina,predator_neurons_connected_prey_retina,mutual_info
1,5093.000000,4907.000000,2,22352.887857,831475550.766416,37145.551654,0.092650,1,3,1,0.114634
1,4950.000000,5050.000000,2,25447.765438,595565732.512464,182538.326868,0.102000,1,3,1,0.060598
2,4431.000000,5569.000000,2,8308.666449,75604396.839822,44089.845821,0.122550,1,3,1,0.183287
3,4260.000000,5740.000000,2,21185.053826,267574521.290743,84928.161570,0.087567,1,3,1,0.149878
