generation,prey_fitness,predator_fitness,num_alive_end,avg_bb_size,var_bb_size,avg_shortest_dist,swarm_density_count,prey_neurons_connected_prey_retina,prey_neurons_connected_predator_retina,predator_neurons_connected_prey_retina,mutual_info
1,4203.000000,5797.000000,2,10719.154215,61385402.843149,31513.126623,0.097233,3,3,1,0.136664
1,4689.000000,5311.000000,2,3028.941382,9417024.219920,7462.705378,0.267767,3,3,1,0.124708
2,4720.000000,5280.000000,2,4512.853046,40343579.449765,8564.436935,0.269950,3,3,1,0.126127
3,4377.000000,5623.000000,2,3589.676624,10694887.825846,21357.663657,0.112500,3,3,1,0.157088
