generation,prey_fitness,predator_fitness,num_alive_end,avg_bb_size,var_bb_size,avg_shortest_dist,swarm_density_count,prey_neurons_connected_prey_retina,prey_neurons_connected_predator_retina,predator_neurons_connected_prey_retina,mutual_info
1,4273.000000,5727.000000,2,3860.214883,16704792.665777,13571.787331,0.202033,0,1,1,0.126764
1,4352.000000,5648.000000,2,8535.938124,103822368.746493,23125.643625,0.352400,0,1,1,0.132476
2,4440.000000,5560.000000,2,3665.433836,10639459.507377,11315.526774,0.159150,0,1,1,0.156446
3,4372.000000,5628.000000,2,7159.257177,38700923.551105,25543.070275,0.103900,0,1,1,0.144748
