generation,prey_fitness,predator_fitness,num_alive_end,avg_bb_size,var_bb_size,avg_shortest_dist,swarm_density_count,prey_neurons_connected_prey_retina,prey_neurons_connected_predator_retina,predator_neurons_connected_prey_retina,mutual_info
1,4516.000000,5484.000000,2,5581.781816,22102405.428399,14542.172095,0.146450,2,1,3,0.119905
1,4547.000000,5453.000000,2,21699.826975,415719596.008134,53397.960257,0.141500,2,1,3,0.139431
2,4335.000000,5665.000000,2,11845.181154,189141729.130473,30115.326689,0.088600,2,1,3,0.138528
3,4241.000000,5759.000000,2,21761.121095,179452098.202102,49978.600100,0.064400,2,1,3,0.130208
