generation,prey_fitness,predator_fitness,num_alive_end,avg_bb_size,var_bb_size,avg_shortest_dist,swarm_density_count,prey_neurons_connected_prey_retina,prey_neurons_connected_predator_retina,predator_neurons_connected_prey_retina,mutual_info
1,4886.000000,5114.000000,2,11252.019255,80782954.276361,39618.030405,0.147333,1,0,3,0.088520
1,4510.000000,5490.000000,2,3277.474772,11220458.788650,8774.968239,0.235350,1,0,3,0.108757
2,4491.000000,5509.000000,2,3723.689656,18007199.159086,9248.487593,0.185700,1,0,3,0.148577
3,4275.000000,5725.000000,2,7918.234388,49741452.348198,29416.419293,0.072900,1,0,3,0.145552
