generation,prey_fitness,predator_fitness,num_alive_end,avg_bb_size,var_bb_size,avg_shortest_dist,swarm_density_count,prey_neurons_connected_prey_retina,prey_neurons_connected_predator_retina,predator_neurons_connected_prey_retina,mutual_info
1,5132.000000,4868.000000,2,9070.567090,88458442.894628,25249.333119,0.379400,0,2,2,0.197133
1,4268.000000,5732.000000,2,4094.943199,21357708.381191,13902.134661,0.103767,0,2,2,0.153408
2,4244.000000,5756.000000,2,45433.589536,1125587667.737821,107333.631714,0.096317,0,2,2,0.140986
3,4462.000000,5538.000000,2,14005.458635,272702326.820935,30266.082491,0.089600,0,2,2,0.175238
