generation,prey_fitness,predator_fitness,num_alive_end,avg_bb_size,var_bb_size,avg_shortest_dist,swarm_density_count,prey_neurons_connected_prey_retina,prey_neurons_connected_predator_retina,predator_neurons_connected_prey_retina,mutual_info
1,4275.000000,5725.000000,2,8520.859225,122010345.109903,29939.230495,0.167650,1,1,1,0.115398
1,4232.000000,5768.000000,2,31734.060415,842140134.064882,68085.570704,0.090150,1,1,1,0.132992
2,4496.000000,5504.000000,2,6620.630931,45419373.644288,14373.990477,0.173300,1,1,1,0.092178
3,4247.000000,5753.000000,2,12266.720491,120611149.214560,33460.835791,0.079650,1,1,1,0.242598
