generation,prey_fitness,predator_fitness,num_alive_end,avg_bb_size,var_bb_size,avg_shortest_dist,swarm_density_count,prey_neurons_connected_prey_retina,prey_neurons_connected_predator_retina,predator_neurons_connected_prey_retina,mutual_info
1,4939.000000,5061.000000,2,5683.208447,25162619.733104,12719.620735,0.222800,0,2,1,0.142149
1,5180.000000,4820.000000,2,8825.282511,45932821.321482,15508.122993,0.196283,0,2,1,0.085399
2,4891.000000,5109.000000,2,7167.444141,40284292.584619,18962.425584,0.259833,0,2,1,0.191473
3,4633.000000,5367.000000,2,4608.239014,23543360.959137,14282.892806,0.094200,0,2,1,0.127675
