generation,prey_fitness,predator_fitness,num_alive_end,avg_bb_size,var_bb_size,avg_shortest_dist,swarm_density_count,prey_neurons_connected_prey_retina,prey_neurons_connected_predator_retina,predator_neurons_connected_prey_retina,mutual_info
1,4619.000000,5381.000000,2,4107.305932,12943518.881983,9056.364831,0.196817,2,4,1,0.151135
1,4369.000000,5631.000000,2,1379.782485,2970911.994822,4468.612791,0.173883,2,4,1,0.124199
2,4387.000000,5613.000000,2,887.522717,1086697.957900,2194.352906,0.492533,2,4,1,0.113989
3,4534.000000,5466.000000,2,3174.873248,10750801.582801,11893.120664,0.267550,2,4,1,0.127854
