generation,prey_fitness,predator_fitness,num_alive_end,avg_bb_size,var_bb_size,avg_shortest_dist,swarm_density_count,prey_neurons_connected_prey_retina,prey_neurons_connected_predator_retina,predator_neurons_connected_prey_retina,mutual_info
1,4822.000000,5178.000000,2,10392.547581,110521321.134710,24888.618196,0.321217,1,1,1,0.196679
1,4423.000000,5577.000000,2,1591.292336,1853157.327632,4364.940959,0.172617,1,1,1,0.094881
2,4689.000000,5311.000000,2,7620.597013,107494795.106359,17087.960418,0.193717,1,1,1,0.084508
3,4298.000000,5702.000000,2,2724.049126,8032897.451773,11458.887676,0.129217,1,1,1,0.134870
