generation,prey_fitness,predator_fitness,num_alive_end,avg_bb_size,var_bb_size,avg_shortest_dist,swarm_density_count,prey_neurons_connected_prey_retina,prey_neurons_connected_predator_retina,predator_neurons_connected_prey_retina,mutual_info
1,4384.000000,5616.000000,2,63079.337837,1838939757.004282,150980.589091,0.098167,1,0,1,0.087634
1,4373.000000,5627.000000,2,25003.742588,243707373.609655,107616.952476,0.104050,1,0,1,0.101999
2,4338.000000,5662.000000,2,30782.610058,445946865.321711,76503.925454,0.087150,1,0,1,0.083992
3,4288.000000,5712.000000,2,25070.699313,681849344.035056,71969.148976,0.146183,1,0,1,0.100119
