generation,prey_fitness,predator_fitness,num_alive_end,avg_bb_size,var_bb_size,avg_shortest_dist,swarm_density_count,prey_neurons_connected_prey_retina,prey_neurons_connected_predator_retina,predator_neurons_connected_prey_retina,mutual_info
1,4820.000000,5180.000000,2,12855.636868,227728281.240612,33943.727973,0.363300,1,3,3,0.151076
1,4418.000000,5582.000000,2,5183.614881,21378881.906312,12037.860447,0.268450,1,3,3,0.181407
2,4347.000000,5653.000000,2,14210.998578,222708478.591091,32519.620350,0.172600,1,3,3,0.147507
3,4644.000000,5356.000000,2,28478.038855,361599658.876562,62347.284853,0.095200,1,3,3,0.110708
