generation,prey_fitness,predator_fitness,num_alive_end,avg_bb_size,var_bb_size,avg_shortest_dist,swarm_density_count,prey_neurons_connected_prey_retina,prey_neurons_connected_predator_retina,predator_neurons_connected_prey_retina,mutual_info
1,4260.000000,5740.000000,2,5859.173824,24505420.010443,50370.502215,0.076800,2,0,1,0.130118
1,4375.000000,5625.000000,2,9525.098460,86483424.599132,35734.286478,0.104000,2,0,1,0.127941
2,4280.000000,5720.000000,2,8139.067557,54659753.317076,42319.048534,0.093900,2,0,1,0.122067
3,4162.000000,5838.000000,2,3309.390559,8244109.119792,13530.195192,0.088000,2,0,1,0.112081
