generation,prey_fitness,predator_fitness,num_alive_end,avg_bb_size,var_bb_size,avg_shortest_dist,swarm_density_count,prey_neurons_connected_prey_retina,prey_neurons_connected_predator_retina,predator_neurons_connected_prey_retina,mutual_info
1,4363.000000,5637.000000,2,8249.737899,57030165.678528,32698.586719,0.102517,2,1,2,0.189498
1,4385.000000,5615.000000,2,33769.872385,778538631.923312,78026.711129,0.236817,2,1,2,0.074265
2,4598.000000,5402.000000,2,7425.548206,84433302.725130,20668.766795,0.194150,2,1,2,0.133847
3,4743.000000,5257.000000,2,5840.863198,30438339.378318,13389.935342,0.183467,2,1,2,0.141512
