generation,prey_fitness,predator_fitness,num_alive_end,avg_bb_size,var_bb_size,avg_shortest_dist,swarm_density_count,prey_neurons_connected_prey_retina,prey_neurons_connected_predator_retina,predator_neurons_connected_prey_retina,mutual_info
1,4221.000000,5779.000000,2,29688.795990,658065238.105076,141704.729270,0.096283,1,1,1,0.132041
1,4579.000000,5421.000000,2,64666.078016,5288913742.234701,135045.025907,0.080400,1,1,1,0.084732
2,4781.000000,5219.000000,2,30091.281440,419942874.950230,149647.168587,0.149600,1,1,1,0.101556
3,4284.000000,5716.000000,2,25159.357005,574802180.998162,93448.752746,0.079400,1,1,1,0.156212
