generation,prey_fitness,predator_fitness,num_alive_end,avg_bb_size,var_bb_size,avg_shortest_dist,swarm_density_count,prey_neurons_connected_prey_retina,prey_neurons_connected_predator_retina,predator_neurons_connected_prey_retina,mutual_info
1,4649.000000,5351.000000,2,3357.179216,7582427.787002,9023.753612,0.180267,3,1,1,0.100954
1,4613.000000,5387.000000,2,6803.283523,34066455.396833,22434.558824,0.121400,3,1,1,0.145042
2,4420.000000,5580.000000,2,2748.495123,8559925.531186,7191.438050,0.257600,3,1,1,0.130004
3,4790.000000,5210.000000,2,4367.915794,18302430.742914,9545.623765,0.177600,3,1,1,0.108957
