generation,prey_fitness,predator_fitness,num_alive_end,avg_bb_size,var_bb_size,avg_shortest_dist,swarm_density_count,prey_neurons_connected_prey_retina,prey_neurons_connected_predator_retina,predator_neurons_connected_prey_retina,mutual_info
1,4395.000000,5605.000000,2,8492.544774,38437510.286169,28810.113797,0.151217,2,3,1,0.161400
1,4472.000000,5528.000000,2,32495.725904,613827078.339091,118492.547782,0.101050,2,3,1,0.121541
2,4766.000000,5234.000000,2,6511.420240,39522222.290148,14198.417564,0.156600,2,3,1,0.183783
3,4423.000000,5577.000000,2,12040.560958,117591410.018391,58619.283374,0.099200,2,3,1,0.132368
