generation,prey_fitness,predator_fitness,num_alive_end,avg_bb_size,var_bb_size,avg_shortest_dist,swarm_density_count,prey_neurons_connected_prey_retina,prey_neurons_connected_predator_retina,predator_neurons_connected_prey_retina,mutual_info
1,4533.000000,5467.000000,2,6024.234079,40047112.136123,21059.886690,0.170300,1,2,3,0.124808
1,4292.000000,5708.000000,2,13357.071490,207389999.577756,40002.528410,0.146567,1,2,3,0.158813
2,4376.000000,5624.000000,2,23793.181177,216220774.230497,76523.412451,0.090850,1,2,3,0.147145
3,4445.000000,5555.000000,2,4455.362719,31078455.680801,10284.518609,0.203900,1,2,3,0.148732
