generation,prey_fitness,predator_fitness,num_alive_end,avg_bb_size,var_bb_size,avg_shortest_dist,swarm_density_count,prey_neurons_connected_prey_retina,prey_neurons_connected_predator_retina,predator_neurons_connected_prey_retina,mutual_info
1,4266.000000,5734.000000,2,7720.097248,58408166.860973,37579.695998,0.083350,0,6,1,0.155424
1,4398.000000,5602.000000,2,3240.245535,7476780.185572,8703.965891,0.199400,0,6,1,0.197825
2,4545.000000,5455.000000,2,4112.791114,14017662.300526,10979.276686,0.217100,0,6,1,0.142568
3,4309.000000,5691.000000,2,8325.149904,61346788.274920,25961.839535,0.153600,0,6,1,0.141736
