generation,prey_fitness,predator_fitness,num_alive_end,avg_bb_size,var_bb_size,avg_shortest_dist,swarm_density_count,prey_neurons_connected_prey_retina,prey_neurons_connected_predator_retina,predator_neurons_connected_prey_retina,mutual_info
1,4267.000000,5733.000000,2,707.251978,474089.676204,2594.270746,0.326650,0,4,5,0.238097
1,4588.000000,5412.000000,2,905.155673,1355789.994767,2579.867945,0.558650,0,4,5,0.054205
2,4817.000000,5183.000000,2,1295.646246,781155.369568,5360.203198,0.280950,0,4,5,0.204949
3,5105.000000,4895.000000,2,2443.283085,3405010.587535,5081.520520,0.497033,0,4,5,0.075442
