generation,prey_fitness,predator_fitness,num_alive_end,avg_bb_size,var_bb_size,avg_shortest_dist,swarm_density_count,prey_neurons_connected_prey_retina,prey_neurons_connected_predator_retina,predator_neurons_connected_prey_retina,mutual_info
1,4901.000000,5099.000000,2,17784.654674,91341220.152632,56436.650935,0.129933,1,2,1,0.089198
1,4254.000000,5746.000000,2,5300.606159,34144999.024526,17856.206171,0.145000,1,2,1,0.138948
2,5741.000000,4259.000000,2,44507.636343,718388655.970209,72525.332686,0.216267,1,2,1,0.058304
3,4823.000000,5177.000000,2,18756.227075,248990148.192723,61868.812564,0.167600,1,2,1,0.179705
