generation,prey_fitness,predator_fitness,num_alive_end,avg_bb_size,var_bb_size,avg_shortest_dist,swarm_density_count,prey_neurons_connected_prey_retina,prey_neurons_connected_predator_retina,predator_neurons_connected_prey_retina,mutual_info
1,4615.000000,5385.000000,2,16081.705145,132091756.187677,50452.287993,0.109200,1,4,1,0.132004
1,4566.000000,5434.000000,2,21358.029722,310897578.305990,48864.328329,0.104650,1,4,1,0.127948
2,4667.000000,5333.000000,2,47937.264059,1495231886.744360,119714.592120,0.143750,1,4,1,0.139486
3,4180.000000,5820.000000,2,25543.113208,442160142.495284,75398.882505,0.088867,1,4,1,0.094069
