generation,prey_fitness,predator_fitness,num_alive_end,avg_bb_size,var_bb_size,avg_shortest_dist,swarm_density_count,prey_neurons_connected_prey_retina,prey_neurons_connected_predator_retina,predator_neurons_connected_prey_retina,mutual_info
1,4602.000000,5398.000000,2,31742.639914,448056616.484574,90804.374870,0.115500,0,1,1,0.125875
1,4597.000000,5403.000000,2,6390.925679,20950288.513407,23603.739792,0.113400,0,1,1,0.137405
2,4568.000000,5432.000000,2,7926.046857,75099979.645355,23838.301429,0.160667,0,1,1,0.137557
3,4683.000000,5317.000000,2,17766.935677,125996660.830141,40465.618192,0.103800,0,1,1,0.163241
