generation,prey_fitness,predator_fitness,num_alive_end,avg_bb_size,var_bb_size,avg_shortest_dist,swarm_density_count,prey_neurons_connected_prey_retina,prey_neurons_connected_predator_retina,predator_neurons_connected_prey_retina,mutual_info
1,4473.000000,5527.000000,2,5395.904067,23766052.190516,13748.766076,0.193467,2,1,3,0.143331
1,4280.000000,5720.000000,2,36280.598175,377841354.074159,83478.194264,0.102450,2,1,3,0.073655
2,4583.000000,5417.000000,2,3685.929794,12680346.094360,13792.548230,0.167217,2,1,3,0.094307
3,4529.000000,5471.000000,2,15107.796396,206964363.377692,38154.429848,0.121250,2,1,3,0.147499
