generation,prey_fitness,predator_fitness,num_alive_end,avg_bb_size,var_bb_size,avg_shortest_dist,swarm_density_count,prey_neurons_connected_prey_retina,prey_neurons_connected_predator_retina,predator_neurons_connected_prey_retina,mutual_info
1,4259.000000,5741.000000,2,980.446269,1514801.542057,2997.580021,0.447050,1,1,1,0.113667
1,4596.000000,5404.000000,2,3033.294797,6045370.431689,6879.839902,0.097700,1,1,1,0.112519
2,4479.000000,5521.000000,2,10615.778852,88199767.173119,46561.561154,0.114100,1,1,1,0.133312
3,4367.000000,5633.000000,2,5018.036706,27195814.085084,14356.541460,0.156000,1,1,1,0.170617
