generation,prey_fitness,predator_fitness,num_alive_end,avg_bb_size,var_bb_size,avg_shortest_dist,swarm_density_count,prey_neurons_connected_prey_retina,prey_neurons_connected_predator_retina,predator_neurons_connected_prey_retina,mutual_info
1,4385.000000,5615.000000,2,7620.224497,90974748.378349,22696.762191,0.099700,1,1,1,0.170973
1,4557.000000,5443.000000,2,12580.554593,209126150.100173,41789.461185,0.231633,1,1,1,0.170546
2,4818.000000,5182.000000,2,52014.909096,2707624224.352036,115273.573874,0.075200,1,1,1,0.087758
3,4246.000000,5754.000000,2,5008.880478,34996026.745961,25545.696588,0.192650,1,1,1,0.161378
