generation,prey_fitness,predator_fitness,num_alive_end,avg_bb_size,var_bb_size,avg_shortest_dist,swarm_density_count,prey_neurons_connected_prey_retina,prey_neurons_connected_predator_retina,predator_neurons_connected_prey_retina,mutual_info
1,4543.000000,5457.000000,2,7635.552115,38882855.322367,20943.468766,0.103600,0,1,1,0.114164
1,4610.000000,5390.000000,2,24174.373384,666958352.935537,68919.952396,0.108250,0,1,1,0.121221
2,4484.000000,5516.000000,2,4542.258017,27013735.433876,13964.181099,0.122367,0,1,1,0.212358
3,4368.000000,5632.000000,2,30886.212768,677885037.778240,109995.814113,0.083000,0,1,1,0.186579
