generation,prey_fitness,predator_fitness,num_alive_end,avg_bb_size,var_bb_size,avg_shortest_dist,swarm_density_count,prey_neurons_connected_prey_retina,prey_neurons_connected_predator_retina,predator_neurons_connected_prey_retina,mutual_info
1,4431.000000,5569.000000,2,69508.903043,3628926563.284313,143734.677625,0.116400,0,2,1,0.075758
1,4648.000000,5352.000000,2,6988.364597,76613543.961381,29816.241540,0.284867,0,2,1,0.119553
2,4218.000000,5782.000000,2,3736.960180,16540322.445640,10497.515873,0.175000,0,2,1,0.129693
3,4372.000000,5628.000000,2,14923.590299,348548779.104825,31614.489574,0.212033,0,2,1,0.111934
