generation,prey_fitness,predator_fitness,num_alive_end,avg_bb_size,var_bb_size,avg_shortest_dist,swarm_density_count,prey_neurons_connected_prey_retina,prey_neurons_connected_predator_retina,predator_neurons_connected_prey_retina,mutual_info
1,4689.000000,5311.000000,2,824.581594,676335.231141,2359.865774,0.534400,0,0,1,0.095038
1,5565.000000,4435.000000,2,1240.408863,1447953.854739,1984.558313,0.658467,0,0,1,0.097436
2,4741.000000,5259.000000,2,1904.665987,4324878.602025,6483.551283,0.428800,0,0,1,0.131073
3,5917.000000,4083.000000,2,1322.304280,798511.200246,1766.161681,0.754417,0,0,1,0.275723
