generation,prey_fitness,predator_fitness,num_alive_end,avg_bb_size,var_bb_size,avg_shortest_dist,swarm_density_count,prey_neurons_connected_prey_retina,prey_neurons_connected_predator_retina,predator_neurons_connected_prey_retina,mutual_info
1,4448.000000,5552.000000,2,7291.978000,30111044.328307,21632.769053,0.138400,0,0,1,0.183298
1,4540.000000,5460.000000,2,3212.889536,16424811.069342,7558.628881,0.330150,0,0,1,0.143762
2,4204.000000,5796.000000,2,19428.063100,489609261.685087,52803.178142,0.090517,0,0,1,0.104923
3,4278.000000,5722.000000,2,14999.456342,194123120.920924,41638.982228,0.087100,0,0,1,0.136335
