generation,prey_fitness,predator_fitness,num_alive_end,avg_bb_size,var_bb_size,avg_shortest_dist,swarm_density_count,prey_neurons_connected_prey_retina,prey_neurons_connected_predator_retina,predator_neurons_connected_prey_retina,mutual_info
1,4986.000000,5014.000000,2,59977.948077,2183516010.662213,135909.951881,0.202267,0,1,1,0.052597
1,5020.000000,4980.000000,2,66173.843500,5127246177.558500,148906.890279,0.087600,0,1,1,0.074079
2,4803.000000,5197.000000,2,24702.157078,677356938.773152,77370.409307,0.134400,0,1,1,0.079403
3,4959.000000,5041.000000,2,8720.915912,102975184.578808,17143.100766,0.125000,0,1,1,0.106339
