generation,prey_fitness,predator_fitness,num_alive_end,avg_bb_size,var_bb_size,avg_shortest_dist,swarm_density_count,prey_neurons_connected_prey_retina,prey_neurons_connected_predator_retina,predator_neurons_connected_prey_retina,mutual_info
1,4257.000000,5743.000000,2,4268.587372,14850822.243152,14148.824513,0.132650,2,4,1,0.157664
1,4280.000000,5720.000000,2,20888.456789,260538093.736208,47049.262578,0.111200,2,4,1,0.102665
2,4594.000000,5406.000000,2,7133.459232,45430818.286861,21060.920367,0.121000,2,4,1,0.171414
3,4481.000000,5519.000000,2,1813.209585,2975752.507214,4770.043094,0.248567,2,4,1,0.120333
