generation,prey_fitness,predator_fitness,num_alive_end,avg_bb_size,var_bb_size,avg_shortest_dist,swarm_density_count,prey_neurons_connected_prey_retina,prey_neurons_connected_predator_retina,predator_neurons_connected_prey_retina,mutual_info
1,4446.000000,5554.000000,2,11188.877488,40990966.624635,52231.558049,0.100650,1,1,1,0.139623
1,4268.000000,5732.000000,2,6496.459321,37775703.876767,18953.122913,0.156800,1,1,1,0.146859
2,4462.000000,5538.000000,2,8859.176678,139050889.202505,31577.283270,0.088500,1,1,1,0.240377
3,4345.000000,5655.000000,2,8049.435027,50622324.468855,22035.023339,0.095200,1,1,1,0.211121
