generation,prey_fitness,predator_fitness,num_alive_end,avg_bb_size,var_bb_size,avg_shortest_dist,swarm_density_count,prey_neurons_connected_prey_retina,prey_neurons_connected_predator_retina,predator_neurons_connected_prey_retina,mutual_info
1,4472.000000,5528.000000,2,12189.503198,40322315.362002,29246.845418,0.120700,5,0,1,0.124598
1,4246.000000,5754.000000,2,2268.894590,7932815.129089,6303.800719,0.416867,5,0,1,0.140227
2,4480.000000,5520.000000,2,3869.032793,15022450.347192,23301.348000,0.248267,5,0,1,0.193971
3,4213.000000,5787.000000,2,3071.364496,9604425.307939,9509.313565,0.179200,5,0,1,0.150794
