generation,prey_fitness,predator_fitness,num_alive_end,avg_bb_size,var_bb_size,avg_shortest_dist,swarm_density_count,prey_neurons_connected_prey_retina,prey_neurons_connected_predator_retina,predator_neurons_connected_prey_retina,mutual_info
1,4331.000000,5669.000000,2,7524.533347,35752299.597173,21165.097339,0.122583,3,3,1,0.124425
1,4376.000000,5624.000000,2,2862.443044,8600288.487867,7663.353208,0.249450,3,3,1,0.139676
2,4172.000000,5828.000000,2,3502.697156,12606767.131606,11254.273315,0.128150,3,3,1,0.118916
3,4529.000000,5471.000000,2,2084.300396,3977774.358720,5445.444464,0.198300,3,3,1,0.098019
