generation,prey_fitness,predator_fitness,num_alive_end,avg_bb_size,var_bb_size,avg_shortest_dist,swarm_density_count,prey_neurons_connected_prey_retina,prey_neurons_connected_predator_retina,predator_neurons_connected_prey_retina,mutual_info
1,4478.000000,5522.000000,2,14522.020221,136268186.310282,40007.217048,0.142767,2,1,1,0.205978
1,4279.000000,5721.000000,2,36449.680105,2183271506.259284,81155.561191,0.207417,2,1,1,0.151164
2,4274.000000,5726.000000,2,9859.273320,171623299.857539,27642.944302,0.123517,2,1,1,0.169040
3,4359.000000,5641.000000,2,4823.522614,29973874.793672,15138.766247,0.194050,2,1,1,0.123499
