generation,prey_fitness,predator_fitness,num_alive_end,avg_bb_size,var_bb_size,avg_shortest_dist,swarm_density_count,prey_neurons_connected_prey_retina,prey_neurons_connected_predator_retina,predator_neurons_connected_prey_retina,mutual_info
1,4485.000000,5515.000000,2,35698.953103,1346461058.713817,100619.071799,0.137150,5,0,1,0.110187
1,4735.000000,5265.000000,2,25742.264006,449847882.854398,120490.449811,0.142200,5,0,1,0.135184
2,4217.000000,5783.000000,2,78914.554762,6942524586.399318,161814.150027,0.084000,5,0,1,0.175978
3,4474.000000,5526.000000,2,28923.379939,328898373.214714,79018.772466,0.109750,5,0,1,0.123237
