generation,prey_fitness,predator_fitness,num_alive_end,avg_bb_size,var_bb_size,avg_shortest_dist,swarm_density_count,prey_neurons_connected_prey_retina,prey_neurons_connected_predator_retina,predator_neurons_connected_prey_retina,mutual_info
1,4172.000000,5828.000000,2,1580.496985,3137212.851758,5747.951903,0.220000,7,2,1,0.118117
1,4490.000000,5510.000000,2,4020.548661,14744692.894856,12381.247830,0.148050,7,2,1,0.132159
2,4416.000000,5584.000000,2,5281.779837,13927997.001859,13022.186399,0.182033,7,2,1,0.155444
3,4349.000000,5651.000000,2,5320.914435,33392213.764609,14276.885565,0.190550,7,2,1,0.145982
