generation,prey_fitness,predator_fitness,num_alive_end,avg_bb_size,var_bb_size,avg_shortest_dist,swarm_density_count,prey_neurons_connected_prey_retina,prey_neurons_connected_predator_retina,predator_neurons_connected_prey_retina,mutual_info
1,4482.000000,5518.000000,2,7887.915745,65881178.680148,27172.215479,0.155650,0,3,1,0.124679
1,4253.000000,5747.000000,2,34063.263061,856626391.172733,74500.071011,0.092833,0,3,1,0.132677
2,4452.000000,5548.000000,2,8181.130686,36368703.669042,20733.772659,0.088400,0,3,1,0.176211
3,4381.000000,5619.000000,2,17198.270767,355860998.123197,51167.834162,0.122050,0,3,1,0.179855
