generation,prey_fitness,predator_fitness,num_alive_end,avg_bb_size,var_bb_size,avg_shortest_dist,swarm_density_count,prey_neurons_connected_prey_retina,prey_neurons_connected_predator_retina,predator_neurons_connected_prey_retina,mutual_info
1,4369.000000,5631.000000,2,6205.857260,39648168.502589,15818.413675,0.114150,2,1,3,0.166160
1,4605.000000,5395.000000,2,22556.879533,215772174.040605,50118.809449,0.145400,2,1,3,0.129486
2,4338.000000,5662.000000,2,5103.629001,22179383.464821,14050.845511,0.103650,2,1,3,0.161815
3,4751.000000,5249.000000,2,11619.974345,91945214.180481,27841.793209,0.166550,2,1,3,0.095876
