generation,prey_fitness,predator_fitness,num_alive_end,avg_bb_size,var_bb_size,avg_shortest_dist,swarm_density_count,prey_neurons_connected_prey_retina,prey_neurons_connected_predator_retina,predator_neurons_connected_prey_retina,mutual_info
1,4584.000000,5416.000000,2,14390.293537,215956899.353206,38873.274856,0.088000,1,1,1,0.127843
1,4575.000000,5425.000000,2,37781.731234,666141727.668073,80546.939740,0.146550,1,1,1,0.102321
2,4413.000000,5587.000000,2,32305.698083,1050327694.988001,107627.672974,0.132750,1,1,1,0.126257
3,4748.000000,5252.000000,2,5880.142969,22455607.715131,18434.478817,0.168200,1,1,1,0.197198
