generation,prey_fitness,predator_fitness,num_alive_end,avg_bb_size,var_bb_size,avg_shortest_dist,swarm_density_count,prey_neurons_connected_prey_retina,prey_neurons_connected_predator_retina,predator_neurons_connected_prey_retina,mutual_info
1,4694.000000,5306.000000,2,2099.724831,5410802.308614,4529.697688,0.239967,2,1,1,0.109478
1,4451.000000,5549.000000,2,17179.211075,359866225.080473,54343.934217,0.155400,2,1,1,0.137242
2,4317.000000,5683.000000,2,4725.870582,30001655.251947,16677.403106,0.198417,2,1,1,0.113097
3,4535.000000,5465.000000,2,5887.704353,47793340.086722,23902.228651,0.203750,2,1,1,0.223121
