generation,prey_fitness,predator_fitness,num_alive_end,avg_bb_size,var_bb_size,avg_shortest_dist,swarm_density_count,prey_neurons_connected_prey_retina,prey_neurons_connected_predator_retina,predator_neurons_connected_prey_retina,mutual_info
1,4660.000000,5340.000000,2,14008.193434,63922623.162217,42068.959394,0.111167,1,2,1,0.164654
1,4581.000000,5419.000000,2,11008.909295,40831048.346440,66960.647078,0.078400,1,2,1,0.137599
2,4550.000000,5450.000000,2,5742.936694,19283653.626497,17130.679244,0.134967,1,2,1,0.185384
3,4453.000000,5547.000000,2,13090.033699,105760850.155984,61170.516366,0.089850,1,2,1,0.135203
