generation,prey_fitness,predator_fitness,num_alive_end,avg_bb_size,var_bb_size,avg_shortest_dist,swarm_density_count,prey_neurons_connected_prey_retina,prey_neurons_connected_predator_retina,predator_neurons_connected_prey_retina,mutual_info
1,4322.000000,5678.000000,2,6205.766320,40133020.723048,16553.632764,0.157100,0,1,1,0.100613
1,4476.000000,5524.000000,2,5000.756141,17059471.270462,10888.012459,0.159367,0,1,1,0.151953
2,4300.000000,5700.000000,2,8750.111816,97540849.995900,45301.238027,0.108433,0,1,1,0.112300
3,4382.000000,5618.000000,2,5557.584383,29910148.622660,22925.620651,0.170900,0,1,1,0.138576
