generation,prey_fitness,predator_fitness,num_alive_end,avg_bb_size,var_bb_size,avg_shortest_dist,swarm_density_count,prey_neurons_connected_prey_retina,prey_neurons_connected_predator_retina,predator_neurons_connected_prey_retina,mutual_info
1,4707.000000,5293.000000,2,66825.559063,2098929701.020554,149952.879576,0.127133,4,2,2,0.137193
1,4514.000000,5486.000000,2,5506.199961,24089193.776368,18097.736523,0.101800,4,2,2,0.211894
2,4388.000000,5612.000000,2,8175.938505,57899472.611706,67481.527656,0.087200,4,2,2,0.109876
3,4553.000000,5447.000000,2,11069.997243,108692693.027124,31497.755069,0.142850,4,2,2,0.190760
