generation,prey_fitness,predator_fitness,num_alive_end,avg_bb_size,var_bb_size,avg_shortest_dist,swarm_density_count,prey_neurons_connected_prey_retina,prey_neurons_connected_predator_retina,predator_neurons_connected_prey_retina,mutual_info
1,4257.000000,5743.000000,2,7196.701859,49832999.262968,57758.130766,0.162783,6,1,1,0.250455
1,4362.000000,5638.000000,2,20747.682695,804027078.095880,59063.031853,0.105700,6,1,1,0.243823
2,4630.000000,5370.000000,2,45262.501265,1401942420.346445,120905.483427,0.100900,6,1,1,0.133214
3,4234.000000,5766.000000,2,3728.537276,19360376.637125,19455.605627,0.186867,6,1,1,0.289676
