generation,prey_fitness,predator_fitness,num_alive_end,avg_bb_size,var_bb_size,avg_shortest_dist,swarm_density_count,prey_neurons_connected_prey_retina,prey_neurons_connected_predator_retina,predator_neurons_connected_prey_retina,mutual_info
1,4551.000000,5449.000000,2,5016.274633,37160790.522005,12948.470271,0.216917,1,0,1,0.217735
1,4677.000000,5323.000000,2,10890.226877,92553133.574746,32368.516495,0.115600,1,0,1,0.127845
2,4301.000000,5699.000000,2,43591.449213,746320197.931180,132228.104227,0.132967,1,0,1,0.124106
3,4635.000000,5365.000000,2,70760.987919,1724921752.517144,152703.803667,0.102800,1,0,1,0.079232
