generation,prey_fitness,predator_fitness,num_alive_end,avg_bb_size,var_bb_size,avg_shortest_dist,swarm_density_count,prey_neurons_connected_prey_retina,prey_neurons_connected_predator_retina,predator_neurons_connected_prey_retina,mutual_info
1,4589.000000,5411.000000,2,3567.086275,6281945.100407,9498.839610,0.150100,0,0,3,0.120230
1,4356.000000,5644.000000,2,5341.549184,40898004.392779,16517.390143,0.141600,0,0,3,0.145672
2,4407.000000,5593.000000,2,6898.546220,28414455.365730,22608.677320,0.105550,0,0,3,0.104328
3,4745.000000,5255.000000,2,1957.753333,4692620.807170,4511.309255,0.328100,0,0,3,0.081216
