generation,prey_fitness,predator_fitness,num_alive_end,avg_bb_size,var_bb_size,avg_shortest_dist,swarm_density_count,prey_neurons_connected_prey_retina,prey_neurons_connected_predator_retina,predator_neurons_connected_prey_retina,mutual_info
1,4483.000000,5517.000000,2,44929.719132,684833695.849701,145641.688227,0.114750,0,2,2,0.139343
1,4402.000000,5598.000000,2,42529.642739,738756669.497590,113660.296746,0.096200,0,2,2,0.092865
2,4557.000000,5443.000000,2,21229.197881,204655579.892766,65334.138795,0.106400,0,2,2,0.129978
3,4879.000000,5121.000000,2,3764.172724,17708600.207751,13524.527018,0.187033,0,2,2,0.176337
