generation,prey_fitness,predator_fitness,num_alive_end,avg_bb_size,var_bb_size,avg_shortest_dist,swarm_density_count,prey_neurons_connected_prey_retina,prey_neurons_connected_predator_retina,predator_neurons_connected_prey_retina,mutual_info
1,4804.000000,5196.000000,2,43432.264257,459388690.358144,103784.606628,0.136400,1,1,4,0.143459
1,4558.000000,5442.000000,2,15774.863353,234694343.502958,55179.490766,0.128250,1,1,4,0.162540
2,4645.000000,5355.000000,2,41516.425576,1148788689.946412,122099.551236,0.169217,1,1,4,0.173180
3,5096.000000,4904.000000,2,65096.053934,923501196.808617,144302.139911,0.097400,1,1,4,0.115919
