generation,prey_fitness,predator_fitness,num_alive_end,avg_bb_size,var_bb_size,avg_shortest_dist,swarm_density_count,prey_neurons_connected_prey_retina,prey_neurons_connected_predator_retina,predator_neurons_connected_prey_retina,mutual_info
1,4323.000000,5677.000000,2,22408.610908,276684049.649787,57885.600466,0.093500,0,2,1,0.140304
1,4455.000000,5545.000000,2,7480.686785,47777165.963820,21584.532994,0.139000,0,2,1,0.169821
2,4211.000000,5789.000000,2,13352.273325,113572833.364031,35756.276089,0.091633,0,2,1,0.281393
3,4461.000000,5539.000000,2,34023.460385,2079986490.026832,72221.672663,0.375400,0,2,1,0.159155
