generation,prey_fitness,predator_fitness,num_alive_end,avg_bb_size,var_bb_size,avg_shortest_dist,swarm_density_count,prey_neurons_connected_prey_retina,prey_neurons_connected_predator_retina,predator_neurons_connected_prey_retina,mutual_info
1,4195.000000,5805.000000,2,23776.218635,641977823.246523,55752.515003,0.133883,0,1,2,0.127839
1,4724.000000,5276.000000,2,20966.431110,329907696.427032,56880.034011,0.100567,0,1,2,0.134803
2,4287.000000,5713.000000,2,55150.148636,2932261468.868035,119229.754142,0.144000,0,1,2,0.186171
3,4493.000000,5507.000000,2,29278.382853,837539877.288635,87287.265023,0.092700,0,1,2,0.127249
