generation,prey_fitness,predator_fitness,num_alive_end,avg_bb_size,var_bb_size,avg_shortest_dist,swarm_density_count,prey_neurons_connected_prey_retina,prey_neurons_connected_predator_retina,predator_neurons_connected_prey_retina,mutual_info
1,4261.000000,5739.000000,2,8469.745773,54502200.658293,22926.968083,0.095450,2,1,1,0.165058
1,4728.000000,5272.000000,2,8924.398513,102233015.174005,32747.054005,0.180033,2,1,1,0.177839
2,4327.000000,5673.000000,2,23070.852591,523733324.226301,88856.496562,0.102883,2,1,1,0.140668
3,4688.000000,5312.000000,2,2987.507035,15531637.142029,8117.401262,0.214800,2,1,1,0.109368
