generation,prey_fitness,predator_fitness,num_alive_end,avg_bb_size,var_bb_size,avg_shortest_dist,swarm_density_count,prey_neurons_connected_prey_retina,prey_neurons_connected_predator_retina,predator_neurons_connected_prey_retina,mutual_info
1,4600.000000,5400.000000,2,29671.675768,1087063808.437807,76848.788594,0.144683,1,1,1,0.145542
1,4422.000000,5578.000000,2,6027.144309,24526352.219588,15469.793144,0.192150,1,1,1,0.099558
2,4564.000000,5436.000000,2,11857.353728,97144578.156489,31628.421580,0.162200,1,1,1,0.134831
3,4355.000000,5645.000000,2,1978.346381,4165380.465022,10174.009798,0.278533,1,1,1,0.141387
