generation,prey_fitness,predator_fitness,num_alive_end,avg_bb_size,var_bb_size,avg_shortest_dist,swarm_density_count,prey_neurons_connected_prey_retina,prey_neurons_connected_predator_retina,predator_neurons_connected_prey_retina,mutual_info
1,4580.000000,5420.000000,2,8469.178560,94455040.133962,29437.992017,0.155650,1,2,1,0.145370
1,4397.000000,5603.000000,2,19044.602424,383848998.395910,50211.684509,0.062600,1,2,1,0.176124
2,4415.000000,5585.000000,2,8398.143585,39883046.591320,21949.713799,0.122550,1,2,1,0.229872
3,4358.000000,5642.000000,2,37848.428543,1124297287.054372,89780.581996,0.122533,1,2,1,0.185726
