generation,prey_fitness,predator_fitness,num_alive_end,avg_bb_size,var_bb_size,avg_shortest_dist,swarm_density_count,prey_neurons_connected_prey_retina,prey_neurons_connected_predator_retina,predator_neurons_connected_prey_retina,mutual_info
1,4370.000000,5630.000000,2,6489.234226,29537559.279314,18599.992300,0.111800,0,1,1,0.115312
1,4583.000000,5417.000000,2,3927.316240,16561058.332379,8478.671479,0.101400,0,1,1,0.165291
2,4443.000000,5557.000000,2,50602.285477,727692356.277964,113336.963144,0.100000,0,1,1,0.111464
3,4328.000000,5672.000000,2,34884.747784,1098776445.882264,89610.669833,0.102967,0,1,1,0.153341
