generation,prey_fitness,predator_fitness,num_alive_end,avg_bb_size,var_bb_size,avg_shortest_dist,swarm_density_count,prey_neurons_connected_prey_retina,prey_neurons_connected_predator_retina,predator_neurons_connected_prey_retina,mutual_info
1,4221.000000,5779.000000,2,12344.896586,80061454.931755,54334.211093,0.102517,3,0,1,0.161752
1,4574.000000,5426.000000,2,6381.676562,43387470.474611,15931.519502,0.110300,3,0,1,0.188374
2,4659.000000,5341.000000,2,6507.444280,68467794.897656,20114.263796,0.207417,3,0,1,0.142194
3,4607.000000,5393.000000,2,10042.075868,263013816.607973,30980.281795,0.221917,3,0,1,0.112492
