generation,prey_fitness,predator_fitness,num_alive_end,avg_bb_size,var_bb_size,avg_shortest_dist,swarm_density_count,prey_neurons_connected_prey_retina,prey_neurons_connected_predator_retina,predator_neurons_connected_prey_retina,mutual_info
1,4426.000000,5574.000000,2,16545.238802,197324757.585358,59427.330889,0.153850,1,0,1,0.126793
1,4526.000000,5474.000000,2,16004.735756,186022617.609595,81623.899094,0.148450,1,0,1,0.094796
2,4652.000000,5348.000000,2,26195.564202,479696291.446375,139881.713019,0.142300,1,0,1,0.084113
3,4478.000000,5522.000000,2,9575.347613,187358653.451111,88478.923927,0.168750,1,0,1,0.144091
