generation,prey_fitness,predator_fitness,num_alive_end,avg_bb_size,var_bb_size,avg_shortest_dist,swarm_density_count,prey_neurons_connected_prey_retina,prey_neurons_connected_predator_retina,predator_neurons_connected_prey_retina,mutual_info
1,4377.000000,5623.000000,2,2533.206349,11678119.075308,6362.482925,0.206000,3,2,1,0.171888
1,4626.000000,5374.000000,2,4014.073935,6876160.614707,11825.500157,0.155250,3,2,1,0.225541
2,4434.000000,5566.000000,2,1231.876358,1981074.662287,3204.659709,0.462017,3,2,1,0.102092
3,4279.000000,5721.000000,2,1747.612849,2190176.333067,5973.288497,0.196467,3,2,1,0.155732
