generation,prey_fitness,predator_fitness,num_alive_end,avg_bb_size,var_bb_size,avg_shortest_dist,swarm_density_count,prey_neurons_connected_prey_retina,prey_neurons_connected_predator_retina,predator_neurons_connected_prey_retina,mutual_info
1,4447.000000,5553.000000,2,1788.701503,5362934.923847,4411.898142,0.383700,2,0,1,0.161250
1,4547.000000,5453.000000,2,2875.981580,6318535.040461,7144.724275,0.161200,2,0,1,0.170887
2,4547.000000,5453.000000,2,6137.820014,46244910.165828,18096.650584,0.253650,2,0,1,0.227375
3,4649.000000,5351.000000,2,3095.044994,8416013.025702,9287.700750,0.193617,2,0,1,0.182145
