generation,prey_fitness,predator_fitness,num_alive_end,avg_bb_size,var_bb_size,avg_shortest_dist,swarm_density_count,prey_neurons_connected_prey_retina,prey_neurons_connected_predator_retina,predator_neurons_connected_prey_retina,mutual_info
1,4280.000000,5720.000000,2,31407.163638,944007736.194612,76041.345011,0.108383,2,1,1,0.138448
1,4415.000000,5585.000000,2,14646.952647,173941073.752268,51752.010026,0.124750,2,1,1,0.209355
2,4390.000000,5610.000000,2,28556.895033,965626409.781027,89374.096308,0.136500,2,1,1,0.196435
3,4731.000000,5269.000000,2,6335.199600,31855833.750520,16724.557684,0.209583,2,1,1,0.265057
