generation,prey_fitness,predator_fitness,num_alive_end,avg_bb_size,var_bb_size,avg_shortest_dist,swarm_density_count,prey_neurons_connected_prey_retina,prey_neurons_connected_predator_retina,predator_neurons_connected_prey_retina,mutual_info
1,4389.000000,5611.000000,2,5098.202996,27104023.935332,16166.526220,0.186183,0,3,1,0.125951
1,4339.000000,5661.000000,2,11840.118727,82900534.164271,38410.906748,0.160517,0,3,1,0.166148
2,4448.000000,5552.000000,2,6191.190776,70007370.443454,18908.851228,0.204350,0,3,1,0.176127
3,4585.000000,5415.000000,2,9733.526051,97645449.324202,27244.312784,0.224300,0,3,1,0.126488
