generation,prey_fitness,predator_fitness,num_alive_end,avg_bb_size,var_bb_size,avg_shortest_dist,swarm_density_count,prey_neurons_connected_prey_retina,prey_neurons_connected_predator_retina,predator_neurons_connected_prey_retina,mutual_info
1,4482.000000,5518.000000,2,1746.839487,2821106.862079,5003.436224,0.223433,1,2,1,0.109711
1,4210.000000,5790.000000,2,4179.523032,10799595.318123,16198.570572,0.079200,1,2,1,0.154374
2,4333.000000,5667.000000,2,3573.973353,9785365.482214,20327.709690,0.186133,1,2,1,0.202944
3,4377.000000,5623.000000,2,3103.050317,6926060.585747,17444.146230,0.140600,1,2,1,0.336580
