generation,prey_fitness,predator_fitness,num_alive_end,avg_bb_size,var_bb_size,avg_shortest_dist,swarm_density_count,prey_neurons_connected_prey_retina,prey_neurons_connected_predator_retina,predator_neurons_connected_prey_retina,mutual_info
1,4676.000000,5324.000000,2,22659.834019,296894909.754402,58510.801989,0.104000,0,3,1,0.121407
1,4462.000000,5538.000000,2,27959.860942,414519214.563442,81743.168547,0.106700,0,3,1,0.106288
2,4735.000000,5265.000000,2,5715.822575,83688274.664162,9262.538841,0.123500,0,3,1,0.152171
3,4232.000000,5768.000000,2,10764.960414,113159008.063352,47518.849527,0.122150,0,3,1,0.128599
