generation,prey_fitness,predator_fitness,num_alive_end,avg_bb_size,var_bb_size,avg_shortest_dist,swarm_density_count,prey_neurons_connected_prey_retina,prey_neurons_connected_predator_retina,predator_neurons_connected_prey_retina,mutual_info
1,4359.000000,5641.000000,2,31940.968904,374058409.841864,96278.834331,0.106900,0,1,3,0.103809
1,4264.000000,5736.000000,2,12696.165285,170345900.385301,40735.126357,0.241767,0,1,3,0.176869
2,5152.000000,4848.000000,2,20838.807512,402760963.501990,62071.073518,0.161600,0,1,3,0.143755
3,4285.000000,5715.000000,2,58907.860123,1607268785.406589,160173.500886,0.102900,0,1,3,0.108136
