generation,prey_fitness,predator_fitness,num_alive_end,avg_bb_size,var_bb_size,avg_shortest_dist,swarm_density_count,prey_neurons_connected_prey_retina,prey_neurons_connected_predator_retina,predator_neurons_connected_prey_retina,mutual_info
1,4584.000000,5416.000000,2,6124.190483,28943859.828938,27052.717002,0.140933,1,2,1,0.101870
1,4294.000000,5706.000000,2,4268.822898,11686805.953306,13317.949997,0.148300,1,2,1,0.188638
2,4341.000000,5659.000000,2,7722.625179,67003395.462963,17552.599734,0.167000,1,2,1,0.154012
3,4508.000000,5492.000000,2,16519.007155,350060182.939420,36542.411881,0.211167,1,2,1,0.130250
