generation,prey_fitness,predator_fitness,num_alive_end,avg_bb_size,var_bb_size,avg_shortest_dist,swarm_density_count,prey_neurons_connected_prey_retina,prey_neurons_connected_predator_retina,predator_neurons_connected_prey_retina,mutual_info
1,4308.000000,5692.000000,2,6486.508797,51191654.566177,46391.587139,0.110750,3,2,1,0.098660
1,4334.000000,5666.000000,2,35989.039078,1116876834.978428,126893.254684,0.092300,3,2,1,0.176764
2,5091.000000,4909.000000,2,72268.980720,2472637648.685038,185679.066994,0.149100,3,2,1,0.109561
3,4375.000000,5625.000000,2,31860.194429,262189905.904608,78659.120435,0.136700,3,2,1,0.155132
