generation,prey_fitness,predator_fitness,num_alive_end,avg_bb_size,var_bb_size,avg_shortest_dist,swarm_density_count,prey_neurons_connected_prey_retina,prey_neurons_connected_predator_retina,predator_neurons_connected_prey_retina,mutual_info
1,4334.000000,5666.000000,2,1084.527468,2011927.055518,2641.573932,0.460817,1,1,1,0.144404
1,4382.000000,5618.000000,2,759.045447,741810.940117,1897.119359,0.513600,1,1,1,0.074151
2,4535.000000,5465.000000,2,349.101518,310035.490857,736.365731,0.893650,1,1,1,0.063617
3,4639.000000,5361.000000,2,924.140326,783033.207979,2298.341645,0.481417,1,1,1,0.097246
