generation,prey_fitness,predator_fitness,num_alive_end,avg_bb_size,var_bb_size,avg_shortest_dist,swarm_density_count,prey_neurons_connected_prey_retina,prey_neurons_connected_predator_retina,predator_neurons_connected_prey_retina,mutual_info
1,4403.000000,5597.000000,2,1608.056478,1368253.640902,7095.836960,0.161133,2,3,1,0.180842
1,4321.000000,5679.000000,2,9005.730312,191861669.901670,37140.062031,0.124067,2,3,1,0.210083
2,4691.000000,5309.000000,2,40496.685817,1241982389.473660,82287.208626,0.161800,2,3,1,0.130266
3,4608.000000,5392.000000,2,9421.817093,90842280.592658,31407.584386,0.153217,2,3,1,0.122581
