generation,prey_fitness,predator_fitness,num_alive_end,avg_bb_size,var_bb_size,avg_shortest_dist,swarm_density_count,prey_neurons_connected_prey_retina,prey_neurons_connected_predator_retina,predator_neurons_connected_prey_retina,mutual_info
1,4329.000000,5671.000000,2,9073.777492,97645749.966720,29222.032158,0.094950,3,1,1,0.149783
1,5044.000000,4956.000000,2,4805.052559,21731513.633677,9610.875449,0.188767,3,1,1,0.107048
2,4614.000000,5386.000000,2,2523.622792,5044434.289453,5484.543338,0.177850,3,1,1,0.149031
3,4325.000000,5675.000000,2,3226.264509,7575611.104540,9557.315534,0.175883,3,1,1,0.139170
