generation,prey_fitness,predator_fitness,num_alive_end,avg_bb_size,var_bb_size,avg_shortest_dist,swarm_density_count,prey_neurons_connected_prey_retina,prey_neurons_connected_predator_retina,predator_neurons_connected_prey_retina,mutual_info
1,4591.000000,5409.000000,2,15664.225342,102888842.459587,40950.315650,0.175283,3,0,1,0.166507
1,4365.000000,5635.000000,2,2789.547934,4069502.128816,8553.225879,0.106483,3,0,1,0.130714
2,4306.000000,5694.000000,2,1382.728013,3334851.020626,3636.296467,0.447317,3,0,1,0.157622
3,4771.000000,5229.000000,2,9334.126258,95941124.362851,21288.919051,0.235850,3,0,1,0.159311
