generation,prey_fitness,predator_fitness,num_alive_end,avg_bb_size,var_bb_size,avg_shortest_dist,swarm_density_count,prey_neurons_connected_prey_retina,prey_neurons_connected_predator_retina,predator_neurons_connected_prey_retina,mutual_info
1,4480.000000,5520.000000,2,61567.145678,2252040642.514809,138025.084434,0.089800,0,0,1,0.114804
1,4274.000000,5726.000000,2,3390.878750,14481281.275821,10596.551984,0.189533,0,0,1,0.203825
2,4404.000000,5596.000000,2,70398.633837,3163584830.230031,169094.102746,0.118200,0,0,1,0.093783
3,4242.000000,5758.000000,2,23248.451835,348043997.293835,57421.811282,0.111417,0,0,1,0.121445
