generation,prey_fitness,predator_fitness,num_alive_end,avg_bb_size,var_bb_size,avg_shortest_dist,swarm_density_count,prey_neurons_connected_prey_retina,prey_neurons_connected_predator_retina,predator_neurons_connected_prey_retina,mutual_info
1,4492.000000,5508.000000,2,17575.009868,221160378.344696,58600.133594,0.200717,0,2,1,0.148171
1,4227.000000,5773.000000,2,6206.489924,33689178.492583,20178.850576,0.088000,0,2,1,0.174678
2,4413.000000,5587.000000,2,10775.663286,183782481.611472,29850.218591,0.126300,0,2,1,0.156274
3,4620.000000,5380.000000,2,6218.021242,36762941.350221,15419.529760,0.243850,0,2,1,0.136680
