generation,prey_fitness,predator_fitness,num_alive_end,avg_bb_size,var_bb_size,avg_shortest_dist,swarm_density_count,prey_neurons_connected_prey_retina,prey_neurons_connected_predator_retina,predator_neurons_connected_prey_retina,mutual_info
1,4406.000000,5594.000000,2,5431.398178,43518771.509581,17231.275181,0.151783,6,1,2,0.147359
1,4599.000000,5401.000000,2,14451.195167,108723862.527447,41527.571312,0.066200,6,1,2,0.190856
2,4424.000000,5576.000000,2,14566.774523,347426727.086985,70629.260582,0.127950,6,1,2,0.217929
3,4553.000000,5447.000000,2,21892.760110,396790032.042191,51429.809573,0.096133,6,1,2,0.166414
