generation,prey_fitness,predator_fitness,num_alive_end,avg_bb_size,var_bb_size,avg_shortest_dist,swarm_density_count,prey_neurons_connected_prey_retina,prey_neurons_connected_predator_retina,predator_neurons_connected_prey_retina,mutual_info
1,4338.000000,5662.000000,2,1929.139918,3346552.958811,5689.860479,0.141700,1,3,1,0.090210
1,4405.000000,5595.000000,2,2769.982431,7007960.301229,7467.872451,0.182700,1,3,1,0.153106
2,4746.000000,5254.000000,2,5036.022594,19482917.144618,15997.207089,0.292583,1,3,1,0.173512
3,4422.000000,5578.000000,2,3932.525056,14970877.444319,10414.450197,0.128883,1,3,1,0.153806
