generation,prey_fitness,predator_fitness,num_alive_end,avg_bb_size,var_bb_size,avg_shortest_dist,swarm_density_count,prey_neurons_connected_prey_retina,prey_neurons_connected_predator_retina,predator_neurons_connected_prey_retina,mutual_info
1,4280.000000,5720.000000,2,24211.186808,212052756.835135,102034.843519,0.069200,3,0,1,0.147830
1,4606.000000,5394.000000,2,21895.619196,306485042.535920,125490.391922,0.140383,3,0,1,0.191381
2,5000.000000,5000.000000,2,10213.566738,141850361.006980,14503.675768,0.301550,3,0,1,0.067611
3,4489.000000,5511.000000,2,70251.183434,3532615003.178033,174270.072170,0.106600,3,0,1,0.095730
