generation,prey_fitness,predator_fitness,num_alive_end,avg_bb_size,var_bb_size,avg_shortest_dist,swarm_density_count,prey_neurons_connected_prey_retina,prey_neurons_connected_predator_retina,predator_neurons_connected_prey_retina,mutual_info
1,4357.000000,5643.000000,2,16270.256816,265223580.206185,41555.879345,0.117150,3,0,3,0.125918
1,4598.000000,5402.000000,2,7827.554589,127260090.959598,38870.862260,0.288750,3,0,3,0.169193
2,4266.000000,5734.000000,2,9306.476451,112088923.274624,29344.236610,0.131500,3,0,3,0.130611
3,4412.000000,5588.000000,2,56107.002953,4245729007.422304,150680.241064,0.086400,3,0,3,0.078734
