generation,prey_fitness,predator_fitness,num_alive_end,avg_bb_size,var_bb_size,avg_shortest_dist,swarm_density_count,prey_neurons_connected_prey_retina,prey_neurons_connected_predator_retina,predator_neurons_connected_prey_retina,mutual_info
1,4722.000000,5278.000000,2,11348.561759,91990697.368279,51756.062441,0.103800,1,1,1,0.095916
1,4327.000000,5673.000000,2,20966.147516,287253905.868035,55925.173291,0.104350,1,1,1,0.143443
2,4275.000000,5725.000000,2,6340.688805,29248289.720560,19019.407174,0.106283,1,1,1,0.112190
3,4483.000000,5517.000000,2,42989.230107,1757823610.530310,94882.946769,0.131400,1,1,1,0.098044
