generation,prey_fitness,predator_fitness,num_alive_end,avg_bb_size,var_bb_size,avg_shortest_dist,swarm_density_count,prey_neurons_connected_prey_retina,prey_neurons_connected_predator_retina,predator_neurons_connected_prey_retina,mutual_info
1,4182.000000,5818.000000,2,40284.712133,939558954.029772,91819.647559,0.092600,2,1,1,0.077005
1,4361.000000,5639.000000,2,9474.585342,84115427.853432,29106.418349,0.264933,2,1,1,0.158254
2,4351.000000,5649.000000,2,8019.865443,44020439.957532,23601.650465,0.113250,2,1,1,0.176092
3,4650.000000,5350.000000,2,14741.446614,213962141.019504,36445.400471,0.163767,2,1,1,0.111546
