generation,prey_fitness,predator_fitness,num_alive_end,avg_bb_size,var_bb_size,avg_shortest_dist,swarm_density_count,prey_neurons_connected_prey_retina,prey_neurons_connected_predator_retina,predator_neurons_connected_prey_retina,mutual_info
1,4391.000000,5609.000000,2,7954.638682,50851139.411766,21149.097971,0.131833,1,3,1,0.124949
1,4446.000000,5554.000000,2,2265.461037,8777764.760548,6892.061208,0.397483,1,3,1,0.161580
2,4400.000000,5600.000000,2,5654.276259,21608492.825492,18194.736864,0.089400,1,3,1,0.093214
3,4363.000000,5637.000000,2,5363.395836,19825677.470864,31620.037200,0.209967,1,3,1,0.216817
