generation,prey_fitness,predator_fitness,num_alive_end,avg_bb_size,var_bb_size,avg_shortest_dist,swarm_density_count,prey_neurons_connected_prey_retina,prey_neurons_connected_predator_retina,predator_neurons_connected_prey_retina,mutual_info
1,4336.000000,5664.000000,2,4994.494465,23223569.318933,24757.067119,0.087100,2,0,3,0.158285
1,4249.000000,5751.000000,2,29048.825477,337049502.896021,70129.590425,0.095750,2,0,3,0.143721
2,4714.000000,5286.000000,2,13297.571346,214730302.391196,38813.042912,0.129300,2,0,3,0.134358
3,4880.000000,5120.000000,2,37354.917838,1015587533.678043,91511.460324,0.177717,2,0,3,0.186483
