generation,prey_fitness,predator_fitness,num_alive_end,avg_bb_size,var_bb_size,avg_shortest_dist,swarm_density_count,prey_neurons_connected_prey_retina,prey_neurons_connected_predator_retina,predator_neurons_connected_prey_retina,mutual_info
1,4382.000000,5618.000000,2,10310.294278,134080409.027782,24021.448484,0.182450,0,1,2,0.205079
1,4618.000000,5382.000000,2,20931.084503,206492666.859903,46147.601734,0.114700,0,1,2,0.201913
2,4319.000000,5681.000000,2,10923.114069,139012210.577226,26346.875399,0.089200,0,1,2,0.126667
3,4387.000000,5613.000000,2,12163.401838,65625522.799694,40668.770041,0.145200,0,1,2,0.107706
