generation,prey_fitness,predator_fitness,num_alive_end,avg_bb_size,var_bb_size,avg_shortest_dist,swarm_density_count,prey_neurons_connected_prey_retina,prey_neurons_connected_predator_retina,predator_neurons_connected_prey_retina,mutual_info
1,4381.000000,5619.000000,2,62266.833725,4521426569.186902,159910.206794,0.078800,3,1,5,0.108862
1,4436.000000,5564.000000,2,16248.504653,130797303.459154,45158.573309,0.094100,3,1,5,0.072841
2,4212.000000,5788.000000,2,13415.147643,108580728.596863,156478.570619,0.072850,3,1,5,0.137327
3,4344.000000,5656.000000,2,53232.364642,1907910721.930599,134330.744502,0.284350,3,1,5,0.164993
