generation,prey_fitness,predator_fitness,num_alive_end,avg_bb_size,var_bb_size,avg_shortest_dist,swarm_density_count,prey_neurons_connected_prey_retina,prey_neurons_connected_predator_retina,predator_neurons_connected_prey_retina,mutual_info
1,4461.000000,5539.000000,2,5994.939675,58165364.384910,15606.976039,0.150100,0,0,1,0.140708
1,4518.000000,5482.000000,2,6410.803664,24727888.295711,17510.029934,0.102700,0,0,1,0.209322
2,4564.000000,5436.000000,2,19269.364224,351353283.757713,65448.457837,0.137400,0,0,1,0.169447
3,4263.000000,5737.000000,2,31004.287413,718714343.184420,93094.115197,0.112700,0,0,1,0.139042
