generation,prey_fitness,predator_fitness,num_alive_end,avg_bb_size,var_bb_size,avg_shortest_dist,swarm_density_count,prey_neurons_connected_prey_retina,prey_neurons_connected_predator_retina,predator_neurons_connected_prey_retina,mutual_info
1,4168.000000,5832.000000,2,8924.096634,56571410.234445,22789.199673,0.100783,0,1,3,0.187525
1,4515.000000,5485.000000,2,3385.086142,9684664.686624,9848.713485,0.164633,0,1,3,0.088038
2,4534.000000,5466.000000,2,2385.248390,4523144.645301,5961.779142,0.168250,0,1,3,0.109031
3,4562.000000,5438.000000,2,3646.678339,14926051.345654,7133.396834,0.226317,0,1,3,0.183244
