generation,prey_fitness,predator_fitness,num_alive_end,avg_bb_size,var_bb_size,avg_shortest_dist,swarm_density_count,prey_neurons_connected_prey_retina,prey_neurons_connected_predator_retina,predator_neurons_connected_prey_retina,mutual_info
1,4547.000000,5453.000000,2,3306.910115,5412542.878046,7931.942098,0.193467,0,0,1,0.179391
1,4322.000000,5678.000000,2,3674.844538,26858261.256682,13460.728458,0.190800,0,0,1,0.182802
2,4341.000000,5659.000000,2,1971.218549,4030534.898812,4764.471128,0.199700,0,0,1,0.167147
3,4435.000000,5565.000000,2,6633.212800,22082037.436575,19963.288676,0.079000,0,0,1,0.175463
