generation,prey_fitness,predator_fitness,num_alive_end,avg_bb_size,var_bb_size,avg_shortest_dist,swarm_density_count,prey_neurons_connected_prey_retina,prey_neurons_connected_predator_retina,predator_neurons_connected_prey_retina,mutual_info
1,4636.000000,5364.000000,2,13000.884674,62924086.956633,34460.842916,0.128067,1,3,1,0.157769
1,4428.000000,5572.000000,2,4759.178268,14504957.105298,15104.115187,0.118400,1,3,1,0.171881
2,4369.000000,5631.000000,2,4598.683207,20919973.020931,14339.915806,0.140850,1,3,1,0.195342
3,4346.000000,5654.000000,2,17489.495382,501896306.870644,42298.411113,0.175633,1,3,1,0.179270
