generation,prey_fitness,predator_fitness,num_alive_end,avg_bb_size,var_bb_size,avg_shortest_dist,swarm_density_count,prey_neurons_connected_prey_retina,prey_neurons_connected_predator_retina,predator_neurons_connected_prey_retina,mutual_info
1,4360.000000,5640.000000,2,23774.785137,555368236.999911,58469.494114,0.092350,0,2,1,0.111032
1,4366.000000,5634.000000,2,8958.171261,84681696.430657,37951.823830,0.215050,0,2,1,0.158055
2,4350.000000,5650.000000,2,1288.703329,2153216.516609,3934.466846,0.317383,0,2,1,0.092773
3,4478.000000,5522.000000,2,13439.589194,175159986.907073,30129.605678,0.097200,0,2,1,0.162136
