generation,prey_fitness,predator_fitness,num_alive_end,avg_bb_size,var_bb_size,avg_shortest_dist,swarm_density_count,prey_neurons_connected_prey_retina,prey_neurons_connected_predator_retina,predator_neurons_connected_prey_retina,mutual_info
1,4618.000000,5382.000000,2,11664.815942,103129316.435069,34371.608437,0.093000,0,0,1,0.195218
1,4723.000000,5277.000000,2,22246.025453,605983425.282149,48640.097228,0.171817,0,0,1,0.125981
2,4640.000000,5360.000000,2,22402.652200,169514941.011890,126076.291355,0.089950,0,0,1,0.107398
3,4710.000000,5290.000000,2,7267.921296,71371241.780320,16826.458652,0.266900,0,0,1,0.128299
