generation,prey_fitness,predator_fitness,num_alive_end,avg_bb_size,var_bb_size,avg_shortest_dist,swarm_density_count,prey_neurons_connected_prey_retina,prey_neurons_connected_predator_retina,predator_neurons_connected_prey_retina,mutual_info
1,4631.000000,5369.000000,2,10189.278794,78271327.381115,35663.151071,0.187433,1,2,2,0.163373
1,4406.000000,5594.000000,2,7803.613037,84262229.951759,21644.131443,0.139300,1,2,2,0.148969
2,4628.000000,5372.000000,2,2321.800770,10499177.595154,6026.116333,0.347783,1,2,2,0.221716
3,4861.000000,5139.000000,2,4503.406644,19151657.409604,10660.859113,0.230317,1,2,2,0.138554
