generation,prey_fitness,predator_fitness,num_alive_end,avg_bb_size,var_bb_size,avg_shortest_dist,swarm_density_count,prey_neurons_connected_prey_retina,prey_neurons_connected_predator_retina,predator_neurons_connected_prey_retina,mutual_info
1,4367.000000,5633.000000,2,65538.544608,3138281432.273060,197837.969525,0.125183,2,1,1,0.096463
1,4403.000000,5597.000000,2,67376.489275,1433048734.273993,170666.053180,0.098200,2,1,1,0.126549
2,4591.000000,5409.000000,2,19845.688471,152509888.084275,89020.158348,0.131800,2,1,1,0.122533
3,6608.000000,3392.000000,3,31386.204313,505206308.833480,39028.549591,0.233133,2,1,1,0.036556
