generation,prey_fitness,predator_fitness,num_alive_end,avg_bb_size,var_bb_size,avg_shortest_dist,swarm_density_count,prey_neurons_connected_prey_retina,prey_neurons_connected_predator_retina,predator_neurons_connected_prey_retina,mutual_info
1,4602.000000,5398.000000,2,19993.557830,213679221.589305,99369.070015,0.225350,3,3,1,0.130861
1,4268.000000,5732.000000,2,7281.807578,36479896.012923,21418.082103,0.117650,3,3,1,0.140879
2,4301.000000,5699.000000,2,3165.290824,19089094.540165,13749.792297,0.109050,3,3,1,0.125063
3,4382.000000,5618.000000,2,5681.966773,18893969.789450,16960.473906,0.143150,3,3,1,0.174709
