generation,prey_fitness,predator_fitness,num_alive_end,avg_bb_size,var_bb_size,avg_shortest_dist,swarm_density_count,prey_neurons_connected_prey_retina,prey_neurons_connected_predator_retina,predator_neurons_connected_prey_retina,mutual_info
1,4480.000000,5520.000000,2,3241.082156,18016298.745123,9028.810430,0.218900,2,1,1,0.147307
1,4411.000000,5589.000000,2,12135.399780,104846912.069284,31103.314689,0.123600,2,1,1,0.165972
2,4928.000000,5072.000000,2,26395.405516,818931250.176726,132809.892404,0.134200,2,1,1,0.111791
3,4294.000000,5706.000000,2,67116.974529,1014109245.816978,163284.751659,0.102433,2,1,1,0.086657
