generation,prey_fitness,predator_fitness,num_alive_end,avg_bb_size,var_bb_size,avg_shortest_dist,swarm_density_count,prey_neurons_connected_prey_retina,prey_neurons_connected_predator_retina,predator_neurons_connected_prey_retina,mutual_info
1,4289.000000,5711.000000,2,1334.932997,2502145.652422,3820.306290,0.335067,2,2,1,0.164541
1,4921.000000,5079.000000,2,1665.401158,5431147.916880,3003.604402,0.488500,2,2,1,0.170687
2,4411.000000,5589.000000,2,1605.238541,2319959.457531,5059.391866,0.192700,2,2,1,0.132195
3,4605.000000,5395.000000,2,3275.276083,9398629.478215,7899.604250,0.227183,2,2,1,0.147982
