generation,prey_fitness,predator_fitness,num_alive_end,avg_bb_size,var_bb_size,avg_shortest_dist,swarm_density_count,prey_neurons_connected_prey_retina,prey_neurons_connected_predator_retina,predator_neurons_connected_prey_retina,mutual_info
1,5187.000000,4813.000000,2,5442.082658,12706205.533233,12300.561831,0.236450,0,1,1,0.102755
1,4782.000000,5218.000000,2,9668.464655,33733965.800596,32249.367486,0.098633,0,1,1,0.071688
2,4544.000000,5456.000000,2,15471.762146,78831276.478759,39517.855719,0.145150,0,1,1,0.062806
3,5687.000000,4313.000000,2,9721.396661,66232344.986128,14317.775009,0.185567,0,1,1,0.070344
