generation,prey_fitness,predator_fitness,num_alive_end,avg_bb_size,var_bb_size,avg_shortest_dist,swarm_density_count,prey_neurons_connected_prey_retina,prey_neurons_connected_predator_retina,predator_neurons_connected_prey_retina,mutual_info
1,4419.000000,5581.000000,2,9492.718076,48890138.205469,43947.033454,0.118667,2,1,2,0.142950
1,4895.000000,5105.000000,2,4162.698874,12655659.462240,11086.862413,0.255983,2,1,2,0.186848
2,4611.000000,5389.000000,2,7082.621215,41086394.463674,15360.175262,0.089400,2,1,2,0.097039
3,4351.000000,5649.000000,2,1945.071388,4200260.787820,6617.765544,0.259250,2,1,2,0.180291
