generation,prey_fitness,predator_fitness,num_alive_end,avg_bb_size,var_bb_size,avg_shortest_dist,swarm_density_count,prey_neurons_connected_prey_retina,prey_neurons_connected_predator_retina,predator_neurons_connected_prey_retina,mutual_info
1,4704.000000,5296.000000,2,12625.600756,119648035.914593,64563.754528,0.168750,3,0,1,0.153910
1,4509.000000,5491.000000,2,30445.948625,473224891.410312,119912.736336,0.156233,3,0,1,0.081226
2,4536.000000,5464.000000,2,31018.470536,508667958.661669,127303.214811,0.149750,3,0,1,0.087835
3,4802.000000,5198.000000,2,4830.444478,21815028.360448,11966.405560,0.451817,3,0,1,0.167388
