generation,prey_fitness,predator_fitness,num_alive_end,avg_bb_size,var_bb_size,avg_shortest_dist,swarm_density_count,prey_neurons_connected_prey_retina,prey_neurons_connected_predator_retina,predator_neurons_connected_prey_retina,mutual_info
1,4456.000000,5544.000000,2,5747.939926,35256674.337456,26490.761151,0.095350,2,3,1,0.169956
1,4619.000000,5381.000000,2,11589.855893,147589620.605508,33693.046298,0.097300,2,3,1,0.137978
2,4539.000000,5461.000000,2,6953.865863,32465296.782602,19060.936606,0.136600,2,3,1,0.194549
3,4545.000000,5455.000000,2,4018.760035,23674548.642720,11147.436841,0.306150,2,3,1,0.133791
