generation,prey_fitness,predator_fitness,num_alive_end,avg_bb_size,var_bb_size,avg_shortest_dist,swarm_density_count,prey_neurons_connected_prey_retina,prey_neurons_connected_predator_retina,predator_neurons_connected_prey_retina,mutual_info
1,4402.000000,5598.000000,2,4071.445848,12189974.255908,10650.047136,0.118233,0,1,1,0.161909
1,4218.000000,5782.000000,2,12915.572560,155581822.435055,64488.933802,0.101850,0,1,1,0.118621
2,4202.000000,5798.000000,2,9299.581472,149778121.568343,25024.486658,0.148233,0,1,1,0.165276
3,4543.000000,5457.000000,2,3207.345892,11231555.899164,9682.288903,0.264650,0,1,1,0.109704
