generation,prey_fitness,predator_fitness,num_alive_end,avg_bb_size,var_bb_size,avg_shortest_dist,swarm_density_count,prey_neurons_connected_prey_retina,prey_neurons_connected_predator_retina,predator_neurons_connected_prey_retina,mutual_info
1,4236.000000,5764.000000,2,2181.987687,4486176.786877,6088.519453,0.158633,2,3,1,0.119970
1,4440.000000,5560.000000,2,3413.220854,19426435.838282,8570.106059,0.236917,2,3,1,0.123605
2,4440.000000,5560.000000,2,12260.147923,162114566.637124,33043.916122,0.104800,2,3,1,0.120864
3,4402.000000,5598.000000,2,2078.051786,3244095.430915,5823.543437,0.177300,2,3,1,0.106884
