generation,prey_fitness,predator_fitness,num_alive_end,avg_bb_size,var_bb_size,avg_shortest_dist,swarm_density_count,prey_neurons_connected_prey_retina,prey_neurons_connected_predator_retina,predator_neurons_connected_prey_retina,mutual_info
1,4447.000000,5553.000000,2,8188.357833,125607958.949327,21628.794963,0.199333,0,1,4,0.141184
1,4439.000000,5561.000000,2,2543.854965,8493861.323293,7854.611492,0.206600,0,1,4,0.126169
2,4290.000000,5710.000000,2,11079.644970,75283138.830900,35992.376420,0.122200,0,1,4,0.140329
3,4459.000000,5541.000000,2,15563.495738,274296963.760313,60847.714750,0.299167,0,1,4,0.090800
