generation,prey_fitness,predator_fitness,num_alive_end,avg_bb_size,var_bb_size,avg_shortest_dist,swarm_density_count,prey_neurons_connected_prey_retina,prey_neurons_connected_predator_retina,predator_neurons_connected_prey_retina,mutual_info
1,4414.000000,5586.000000,2,8215.657354,75938407.559819,19422.875365,0.112617,3,3,1,0.164139
1,4236.000000,5764.000000,2,4241.189319,14105143.846839,13065.186119,0.081550,3,3,1,0.125912
2,4428.000000,5572.000000,2,8687.607082,67949193.627609,27459.579616,0.149450,3,3,1,0.119226
3,4612.000000,5388.000000,2,13946.132441,127842176.752406,63951.695712,0.158900,3,3,1,0.158533
