generation,prey_fitness,predator_fitness,num_alive_end,avg_bb_size,var_bb_size,avg_shortest_dist,swarm_density_count,prey_neurons_connected_prey_retina,prey_neurons_connected_predator_retina,predator_neurons_connected_prey_retina,mutual_info
1,4404.000000,5596.000000,2,10989.756803,80511562.607014,41098.491797,0.146700,4,0,1,0.133489
1,4781.000000,5219.000000,2,4140.630291,31411502.923932,6763.027518,0.171217,4,0,1,0.143306
2,4918.000000,5082.000000,2,14980.145444,469791980.172979,32635.952247,0.092400,4,0,1,0.038026
3,4531.000000,5469.000000,2,6899.741502,51274223.375210,17191.190538,0.150983,4,0,1,0.193470
