generation,prey_fitness,predator_fitness,num_alive_end,avg_bb_size,var_bb_size,avg_shortest_dist,swarm_density_count,prey_neurons_connected_prey_retina,prey_neurons_connected_predator_retina,predator_neurons_connected_prey_retina,mutual_info
1,4795.000000,5205.000000,2,11184.728499,73490540.827738,23996.828805,0.210133,0,3,2,0.097039
1,4339.000000,5661.000000,2,8707.454814,73289347.811297,36688.719601,0.085000,0,3,2,0.170518
2,4567.000000,5433.000000,2,24310.741751,234039534.206359,84006.086240,0.111700,0,3,2,0.100023
3,4387.000000,5613.000000,2,9587.656783,90197741.447331,29087.147486,0.082400,0,3,2,0.112025
