generation,prey_fitness,predator_fitness,num_alive_end,avg_bb_size,var_bb_size,avg_shortest_dist,swarm_density_count,prey_neurons_connected_prey_retina,prey_neurons_connected_predator_retina,predator_neurons_connected_prey_retina,mutual_info
1,4602.000000,5398.000000,2,8691.898213,61999880.955843,27223.136604,0.100850,2,1,1,0.181515
1,4364.000000,5636.000000,2,34909.448757,1138697600.015810,90179.508509,0.195267,2,1,1,0.100458
2,4558.000000,5442.000000,2,11512.368489,82295497.256300,37746.967110,0.101600,2,1,1,0.169619
3,4473.000000,5527.000000,2,25350.309686,517746085.450792,57796.676881,0.149817,2,1,1,0.123578
