generation,prey_fitness,predator_fitness,num_alive_end,avg_bb_size,var_bb_size,avg_shortest_dist,swarm_density_count,prey_neurons_connected_prey_retina,prey_neurons_connected_predator_retina,predator_neurons_connected_prey_retina,mutual_info
1,4736.000000,5264.000000,2,10979.307055,107484599.271791,19131.482203,0.104600,0,0,5,0.147104
1,4273.000000,5727.000000,2,18818.870586,344835981.314524,53786.284303,0.070300,0,0,5,0.091227
2,4358.000000,5642.000000,2,5853.350624,41703181.610330,13111.656768,0.251633,0,0,5,0.148358
3,4304.000000,5696.000000,2,6932.230734,53248208.372053,28946.604634,0.072500,0,0,5,0.116395
