generation,prey_fitness,predator_fitness,num_alive_end,avg_bb_size,var_bb_size,avg_shortest_dist,swarm_density_count,prey_neurons_connected_prey_retina,prey_neurons_connected_predator_retina,predator_neurons_connected_prey_retina,mutual_info
1,4504.000000,5496.000000,2,23284.482917,372827041.314619,55018.792749,0.092800,2,2,3,0.088447
1,4433.000000,5567.000000,2,8956.962967,60243762.016738,60381.205313,0.105000,2,2,3,0.080771
2,4544.000000,5456.000000,2,9652.659790,147046052.101561,21098.009445,0.191850,2,2,3,0.080836
3,4790.000000,5210.000000,2,11057.050072,98991122.697314,29163.890510,0.100400,2,2,3,0.213294
