generation,prey_fitness,predator_fitness,num_alive_end,avg_bb_size,var_bb_size,avg_shortest_dist,swarm_density_count,prey_neurons_connected_prey_retina,prey_neurons_connected_predator_retina,predator_neurons_connected_prey_retina,mutual_info
1,4658.000000,5342.000000,2,6053.008095,43775293.809013,17053.675100,0.213500,1,2,1,0.177135
1,4610.000000,5390.000000,2,5156.294294,15547808.993891,12658.645575,0.089900,1,2,1,0.147780
2,4232.000000,5768.000000,2,6820.962928,64319075.367350,32516.591808,0.154300,1,2,1,0.188746
3,4539.000000,5461.000000,2,11057.687977,144406276.813142,32721.477354,0.121900,1,2,1,0.122360
