generation,prey_fitness,predator_fitness,num_alive_end,avg_bb_size,var_bb_size,avg_shortest_dist,swarm_density_count,prey_neurons_connected_prey_retina,prey_neurons_connected_predator_retina,predator_neurons_connected_prey_retina,mutual_info
1,4562.000000,5438.000000,2,2301.073784,3596592.087204,5756.152373,0.181667,1,2,2,0.086978
1,4396.000000,5604.000000,2,8170.180108,40916485.898597,19327.204968,0.086150,1,2,2,0.142348
2,4305.000000,5695.000000,2,29362.280258,453974181.085920,67950.269334,0.119833,1,2,2,0.108320
3,4236.000000,5764.000000,2,4415.700642,12545282.179609,15749.772332,0.129683,1,2,2,0.138892
