generation,prey_fitness,predator_fitness,num_alive_end,avg_bb_size,var_bb_size,avg_shortest_dist,swarm_density_count,prey_neurons_connected_prey_retina,prey_neurons_connected_predator_retina,predator_neurons_connected_prey_retina,mutual_info
1,9223.000000,777.000000,4,0.000000,0.000000,0.000000,3.612000,0,1,1,0.000039
1,8394.000000,1606.000000,2,0.000000,0.000000,0.000000,3.198500,0,1,1,0.000142
2,9347.000000,653.000000,4,0.000000,0.000000,0.000000,3.674000,0,1,1,0.000153
3,5597.000000,4403.000000,2,0.000000,0.000000,0.000000,1.800000,0,1,1,0.003406
