generation,prey_fitness,predator_fitness,num_alive_end,avg_bb_size,var_bb_size,avg_shortest_dist,swarm_density_count,prey_neurons_connected_prey_retina,prey_neurons_connected_predator_retina,predator_neurons_connected_prey_retina,mutual_info
1,4441.000000,5559.000000,2,10153.306284,149422246.651971,33782.450833,0.122250,0,3,1,0.100670
1,4213.000000,5787.000000,2,5020.436396,34398474.344251,25061.595545,0.086500,0,3,1,0.092777
2,4401.000000,5599.000000,2,18827.378625,163730452.011932,48487.537972,0.120400,0,3,1,0.124799
3,4730.000000,5270.000000,2,24658.775185,376849717.487578,73715.931908,0.187733,0,3,1,0.109871
