generation,prey_fitness,predator_fitness,num_alive_end,avg_bb_size,var_bb_size,avg_shortest_dist,swarm_density_count,prey_neurons_connected_prey_retina,prey_neurons_connected_predator_retina,predator_neurons_connected_prey_retina,mutual_info
1,5327.000000,4673.000000,2,44107.562521,703192880.114946,104035.765633,0.118333,1,0,1,0.078261
1,4771.000000,5229.000000,2,9456.678322,40191255.547895,37897.864059,0.139900,1,0,1,0.182269
2,4528.000000,5472.000000,2,41746.863274,1960557214.880038,120202.198016,0.088250,1,0,1,0.122381
3,4660.000000,5340.000000,2,12383.596578,79007668.987897,47244.058949,0.124200,1,0,1,0.134841
