generation,prey_fitness,predator_fitness,num_alive_end,avg_bb_size,var_bb_size,avg_shortest_dist,swarm_density_count,prey_neurons_connected_prey_retina,prey_neurons_connected_predator_retina,predator_neurons_connected_prey_retina,mutual_info
1,4208.000000,5792.000000,2,5085.121979,19816266.968365,27136.332816,0.156350,1,1,1,0.205019
1,4475.000000,5525.000000,2,17932.018798,258663856.305291,117480.739951,0.088800,1,1,1,0.087475
2,4651.000000,5349.000000,2,39675.351653,1131763143.981334,101782.754141,0.092400,1,1,1,0.098142
3,4771.000000,5229.000000,2,10914.899108,67445213.888704,34571.535313,0.099800,1,1,1,0.124051
