generation,prey_fitness,predator_fitness,num_alive_end,avg_bb_size,var_bb_size,avg_shortest_dist,swarm_density_count,prey_neurons_connected_prey_retina,prey_neurons_connected_predator_retina,predator_neurons_connected_prey_retina,mutual_info
1,4371.000000,5629.000000,2,4304.460230,23754242.511444,14620.633252,0.167300,1,1,2,0.106474
1,4442.000000,5558.000000,2,28965.851216,421217168.021782,79471.478703,0.102800,1,1,2,0.081782
2,4507.000000,5493.000000,2,5498.132013,37258690.631797,12493.958251,0.249617,1,1,2,0.100083
3,4440.000000,5560.000000,2,2825.691455,6370759.176689,8103.968973,0.161600,1,1,2,0.104747
