generation,prey_fitness,predator_fitness,num_alive_end,avg_bb_size,var_bb_size,avg_shortest_dist,swarm_density_count,prey_neurons_connected_prey_retina,prey_neurons_connected_predator_retina,predator_neurons_connected_prey_retina,mutual_info
1,4433.000000,5567.000000,2,6949.200754,27018281.654881,23054.756883,0.093800,1,1,1,0.193602
1,4332.000000,5668.000000,2,19658.494161,341037793.090213,50163.526149,0.094500,1,1,1,0.148726
2,4673.000000,5327.000000,2,12618.604546,108077052.019634,39478.036102,0.092200,1,1,1,0.145268
3,4357.000000,5643.000000,2,4924.246345,44491576.877374,22907.766045,0.109917,1,1,1,0.213578
