generation,prey_fitness,predator_fitness,num_alive_end,avg_bb_size,var_bb_size,avg_shortest_dist,swarm_density_count,prey_neurons_connected_prey_retina,prey_neurons_connected_predator_retina,predator_neurons_connected_prey_retina,mutual_info
1,4493.000000,5507.000000,2,173.534754,47225.919744,382.466762,1.067433,1,0,1,0.048391
1,4906.000000,5094.000000,2,184.305509,55955.801124,337.863341,1.313800,1,0,1,0.042382
2,4718.000000,5282.000000,2,226.731876,74175.426806,433.658373,1.084267,1,0,1,0.082731
3,4835.000000,5165.000000,2,172.616170,54770.236878,319.732267,1.260400,1,0,1,0.039936
