generation,prey_fitness,predator_fitness,num_alive_end,avg_bb_size,var_bb_size,avg_shortest_dist,swarm_density_count,prey_neurons_connected_prey_retina,prey_neurons_connected_predator_retina,predator_neurons_connected_prey_retina,mutual_info
1,4449.000000,5551.000000,2,131.262396,29497.068987,322.382465,1.094967,1,1,2,0.080984
1,4465.000000,5535.000000,2,171.414491,39659.405819,413.907658,1.081017,1,1,2,0.079274
2,4854.000000,5146.000000,2,139.931134,22974.956244,284.338296,1.340200,1,1,2,0.063027
3,4818.000000,5182.000000,2,213.963935,44347.033637,506.195813,1.172533,1,1,2,0.046405
