generation,prey_fitness,predator_fitness,num_alive_end,avg_bb_size,var_bb_size,avg_shortest_dist,swarm_density_count,prey_neurons_connected_prey_retina,prey_neurons_connected_predator_retina,predator_neurons_connected_prey_retina,mutual_info
1,4563.000000,5437.000000,2,2253.374530,4588297.170544,7055.435995,0.416533,1,1,1,0.112722
1,4495.000000,5505.000000,2,2617.442026,9983353.527080,6818.253395,0.374683,1,1,1,0.135211
2,4426.000000,5574.000000,2,6430.412209,77003897.905788,21706.796072,0.408667,1,1,1,0.151654
3,4273.000000,5727.000000,2,22835.736714,191895012.498004,55613.104002,0.090200,1,1,1,0.092100
