generation,prey_fitness,predator_fitness,num_alive_end,avg_bb_size,var_bb_size,avg_shortest_dist,swarm_density_count,prey_neurons_connected_prey_retina,prey_neurons_connected_predator_retina,predator_neurons_connected_prey_retina,mutual_info
1,4444.000000,5556.000000,2,3761.280360,7090764.019612,11526.858609,0.148900,1,1,1,0.163106
1,4464.000000,5536.000000,2,2955.391574,11239091.742245,13244.348582,0.332817,1,1,1,0.121353
2,4304.000000,5696.000000,2,2779.994308,6709522.008248,10782.084782,0.121633,1,1,1,0.145839
3,4600.000000,5400.000000,2,9019.823425,46887542.457206,21257.115189,0.104000,1,1,1,0.153445
