generation,prey_fitness,predator_fitness,num_alive_end,avg_bb_size,var_bb_size,avg_shortest_dist,swarm_density_count,prey_neurons_connected_prey_retina,prey_neurons_connected_predator_retina,predator_neurons_connected_prey_retina,mutual_info
1,4384.000000,5616.000000,2,265.841028,84537.674529,686.329522,0.813033,4,1,3,0.070641
1,4871.000000,5129.000000,2,193.737257,44578.370316,421.430688,1.265600,4,1,3,0.055405
2,4225.000000,5775.000000,2,412.002993,161921.276068,1165.054712,0.521667,4,1,3,0.059201
3,4483.000000,5517.000000,2,379.482783,149166.396281,1011.412250,0.728767,4,1,3,0.045882
