generation,prey_fitness,predator_fitness,num_alive_end,avg_bb_size,var_bb_size,avg_shortest_dist,swarm_density_count,prey_neurons_connected_prey_retina,prey_neurons_connected_predator_retina,predator_neurons_connected_prey_retina,mutual_info
1,4442.000000,5558.000000,2,4101.623554,4033130.171555,13007.258436,0.165500,0,1,1,0.162737
1,4473.000000,5527.000000,2,10181.879222,160693635.402037,28676.754481,0.161050,0,1,1,0.124190
2,4618.000000,5382.000000,2,9956.897445,84763125.633091,28277.566005,0.132100,0,1,1,0.116939
3,4277.000000,5723.000000,2,10692.837929,89634421.009168,28027.674739,0.110250,0,1,1,0.201976
