generation,prey_fitness,predator_fitness,num_alive_end,avg_bb_size,var_bb_size,avg_shortest_dist,swarm_density_count,prey_neurons_connected_prey_retina,prey_neurons_connected_predator_retina,predator_neurons_connected_prey_retina,mutual_info
1,4753.000000,5247.000000,2,321.056387,119961.675881,754.250344,0.960017,3,1,2,0.056220
1,4295.000000,5705.000000,2,567.286720,352866.526035,1568.381333,0.468983,3,1,2,0.061886
2,5262.000000,4738.000000,2,345.195659,247042.980835,357.353945,1.215067,3,1,2,0.046358
3,4347.000000,5653.000000,2,184.959180,106035.516753,400.222929,0.993183,3,1,2,0.082481
