generation,prey_fitness,predator_fitness,num_alive_end,avg_bb_size,var_bb_size,avg_shortest_dist,swarm_density_count,prey_neurons_connected_prey_retina,prey_neurons_connected_predator_retina,predator_neurons_connected_prey_retina,mutual_info
1,4312.000000,5688.000000,2,4381.600776,18558498.974289,12163.254980,0.117700,5,3,1,0.170512
1,4361.000000,5639.000000,2,4786.066076,13161932.486323,12497.013976,0.227500,5,3,1,0.244392
2,4340.000000,5660.000000,2,6204.898318,44595741.054533,15124.781719,0.114400,5,3,1,0.140560
3,4348.000000,5652.000000,2,5219.286195,35875593.741746,14420.627123,0.124283,5,3,1,0.184515
