generation,prey_fitness,predator_fitness,num_alive_end,avg_bb_size,var_bb_size,avg_shortest_dist,swarm_density_count,prey_neurons_connected_prey_retina,prey_neurons_connected_predator_retina,predator_neurons_connected_prey_retina,mutual_info
1,4483.000000,5517.000000,2,18879.447399,287146116.739984,50989.975439,0.087500,2,2,1,0.189499
1,4503.000000,5497.000000,2,6678.107236,35018530.697514,16562.585707,0.117000,2,2,1,0.226573
2,4332.000000,5668.000000,2,7915.646358,56333584.049192,27273.996158,0.112500,2,2,1,0.188427
3,4293.000000,5707.000000,2,9849.189092,227227606.980680,24019.976952,0.163083,2,2,1,0.135917
