generation,prey_fitness,predator_fitness,num_alive_end,avg_bb_size,var_bb_size,avg_shortest_dist,swarm_density_count,prey_neurons_connected_prey_retina,prey_neurons_connected_predator_retina,predator_neurons_connected_prey_retina,mutual_info
1,4237.000000,5763.000000,2,3890.102935,14568866.883690,10442.188515,0.126967,0,2,1,0.103993
1,4564.000000,5436.000000,2,6920.152114,23541771.690352,19138.022609,0.159517,0,2,1,0.154095
2,4489.000000,5511.000000,2,3542.848250,8463226.125473,11556.050859,0.138100,0,2,1,0.096603
3,4411.000000,5589.000000,2,10767.934895,62960155.981530,57467.753890,0.083400,0,2,1,0.130468
