generation,prey_fitness,predator_fitness,num_alive_end,avg_bb_size,var_bb_size,avg_shortest_dist,swarm_density_count,prey_neurons_connected_prey_retina,prey_neurons_connected_predator_retina,predator_neurons_connected_prey_retina,mutual_info
1,4614.000000,5386.000000,2,167.535960,55196.398622,346.580900,1.110800,2,1,3,0.112106
1,4575.000000,5425.000000,2,221.385823,54334.482843,547.203540,1.036850,2,1,3,0.069107
2,4725.000000,5275.000000,2,176.781427,38380.214016,384.771287,1.205717,2,1,3,0.060845
3,4453.000000,5547.000000,2,184.905560,37567.146821,477.344245,0.995250,2,1,3,0.059517
