generation,prey_fitness,predator_fitness,num_alive_end,avg_bb_size,var_bb_size,avg_shortest_dist,swarm_density_count,prey_neurons_connected_prey_retina,prey_neurons_connected_predator_retina,predator_neurons_connected_prey_retina,mutual_info
1,4977.000000,5023.000000,2,114.855234,18742.802423,177.499152,1.465550,2,0,3,0.028093
1,4580.000000,5420.000000,2,116.734228,17056.943185,261.193842,1.257350,2,0,3,0.068122
2,5208.000000,4792.000000,2,138.736559,16714.352663,293.373646,1.553500,2,0,3,0.062017
3,4796.000000,5204.000000,2,83.452837,16012.325661,142.169923,1.393300,2,0,3,0.050131
