generation,prey_fitness,predator_fitness,num_alive_end,avg_bb_size,var_bb_size,avg_shortest_dist,swarm_density_count,prey_neurons_connected_prey_retina,prey_neurons_connected_predator_retina,predator_neurons_connected_prey_retina,mutual_info
1,4822.000000,5178.000000,2,7642.460474,36019041.208511,21848.229073,0.198733,3,1,1,0.102413
1,4708.000000,5292.000000,2,8352.556815,14587024.208257,19249.984290,0.125000,3,1,1,0.146650
2,4448.000000,5552.000000,2,11513.004666,159798708.261224,34615.292223,0.182633,3,1,1,0.121223
3,5022.000000,4978.000000,2,83755.726843,1746926575.552955,143890.741502,0.100450,3,1,1,0.070211
