generation,prey_fitness,predator_fitness,num_alive_end,avg_bb_size,var_bb_size,avg_shortest_dist,swarm_density_count,prey_neurons_connected_prey_retina,prey_neurons_connected_predator_retina,predator_neurons_connected_prey_retina,mutual_info
1,5401.000000,4599.000000,2,170.525360,25714.407760,335.253920,1.595500,1,0,1,0.045237
1,5999.000000,4001.000000,2,194.238418,34031.649515,240.009989,1.833100,1,0,1,0.039929
2,5543.000000,4457.000000,2,230.470746,29697.448702,325.493047,1.560850,1,0,1,0.103400
3,4811.000000,5189.000000,2,126.148814,18228.265326,272.135353,1.368150,1,0,1,0.092744
