generation,prey_fitness,predator_fitness,num_alive_end,avg_bb_size,var_bb_size,avg_shortest_dist,swarm_density_count,prey_neurons_connected_prey_retina,prey_neurons_connected_predator_retina,predator_neurons_connected_prey_retina,mutual_info
1,4355.000000,5645.000000,2,5478.076710,21609533.854424,20471.271301,0.184000,1,1,1,0.159054
1,4523.000000,5477.000000,2,3069.652434,8841641.135847,9622.827189,0.210867,1,1,1,0.123318
2,4493.000000,5507.000000,2,6662.029716,31949379.404543,15811.473413,0.135650,1,1,1,0.111012
3,4727.000000,5273.000000,2,11160.087292,58461174.882291,26308.738608,0.167450,1,1,1,0.083849
