generation,prey_fitness,predator_fitness,num_alive_end,avg_bb_size,var_bb_size,avg_shortest_dist,swarm_density_count,prey_neurons_connected_prey_retina,prey_neurons_connected_predator_retina,predator_neurons_connected_prey_retina,mutual_info
1,4315.000000,5685.000000,2,8395.236068,47512390.987212,39431.665709,0.113000,1,2,1,0.116955
1,4461.000000,5539.000000,2,17385.297194,290436614.844091,47708.839397,0.082000,1,2,1,0.189644
2,4817.000000,5183.000000,2,10911.302432,72161732.612561,55570.863249,0.120100,1,2,1,0.124797
3,5252.000000,4748.000000,2,5616.453116,55255126.237126,5949.565495,0.239667,1,2,1,0.129679
