generation,prey_fitness,predator_fitness,num_alive_end,avg_bb_size,var_bb_size,avg_shortest_dist,swarm_density_count,prey_neurons_connected_prey_retina,prey_neurons_connected_predator_retina,predator_neurons_connected_prey_retina,mutual_info
1,4556.000000,5444.000000,2,161.007837,33746.162532,355.612493,1.168850,2,1,1,0.042296
1,5339.000000,4661.000000,2,191.583928,38118.193629,244.542644,1.564550,2,1,1,0.037656
2,4485.000000,5515.000000,2,173.719789,40530.313027,441.518477,1.056400,2,1,1,0.075368
3,6141.000000,3859.000000,2,246.761801,31770.530871,306.150047,1.910900,2,1,1,0.033256
