generation,prey_fitness,predator_fitness,num_alive_end,avg_bb_size,var_bb_size,avg_shortest_dist,swarm_density_count,prey_neurons_connected_prey_retina,prey_neurons_connected_predator_retina,predator_neurons_connected_prey_retina,mutual_info
1,4463.000000,5537.000000,2,196.543765,39683.084430,558.075670,0.971500,2,2,1,0.066971
1,6980.000000,3020.000000,2,307.445427,53025.069825,206.031565,2.249117,2,2,1,0.049592
2,5013.000000,4987.000000,2,206.377205,28247.258746,395.020196,1.335083,2,2,1,0.086943
3,4851.000000,5149.000000,2,146.046929,18746.376021,258.350650,1.350400,2,2,1,0.071547
