generation,prey_fitness,predator_fitness,num_alive_end,avg_bb_size,var_bb_size,avg_shortest_dist,swarm_density_count,prey_neurons_connected_prey_retina,prey_neurons_connected_predator_retina,predator_neurons_connected_prey_retina,mutual_info
1,4285.000000,5715.000000,2,4231.882908,11703094.147912,12747.350267,0.097300,0,1,1,0.158503
1,4668.000000,5332.000000,2,7621.137043,35855721.982789,17905.316397,0.184433,0,1,1,0.155886
2,4274.000000,5726.000000,2,2350.257800,4078514.557659,6161.263232,0.287767,0,1,1,0.120882
3,4577.000000,5423.000000,2,26929.537985,639024583.094275,55677.142875,0.259500,0,1,1,0.205400
