generation,prey_fitness,predator_fitness,num_alive_end,avg_bb_size,var_bb_size,avg_shortest_dist,swarm_density_count,prey_neurons_connected_prey_retina,prey_neurons_connected_predator_retina,predator_neurons_connected_prey_retina,mutual_info
1,4516.000000,5484.000000,2,8317.292063,58010033.476777,24982.246476,0.165683,2,0,3,0.159594
1,4522.000000,5478.000000,2,8425.566445,52219200.113210,20784.517031,0.168000,2,0,3,0.125583
2,4664.000000,5336.000000,2,6166.840254,19390791.709389,30474.953826,0.109717,2,0,3,0.153490
3,4270.000000,5730.000000,2,2134.924350,3953978.510395,5992.840203,0.164667,2,0,3,0.102040
