generation,prey_fitness,predator_fitness,num_alive_end,avg_bb_size,var_bb_size,avg_shortest_dist,swarm_density_count,prey_neurons_connected_prey_retina,prey_neurons_connected_predator_retina,predator_neurons_connected_prey_retina,mutual_info
1,4630.000000,5370.000000,2,127.790853,22690.081166,285.098820,1.245050,1,1,3,0.205683
1,4524.000000,5476.000000,2,94.201961,8568.735798,259.809164,1.255500,1,1,3,0.115979
2,4786.000000,5214.000000,2,98.043515,9890.083503,233.251735,1.379000,1,1,3,0.160426
3,5894.000000,4106.000000,2,132.211258,14862.209900,145.542054,1.934250,1,1,3,0.121494
