generation,prey_fitness,predator_fitness,num_alive_end,avg_bb_size,var_bb_size,avg_shortest_dist,swarm_density_count,prey_neurons_connected_prey_retina,prey_neurons_connected_predator_retina,predator_neurons_connected_prey_retina,mutual_info
1,4936.000000,5064.000000,2,390.393097,128568.040503,833.614362,0.915200,1,0,1,0.036215
1,4553.000000,5447.000000,2,227.964209,60057.809677,603.299209,0.975100,1,0,1,0.071374
2,4670.000000,5330.000000,2,171.930172,38602.475792,397.219117,1.179500,1,0,1,0.043250
3,4443.000000,5557.000000,2,206.548343,55601.704576,512.439855,0.934833,1,0,1,0.054882
