generation,prey_fitness,predator_fitness,num_alive_end,avg_bb_size,var_bb_size,avg_shortest_dist,swarm_density_count,prey_neurons_connected_prey_retina,prey_neurons_connected_predator_retina,predator_neurons_connected_prey_retina,mutual_info
1,4847.000000,5153.000000,2,230.829613,49048.350290,543.796340,1.147367,1,0,1,0.074753
1,5600.000000,4400.000000,2,260.633140,82704.182390,328.651621,1.495883,1,0,1,0.040668
2,5204.000000,4796.000000,2,267.917265,83505.034055,468.427822,1.270100,1,0,1,0.079083
3,5075.000000,4925.000000,2,355.912467,102052.016347,794.675157,1.092683,1,0,1,0.051264
