generation,prey_fitness,predator_fitness,num_alive_end,avg_bb_size,var_bb_size,avg_shortest_dist,swarm_density_count,prey_neurons_connected_prey_retina,prey_neurons_connected_predator_retina,predator_neurons_connected_prey_retina,mutual_info
1,4305.000000,5695.000000,2,4694.141830,34894806.956623,12752.809197,0.212567,0,3,1,0.138673
1,4338.000000,5662.000000,2,20252.160997,166118124.708205,42800.738097,0.141250,0,3,1,0.098751
2,4340.000000,5660.000000,2,1854.978305,2960311.607696,5677.856790,0.144950,0,3,1,0.099301
3,4382.000000,5618.000000,2,2791.968957,7460515.246066,8222.389410,0.093750,0,3,1,0.113677
