generation,prey_fitness,predator_fitness,num_alive_end,avg_bb_size,var_bb_size,avg_shortest_dist,swarm_density_count,prey_neurons_connected_prey_retina,prey_neurons_connected_predator_retina,predator_neurons_connected_prey_retina,mutual_info
1,4341.000000,5659.000000,2,9011.360201,145503066.424950,33006.417377,0.266467,1,1,1,0.164561
1,4332.000000,5668.000000,2,2979.868526,8524856.645853,14387.181923,0.211350,1,1,1,0.117543
2,4766.000000,5234.000000,2,7229.582285,31619442.935729,16145.102540,0.111600,1,1,1,0.121765
3,4339.000000,5661.000000,2,3008.592612,5774269.733781,9898.232341,0.152133,1,1,1,0.149743
