generation,prey_fitness,predator_fitness,num_alive_end,avg_bb_size,var_bb_size,avg_shortest_dist,swarm_density_count,prey_neurons_connected_prey_retina,prey_neurons_connected_predator_retina,predator_neurons_connected_prey_retina,mutual_info
1,4191.000000,5809.000000,2,61153.418003,2983632986.850178,152939.390030,0.086983,1,3,1,0.096642
1,4931.000000,5069.000000,2,22449.658748,337006624.550381,54534.799066,0.138567,1,3,1,0.096941
2,4495.000000,5505.000000,2,21244.354519,387872703.335151,52774.540086,0.102800,1,3,1,0.152271
3,4203.000000,5797.000000,2,75260.939065,4122841894.566209,180003.609378,0.106200,1,3,1,0.136007
