generation,prey_fitness,predator_fitness,num_alive_end,avg_bb_size,var_bb_size,avg_shortest_dist,swarm_density_count,prey_neurons_connected_prey_retina,prey_neurons_connected_predator_retina,predator_neurons_connected_prey_retina,mutual_info
1,4461.000000,5539.000000,2,11353.744246,113886106.697915,26940.517318,0.106050,3,1,1,0.152204
1,4500.000000,5500.000000,2,2933.967061,9511290.869380,6432.957940,0.240600,3,1,1,0.125641
2,4258.000000,5742.000000,2,3613.879742,9437062.404866,11015.360490,0.071500,3,1,1,0.332722
3,5164.000000,4836.000000,2,3720.683144,20002372.417665,6098.110142,0.258900,3,1,1,0.108885
