generation,prey_fitness,predator_fitness,num_alive_end,avg_bb_size,var_bb_size,avg_shortest_dist,swarm_density_count,prey_neurons_connected_prey_retina,prey_neurons_connected_predator_retina,predator_neurons_connected_prey_retina,mutual_info
1,4381.000000,5619.000000,2,6032.824143,14102551.899619,16016.852245,0.101100,1,0,1,0.182525
1,4207.000000,5793.000000,2,3433.852548,12736613.428426,9859.501161,0.154367,1,0,1,0.177728
2,4627.000000,5373.000000,2,4447.605360,21041409.887153,12298.085023,0.265700,1,0,1,0.129577
3,4324.000000,5676.000000,2,2061.993358,5584025.297822,7306.794494,0.262783,1,0,1,0.106445
