generation,prey_fitness,predator_fitness,num_alive_end,avg_bb_size,var_bb_size,avg_shortest_dist,swarm_density_count,prey_neurons_connected_prey_retina,prey_neurons_connected_predator_retina,predator_neurons_connected_prey_retina,mutual_info
1,4835.000000,5165.000000,2,401.562516,194061.649968,888.931934,0.829200,2,2,1,0.037377
1,4346.000000,5654.000000,2,331.348413,209470.812170,822.718683,0.779783,2,2,1,0.075746
2,4974.000000,5026.000000,2,375.130637,127073.801784,720.959721,0.950583,2,2,1,0.046122
3,4652.000000,5348.000000,2,267.370762,79634.445479,612.966845,0.944550,2,2,1,0.052587
