generation,prey_fitness,predator_fitness,num_alive_end,avg_bb_size,var_bb_size,avg_shortest_dist,swarm_density_count,prey_neurons_connected_prey_retina,prey_neurons_connected_predator_retina,predator_neurons_connected_prey_retina,mutual_info
1,4440.000000,5560.000000,2,122.842861,22863.240642,293.750753,1.129667,2,3,1,0.037910
1,5452.000000,4548.000000,2,206.909509,29942.085406,382.455450,1.519083,2,3,1,0.029002
2,5382.000000,4618.000000,2,218.773760,41304.221055,389.362530,1.454883,2,3,1,0.037783
3,6436.000000,3564.000000,2,184.388915,33542.478141,136.887517,2.133150,2,3,1,0.021602
