generation,prey_fitness,predator_fitness,num_alive_end,avg_bb_size,var_bb_size,avg_shortest_dist,swarm_density_count,prey_neurons_connected_prey_retina,prey_neurons_connected_predator_retina,predator_neurons_connected_prey_retina,mutual_info
1,5105.000000,4895.000000,2,129.924238,12131.968607,240.385014,1.526000,4,1,1,0.066942
1,5340.000000,4660.000000,2,144.678266,14660.721500,229.581690,1.641783,4,1,1,0.042696
2,4960.000000,5040.000000,2,174.974845,38216.881016,320.154260,1.360300,4,1,1,0.064703
3,4441.000000,5559.000000,2,123.902579,25176.941417,259.993985,1.194500,4,1,1,0.066584
