generation,prey_fitness,predator_fitness,num_alive_end,avg_bb_size,var_bb_size,avg_shortest_dist,swarm_density_count,prey_neurons_connected_prey_retina,prey_neurons_connected_predator_retina,predator_neurons_connected_prey_retina,mutual_info
1,4587.000000,5413.000000,2,2073.718768,4251042.029850,7916.583455,0.241333,3,0,2,0.136356
1,4642.000000,5358.000000,2,9584.899432,126635141.900480,35622.040489,0.449933,3,0,2,0.109294
2,4219.000000,5781.000000,2,51537.994106,1922483549.643363,166697.546692,0.137500,3,0,2,0.085565
3,4434.000000,5566.000000,2,14658.579733,168459750.691968,56175.346057,0.256800,3,0,2,0.176584
