generation,prey_fitness,predator_fitness,num_alive_end,avg_bb_size,var_bb_size,avg_shortest_dist,swarm_density_count,prey_neurons_connected_prey_retina,prey_neurons_connected_predator_retina,predator_neurons_connected_prey_retina,mutual_info
1,4486.000000,5514.000000,2,5386.195197,31109717.678059,17709.352258,0.180450,3,0,2,0.072441
1,4451.000000,5549.000000,2,93625.874691,6471407056.405499,202279.442854,0.133083,3,0,2,0.115901
2,4355.000000,5645.000000,2,19675.219667,283178554.611643,72039.648128,0.103400,3,0,2,0.161692
3,4391.000000,5609.000000,2,38598.780639,2380020525.028154,117386.771627,0.157150,3,0,2,0.081048
