generation,prey_fitness,predator_fitness,num_alive_end,avg_bb_size,var_bb_size,avg_shortest_dist,swarm_density_count,prey_neurons_connected_prey_retina,prey_neurons_connected_predator_retina,predator_neurons_connected_prey_retina,mutual_info
1,7141.000000,2859.000000,2,264.448162,53426.278543,156.623153,2.476000,3,1,1,0.095107
1,5771.000000,4229.000000,2,138.246154,27846.922506,127.465413,1.845433,3,1,1,0.103242
2,4735.000000,5265.000000,2,210.785933,42640.130708,502.195033,1.165950,3,1,1,0.137680
3,5142.000000,4858.000000,2,215.379842,33769.931503,471.175607,1.397750,3,1,1,0.070567
