generation,prey_fitness,predator_fitness,num_alive_end,avg_bb_size,var_bb_size,avg_shortest_dist,swarm_density_count,prey_neurons_connected_prey_retina,prey_neurons_connected_predator_retina,predator_neurons_connected_prey_retina,mutual_info
1,4605.000000,5395.000000,2,323.357118,107898.645630,831.214747,0.845600,2,2,1,0.063753
1,4485.000000,5515.000000,2,312.252638,104856.351371,831.416510,0.800067,2,2,1,0.090253
2,4341.000000,5659.000000,2,281.255335,82351.204168,765.612457,0.752200,2,2,1,0.055329
3,4672.000000,5328.000000,2,226.196530,75226.583302,502.302453,0.926667,2,2,1,0.073070
