generation,prey_fitness,predator_fitness,num_alive_end,avg_bb_size,var_bb_size,avg_shortest_dist,swarm_density_count,prey_neurons_connected_prey_retina,prey_neurons_connected_predator_retina,predator_neurons_connected_prey_retina,mutual_info
1,6355.000000,3645.000000,2,241.974119,49474.516628,268.777294,1.992600,3,3,1,0.039304
1,5401.000000,4599.000000,2,300.859395,90586.460958,448.370169,1.308817,3,3,1,0.062387
2,4962.000000,5038.000000,2,214.093670,34846.649310,457.375888,1.228200,3,3,1,0.103105
3,4610.000000,5390.000000,2,147.323600,17930.387996,343.865916,1.240667,3,3,1,0.068706
