generation,prey_fitness,predator_fitness,num_alive_end,avg_bb_size,var_bb_size,avg_shortest_dist,swarm_density_count,prey_neurons_connected_prey_retina,prey_neurons_connected_predator_retina,predator_neurons_connected_prey_retina,mutual_info
1,4858.000000,5142.000000,2,48.488383,2893.369132,108.133257,1.430500,1,1,2,0.055181
1,5743.000000,4257.000000,2,133.327748,16817.807318,228.749205,1.839000,1,1,2,0.031347
2,7473.000000,2527.000000,2,130.249313,9123.415743,99.185918,2.722250,1,1,2,0.041239
3,4486.000000,5514.000000,2,80.084132,6440.264524,202.316193,1.244500,1,1,2,0.047297
