generation,prey_fitness,predator_fitness,num_alive_end,avg_bb_size,var_bb_size,avg_shortest_dist,swarm_density_count,prey_neurons_connected_prey_retina,prey_neurons_connected_predator_retina,predator_neurons_connected_prey_retina,mutual_info
1,5019.000000,4981.000000,2,302.786856,81539.104492,577.505976,1.126783,1,2,1,0.063646
1,4696.000000,5304.000000,2,229.184154,58028.304411,556.785678,1.080100,1,2,1,0.090990
2,4791.000000,5209.000000,2,266.533868,97836.142660,546.751982,1.000833,1,2,1,0.057524
3,4401.000000,5599.000000,2,153.061419,37369.630938,328.860718,1.115400,1,2,1,0.059625
