generation,prey_fitness,predator_fitness,num_alive_end,avg_bb_size,var_bb_size,avg_shortest_dist,swarm_density_count,prey_neurons_connected_prey_retina,prey_neurons_connected_predator_retina,predator_neurons_connected_prey_retina,mutual_info
1,4360.000000,5640.000000,2,3363.833697,16395286.223248,9518.676756,0.139150,1,1,3,0.129205
1,4387.000000,5613.000000,2,2971.790337,9704371.018703,11123.242137,0.238600,1,1,3,0.214081
2,4442.000000,5558.000000,2,2421.666068,7585610.910745,7481.013095,0.133750,1,1,3,0.118067
3,4308.000000,5692.000000,2,5507.117571,15545951.489879,22192.724131,0.099300,1,1,3,0.129201
