generation,prey_fitness,predator_fitness,num_alive_end,avg_bb_size,var_bb_size,avg_shortest_dist,swarm_density_count,prey_neurons_connected_prey_retina,prey_neurons_connected_predator_retina,predator_neurons_connected_prey_retina,mutual_info
1,4627.000000,5373.000000,2,725.155262,420419.999242,1958.127843,0.377867,1,2,3,0.080104
1,4904.000000,5096.000000,2,1018.120605,895768.306558,2310.837316,0.632800,1,2,3,0.053824
2,4330.000000,5670.000000,2,1395.296387,1679621.515832,4346.337422,0.284967,1,2,3,0.099121
3,4399.000000,5601.000000,2,885.823777,358052.936616,2761.417261,0.240950,1,2,3,0.095808
