generation,prey_fitness,predator_fitness,num_alive_end,avg_bb_size,var_bb_size,avg_shortest_dist,swarm_density_count,prey_neurons_connected_prey_retina,prey_neurons_connected_predator_retina,predator_neurons_connected_prey_retina,mutual_info
1,4171.000000,5829.000000,2,11876.459760,120146129.205173,40774.886807,0.080067,1,0,1,0.176138
1,4447.000000,5553.000000,2,20786.827391,372916189.237884,45656.741407,0.105050,1,0,1,0.125571
2,4567.000000,5433.000000,2,13201.628531,129130278.289604,33017.445664,0.093000,1,0,1,0.195425
3,4268.000000,5732.000000,2,8156.515796,117531605.859931,29421.122403,0.150400,1,0,1,0.198633
