generation,prey_fitness,predator_fitness,num_alive_end,avg_bb_size,var_bb_size,avg_shortest_dist,swarm_density_count,prey_neurons_connected_prey_retina,prey_neurons_connected_predator_retina,predator_neurons_connected_prey_retina,mutual_info
1,4368.000000,5632.000000,2,440.819826,215965.934402,1231.540468,0.577700,1,0,1,0.052169
1,4677.000000,5323.000000,2,284.265395,87100.677508,616.295266,0.955800,1,0,1,0.076556
2,4253.000000,5747.000000,2,292.880283,93559.810719,862.598541,0.659133,1,0,1,0.097574
3,4703.000000,5297.000000,2,682.318737,592072.837663,1692.408543,0.664267,1,0,1,0.053326
