generation,prey_fitness,predator_fitness,num_alive_end,avg_bb_size,var_bb_size,avg_shortest_dist,swarm_density_count,prey_neurons_connected_prey_retina,prey_neurons_connected_predator_retina,predator_neurons_connected_prey_retina,mutual_info
1,5956.000000,4044.000000,2,306.574815,77060.646855,444.829982,1.630767,2,2,1,0.020959
1,5152.000000,4848.000000,2,211.708545,67377.336958,275.607206,1.324467,2,2,1,0.120469
2,4425.000000,5575.000000,2,214.198914,67767.580368,534.584471,0.932167,2,2,1,0.053590
3,5254.000000,4746.000000,2,335.293727,148040.903715,572.603880,1.161767,2,2,1,0.033643
