generation,prey_fitness,predator_fitness,num_alive_end,avg_bb_size,var_bb_size,avg_shortest_dist,swarm_density_count,prey_neurons_connected_prey_retina,prey_neurons_connected_predator_retina,predator_neurons_connected_prey_retina,mutual_info
1,4374.000000,5626.000000,2,1143.648350,1305298.437023,3207.955590,0.337900,1,2,2,0.089669
1,4524.000000,5476.000000,2,994.492838,963793.395960,2458.661979,0.364900,1,2,2,0.073730
2,4397.000000,5603.000000,2,1030.427778,1025853.819975,2463.856423,0.359850,1,2,2,0.099795
3,4471.000000,5529.000000,2,767.720728,718531.868197,1955.206647,0.539617,1,2,2,0.069562
