generation,prey_fitness,predator_fitness,num_alive_end,avg_bb_size,var_bb_size,avg_shortest_dist,swarm_density_count,prey_neurons_connected_prey_retina,prey_neurons_connected_predator_retina,predator_neurons_connected_prey_retina,mutual_info
1,4368.000000,5632.000000,2,6398.190077,43700633.733595,14362.396348,0.188500,1,1,1,0.110324
1,4323.000000,5677.000000,2,1543.323426,3315976.534947,4840.411573,0.269717,1,1,1,0.124467
2,4329.000000,5671.000000,2,5221.831895,22880979.575816,17898.325416,0.134200,1,1,1,0.119895
3,4478.000000,5522.000000,2,7007.586932,53520664.492022,17543.502960,0.160000,1,1,1,0.114966
