generation,prey_fitness,predator_fitness,num_alive_end,avg_bb_size,var_bb_size,avg_shortest_dist,swarm_density_count,prey_neurons_connected_prey_retina,prey_neurons_connected_predator_retina,predator_neurons_connected_prey_retina,mutual_info
1,5890.000000,4110.000000,2,270.692871,69953.381153,396.915625,1.610333,2,2,1,0.063453
1,5004.000000,4996.000000,2,272.925039,68924.665189,611.204530,1.177567,2,2,1,0.050338
2,5515.000000,4485.000000,2,244.408977,80022.484478,388.501070,1.492033,2,2,1,0.029815
3,4626.000000,5374.000000,2,167.656741,38972.441423,391.632125,1.124000,2,2,1,0.087743
