generation,prey_fitness,predator_fitness,num_alive_end,avg_bb_size,var_bb_size,avg_shortest_dist,swarm_density_count,prey_neurons_connected_prey_retina,prey_neurons_connected_predator_retina,predator_neurons_connected_prey_retina,mutual_info
1,4553.000000,5447.000000,2,510.743322,259983.527944,1435.000996,0.627233,2,3,1,0.077126
1,4697.000000,5303.000000,2,990.431858,695609.042167,2412.842899,0.485267,2,3,1,0.069986
2,4618.000000,5382.000000,2,353.878622,163918.430153,951.556582,0.914033,2,3,1,0.052965
3,4313.000000,5687.000000,2,431.378824,252129.258404,1077.982659,0.644650,2,3,1,0.066849
