generation,prey_fitness,predator_fitness,num_alive_end,avg_bb_size,var_bb_size,avg_shortest_dist,swarm_density_count,prey_neurons_connected_prey_retina,prey_neurons_connected_predator_retina,predator_neurons_connected_prey_retina,mutual_info
1,4414.000000,5586.000000,2,34845.543781,705702942.758527,119925.301675,0.156533,2,0,1,0.110869
1,4288.000000,5712.000000,2,88657.017177,5922012025.066907,194488.537002,0.079400,2,0,1,0.156584
2,4603.000000,5397.000000,2,50207.945378,3026746986.180955,129113.516802,0.121100,2,0,1,0.099310
3,4490.000000,5510.000000,2,34137.443127,836437516.787136,108433.113296,0.112183,2,0,1,0.168103
