generation,prey_fitness,predator_fitness,num_alive_end,avg_bb_size,var_bb_size,avg_shortest_dist,swarm_density_count,prey_neurons_connected_prey_retina,prey_neurons_connected_predator_retina,predator_neurons_connected_prey_retina,mutual_info
1,5028.000000,4972.000000,2,174.728505,39207.450635,328.272603,1.357850,4,3,2,0.054616
1,5753.000000,4247.000000,2,179.264655,27430.840449,232.743896,1.730650,4,3,2,0.042208
2,5153.000000,4847.000000,2,164.735385,23710.026781,298.410336,1.488200,4,3,2,0.051209
3,4657.000000,5343.000000,2,80.110797,11883.764794,153.983533,1.304450,4,3,2,0.060749
