generation,prey_fitness,predator_fitness,num_alive_end,avg_bb_size,var_bb_size,avg_shortest_dist,swarm_density_count,prey_neurons_connected_prey_retina,prey_neurons_connected_predator_retina,predator_neurons_connected_prey_retina,mutual_info
1,4844.000000,5156.000000,2,6083.652317,36499923.612265,12670.400463,0.161300,1,0,1,0.102102
1,5032.000000,4968.000000,2,8074.533695,42880168.623111,18294.136792,0.190300,1,0,1,0.179302
2,4276.000000,5724.000000,2,1349.921757,1310170.127388,4240.797529,0.272900,1,0,1,0.132230
3,4612.000000,5388.000000,2,3804.058909,6049241.654067,9211.400550,0.129100,1,0,1,0.104316
