generation,prey_fitness,predator_fitness,num_alive_end,avg_bb_size,var_bb_size,avg_shortest_dist,swarm_density_count,prey_neurons_connected_prey_retina,prey_neurons_connected_predator_retina,predator_neurons_connected_prey_retina,mutual_info
1,4453.000000,5547.000000,2,24906.864470,501553749.856060,78301.396077,0.139750,0,1,1,0.184480
1,4508.000000,5492.000000,2,12873.152559,226329502.269451,35117.335858,0.140733,0,1,1,0.161854
2,4766.000000,5234.000000,2,11449.058244,156149771.594081,63198.938087,0.145900,0,1,1,0.167670
3,4575.000000,5425.000000,2,13717.757313,257452101.065856,27894.986272,0.136550,0,1,1,0.169648
