generation,prey_fitness,predator_fitness,num_alive_end,avg_bb_size,var_bb_size,avg_shortest_dist,swarm_density_count,prey_neurons_connected_prey_retina,prey_neurons_connected_predator_retina,predator_neurons_connected_prey_retina,mutual_info
1,4811.000000,5189.000000,2,14109.877309,80328911.753646,32729.510803,0.147550,2,2,1,0.182402
1,4237.000000,5763.000000,2,45126.678165,3069880294.552059,112767.347374,0.137267,2,2,1,0.190205
2,4344.000000,5656.000000,2,19017.147790,332844236.712886,50207.203667,0.106067,2,2,1,0.121349
3,4230.000000,5770.000000,2,36198.681051,812530910.596416,99954.692696,0.079150,2,2,1,0.128175
