generation,prey_fitness,predator_fitness,num_alive_end,avg_bb_size,var_bb_size,avg_shortest_dist,swarm_density_count,prey_neurons_connected_prey_retina,prey_neurons_connected_predator_retina,predator_neurons_connected_prey_retina,mutual_info
1,4563.000000,5437.000000,2,337.062023,142924.420470,750.579241,0.815150,3,0,1,0.058989
1,4478.000000,5522.000000,2,276.817388,114182.008279,627.657853,0.901917,3,0,1,0.056471
2,4896.000000,5104.000000,2,395.543256,176336.796290,814.044738,0.877467,3,0,1,0.074211
3,4388.000000,5612.000000,2,282.811449,88544.807670,807.417073,0.821200,3,0,1,0.075548
