generation,prey_fitness,predator_fitness,num_alive_end,avg_bb_size,var_bb_size,avg_shortest_dist,swarm_density_count,prey_neurons_connected_prey_retina,prey_neurons_connected_predator_retina,predator_neurons_connected_prey_retina,mutual_info
1,4451.000000,5549.000000,2,250.931697,52299.167750,707.442094,0.843400,3,1,1,0.098887
1,5231.000000,4769.000000,2,277.372846,68902.296461,571.124905,1.264300,3,1,1,0.040043
2,4425.000000,5575.000000,2,275.140801,113404.009047,682.628223,0.874983,3,1,1,0.065887
3,4415.000000,5585.000000,2,377.794065,143810.910442,1012.733277,0.646750,3,1,1,0.065940
