generation,prey_fitness,predator_fitness,num_alive_end,avg_bb_size,var_bb_size,avg_shortest_dist,swarm_density_count,prey_neurons_connected_prey_retina,prey_neurons_connected_predator_retina,predator_neurons_connected_prey_retina,mutual_info
1,4377.000000,5623.000000,2,270.448954,108264.607801,759.809469,0.840800,1,2,4,0.063816
1,4571.000000,5429.000000,2,306.462477,129387.821347,698.624119,0.833400,1,2,4,0.062491
2,4424.000000,5576.000000,2,896.070911,744332.726341,2247.941265,0.435483,1,2,4,0.062294
3,4292.000000,5708.000000,2,364.181472,173622.650598,1020.458544,0.725233,1,2,4,0.064761
