generation,prey_fitness,predator_fitness,num_alive_end,avg_bb_size,var_bb_size,avg_shortest_dist,swarm_density_count,prey_neurons_connected_prey_retina,prey_neurons_connected_predator_retina,predator_neurons_connected_prey_retina,mutual_info
1,4851.000000,5149.000000,2,174.199105,33817.453415,355.694398,1.254917,1,1,4,0.075413
1,4539.000000,5461.000000,2,281.176059,83393.234890,635.582557,0.835617,1,1,4,0.083334
2,5084.000000,4916.000000,2,219.480176,84019.853145,316.997582,1.326717,1,1,4,0.035224
3,4880.000000,5120.000000,2,233.790816,48168.523782,558.920269,1.118350,1,1,4,0.056397
