generation,prey_fitness,predator_fitness,num_alive_end,avg_bb_size,var_bb_size,avg_shortest_dist,swarm_density_count,prey_neurons_connected_prey_retina,prey_neurons_connected_predator_retina,predator_neurons_connected_prey_retina,mutual_info
1,4667.000000,5333.000000,2,4482.892722,16871393.346778,10062.192505,0.230183,1,0,1,0.167078
1,4358.000000,5642.000000,2,3032.937325,15494426.725270,10163.659363,0.237200,1,0,1,0.150390
2,4388.000000,5612.000000,2,2739.209841,12313722.190803,6611.601458,0.419600,1,0,1,0.125172
3,4575.000000,5425.000000,2,3650.916586,31856215.130928,11429.392434,0.385150,1,0,1,0.087717
