generation,prey_fitness,predator_fitness,num_alive_end,avg_bb_size,var_bb_size,avg_shortest_dist,swarm_density_count,prey_neurons_connected_prey_retina,prey_neurons_connected_predator_retina,predator_neurons_connected_prey_retina,mutual_info
1,4523.000000,5477.000000,2,13822.111042,145076299.906970,30755.240358,0.140050,1,0,1,0.165087
1,4484.000000,5516.000000,2,13825.688214,72987502.760573,31955.243539,0.132600,1,0,1,0.127980
2,4222.000000,5778.000000,2,10962.961864,70655583.445100,42075.527436,0.095133,1,0,1,0.162550
3,4873.000000,5127.000000,2,6644.885431,28457411.783922,17059.544596,0.134400,1,0,1,0.191303
