generation,prey_fitness,predator_fitness,num_alive_end,avg_bb_size,var_bb_size,avg_shortest_dist,swarm_density_count,prey_neurons_connected_prey_retina,prey_neurons_connected_predator_retina,predator_neurons_connected_prey_retina,mutual_info
1,4280.000000,5720.000000,2,4859.237615,43459602.555697,14563.071591,0.148117,0,1,3,0.149487
1,5302.000000,4698.000000,2,10514.434436,41728013.381381,21952.555301,0.230300,0,1,3,0.179301
2,4474.000000,5526.000000,2,17224.229027,277178943.613241,118022.689833,0.131250,0,1,3,0.092549
3,5383.000000,4617.000000,2,14306.376765,172395897.221205,22279.744660,0.138100,0,1,3,0.128951
