generation,prey_fitness,predator_fitness,num_alive_end,avg_bb_size,var_bb_size,avg_shortest_dist,swarm_density_count,prey_neurons_connected_prey_retina,prey_neurons_connected_predator_retina,predator_neurons_connected_prey_retina,mutual_info
1,4454.000000,5546.000000,2,117.997463,17119.694565,290.777312,1.199000,3,0,1,0.080982
1,4576.000000,5424.000000,2,105.455424,12599.712437,224.675612,1.263867,3,0,1,0.105268
2,5836.000000,4164.000000,2,145.806743,19104.202339,209.072935,1.883667,3,0,1,0.050335
3,5036.000000,4964.000000,2,113.577752,12158.806825,211.597215,1.519500,3,0,1,0.093649
