generation,prey_fitness,predator_fitness,num_alive_end,avg_bb_size,var_bb_size,avg_shortest_dist,swarm_density_count,prey_neurons_connected_prey_retina,prey_neurons_connected_predator_retina,predator_neurons_connected_prey_retina,mutual_info
1,5068.000000,4932.000000,2,466.953730,203483.530976,746.828820,0.930283,1,2,3,0.121986
1,4582.000000,5418.000000,2,699.641225,282178.374211,2016.190200,0.418767,1,2,3,0.163331
2,4454.000000,5546.000000,2,192.457674,42023.445329,468.684001,1.040350,1,2,3,0.177376
3,4920.000000,5080.000000,2,253.684281,103972.904071,365.399192,1.206917,1,2,3,0.292556
