generation,prey_fitness,predator_fitness,num_alive_end,avg_bb_size,var_bb_size,avg_shortest_dist,swarm_density_count,prey_neurons_connected_prey_retina,prey_neurons_connected_predator_retina,predator_neurons_connected_prey_retina,mutual_info
1,4618.000000,5382.000000,2,272.521541,103461.714245,668.909967,0.937683,3,0,1,0.086288
1,4759.000000,5241.000000,2,356.078667,151012.583583,824.262369,0.902017,3,0,1,0.044149
2,4771.000000,5229.000000,2,425.440584,299529.824529,844.003041,0.933117,3,0,1,0.047573
3,4737.000000,5263.000000,2,355.044280,108826.769788,854.434270,0.875733,3,0,1,0.043930
