generation,prey_fitness,predator_fitness,num_alive_end,avg_bb_size,var_bb_size,avg_shortest_dist,swarm_density_count,prey_neurons_connected_prey_retina,prey_neurons_connected_predator_retina,predator_neurons_connected_prey_retina,mutual_info
1,4381.000000,5619.000000,2,300.330568,108993.722922,824.587933,0.772100,1,0,1,0.055422
1,4768.000000,5232.000000,2,243.883940,94483.074032,488.332948,1.066333,1,0,1,0.046581
2,4360.000000,5640.000000,2,258.915760,88411.599877,669.297743,0.814067,1,0,1,0.087090
3,4241.000000,5759.000000,2,387.783999,133604.395798,1191.836850,0.570217,1,0,1,0.127306
