generation,prey_fitness,predator_fitness,num_alive_end,avg_bb_size,var_bb_size,avg_shortest_dist,swarm_density_count,prey_neurons_connected_prey_retina,prey_neurons_connected_predator_retina,predator_neurons_connected_prey_retina,mutual_info
1,4511.000000,5489.000000,2,1714.383728,4256956.491986,5706.700021,0.125200,0,2,2,0.193921
1,4375.000000,5625.000000,2,1927.861080,3172785.734246,4597.462736,0.223217,0,2,2,0.092476
2,4615.000000,5385.000000,2,1516.471208,2514924.252699,3618.907788,0.302600,0,2,2,0.085973
3,4384.000000,5616.000000,2,1141.630124,2243425.734699,3035.326754,0.371050,0,2,2,0.109332
