generation,prey_fitness,predator_fitness,num_alive_end,avg_bb_size,var_bb_size,avg_shortest_dist,swarm_density_count,prey_neurons_connected_prey_retina,prey_neurons_connected_predator_retina,predator_neurons_connected_prey_retina,mutual_info
1,4357.000000,5643.000000,2,8531.088753,61911039.029410,35403.926319,0.172900,1,1,5,0.170143
1,4477.000000,5523.000000,2,7539.346469,100838033.365040,44927.841098,0.194583,1,1,5,0.156416
2,4421.000000,5579.000000,2,24282.961681,316083941.517058,62146.030532,0.100400,1,1,5,0.117983
3,4462.000000,5538.000000,2,70525.776145,1661417972.044862,146226.787008,0.113783,1,1,5,0.133791
