generation,prey_fitness,predator_fitness,num_alive_end,avg_bb_size,var_bb_size,avg_shortest_dist,swarm_density_count,prey_neurons_connected_prey_retina,prey_neurons_connected_predator_retina,predator_neurons_connected_prey_retina,mutual_info
1,4255.000000,5745.000000,2,2089.936118,5375143.194754,5791.958084,0.350033,1,1,1,0.118609
1,4262.000000,5738.000000,2,935.230948,1196045.314430,2570.932646,0.401000,1,1,1,0.091959
2,4543.000000,5457.000000,2,653.002961,720572.952208,1514.842676,0.739133,1,1,1,0.080161
3,4148.000000,5852.000000,2,1308.910631,2085589.619923,3990.001822,0.275833,1,1,1,0.092668
