generation,prey_fitness,predator_fitness,num_alive_end,avg_bb_size,var_bb_size,avg_shortest_dist,swarm_density_count,prey_neurons_connected_prey_retina,prey_neurons_connected_predator_retina,predator_neurons_connected_prey_retina,mutual_info
1,4597.000000,5403.000000,2,193.227853,58260.882215,373.709349,1.079400,2,2,1,0.053817
1,4624.000000,5376.000000,2,275.705282,61971.055773,669.059932,0.970050,2,2,1,0.042237
2,4741.000000,5259.000000,2,284.855458,95897.298044,653.502225,0.982900,2,2,1,0.061399
3,4630.000000,5370.000000,2,222.565450,76195.313816,487.961537,1.019350,2,2,1,0.076936
