generation,prey_fitness,predator_fitness,num_alive_end,avg_bb_size,var_bb_size,avg_shortest_dist,swarm_density_count,prey_neurons_connected_prey_retina,prey_neurons_connected_predator_retina,predator_neurons_connected_prey_retina,mutual_info
1,4356.000000,5644.000000,2,7743.711467,41033551.007137,24770.870778,0.157467,0,0,1,0.150477
1,4371.000000,5629.000000,2,19737.598974,484038708.547187,62051.882093,0.113500,0,0,1,0.082580
2,4307.000000,5693.000000,2,6386.661980,122721360.692418,15378.220264,0.250400,0,0,1,0.141706
3,4382.000000,5618.000000,2,29907.929215,735202279.216604,79403.739978,0.140700,0,0,1,0.097429
