generation,prey_fitness,predator_fitness,num_alive_end,avg_bb_size,var_bb_size,avg_shortest_dist,swarm_density_count,prey_neurons_connected_prey_retina,prey_neurons_connected_predator_retina,predator_neurons_connected_prey_retina,mutual_info
1,4469.000000,5531.000000,2,302.979673,83133.271865,848.418892,0.760433,4,1,2,0.063189
1,5090.000000,4910.000000,2,246.918636,81034.368007,479.701027,1.268233,4,1,2,0.046736
2,4497.000000,5503.000000,2,250.370254,96617.752814,531.050879,0.927733,4,1,2,0.045546
3,4707.000000,5293.000000,2,309.942480,108807.344028,713.992592,0.896750,4,1,2,0.065262
