generation,prey_fitness,predator_fitness,num_alive_end,avg_bb_size,var_bb_size,avg_shortest_dist,swarm_density_count,prey_neurons_connected_prey_retina,prey_neurons_connected_predator_retina,predator_neurons_connected_prey_retina,mutual_info
1,4225.000000,5775.000000,2,9706.481435,119874997.006913,24764.761584,0.105233,0,1,1,0.153784
1,4346.000000,5654.000000,2,4782.291505,61553438.305772,12349.204750,0.230900,0,1,1,0.097941
2,4330.000000,5670.000000,2,2108.266273,3687985.325685,6634.692091,0.201450,0,1,1,0.123894
3,4458.000000,5542.000000,2,7855.510311,23372493.651445,24940.857703,0.115800,0,1,1,0.166229
