generation,prey_fitness,predator_fitness,num_alive_end,avg_bb_size,var_bb_size,avg_shortest_dist,swarm_density_count,prey_neurons_connected_prey_retina,prey_neurons_connected_predator_retina,predator_neurons_connected_prey_retina,mutual_info
1,4293.000000,5707.000000,2,2353.479817,4343364.769530,8614.638040,0.194917,0,1,1,0.123666
1,4271.000000,5729.000000,2,2443.024919,4591375.356278,8660.514422,0.085950,0,1,1,0.176126
2,4307.000000,5693.000000,2,16762.940333,161784932.064057,47714.684542,0.161650,0,1,1,0.102252
3,4226.000000,5774.000000,2,9262.352090,70102360.325876,49035.938264,0.108200,0,1,1,0.141419
