generation,prey_fitness,predator_fitness,num_alive_end,avg_bb_size,var_bb_size,avg_shortest_dist,swarm_density_count,prey_neurons_connected_prey_retina,prey_neurons_connected_predator_retina,predator_neurons_connected_prey_retina,mutual_info
1,4651.000000,5349.000000,2,5364.629927,21746104.586371,16600.033017,0.200867,0,1,2,0.195908
1,4477.000000,5523.000000,2,8884.411420,73006083.920216,21967.817834,0.152317,0,1,2,0.163386
2,4746.000000,5254.000000,2,5313.138512,37894596.347177,9954.880891,0.094400,0,1,2,0.102595
3,4513.000000,5487.000000,2,7389.848219,91311334.571045,20647.160247,0.113950,0,1,2,0.229560
