generation,prey_fitness,predator_fitness,num_alive_end,avg_bb_size,var_bb_size,avg_shortest_dist,swarm_density_count,prey_neurons_connected_prey_retina,prey_neurons_connected_predator_retina,predator_neurons_connected_prey_retina,mutual_info
1,4877.000000,5123.000000,2,3779.806871,7321122.486098,9933.167102,0.246383,3,0,2,0.126379
1,4579.000000,5421.000000,2,4328.576663,18964501.209441,10375.801799,0.220617,3,0,2,0.095355
2,4345.000000,5655.000000,2,2501.871077,8520025.636553,6603.415461,0.237900,3,0,2,0.089571
3,4460.000000,5540.000000,2,4695.497383,14949078.568809,16056.650539,0.202800,3,0,2,0.149718
