generation,prey_fitness,predator_fitness,num_alive_end,avg_bb_size,var_bb_size,avg_shortest_dist,swarm_density_count,prey_neurons_connected_prey_retina,prey_neurons_connected_predator_retina,predator_neurons_connected_prey_retina,mutual_info
1,4586.000000,5414.000000,2,13172.379949,127366787.337479,27852.813608,0.294350,0,0,1,0.091151
1,4252.000000,5748.000000,2,1235.683714,1450760.809468,3542.943846,0.253050,0,0,1,0.084702
2,4247.000000,5753.000000,2,3076.177485,9284032.262155,10801.643051,0.204367,0,0,1,0.100947
3,4215.000000,5785.000000,2,10913.320549,109499565.712256,68234.448310,0.109683,0,0,1,0.121258
