generation,prey_fitness,predator_fitness,num_alive_end,avg_bb_size,var_bb_size,avg_shortest_dist,swarm_density_count,prey_neurons_connected_prey_retina,prey_neurons_connected_predator_retina,predator_neurons_connected_prey_retina,mutual_info
1,4648.000000,5352.000000,2,146.908774,26470.947536,302.353608,1.273550,1,2,2,0.078210
1,5110.000000,4890.000000,2,234.815855,34341.879647,441.483765,1.370617,1,2,2,0.106190
2,4502.000000,5498.000000,2,372.843328,117330.900357,900.418209,0.809333,1,2,2,0.071228
3,5856.000000,4144.000000,2,324.506181,80471.967292,335.263260,1.562967,1,2,2,0.080120
