generation,prey_fitness,predator_fitness,num_alive_end,avg_bb_size,var_bb_size,avg_shortest_dist,swarm_density_count,prey_neurons_connected_prey_retina,prey_neurons_connected_predator_retina,predator_neurons_connected_prey_retina,mutual_info
1,4333.000000,5667.000000,2,4226.434912,12725372.809976,15548.753905,0.081000,3,1,1,0.134596
1,4369.000000,5631.000000,2,2484.797570,7310720.633639,7064.214668,0.245350,3,1,1,0.139565
2,4282.000000,5718.000000,2,3427.586426,8374295.354814,10809.898551,0.193950,3,1,1,0.178291
3,4322.000000,5678.000000,2,1913.557408,3267635.608309,6580.437370,0.208867,3,1,1,0.109700
