generation,prey_fitness,predator_fitness,num_alive_end,avg_bb_size,var_bb_size,avg_shortest_dist,swarm_density_count,prey_neurons_connected_prey_retina,prey_neurons_connected_predator_retina,predator_neurons_connected_prey_retina,mutual_info
1,4388.000000,5612.000000,2,5862.756228,56660609.594047,29530.305458,0.141500,1,0,1,0.119725
1,4454.000000,5546.000000,2,10210.594392,196093819.105655,22906.683529,0.172417,1,0,1,0.100075
2,4507.000000,5493.000000,2,1536.001659,3928607.714656,3251.814264,0.279800,1,0,1,0.102191
3,4373.000000,5627.000000,2,2649.664143,4572299.288161,7655.090860,0.199000,1,0,1,0.165210
