generation,prey_fitness,predator_fitness,num_alive_end,avg_bb_size,var_bb_size,avg_shortest_dist,swarm_density_count,prey_neurons_connected_prey_retina,prey_neurons_connected_predator_retina,predator_neurons_connected_prey_retina,mutual_info
1,4732.000000,5268.000000,2,2023.978347,5452640.943278,4773.180958,0.224333,0,4,1,0.160159
1,4338.000000,5662.000000,2,2235.235505,4736831.334458,6432.983941,0.229117,0,4,1,0.152212
2,4608.000000,5392.000000,2,19585.471555,224453040.220896,48129.969721,0.127900,0,4,1,0.100083
3,4524.000000,5476.000000,2,3051.532032,8795535.095103,8819.728289,0.170433,0,4,1,0.172752
