generation,prey_fitness,predator_fitness,num_alive_end,avg_bb_size,var_bb_size,avg_shortest_dist,swarm_density_count,prey_neurons_connected_prey_retina,prey_neurons_connected_predator_retina,predator_neurons_connected_prey_retina,mutual_info
1,4413.000000,5587.000000,2,16439.317486,191840084.606190,36187.937515,0.102850,2,1,1,0.152016
1,4591.000000,5409.000000,2,20448.639993,244647509.212402,44571.208162,0.090800,2,1,1,0.194428
2,4495.000000,5505.000000,2,3722.815129,18719267.198873,11427.903784,0.188300,2,1,1,0.111853
3,4431.000000,5569.000000,2,4211.338444,24601673.697445,11928.787092,0.178833,2,1,1,0.154965
