generation,prey_fitness,predator_fitness,num_alive_end,avg_bb_size,var_bb_size,avg_shortest_dist,swarm_density_count,prey_neurons_connected_prey_retina,prey_neurons_connected_predator_retina,predator_neurons_connected_prey_retina,mutual_info
1,4774.000000,5226.000000,2,16394.683270,139780514.617451,57670.253230,0.206600,0,0,4,0.111583
1,4579.000000,5421.000000,2,7788.346311,61843731.603047,25246.942060,0.265500,0,0,4,0.158486
2,4723.000000,5277.000000,2,3117.137231,8321253.269490,7326.022841,0.163417,0,0,4,0.115995
3,4326.000000,5674.000000,2,5744.449339,17623125.211158,19874.853524,0.068650,0,0,4,0.169825
