generation,prey_fitness,predator_fitness,num_alive_end,avg_bb_size,var_bb_size,avg_shortest_dist,swarm_density_count,prey_neurons_connected_prey_retina,prey_neurons_connected_predator_retina,predator_neurons_connected_prey_retina,mutual_info
1,4632.000000,5368.000000,2,5084.749756,30288228.607944,15572.771705,0.173033,0,0,1,0.142370
1,4404.000000,5596.000000,2,3518.652221,19612717.517844,10791.932844,0.156433,0,0,1,0.148391
2,4462.000000,5538.000000,2,3951.192221,15730658.001493,10287.448242,0.093000,0,0,1,0.117075
3,4373.000000,5627.000000,2,12548.676015,85806924.850343,31544.659417,0.104200,0,0,1,0.090902
