generation,prey_fitness,predator_fitness,num_alive_end,avg_bb_size,var_bb_size,avg_shortest_dist,swarm_density_count,prey_neurons_connected_prey_retina,prey_neurons_connected_predator_retina,predator_neurons_connected_prey_retina,mutual_info
1,4648.000000,5352.000000,2,185.830266,38338.736570,472.054518,1.117600,2,1,2,0.042947
1,4777.000000,5223.000000,2,132.453712,22824.245808,248.464291,1.329200,2,1,2,0.079920
2,4588.000000,5412.000000,2,158.522592,44085.233451,312.600291,1.145717,2,1,2,0.045400
3,4559.000000,5441.000000,2,329.318721,116533.719470,900.517620,0.815150,2,1,2,0.055354
