generation,prey_fitness,predator_fitness,num_alive_end,avg_bb_size,var_bb_size,avg_shortest_dist,swarm_density_count,prey_neurons_connected_prey_retina,prey_neurons_connected_predator_retina,predator_neurons_connected_prey_retina,mutual_info
1,4528.000000,5472.000000,2,396.851876,251422.197074,976.999832,0.806817,1,0,2,0.084753
1,4274.000000,5726.000000,2,410.580579,286322.631421,1142.892908,0.720067,1,0,2,0.068491
2,4427.000000,5573.000000,2,426.235881,192683.003755,1032.336112,0.629417,1,0,2,0.068751
3,4692.000000,5308.000000,2,881.837491,791622.734123,2211.498532,0.429233,1,0,2,0.048314
