generation,prey_fitness,predator_fitness,num_alive_end,avg_bb_size,var_bb_size,avg_shortest_dist,swarm_density_count,prey_neurons_connected_prey_retina,prey_neurons_connected_predator_retina,predator_neurons_connected_prey_retina,mutual_info
1,5050.000000,4950.000000,2,4965.944830,16721674.504908,12578.765371,0.218000,0,2,1,0.116229
1,4737.000000,5263.000000,2,12196.299399,209468847.890790,66065.455409,0.254050,0,2,1,0.281424
2,4827.000000,5173.000000,2,13762.040711,271183884.718543,34910.430739,0.191183,0,2,1,0.175707
3,4719.000000,5281.000000,2,34609.118198,1160058418.900929,87629.451635,0.119600,0,2,1,0.153703
