generation,prey_fitness,predator_fitness,num_alive_end,avg_bb_size,var_bb_size,avg_shortest_dist,swarm_density_count,prey_neurons_connected_prey_retina,prey_neurons_connected_predator_retina,predator_neurons_connected_prey_retina,mutual_info
1,4493.000000,5507.000000,2,711.419869,547331.581703,1811.259272,0.602717,4,1,1,0.066302
1,4528.000000,5472.000000,2,865.892492,624554.506848,2233.001214,0.350000,4,1,1,0.115081
2,4390.000000,5610.000000,2,423.259163,216577.186269,1150.370498,0.685267,4,1,1,0.051450
3,4406.000000,5594.000000,2,507.509929,249952.227103,1477.632997,0.568800,4,1,1,0.048598
