generation,prey_fitness,predator_fitness,num_alive_end,avg_bb_size,var_bb_size,avg_shortest_dist,swarm_density_count,prey_neurons_connected_prey_retina,prey_neurons_connected_predator_retina,predator_neurons_connected_prey_retina,mutual_info
1,4654.000000,5346.000000,2,150.865462,31117.599140,303.913464,1.231200,2,2,1,0.077696
1,4828.000000,5172.000000,2,153.856161,25371.911435,286.047090,1.301883,2,2,1,0.048326
2,5778.000000,4222.000000,2,168.175922,20853.908142,243.341179,1.830267,2,2,1,0.071735
3,4454.000000,5546.000000,2,181.477427,40068.114569,454.429306,1.027400,2,2,1,0.051786
