generation,prey_fitness,predator_fitness,num_alive_end,avg_bb_size,var_bb_size,avg_shortest_dist,swarm_density_count,prey_neurons_connected_prey_retina,prey_neurons_connected_predator_retina,predator_neurons_connected_prey_retina,mutual_info
1,4753.000000,5247.000000,2,104.562404,19811.182130,182.653365,1.320100,1,0,3,0.053313
1,5154.000000,4846.000000,2,286.136471,56488.961313,670.548148,1.152367,1,0,3,0.025485
2,5728.000000,4272.000000,2,229.698580,37918.964694,367.001794,1.663383,1,0,3,0.049736
3,4631.000000,5369.000000,2,175.851904,32592.249006,403.387714,1.160100,1,0,3,0.035943
