generation,prey_fitness,predator_fitness,num_alive_end,avg_bb_size,var_bb_size,avg_shortest_dist,swarm_density_count,prey_neurons_connected_prey_retina,prey_neurons_connected_predator_retina,predator_neurons_connected_prey_retina,mutual_info
1,4173.000000,5827.000000,2,21480.968689,318189211.548943,111594.941241,0.142117,3,1,1,0.117292
1,4336.000000,5664.000000,2,15103.205048,290044501.902074,37817.847960,0.120400,3,1,1,0.114396
2,4458.000000,5542.000000,2,68003.321922,2622339547.798279,157915.591492,0.140600,3,1,1,0.074977
3,4283.000000,5717.000000,2,33487.338542,2406380693.776717,102067.811257,0.112900,3,1,1,0.149841
