generation,prey_fitness,predator_fitness,num_alive_end,avg_bb_size,var_bb_size,avg_shortest_dist,swarm_density_count,prey_neurons_connected_prey_retina,prey_neurons_connected_predator_retina,predator_neurons_connected_prey_retina,mutual_info
1,4602.000000,5398.000000,2,468.003918,349231.500044,1080.804311,0.703583,1,0,1,0.063071
1,4351.000000,5649.000000,2,637.978857,851231.697333,2249.602041,0.512100,1,0,1,0.072078
2,4348.000000,5652.000000,2,1815.111220,3480955.108877,5222.133758,0.306683,1,0,1,0.098669
3,4503.000000,5497.000000,2,935.349595,1847372.509509,2717.371677,0.573667,1,0,1,0.122470
