generation,prey_fitness,predator_fitness,num_alive_end,avg_bb_size,var_bb_size,avg_shortest_dist,swarm_density_count,prey_neurons_connected_prey_retina,prey_neurons_connected_predator_retina,predator_neurons_connected_prey_retina,mutual_info
1,4684.000000,5316.000000,2,677.668433,480380.160233,1604.774081,0.537983,1,1,1,0.087875
1,4319.000000,5681.000000,2,601.750659,491123.345286,1799.204381,0.412533,1,1,1,0.086778
2,4701.000000,5299.000000,2,447.106675,382469.939676,884.738516,0.719250,1,1,1,0.164851
3,4855.000000,5145.000000,2,559.293442,369182.326656,994.131801,0.686667,1,1,1,0.063606
