generation,prey_fitness,predator_fitness,num_alive_end,avg_bb_size,var_bb_size,avg_shortest_dist,swarm_density_count,prey_neurons_connected_prey_retina,prey_neurons_connected_predator_retina,predator_neurons_connected_prey_retina,mutual_info
1,4553.000000,5447.000000,2,7125.944135,62752859.107779,17490.104300,0.292100,1,2,1,0.097995
1,4500.000000,5500.000000,2,2121.363657,3704682.790087,5807.922682,0.345400,1,2,1,0.120118
2,4638.000000,5362.000000,2,3711.189091,21738710.794453,9107.478982,0.333600,1,2,1,0.082432
3,4178.000000,5822.000000,2,2615.657813,4775518.139356,16822.748136,0.107367,1,2,1,0.119090
