generation,prey_fitness,predator_fitness,num_alive_end,avg_bb_size,var_bb_size,avg_shortest_dist,swarm_density_count,prey_neurons_connected_prey_retina,prey_neurons_connected_predator_retina,predator_neurons_connected_prey_retina,mutual_info
1,4453.000000,5547.000000,2,4988.993447,9069191.461265,12476.604310,0.164167,2,0,1,0.104023
1,4328.000000,5672.000000,2,3523.778638,4029809.949957,10846.390429,0.091200,2,0,1,0.153448
2,4438.000000,5562.000000,2,3661.371126,11004871.887565,10645.188849,0.208983,2,0,1,0.170928
3,4340.000000,5660.000000,2,6081.412113,27860750.568925,17095.018639,0.171300,2,0,1,0.154186
