generation,prey_fitness,predator_fitness,num_alive_end,avg_bb_size,var_bb_size,avg_shortest_dist,swarm_density_count,prey_neurons_connected_prey_retina,prey_neurons_connected_predator_retina,predator_neurons_connected_prey_retina,mutual_info
1,4240.000000,5760.000000,2,16149.430936,207333284.854113,44378.012709,0.098300,1,1,1,0.172660
1,4457.000000,5543.000000,2,7881.693133,66857202.718076,21707.179193,0.199300,1,1,1,0.161098
2,4255.000000,5745.000000,2,14622.833086,149724814.325769,35131.610722,0.095050,1,1,1,0.156487
3,4685.000000,5315.000000,2,2782.548297,3977074.869544,7824.459741,0.171017,1,1,1,0.190043
