generation,prey_fitness,predator_fitness,num_alive_end,avg_bb_size,var_bb_size,avg_shortest_dist,swarm_density_count,prey_neurons_connected_prey_retina,prey_neurons_connected_predator_retina,predator_neurons_connected_prey_retina,mutual_info
1,4921.000000,5079.000000,2,53.346968,4235.272856,90.749232,1.462000,3,0,1,0.046657
1,7432.000000,2568.000000,2,159.518403,11417.680428,109.372204,2.716300,3,0,1,0.020026
2,5457.000000,4543.000000,2,110.630595,8527.808848,182.015674,1.729600,3,0,1,0.020639
3,6065.000000,3935.000000,2,141.893503,17638.939151,120.436761,2.009200,3,0,1,0.021666
