generation,prey_fitness,predator_fitness,num_alive_end,avg_bb_size,var_bb_size,avg_shortest_dist,swarm_density_count,prey_neurons_connected_prey_retina,prey_neurons_connected_predator_retina,predator_neurons_connected_prey_retina,mutual_info
1,4287.000000,5713.000000,2,10872.425166,57785769.925812,28294.105010,0.120633,0,2,1,0.180995
1,4311.000000,5689.000000,2,2640.965000,6168748.178801,7692.396384,0.215983,0,2,1,0.091865
2,4424.000000,5576.000000,2,5532.081511,33807908.625036,16012.625579,0.168250,0,2,1,0.103145
3,4313.000000,5687.000000,2,6048.059096,21277636.058715,30768.808032,0.073850,0,2,1,0.180881
