generation,prey_fitness,predator_fitness,num_alive_end,avg_bb_size,var_bb_size,avg_shortest_dist,swarm_density_count,prey_neurons_connected_prey_retina,prey_neurons_connected_predator_retina,predator_neurons_connected_prey_retina,mutual_info
1,4164.000000,5836.000000,2,2684.560854,4973060.907611,10754.300989,0.130700,3,2,1,0.255152
1,4200.000000,5800.000000,2,5267.311486,19138450.616980,16434.645918,0.072950,3,2,1,0.189945
2,4410.000000,5590.000000,2,3020.406626,8917725.176554,12536.477013,0.168550,3,2,1,0.142011
3,4212.000000,5788.000000,2,13396.841240,226869565.277828,32033.904687,0.111450,3,2,1,0.182220
