generation,prey_fitness,predator_fitness,num_alive_end,avg_bb_size,var_bb_size,avg_shortest_dist,swarm_density_count,prey_neurons_connected_prey_retina,prey_neurons_connected_predator_retina,predator_neurons_connected_prey_retina,mutual_info
1,4869.000000,5131.000000,2,413.811142,122011.556526,1187.103530,0.838483,4,0,1,0.063619
1,4478.000000,5522.000000,2,369.188972,127171.338694,816.583954,0.776833,4,0,1,0.048961
2,4790.000000,5210.000000,2,422.601868,213621.594013,894.596812,0.876600,4,0,1,0.038907
3,4400.000000,5600.000000,2,216.267099,44751.253081,554.433955,0.965333,4,0,1,0.060527
