generation,prey_fitness,predator_fitness,num_alive_end,avg_bb_size,var_bb_size,avg_shortest_dist,swarm_density_count,prey_neurons_connected_prey_retina,prey_neurons_connected_predator_retina,predator_neurons_connected_prey_retina,mutual_info
1,4438.000000,5562.000000,2,2769.449660,9910914.813542,6836.545587,0.255067,1,4,1,0.174163
1,4664.000000,5336.000000,2,2552.536565,5600243.340147,7536.430394,0.367350,1,4,1,0.124953
2,4319.000000,5681.000000,2,3087.672647,9033982.679161,9271.993111,0.211800,1,4,1,0.138606
3,4641.000000,5359.000000,2,12539.468097,74335158.021087,32801.273747,0.209133,1,4,1,0.165974
