generation,prey_fitness,predator_fitness,num_alive_end,avg_bb_size,var_bb_size,avg_shortest_dist,swarm_density_count,prey_neurons_connected_prey_retina,prey_neurons_connected_predator_retina,predator_neurons_connected_prey_retina,mutual_info
1,8019.000000,1981.000000,3,0.000000,0.000000,0.000000,3.010500,0,0,1,0.000089
1,4799.000000,5201.000000,2,0.000000,0.000000,0.000000,1.401000,0,0,1,0.045747
2,6096.000000,3904.000000,2,0.000000,0.000000,0.000000,2.049500,0,0,1,0.000899
3,8002.000000,1998.000000,2,0.000000,0.000000,0.000000,3.002500,0,0,1,0.000547
