generation,prey_fitness,predator_fitness,num_alive_end,avg_bb_size,var_bb_size,avg_shortest_dist,swarm_density_count,prey_neurons_connected_prey_retina,prey_neurons_connected_predator_retina,predator_neurons_connected_prey_retina,mutual_info
1,4380.000000,5620.000000,2,474.702497,178820.410360,1311.016201,0.537233,1,1,1,0.093779
1,4848.000000,5152.000000,2,411.526294,242434.978936,820.113159,0.859650,1,1,1,0.092142
2,4743.000000,5257.000000,2,580.010850,405392.328318,1470.717402,0.583600,1,1,1,0.071945
3,4744.000000,5256.000000,2,413.308991,174829.309687,1033.025312,0.801483,1,1,1,0.094111
