generation,prey_fitness,predator_fitness,num_alive_end,avg_bb_size,var_bb_size,avg_shortest_dist,swarm_density_count,prey_neurons_connected_prey_retina,prey_neurons_connected_predator_retina,predator_neurons_connected_prey_retina,mutual_info
1,4533.000000,5467.000000,2,322.695071,147559.393791,777.852070,0.819217,3,3,6,0.093469
1,4605.000000,5395.000000,2,525.362534,404142.523537,1240.482808,0.666183,3,3,6,0.060160
2,4360.000000,5640.000000,2,311.847708,107530.418591,867.847612,0.724083,3,3,6,0.045689
3,4853.000000,5147.000000,2,483.620082,201182.672233,1082.624596,0.712267,3,3,6,0.061619
