generation,prey_fitness,predator_fitness,num_alive_end,avg_bb_size,var_bb_size,avg_shortest_dist,swarm_density_count,prey_neurons_connected_prey_retina,prey_neurons_connected_predator_retina,predator_neurons_connected_prey_retina,mutual_info
1,5395.000000,4605.000000,2,163.273181,36489.675803,223.735966,1.612100,2,0,1,0.059667
1,5833.000000,4167.000000,2,221.934817,32582.525103,379.934211,1.720867,2,0,1,0.033894
2,4641.000000,5359.000000,2,159.123811,28294.192712,371.319153,1.203583,2,0,1,0.112955
3,5022.000000,4978.000000,2,129.729727,19034.309421,240.644025,1.473900,2,0,1,0.050403
