generation,prey_fitness,predator_fitness,num_alive_end,avg_bb_size,var_bb_size,avg_shortest_dist,swarm_density_count,prey_neurons_connected_prey_retina,prey_neurons_connected_predator_retina,predator_neurons_connected_prey_retina,mutual_info
1,4363.000000,5637.000000,2,36234.661473,913752850.240950,122543.794933,0.196267,0,1,2,0.156021
1,4306.000000,5694.000000,2,5245.122382,26144893.653050,109835.935484,0.117633,0,1,2,0.186175
2,4581.000000,5419.000000,2,21753.691141,245988908.118244,78687.736295,0.088200,0,1,2,0.088451
3,4937.000000,5063.000000,2,21614.264662,242205295.898401,99053.314113,0.126000,0,1,2,0.142109
