generation,prey_fitness,predator_fitness,num_alive_end,avg_bb_size,var_bb_size,avg_shortest_dist,swarm_density_count,prey_neurons_connected_prey_retina,prey_neurons_connected_predator_retina,predator_neurons_connected_prey_retina,mutual_info
1,4376.000000,5624.000000,2,9580.869275,63551543.160398,32532.316180,0.109200,1,0,2,0.137407
1,4227.000000,5773.000000,2,7523.323024,56616043.555121,26384.505105,0.094700,1,0,2,0.162496
2,4268.000000,5732.000000,2,5365.775143,22234466.756605,13029.947907,0.125133,1,0,2,0.099578
3,4271.000000,5729.000000,2,13554.907687,230115698.903936,47160.315313,0.145067,1,0,2,0.135151
