generation,prey_fitness,predator_fitness,num_alive_end,avg_bb_size,var_bb_size,avg_shortest_dist,swarm_density_count,prey_neurons_connected_prey_retina,prey_neurons_connected_predator_retina,predator_neurons_connected_prey_retina,mutual_info
1,4788.000000,5212.000000,2,223.353157,99519.383072,420.181038,1.142567,5,3,3,0.058731
1,4470.000000,5530.000000,2,188.018191,48278.584263,466.936985,1.001250,5,3,3,0.039893
2,4749.000000,5251.000000,2,367.824691,150245.069676,932.284909,0.850900,5,3,3,0.150239
3,5082.000000,4918.000000,2,309.783141,99934.012350,594.946707,1.061300,5,3,3,0.049152
