generation,prey_fitness,predator_fitness,num_alive_end,avg_bb_size,var_bb_size,avg_shortest_dist,swarm_density_count,prey_neurons_connected_prey_retina,prey_neurons_connected_predator_retina,predator_neurons_connected_prey_retina,mutual_info
1,5765.000000,4235.000000,2,343.774363,141844.553749,340.881816,1.428267,1,5,2,0.356332
1,4998.000000,5002.000000,2,374.800109,192325.499196,704.030367,1.006000,1,5,2,0.237400
2,5810.000000,4190.000000,2,420.404393,164549.969539,543.142291,1.338567,1,5,2,0.183374
3,6045.000000,3955.000000,2,252.862653,139538.532919,174.014940,1.738300,1,5,2,0.521524
