generation,prey_fitness,predator_fitness,num_alive_end,avg_bb_size,var_bb_size,avg_shortest_dist,swarm_density_count,prey_neurons_connected_prey_retina,prey_neurons_connected_predator_retina,predator_neurons_connected_prey_retina,mutual_info
1,4339.000000,5661.000000,2,261.263945,80171.553905,692.747898,0.836350,1,0,1,0.044433
1,4893.000000,5107.000000,2,523.917968,210287.467678,1100.945119,0.785650,1,0,1,0.105367
2,4906.000000,5094.000000,2,370.746252,154654.723360,748.721726,0.974583,1,0,1,0.067343
3,4967.000000,5033.000000,2,351.715384,134830.127847,732.548037,1.002433,1,0,1,0.047070
