generation,prey_fitness,predator_fitness,num_alive_end,avg_bb_size,var_bb_size,avg_shortest_dist,swarm_density_count,prey_neurons_connected_prey_retina,prey_neurons_connected_predator_retina,predator_neurons_connected_prey_retina,mutual_info
1,4469.000000,5531.000000,2,164.885688,29743.231846,449.302295,1.046500,3,2,1,0.107502
1,5076.000000,4924.000000,2,183.633851,30197.787210,375.249580,1.420500,3,2,1,0.084433
2,5675.000000,4325.000000,2,163.716572,19307.460931,213.704452,1.810950,3,2,1,0.049500
3,4457.000000,5543.000000,2,126.183474,21485.372370,286.092049,1.200383,3,2,1,0.086548
