generation,prey_fitness,predator_fitness,num_alive_end,avg_bb_size,var_bb_size,avg_shortest_dist,swarm_density_count,prey_neurons_connected_prey_retina,prey_neurons_connected_predator_retina,predator_neurons_connected_prey_retina,mutual_info
1,4280.000000,5720.000000,2,26123.259549,425783481.162119,84387.583912,0.102517,1,1,1,0.133785
1,4340.000000,5660.000000,2,35208.018423,484607211.372221,85850.618111,0.106083,1,1,1,0.064519
2,4536.000000,5464.000000,2,53114.014032,2470042062.440906,119567.331995,0.138350,1,1,1,0.122763
3,4337.000000,5663.000000,2,4430.809353,13397893.140626,15176.569422,0.114550,1,1,1,0.134442
