generation,prey_fitness,predator_fitness,num_alive_end,avg_bb_size,var_bb_size,avg_shortest_dist,swarm_density_count,prey_neurons_connected_prey_retina,prey_neurons_connected_predator_retina,predator_neurons_connected_prey_retina,mutual_info
1,5864.000000,4136.000000,2,190.921766,27315.720102,238.582347,1.812850,1,1,3,0.068890
1,5031.000000,4969.000000,2,119.230769,13243.438706,240.928174,1.465200,1,1,3,0.096362
2,5151.000000,4849.000000,2,139.314526,24123.339838,223.895248,1.535000,1,1,3,0.082418
3,4485.000000,5515.000000,2,134.156158,18658.723271,324.145502,1.170983,1,1,3,0.043923
