generation,prey_fitness,predator_fitness,num_alive_end,avg_bb_size,var_bb_size,avg_shortest_dist,swarm_density_count,prey_neurons_connected_prey_retina,prey_neurons_connected_predator_retina,predator_neurons_connected_prey_retina,mutual_info
1,4604.000000,5396.000000,2,927.804245,573571.802855,2246.149065,0.543733,4,3,1,0.151810
1,4641.000000,5359.000000,2,310.461404,140721.984093,691.335702,0.913700,4,3,1,0.037299
2,4677.000000,5323.000000,2,170.537385,55770.243819,377.660543,1.126450,4,3,1,0.059096
3,4401.000000,5599.000000,2,497.421064,242199.608351,1234.278042,0.632550,4,3,1,0.053432
