generation,prey_fitness,predator_fitness,num_alive_end,avg_bb_size,var_bb_size,avg_shortest_dist,swarm_density_count,prey_neurons_connected_prey_retina,prey_neurons_connected_predator_retina,predator_neurons_connected_prey_retina,mutual_info
1,4627.000000,5373.000000,2,1575.847187,3889665.881430,4231.865834,0.330450,0,1,1,0.141325
1,4499.000000,5501.000000,2,7808.185305,29427033.888502,24403.244765,0.144517,0,1,1,0.102450
2,4529.000000,5471.000000,2,2695.980070,5185521.750679,9898.534721,0.135600,0,1,1,0.095266
3,4456.000000,5544.000000,2,6930.184732,33122280.548827,20588.443270,0.161050,0,1,1,0.144885
