generation,prey_fitness,predator_fitness,num_alive_end,avg_bb_size,var_bb_size,avg_shortest_dist,swarm_density_count,prey_neurons_connected_prey_retina,prey_neurons_connected_predator_retina,predator_neurons_connected_prey_retina,mutual_info
1,5408.000000,4592.000000,2,247.027109,48502.842149,367.894793,1.400000,2,0,1,0.054140
1,5094.000000,4906.000000,2,230.710057,44675.265972,471.779292,1.303867,2,0,1,0.076169
2,4507.000000,5493.000000,2,139.788704,30516.236952,320.422320,1.158300,2,0,1,0.107941
3,5067.000000,4933.000000,2,178.523903,46240.414672,319.583360,1.370333,2,0,1,0.100429
