generation,prey_fitness,predator_fitness,num_alive_end,avg_bb_size,var_bb_size,avg_shortest_dist,swarm_density_count,prey_neurons_connected_prey_retina,prey_neurons_connected_predator_retina,predator_neurons_connected_prey_retina,mutual_info
1,4512.000000,5488.000000,2,15028.173288,222201717.730171,35183.218166,0.169000,1,1,1,0.090763
1,4533.000000,5467.000000,2,14168.884625,50825711.438124,47421.077387,0.093400,1,1,1,0.180108
2,4261.000000,5739.000000,2,14738.417158,197253358.625394,48924.578132,0.138467,1,1,1,0.131205
3,4235.000000,5765.000000,2,13880.197742,116570623.274461,35962.408614,0.116967,1,1,1,0.139486
