generation,prey_fitness,predator_fitness,num_alive_end,avg_bb_size,var_bb_size,avg_shortest_dist,swarm_density_count,prey_neurons_connected_prey_retina,prey_neurons_connected_predator_retina,predator_neurons_connected_prey_retina,mutual_info
1,4922.000000,5078.000000,2,4046.049735,15160355.485946,10077.346067,0.248150,2,1,1,0.115051
1,4465.000000,5535.000000,2,4149.501438,13581138.264963,12855.156580,0.152583,2,1,1,0.140510
2,4394.000000,5606.000000,2,12916.883838,221315865.278920,31233.760560,0.204200,2,1,1,0.144504
3,4652.000000,5348.000000,2,7751.542862,62089523.408884,22232.985526,0.292250,2,1,1,0.102222
