generation,prey_fitness,predator_fitness,num_alive_end,avg_bb_size,var_bb_size,avg_shortest_dist,swarm_density_count,prey_neurons_connected_prey_retina,prey_neurons_connected_predator_retina,predator_neurons_connected_prey_retina,mutual_info
1,4456.000000,5544.000000,2,207.170863,47242.458609,519.645983,0.959650,2,0,4,0.069350
1,4339.000000,5661.000000,2,190.018112,35736.075684,543.111855,0.928500,2,0,4,0.040026
2,4675.000000,5325.000000,2,263.059520,69317.779952,597.806673,1.016000,2,0,4,0.036557
3,5064.000000,4936.000000,2,263.650879,71426.403545,533.782578,1.199200,2,0,4,0.044563
