generation,prey_fitness,predator_fitness,num_alive_end,avg_bb_size,var_bb_size,avg_shortest_dist,swarm_density_count,prey_neurons_connected_prey_retina,prey_neurons_connected_predator_retina,predator_neurons_connected_prey_retina,mutual_info
1,4312.000000,5688.000000,2,287.899030,85658.199991,739.222790,0.725783,3,4,1,0.124139
1,4716.000000,5284.000000,2,269.231693,72422.337430,544.788882,0.994917,3,4,1,0.078881
2,4517.000000,5483.000000,2,263.105515,89383.480260,664.069193,0.954233,3,4,1,0.033788
3,4291.000000,5709.000000,2,223.985522,60461.410063,594.644869,0.890250,3,4,1,0.051763
