generation,prey_fitness,predator_fitness,num_alive_end,avg_bb_size,var_bb_size,avg_shortest_dist,swarm_density_count,prey_neurons_connected_prey_retina,prey_neurons_connected_predator_retina,predator_neurons_connected_prey_retina,mutual_info
1,4277.000000,5723.000000,2,451.042462,189527.457940,1269.146215,0.526700,2,1,2,0.050480
1,4602.000000,5398.000000,2,346.443010,214647.409425,839.546593,0.897400,2,1,2,0.054285
2,4348.000000,5652.000000,2,394.453037,187818.162685,1004.637594,0.633750,2,1,2,0.066826
3,4691.000000,5309.000000,2,448.985299,247080.225398,1023.151436,0.800367,2,1,2,0.098758
