generation,prey_fitness,predator_fitness,num_alive_end,avg_bb_size,var_bb_size,avg_shortest_dist,swarm_density_count,prey_neurons_connected_prey_retina,prey_neurons_connected_predator_retina,predator_neurons_connected_prey_retina,mutual_info
1,4525.000000,5475.000000,2,292.655973,106773.124487,674.209709,0.843483,1,0,1,0.051237
1,4860.000000,5140.000000,2,231.212824,59094.642936,486.895230,1.164650,1,0,1,0.043322
2,4444.000000,5556.000000,2,277.620584,100841.103821,661.692886,0.823083,1,0,1,0.043329
3,4601.000000,5399.000000,2,322.700009,101889.872204,749.793377,0.846683,1,0,1,0.047200
