generation,prey_fitness,predator_fitness,num_alive_end,avg_bb_size,var_bb_size,avg_shortest_dist,swarm_density_count,prey_neurons_connected_prey_retina,prey_neurons_connected_predator_retina,predator_neurons_connected_prey_retina,mutual_info
1,4574.000000,5426.000000,2,3477.491021,7607085.527466,8948.417567,0.189583,1,4,1,0.118641
1,4411.000000,5589.000000,2,2430.256675,4015267.574632,5873.597232,0.156767,1,4,1,0.081959
2,4381.000000,5619.000000,2,3062.786029,4730919.698153,10439.360430,0.244767,1,4,1,0.242062
3,4308.000000,5692.000000,2,2018.651428,2130357.405908,8000.695087,0.177350,1,4,1,0.154907
