generation,prey_fitness,predator_fitness,num_alive_end,avg_bb_size,var_bb_size,avg_shortest_dist,swarm_density_count,prey_neurons_connected_prey_retina,prey_neurons_connected_predator_retina,predator_neurons_connected_prey_retina,mutual_info
1,5718.000000,4282.000000,2,129.919977,13365.081320,175.070541,1.858100,3,3,1,0.036920
1,5140.000000,4860.000000,2,118.082279,11166.582399,244.763064,1.557250,3,3,1,0.059510
2,6399.000000,3601.000000,2,157.074299,17982.501546,144.911353,2.177933,3,3,1,0.039103
3,6943.000000,3057.000000,2,155.060347,15116.230798,93.811072,2.468100,3,3,1,0.034374
