generation,prey_fitness,predator_fitness,num_alive_end,avg_bb_size,var_bb_size,avg_shortest_dist,swarm_density_count,prey_neurons_connected_prey_retina,prey_neurons_connected_predator_retina,predator_neurons_connected_prey_retina,mutual_info
1,4637.000000,5363.000000,2,25291.105527,402622713.469610,92836.125152,0.164800,3,1,1,0.122883
1,4384.000000,5616.000000,2,52126.765320,2666053740.908872,170188.490488,0.171567,3,1,1,0.173087
2,4785.000000,5215.000000,2,17459.803461,459124611.043100,41564.847506,0.260550,3,1,1,0.152824
3,4869.000000,5131.000000,2,9658.376856,104408606.531870,114721.033081,0.208550,3,1,1,0.118321
