generation,prey_fitness,predator_fitness,num_alive_end,avg_bb_size,var_bb_size,avg_shortest_dist,swarm_density_count,prey_neurons_connected_prey_retina,prey_neurons_connected_predator_retina,predator_neurons_connected_prey_retina,mutual_info
1,4421.000000,5579.000000,2,6520.051785,141010803.865644,18088.352651,0.172183,0,5,1,0.156509
1,4183.000000,5817.000000,2,3226.346680,9391841.390494,11536.870542,0.102533,0,5,1,0.151290
2,4501.000000,5499.000000,2,9247.344374,39325518.216119,33499.356151,0.148383,0,5,1,0.162195
3,4438.000000,5562.000000,2,8351.024915,67373211.734567,41417.670304,0.109600,0,5,1,0.104318
