generation,prey_fitness,predator_fitness,num_alive_end,avg_bb_size,var_bb_size,avg_shortest_dist,swarm_density_count,prey_neurons_connected_prey_retina,prey_neurons_connected_predator_retina,predator_neurons_connected_prey_retina,mutual_info
1,4951.000000,5049.000000,2,189.881968,38402.598859,426.861539,1.260050,3,1,1,0.062979
1,4562.000000,5438.000000,2,192.306567,46900.519005,459.660151,1.080567,3,1,1,0.054522
2,4973.000000,5027.000000,2,194.884088,41808.460754,403.276652,1.274217,3,1,1,0.055272
3,4784.000000,5216.000000,2,257.378713,74605.474124,622.556543,1.046500,3,1,1,0.060513
