generation,prey_fitness,predator_fitness,num_alive_end,avg_bb_size,var_bb_size,avg_shortest_dist,swarm_density_count,prey_neurons_connected_prey_retina,prey_neurons_connected_predator_retina,predator_neurons_connected_prey_retina,mutual_info
1,4704.000000,5296.000000,2,1581.814969,4180707.331374,3674.219647,0.321350,1,0,1,0.147808
1,4555.000000,5445.000000,2,2837.260200,7398066.409229,7592.691490,0.150333,1,0,1,0.095370
2,4463.000000,5537.000000,2,2973.006624,5217259.023624,7541.219194,0.132350,1,0,1,0.104279
3,4676.000000,5324.000000,2,2011.306170,4291119.857258,4464.470673,0.224250,1,0,1,0.160114
