generation,prey_fitness,predator_fitness,num_alive_end,avg_bb_size,var_bb_size,avg_shortest_dist,swarm_density_count,prey_neurons_connected_prey_retina,prey_neurons_connected_predator_retina,predator_neurons_connected_prey_retina,mutual_info
1,5520.000000,4480.000000,2,139.018023,21122.940249,188.286924,1.731700,2,0,1,0.057257
1,5231.000000,4769.000000,2,134.826307,18167.917234,212.090544,1.604150,2,0,1,0.044547
2,4722.000000,5278.000000,2,114.692404,11305.006890,264.630243,1.346400,2,0,1,0.059035
3,4441.000000,5559.000000,2,93.805251,16493.060099,202.751525,1.189650,2,0,1,0.046348
