generation,prey_fitness,predator_fitness,num_alive_end,avg_bb_size,var_bb_size,avg_shortest_dist,swarm_density_count,prey_neurons_connected_prey_retina,prey_neurons_connected_predator_retina,predator_neurons_connected_prey_retina,mutual_info
1,4447.000000,5553.000000,2,1924.843719,4065567.044154,4093.985509,0.476633,3,3,3,0.096793
1,4311.000000,5689.000000,2,324.762114,129126.157169,747.764524,0.801250,3,3,3,0.100988
2,4487.000000,5513.000000,2,716.726319,623157.785023,1785.620410,0.666200,3,3,3,0.163160
3,4625.000000,5375.000000,2,532.682118,279190.853538,1301.456465,0.601567,3,3,3,0.058000
