generation,prey_fitness,predator_fitness,num_alive_end,avg_bb_size,var_bb_size,avg_shortest_dist,swarm_density_count,prey_neurons_connected_prey_retina,prey_neurons_connected_predator_retina,predator_neurons_connected_prey_retina,mutual_info
1,4371.000000,5629.000000,2,11786.914546,170274248.143161,39754.829636,0.134300,1,1,1,0.111533
1,4580.000000,5420.000000,2,9085.298895,42684213.170187,31731.991694,0.178700,1,1,1,0.181159
2,4480.000000,5520.000000,2,26860.065436,1443514491.342627,105457.417515,0.128483,1,1,1,0.153617
3,4393.000000,5607.000000,2,2241.772762,3326658.241339,8143.713767,0.173200,1,1,1,0.207451
