generation,prey_fitness,predator_fitness,num_alive_end,avg_bb_size,var_bb_size,avg_shortest_dist,swarm_density_count,prey_neurons_connected_prey_retina,prey_neurons_connected_predator_retina,predator_neurons_connected_prey_retina,mutual_info
1,4369.000000,5631.000000,2,2428.231794,5080568.322958,8571.383749,0.212483,2,3,5,0.096311
1,4359.000000,5641.000000,2,919.114726,1419384.415526,2202.928910,0.382400,2,3,5,0.115756
2,4314.000000,5686.000000,2,1611.656799,3656153.576373,9281.763102,0.247333,2,3,5,0.113115
3,4369.000000,5631.000000,2,2135.480332,4713656.221915,6556.344348,0.253333,2,3,5,0.193063
