generation,prey_fitness,predator_fitness,num_alive_end,avg_bb_size,var_bb_size,avg_shortest_dist,swarm_density_count,prey_neurons_connected_prey_retina,prey_neurons_connected_predator_retina,predator_neurons_connected_prey_retina,mutual_info
1,4354.000000,5646.000000,2,54167.979470,1073697967.165440,131490.452776,0.091000,0,0,1,0.077733
1,4324.000000,5676.000000,2,35858.053977,765877318.113908,106949.920187,0.120200,0,0,1,0.147102
2,4370.000000,5630.000000,2,3915.167300,11951561.945278,17861.388086,0.167550,0,0,1,0.229992
3,4646.000000,5354.000000,2,25377.280553,649275500.891656,68710.206314,0.131600,0,0,1,0.160500
