generation,prey_fitness,predator_fitness,num_alive_end,avg_bb_size,var_bb_size,avg_shortest_dist,swarm_density_count,prey_neurons_connected_prey_retina,prey_neurons_connected_predator_retina,predator_neurons_connected_prey_retina,mutual_info
1,74498.000000,25502.000000,24,86635.182289,938277896.768427,1046.888296,2.659425,1,1,1,0.007022
1,64204.000000,35796.000000,19,71123.217236,440368464.167324,1075.767610,2.420991,1,1,1,0.017551
2,68515.000000,31485.000000,20,77374.040250,574507020.569518,1101.706787,2.417454,1,1,1,0.011011
3,71941.000000,28059.000000,22,77069.351284,617855120.589952,974.050431,2.497752,1,1,1,0.013647
