generation,prey_fitness,predator_fitness,num_alive_end,avg_bb_size,var_bb_size,avg_shortest_dist,swarm_density_count,prey_neurons_connected_prey_retina,prey_neurons_connected_predator_retina,predator_neurons_connected_prey_retina,mutual_info
1,71672.000000,28328.000000,22,201986.822477,6542813544.098055,2289.812535,2.206928,1,2,1,0.020835
1,64434.000000,35566.000000,18,191422.999826,5968786149.368714,3252.122530,2.040719,1,2,1,0.022540
2,68837.000000,31163.000000,18,200946.919080,6153596819.459713,3095.445337,2.076861,1,2,1,0.014998
3,75917.000000,24083.000000,24,197925.285967,6336011927.330531,2456.133144,2.063968,1,2,1,0.019561
