generation,prey_fitness,predator_fitness,num_alive_end,avg_bb_size,var_bb_size,avg_shortest_dist,swarm_density_count,prey_neurons_connected_prey_retina,prey_neurons_connected_predator_retina,predator_neurons_connected_prey_retina,mutual_info
1,72556.000000,27444.000000,22,64391.124396,464958709.877228,856.123585,3.260171,1,0,3,0.013764
1,77760.000000,22240.000000,26,63919.690536,728971327.051457,827.591664,3.547691,1,0,3,0.013996
2,70479.000000,29521.000000,23,76412.492678,1459641378.467793,1089.379743,3.182745,1,0,3,0.010027
3,70395.000000,29605.000000,22,58411.977009,513601209.648950,855.038787,3.107413,1,0,3,0.009349
