generation,prey_fitness,predator_fitness,num_alive_end,avg_bb_size,var_bb_size,avg_shortest_dist,swarm_density_count,prey_neurons_connected_prey_retina,prey_neurons_connected_predator_retina,predator_neurons_connected_prey_retina,mutual_info
1,69809.000000,30191.000000,21,50443.307654,398333210.818833,680.222604,4.265496,0,1,1,0.035755
1,65401.000000,34599.000000,19,40298.783549,201640689.885735,660.631104,4.036850,0,1,1,0.035482
2,73668.000000,26332.000000,23,42435.786356,227691444.628432,545.189039,4.773877,0,1,1,0.016341
3,75820.000000,24180.000000,24,37218.191709,195130508.021980,470.983605,4.801437,0,1,1,0.019979
