generation,prey_fitness,predator_fitness,num_alive_end,avg_bb_size,var_bb_size,avg_shortest_dist,swarm_density_count,prey_neurons_connected_prey_retina,prey_neurons_connected_predator_retina,predator_neurons_connected_prey_retina,mutual_info
1,73314.000000,26686.000000,25,86096.061764,1813977313.012429,1148.996517,3.264375,0,1,1,0.013800
1,71338.000000,28662.000000,22,72526.819531,819569927.216681,997.741836,3.083762,0,1,1,0.023437
2,69113.000000,30887.000000,20,62867.478940,481960247.238389,980.234496,3.066182,0,1,1,0.018631
3,70465.000000,29535.000000,19,58687.644484,489116156.849458,858.716360,3.204171,0,1,1,0.011493
