generation,prey_fitness,predator_fitness,num_alive_end,avg_bb_size,var_bb_size,avg_shortest_dist,swarm_density_count,prey_neurons_connected_prey_retina,prey_neurons_connected_predator_retina,predator_neurons_connected_prey_retina,mutual_info
1,77391.000000,22609.000000,29,139635.250024,3043958688.340780,1734.288271,2.527615,0,1,1,0.013461
1,80302.000000,19698.000000,29,131291.980615,2812007442.135965,1543.166640,2.424268,0,1,1,0.014327
2,71230.000000,28770.000000,24,145686.611090,3099824900.422963,1984.811408,2.181067,0,1,1,0.011019
3,77723.000000,22277.000000,26,127115.758493,2908059482.358768,1353.981450,2.548771,0,1,1,0.024599
