generation,prey_fitness,predator_fitness,num_alive_end,avg_bb_size,var_bb_size,avg_shortest_dist,swarm_density_count,prey_neurons_connected_prey_retina,prey_neurons_connected_predator_retina,predator_neurons_connected_prey_retina,mutual_info
1,77383.000000,22617.000000,27,173511.417937,4762774717.266980,2002.548926,2.210547,3,0,1,0.018795
1,75662.000000,24338.000000,27,168846.727584,5359201024.521527,1873.297201,2.293583,3,0,1,0.015419
2,78888.000000,21112.000000,29,185224.905166,5109263801.107562,2011.421719,2.291178,3,0,1,0.015148
3,79496.000000,20504.000000,30,183454.230948,4957716503.202143,2231.254013,2.183049,3,0,1,0.013309
