generation,prey_fitness,predator_fitness,num_alive_end,avg_bb_size,var_bb_size,avg_shortest_dist,swarm_density_count,prey_neurons_connected_prey_retina,prey_neurons_connected_predator_retina,predator_neurons_connected_prey_retina,mutual_info
1,71226.000000,28774.000000,19,59104.389229,442520811.766923,751.423118,3.283704,1,1,1,0.037483
1,70763.000000,29237.000000,23,67595.716443,773763951.222297,890.659145,3.531469,1,1,1,0.017611
2,71066.000000,28934.000000,21,59946.657664,535661342.567032,782.445119,3.301959,1,1,1,0.025609
3,66170.000000,33830.000000,18,71210.880310,926288929.638922,1135.910897,2.969167,1,1,1,0.016498
