generation,prey_fitness,predator_fitness,num_alive_end,avg_bb_size,var_bb_size,avg_shortest_dist,swarm_density_count,prey_neurons_connected_prey_retina,prey_neurons_connected_predator_retina,predator_neurons_connected_prey_retina,mutual_info
1,75664.000000,24336.000000,27,203912.470969,6044361813.171026,2418.988290,2.116746,1,1,1,0.015223
1,69756.000000,30244.000000,20,196991.313133,5971746811.708388,2809.784113,2.090578,1,1,1,0.027922
2,73090.000000,26910.000000,24,200527.833965,5966559117.157318,2438.895884,2.159907,1,1,1,0.018468
3,64850.000000,35150.000000,19,195155.717660,5973492609.872019,2720.406541,2.060469,1,1,1,0.020092
