generation,prey_fitness,predator_fitness,num_alive_end,avg_bb_size,var_bb_size,avg_shortest_dist,swarm_density_count,prey_neurons_connected_prey_retina,prey_neurons_connected_predator_retina,predator_neurons_connected_prey_retina,mutual_info
1,70849.000000,29151.000000,22,62846.981356,462676777.771593,847.669930,3.200294,0,6,1,0.028146
1,71962.000000,28038.000000,23,90530.511867,1564393168.890531,1114.179042,2.808491,0,6,1,0.032337
2,68465.000000,31535.000000,22,74742.216478,842844057.231248,1073.403743,2.944550,0,6,1,0.018638
3,72140.000000,27860.000000,22,84345.244721,1009045072.733652,1218.093775,3.005490,0,6,1,0.026215
