generation,prey_fitness,predator_fitness,num_alive_end,avg_bb_size,var_bb_size,avg_shortest_dist,swarm_density_count,prey_neurons_connected_prey_retina,prey_neurons_connected_predator_retina,predator_neurons_connected_prey_retina,mutual_info
1,76364.000000,23636.000000,25,169900.447225,3928181587.431087,1899.513632,2.070837,1,2,1,0.020087
1,75315.000000,24685.000000,26,188236.982663,4666929844.293147,2269.299979,1.981838,1,2,1,0.014410
2,78324.000000,21676.000000,27,174107.919035,3883670691.616839,1848.086475,2.115935,1,2,1,0.013183
3,72382.000000,27618.000000,22,181387.860857,4466698589.254317,2193.355151,2.046188,1,2,1,0.019310
