generation,prey_fitness,predator_fitness,num_alive_end,avg_bb_size,var_bb_size,avg_shortest_dist,swarm_density_count,prey_neurons_connected_prey_retina,prey_neurons_connected_predator_retina,predator_neurons_connected_prey_retina,mutual_info
1,80272.000000,19728.000000,29,199376.423912,5327592074.469831,2300.085236,1.943941,1,0,5,0.009174
1,73136.000000,26864.000000,24,186781.565162,5137909845.900913,2217.574187,2.055798,1,0,5,0.017234
2,72413.000000,27587.000000,23,192045.798271,5350415615.757062,2750.792572,1.950051,1,0,5,0.027884
3,76008.000000,23992.000000,25,204361.968815,5593960113.244835,2447.285548,2.003002,1,0,5,0.018290
