generation,prey_fitness,predator_fitness,num_alive_end,avg_bb_size,var_bb_size,avg_shortest_dist,swarm_density_count,prey_neurons_connected_prey_retina,prey_neurons_connected_predator_retina,predator_neurons_connected_prey_retina,mutual_info
1,72337.000000,27663.000000,24,204598.145119,6199604033.291444,3020.328270,1.941019,5,0,1,0.018328
1,65165.000000,34835.000000,21,200349.530996,5982675857.096794,3381.378293,1.888034,5,0,1,0.020233
2,68419.000000,31581.000000,20,205290.839420,6179429103.918756,2924.074035,2.116292,5,0,1,0.023839
3,66222.000000,33778.000000,16,202220.279606,5816268563.120080,3820.253473,2.148123,5,0,1,0.021725
