generation,prey_fitness,predator_fitness,num_alive_end,avg_bb_size,var_bb_size,avg_shortest_dist,swarm_density_count,prey_neurons_connected_prey_retina,prey_neurons_connected_predator_retina,predator_neurons_connected_prey_retina,mutual_info
1,74017.000000,25983.000000,23,88274.054116,1297925385.185714,1203.475958,3.121634,1,4,1,0.022542
1,71208.000000,28792.000000,23,98253.537688,1486931309.377194,1380.407398,2.875649,1,4,1,0.016495
2,66278.000000,33722.000000,19,80103.122004,1417969086.399607,1172.117092,2.839651,1,4,1,0.039846
3,70215.000000,29785.000000,19,81528.611328,837522344.778017,1459.392512,2.824557,1,4,1,0.019111
