generation,prey_fitness,predator_fitness,num_alive_end,avg_bb_size,var_bb_size,avg_shortest_dist,swarm_density_count,prey_neurons_connected_prey_retina,prey_neurons_connected_predator_retina,predator_neurons_connected_prey_retina,mutual_info
1,74896.000000,25104.000000,23,206360.879603,5850238044.801586,2479.872948,2.040962,0,2,1,0.016506
1,78246.000000,21754.000000,27,200496.481205,5888701762.891630,2456.397699,2.041647,0,2,1,0.024226
2,73175.000000,26825.000000,26,204817.142340,5976228366.156260,2770.619135,1.923323,0,2,1,0.013363
3,74165.000000,25835.000000,23,197239.309126,5310465192.179497,2680.751499,2.165543,0,2,1,0.013888
