generation,prey_fitness,predator_fitness,num_alive_end,avg_bb_size,var_bb_size,avg_shortest_dist,swarm_density_count,prey_neurons_connected_prey_retina,prey_neurons_connected_predator_retina,predator_neurons_connected_prey_retina,mutual_info
1,74682.000000,25318.000000,24,165008.451303,4022820559.131674,2314.843109,2.219665,0,2,2,0.014581
1,72552.000000,27448.000000,25,156843.663688,4322615551.251647,2070.571365,2.089922,0,2,2,0.016260
2,75163.000000,24837.000000,24,148098.747520,3812295041.390091,1928.952462,2.248078,0,2,2,0.014795
3,75086.000000,24914.000000,26,141839.266628,2412826376.595621,1587.378879,2.135311,0,2,2,0.013585
