generation,prey_fitness,predator_fitness,num_alive_end,avg_bb_size,var_bb_size,avg_shortest_dist,swarm_density_count,prey_neurons_connected_prey_retina,prey_neurons_connected_predator_retina,predator_neurons_connected_prey_retina,mutual_info
1,72468.000000,27532.000000,21,26873.707653,135554923.451422,437.059304,7.255697,2,4,1,0.017597
1,76256.000000,23744.000000,23,38142.697740,222587932.345294,473.209547,5.882618,2,4,1,0.020463
2,71120.000000,28880.000000,20,38476.288192,262725564.530712,498.790310,5.226822,2,4,1,0.015702
3,75674.000000,24326.000000,23,38380.573967,315804615.741326,577.418306,5.784798,2,4,1,0.011150
