generation,prey_fitness,predator_fitness,num_alive_end,avg_bb_size,var_bb_size,avg_shortest_dist,swarm_density_count,prey_neurons_connected_prey_retina,prey_neurons_connected_predator_retina,predator_neurons_connected_prey_retina,mutual_info
1,62358.000000,37642.000000,16,29721.976767,114275854.568337,479.386986,4.127266,3,1,1,0.016938
1,66218.000000,33782.000000,17,29611.243825,124718384.696753,413.066569,4.280132,3,1,1,0.012632
2,67009.000000,32991.000000,16,26183.231517,77821522.616263,369.139488,4.474459,3,1,1,0.013059
3,62605.000000,37395.000000,11,30260.502915,214645178.204044,476.324462,4.074627,3,1,1,0.015949
