generation,prey_fitness,predator_fitness,num_alive_end,avg_bb_size,var_bb_size,avg_shortest_dist,swarm_density_count,prey_neurons_connected_prey_retina,prey_neurons_connected_predator_retina,predator_neurons_connected_prey_retina,mutual_info
1,75609.000000,24391.000000,27,197923.915209,6065402196.143098,2499.294993,2.044366,1,4,1,0.013306
1,74328.000000,25672.000000,25,189158.710369,5654513102.995569,2354.315804,2.039510,1,4,1,0.020989
2,77807.000000,22193.000000,28,200849.661000,5660016707.985027,2301.966365,2.117578,1,4,1,0.015276
3,76675.000000,23325.000000,29,173510.834883,4532241139.032624,2068.980639,2.056230,1,4,1,0.032897
