generation,prey_fitness,predator_fitness,num_alive_end,avg_bb_size,var_bb_size,avg_shortest_dist,swarm_density_count,prey_neurons_connected_prey_retina,prey_neurons_connected_predator_retina,predator_neurons_connected_prey_retina,mutual_info
1,73101.000000,26899.000000,25,143384.807205,3198903872.925468,1888.176974,2.384623,0,1,1,0.016601
1,69017.000000,30983.000000,22,117310.505639,2692721880.527510,2001.704944,2.578293,0,1,1,0.016285
2,75896.000000,24104.000000,26,175755.906877,4664027042.380286,2537.389000,2.090267,0,1,1,0.014315
3,69550.000000,30450.000000,18,163708.846823,4549603621.169035,2941.129774,2.118923,0,1,1,0.017675
