generation,prey_fitness,predator_fitness,num_alive_end,avg_bb_size,var_bb_size,avg_shortest_dist,swarm_density_count,prey_neurons_connected_prey_retina,prey_neurons_connected_predator_retina,predator_neurons_connected_prey_retina,mutual_info
1,71999.000000,28001.000000,23,120348.564752,1893838362.347856,1910.689310,2.540703,1,0,1,0.020363
1,71284.000000,28716.000000,22,109948.380865,2012719687.742155,1618.646874,2.638961,1,0,1,0.016082
2,74699.000000,25301.000000,25,143134.022166,2902059292.413550,1780.536048,2.309710,1,0,1,0.021660
3,78005.000000,21995.000000,26,128354.819122,2094267486.730950,1169.254716,2.595363,1,0,1,0.014227
