generation,prey_fitness,predator_fitness,num_alive_end,avg_bb_size,var_bb_size,avg_shortest_dist,swarm_density_count,prey_neurons_connected_prey_retina,prey_neurons_connected_predator_retina,predator_neurons_connected_prey_retina,mutual_info
1,77565.000000,22435.000000,25,33637.469201,91395448.757066,353.624855,5.018246,0,1,1,0.019648
1,66312.000000,33688.000000,15,33171.463953,197583441.368262,486.460343,4.749444,0,1,1,0.014502
2,61960.000000,38040.000000,11,29264.710502,150687961.450280,512.089326,4.586318,0,1,1,0.015949
3,75208.000000,24792.000000,23,27752.998447,81969624.326743,323.108111,5.895148,0,1,1,0.020167
