generation,prey_fitness,predator_fitness,num_alive_end,avg_bb_size,var_bb_size,avg_shortest_dist,swarm_density_count,prey_neurons_connected_prey_retina,prey_neurons_connected_predator_retina,predator_neurons_connected_prey_retina,mutual_info
1,72363.000000,27637.000000,23,52840.086049,396937445.446641,698.816073,3.460950,4,4,1,0.022121
1,80197.000000,19803.000000,29,67902.521937,696310592.740961,838.340438,3.277052,4,4,1,0.011790
2,78454.000000,21546.000000,28,74159.704142,1351954327.930882,924.509304,3.822456,4,4,1,0.013033
3,74647.000000,25353.000000,25,69719.007984,733089498.132750,881.317709,3.216934,4,4,1,0.012428
