generation,prey_fitness,predator_fitness,num_alive_end,avg_bb_size,var_bb_size,avg_shortest_dist,swarm_density_count,prey_neurons_connected_prey_retina,prey_neurons_connected_predator_retina,predator_neurons_connected_prey_retina,mutual_info
1,82300.000000,17700.000000,30,178682.454880,4759833653.810313,2000.302337,2.135398,1,1,1,0.016905
1,70658.000000,29342.000000,22,172100.093961,4735910473.445075,2240.787077,2.032667,1,1,1,0.021072
2,72849.000000,27151.000000,27,161060.516476,3787169820.727191,1924.097877,2.034562,1,1,1,0.017974
3,77093.000000,22907.000000,28,153686.560563,3256813640.624639,1913.916268,2.225054,1,1,1,0.012896
