generation,prey_fitness,predator_fitness,num_alive_end,avg_bb_size,var_bb_size,avg_shortest_dist,swarm_density_count,prey_neurons_connected_prey_retina,prey_neurons_connected_predator_retina,predator_neurons_connected_prey_retina,mutual_info
1,67482.000000,32518.000000,19,62756.464256,451839338.437594,1020.608813,2.926123,3,3,1,0.027527
1,77463.000000,22537.000000,27,96296.791379,2065763657.186310,1287.556873,2.957123,3,3,1,0.020512
2,67498.000000,32502.000000,18,73704.850838,759401921.635700,1099.836921,2.711449,3,3,1,0.021222
3,77358.000000,22642.000000,28,124711.296344,2258828482.691034,1658.824514,2.413111,3,3,1,0.018323
