generation,prey_fitness,predator_fitness,num_alive_end,avg_bb_size,var_bb_size,avg_shortest_dist,swarm_density_count,prey_neurons_connected_prey_retina,prey_neurons_connected_predator_retina,predator_neurons_connected_prey_retina,mutual_info
1,91098.000000,8902.000000,36,15174.978051,44595612.293020,148.406121,12.561471,0,4,5,0.005612
1,79916.000000,20084.000000,26,11870.678582,17152179.125023,136.614168,12.032880,0,4,5,0.006962
2,79364.000000,20636.000000,29,13551.644932,23354442.181326,158.828834,11.199845,0,4,5,0.006740
3,86095.000000,13905.000000,32,11450.520481,11217202.384553,113.029230,13.429106,0,4,5,0.006788
