generation,prey_fitness,predator_fitness,num_alive_end,avg_bb_size,var_bb_size,avg_shortest_dist,swarm_density_count,prey_neurons_connected_prey_retina,prey_neurons_connected_predator_retina,predator_neurons_connected_prey_retina,mutual_info
1,76211.000000,23789.000000,27,145212.305886,2870972169.977629,1747.028890,2.408065,1,2,3,0.010869
1,75126.000000,24874.000000,25,143698.964632,3406854180.449736,1910.037298,2.415673,1,2,3,0.020997
2,76553.000000,23447.000000,28,140025.667294,3462799919.734953,1814.218609,2.495424,1,2,3,0.014926
3,75542.000000,24458.000000,27,130747.147875,2663511004.573923,1601.902509,2.405046,1,2,3,0.011195
