generation,prey_fitness,predator_fitness,num_alive_end,avg_bb_size,var_bb_size,avg_shortest_dist,swarm_density_count,prey_neurons_connected_prey_retina,prey_neurons_connected_predator_retina,predator_neurons_connected_prey_retina,mutual_info
1,80921.000000,19079.000000,30,78815.583855,921548408.330266,952.862094,3.699724,1,0,3,0.012803
1,77203.000000,22797.000000,28,90782.464422,2197417121.154791,1256.648932,3.361903,1,0,3,0.014736
2,70306.000000,29694.000000,24,72179.032867,1392264604.013017,1036.372758,3.273676,1,0,3,0.045481
3,73420.000000,26580.000000,24,66861.815421,525214761.651652,946.058193,3.403690,1,0,3,0.038324
