generation,prey_fitness,predator_fitness,num_alive_end,avg_bb_size,var_bb_size,avg_shortest_dist,swarm_density_count,prey_neurons_connected_prey_retina,prey_neurons_connected_predator_retina,predator_neurons_connected_prey_retina,mutual_info
1,70488.000000,29512.000000,18,55989.762935,373769314.211968,743.787401,2.866319,1,1,1,0.009900
1,73852.000000,26148.000000,24,70245.150690,712150505.858603,849.585914,2.888774,1,1,1,0.017435
2,69222.000000,30778.000000,22,63651.650882,439137319.684582,827.197600,2.839012,1,1,1,0.017296
3,73564.000000,26436.000000,23,71252.693711,577528549.350846,897.421344,2.597059,1,1,1,0.010775
