generation,prey_fitness,predator_fitness,num_alive_end,avg_bb_size,var_bb_size,avg_shortest_dist,swarm_density_count,prey_neurons_connected_prey_retina,prey_neurons_connected_predator_retina,predator_neurons_connected_prey_retina,mutual_info
1,71774.000000,28226.000000,23,153565.338742,3430442981.651047,1452.513605,2.477564,5,0,1,0.021432
1,84666.000000,15334.000000,35,161170.913039,5718272195.028696,1041.978126,2.787359,5,0,1,0.019622
2,71610.000000,28390.000000,23,153883.683812,3951258356.153167,1860.204740,2.502050,5,0,1,0.018976
3,73402.000000,26598.000000,23,148299.669039,3360685684.385159,1112.304286,2.774757,5,0,1,0.026471
