generation,prey_fitness,predator_fitness,num_alive_end,avg_bb_size,var_bb_size,avg_shortest_dist,swarm_density_count,prey_neurons_connected_prey_retina,prey_neurons_connected_predator_retina,predator_neurons_connected_prey_retina,mutual_info
1,100000.000000,1.000000,50,0.000000,0.000000,0.000000,49.000000,0,0,1,-0.000000
1,98244.000000,1756.000000,49,0.000000,0.000000,0.000000,48.122500,0,0,1,0.000022
2,100000.000000,1.000000,50,0.000000,0.000000,0.000000,49.000000,0,0,1,-0.000000
3,100000.000000,1.000000,50,0.000000,0.000000,0.000000,49.000000,0,0,1,0.000000
