generation,prey_fitness,predator_fitness,num_alive_end,avg_bb_size,var_bb_size,avg_shortest_dist,swarm_density_count,prey_neurons_connected_prey_retina,prey_neurons_connected_predator_retina,predator_neurons_connected_prey_retina,mutual_info
1,87397.000000,12603.000000,36,10574.681821,15698583.390317,106.049114,14.007659,0,0,1,0.003164
1,83028.000000,16972.000000,30,10910.745963,20513584.193341,116.784235,13.537932,0,0,1,0.004271
2,74619.000000,25381.000000,25,10005.138108,11817801.849805,121.869061,12.762798,0,0,1,0.007092
3,89563.000000,10437.000000,34,12405.063883,21884630.705703,116.412751,15.165085,0,0,1,0.004734
