generation,prey_fitness,predator_fitness,num_alive_end,avg_bb_size,var_bb_size,avg_shortest_dist,swarm_density_count,prey_neurons_connected_prey_retina,prey_neurons_connected_predator_retina,predator_neurons_connected_prey_retina,mutual_info
1,72980.000000,27020.000000,25,200027.839781,5468332721.827107,2561.671717,1.953553,1,0,1,0.022129
1,68815.000000,31185.000000,23,201505.190120,6092163576.213164,3254.929284,1.886176,1,0,1,0.018848
2,74080.000000,25920.000000,23,176601.047505,4441005213.786439,2555.860897,1.829762,1,0,1,0.022955
3,75646.000000,24354.000000,28,192078.644700,6051478987.980270,2477.435771,2.015859,1,0,1,0.024932
