generation,prey_fitness,predator_fitness,num_alive_end,avg_bb_size,var_bb_size,avg_shortest_dist,swarm_density_count,prey_neurons_connected_prey_retina,prey_neurons_connected_predator_retina,predator_neurons_connected_prey_retina,mutual_info
1,77453.000000,22547.000000,27,106276.899537,2391008182.956841,1373.118402,2.934159,0,1,2,0.013601
1,82648.000000,17352.000000,32,134797.182632,3100636316.040561,1567.765361,2.755464,0,1,2,0.019481
2,77079.000000,22921.000000,26,118263.303554,2643385175.094060,1518.367347,2.687467,0,1,2,0.021598
3,61533.000000,38467.000000,16,103389.649550,2329403364.467848,1651.411023,2.448671,0,1,2,0.010076
