generation,prey_fitness,predator_fitness,num_alive_end,avg_bb_size,var_bb_size,avg_shortest_dist,swarm_density_count,prey_neurons_connected_prey_retina,prey_neurons_connected_predator_retina,predator_neurons_connected_prey_retina,mutual_info
1,70333.000000,29667.000000,21,75428.942167,587189378.713349,1036.137096,2.820918,2,3,2,0.032699
1,64957.000000,35043.000000,18,81805.937395,1075543944.704328,1334.419339,2.653713,2,3,2,0.029892
2,72425.000000,27575.000000,24,79207.389933,1336996897.824594,1009.961583,2.824431,2,3,2,0.024492
3,73780.000000,26220.000000,25,97956.244939,1634817735.284881,1246.568064,2.886043,2,3,2,0.027835
