generation,prey_fitness,predator_fitness,num_alive_end,avg_bb_size,var_bb_size,avg_shortest_dist,swarm_density_count,prey_neurons_connected_prey_retina,prey_neurons_connected_predator_retina,predator_neurons_connected_prey_retina,mutual_info
1,76981.000000,23019.000000,28,163207.355281,3636629864.987761,2015.065806,2.341618,2,0,1,0.016592
1,70605.000000,29395.000000,21,168459.765953,4755996408.566982,2645.260658,2.351997,2,0,1,0.023379
2,76584.000000,23416.000000,26,178616.744444,4738989477.874234,2102.890175,2.269273,2,0,1,0.034406
3,73813.000000,26187.000000,24,172025.188534,4208636095.558349,2372.679736,2.371263,2,0,1,0.030709
