generation,prey_fitness,predator_fitness,num_alive_end,avg_bb_size,var_bb_size,avg_shortest_dist,swarm_density_count,prey_neurons_connected_prey_retina,prey_neurons_connected_predator_retina,predator_neurons_connected_prey_retina,mutual_info
1,75767.000000,24233.000000,25,30341.351725,173748134.506910,395.144483,7.676414,2,0,1,0.008777
1,71054.000000,28946.000000,18,28443.879498,100676730.607802,405.033368,6.532161,2,0,1,0.012018
2,60685.000000,39315.000000,12,24973.751959,107593001.990803,523.914724,6.198708,2,0,1,0.013158
3,66368.000000,33632.000000,19,32341.097543,354423310.876301,600.085367,6.954032,2,0,1,0.017254
