generation,prey_fitness,predator_fitness,num_alive_end,avg_bb_size,var_bb_size,avg_shortest_dist,swarm_density_count,prey_neurons_connected_prey_retina,prey_neurons_connected_predator_retina,predator_neurons_connected_prey_retina,mutual_info
1,75581.000000,24419.000000,26,128133.873818,3100892957.971029,1567.718675,2.388792,2,1,3,0.009491
1,76060.000000,23940.000000,24,117634.213547,2348027198.290600,1642.211516,2.683239,2,1,3,0.011218
2,82106.000000,17894.000000,31,142798.909303,4352428344.766047,1540.372406,2.438406,2,1,3,0.011022
3,73177.000000,26823.000000,23,109971.698411,2251308165.413928,1493.341354,2.385298,2,1,3,0.011127
