generation,prey_fitness,predator_fitness,num_alive_end,avg_bb_size,var_bb_size,avg_shortest_dist,swarm_density_count,prey_neurons_connected_prey_retina,prey_neurons_connected_predator_retina,predator_neurons_connected_prey_retina,mutual_info
1,100000.000000,1.000000,50,0.000000,0.000000,0.000000,49.000000,0,0,1,0.000000
1,100000.000000,1.000000,50,0.000000,0.000000,0.000000,49.000000,0,0,1,0.000000
2,100000.000000,1.000000,50,0.000000,0.000000,0.000000,49.000000,0,0,1,0.000000
3,99888.000000,112.000000,49,0.000000,0.000000,0.000000,48.944500,0,0,1,0.000000
