generation,prey_fitness,predator_fitness,num_alive_end,avg_bb_size,var_bb_size,avg_shortest_dist,swarm_density_count,prey_neurons_connected_prey_retina,prey_neurons_connected_predator_retina,predator_neurons_connected_prey_retina,mutual_info
1,79250.000000,20750.000000,31,156954.905803,5069619338.518421,1485.108270,4.161273,1,1,1,0.021058
1,73649.000000,26351.000000,23,147715.967847,6765960594.151413,1448.127896,4.124355,1,1,1,0.013371
2,74581.000000,25419.000000,25,139608.668712,5524468012.618296,1797.841703,4.011388,1,1,1,0.014305
3,71678.000000,28322.000000,25,136375.034794,3281817156.761022,1562.621321,3.784353,1,1,1,0.024566
