generation,prey_fitness,predator_fitness,num_alive_end,avg_bb_size,var_bb_size,avg_shortest_dist,swarm_density_count,prey_neurons_connected_prey_retina,prey_neurons_connected_predator_retina,predator_neurons_connected_prey_retina,mutual_info
1,76680.000000,23320.000000,25,207442.194888,5693957294.005569,2619.783314,1.850944,1,5,1,0.021397
1,75311.000000,24689.000000,27,197418.366861,5321301851.311625,2478.375049,1.861431,1,5,1,0.016770
2,72108.000000,27892.000000,22,185043.911551,4643587709.836164,2307.429187,2.029311,1,5,1,0.018763
3,68007.000000,31993.000000,20,198849.772525,5472175781.337683,3391.033360,2.045653,1,5,1,0.030908
