generation,prey_fitness,predator_fitness,num_alive_end,avg_bb_size,var_bb_size,avg_shortest_dist,swarm_density_count,prey_neurons_connected_prey_retina,prey_neurons_connected_predator_retina,predator_neurons_connected_prey_retina,mutual_info
1,72788.000000,27212.000000,20,40052.680448,167861415.568308,481.886822,4.736491,0,0,3,0.013155
1,68845.000000,31155.000000,18,42550.804571,315286711.610094,662.152451,4.306883,0,0,3,0.008584
2,62491.000000,37509.000000,14,31825.739113,145875492.772660,777.340549,4.773349,0,0,3,0.012307
3,58563.000000,41437.000000,15,33341.461157,109017328.337330,668.351191,4.232165,0,0,3,0.010211
