generation,prey_fitness,predator_fitness,num_alive_end,avg_bb_size,var_bb_size,avg_shortest_dist,swarm_density_count,prey_neurons_connected_prey_retina,prey_neurons_connected_predator_retina,predator_neurons_connected_prey_retina,mutual_info
1,79156.000000,20844.000000,28,95363.811652,1833544495.106350,1131.750093,2.865848,1,1,1,0.014614
1,79310.000000,20690.000000,28,78169.927659,689087230.239867,853.899635,2.987512,1,1,1,0.023709
2,81875.000000,18125.000000,31,122293.704561,2525193073.804293,1086.510832,2.923510,1,1,1,0.021015
3,74662.000000,25338.000000,25,83877.024679,872318765.414426,1027.395112,3.054561,1,1,1,0.018511
