generation,prey_fitness,predator_fitness,num_alive_end,avg_bb_size,var_bb_size,avg_shortest_dist,swarm_density_count,prey_neurons_connected_prey_retina,prey_neurons_connected_predator_retina,predator_neurons_connected_prey_retina,mutual_info
1,69596.000000,30404.000000,20,76494.905793,953645868.092795,1138.891574,2.954812,1,2,2,0.021042
1,75464.000000,24536.000000,26,88994.644785,1640255502.625658,1267.511964,3.377934,1,2,2,0.017393
2,73555.000000,26445.000000,25,79152.940615,1113871814.522975,1108.163620,3.145031,1,2,2,0.015548
3,76827.000000,23173.000000,27,79738.234023,1546546031.897488,1017.288694,3.828514,1,2,2,0.010783
