generation,prey_fitness,predator_fitness,num_alive_end,avg_bb_size,var_bb_size,avg_shortest_dist,swarm_density_count,prey_neurons_connected_prey_retina,prey_neurons_connected_predator_retina,predator_neurons_connected_prey_retina,mutual_info
1,76557.000000,23443.000000,26,134665.902951,2705380929.248573,1681.589310,2.498999,0,3,1,0.011501
1,81869.000000,18131.000000,33,157402.478473,4970528786.978473,1652.693772,2.305013,0,3,1,0.020737
2,76248.000000,23752.000000,27,123982.487271,3597900921.201654,1377.337529,2.642937,0,3,1,0.010651
3,78369.000000,21631.000000,31,123455.076970,3096928943.049767,1458.961012,2.488691,0,3,1,0.009450
