generation,prey_fitness,predator_fitness,num_alive_end,avg_bb_size,var_bb_size,avg_shortest_dist,swarm_density_count,prey_neurons_connected_prey_retina,prey_neurons_connected_predator_retina,predator_neurons_connected_prey_retina,mutual_info
1,76899.000000,23101.000000,22,52099.201697,768839048.792868,660.326262,6.300625,1,2,2,0.011127
1,66520.000000,33480.000000,19,41491.726479,396245377.141934,722.450106,5.497435,1,2,2,0.010072
2,66255.000000,33745.000000,18,42404.606696,381141997.170303,670.625952,5.840302,1,2,2,0.022853
3,74189.000000,25811.000000,24,49175.654994,614065660.452775,704.462371,6.001403,1,2,2,0.022043
