generation,prey_fitness,predator_fitness,num_alive_end,avg_bb_size,var_bb_size,avg_shortest_dist,swarm_density_count,prey_neurons_connected_prey_retina,prey_neurons_connected_predator_retina,predator_neurons_connected_prey_retina,mutual_info
1,80719.000000,19281.000000,30,193251.795950,5247860215.320053,2182.103455,2.065683,1,0,1,0.010750
1,71830.000000,28170.000000,26,195330.215482,5698852150.566523,2633.107132,2.056305,1,0,1,0.021526
2,70048.000000,29952.000000,25,188956.730157,5270171959.319487,2286.244078,2.097534,1,0,1,0.017316
3,72230.000000,27770.000000,25,185375.380355,4727077923.697071,2924.691625,1.998979,1,0,1,0.023862
