generation,prey_fitness,predator_fitness,num_alive_end,avg_bb_size,var_bb_size,avg_shortest_dist,swarm_density_count,prey_neurons_connected_prey_retina,prey_neurons_connected_predator_retina,predator_neurons_connected_prey_retina,mutual_info
1,78420.000000,21580.000000,27,136073.526663,3639765663.949056,1607.871487,2.531239,0,0,1,0.010074
1,71440.000000,28560.000000,25,114627.660231,2931981141.094423,1854.068164,2.656427,0,0,1,0.012906
2,76702.000000,23298.000000,27,116122.945772,2548234619.626874,1402.849432,2.747887,0,0,1,0.019517
3,72736.000000,27264.000000,24,111332.378320,1623529595.514037,1642.701527,2.463280,0,0,1,0.024069
