generation,prey_fitness,predator_fitness,num_alive_end,avg_bb_size,var_bb_size,avg_shortest_dist,swarm_density_count,prey_neurons_connected_prey_retina,prey_neurons_connected_predator_retina,predator_neurons_connected_prey_retina,mutual_info
1,74479.000000,25521.000000,29,117588.175443,2280054539.653173,1578.399460,2.778571,0,2,1,0.012152
1,78472.000000,21528.000000,28,112029.319199,2264618643.860500,1277.630876,2.957197,0,2,1,0.025815
2,73195.000000,26805.000000,27,107008.908128,2215666658.950929,1404.483600,2.881040,0,2,1,0.017223
3,77397.000000,22603.000000,26,112870.118936,2089335200.724438,1385.260371,2.912783,0,2,1,0.007878
