generation,prey_fitness,predator_fitness,num_alive_end,avg_bb_size,var_bb_size,avg_shortest_dist,swarm_density_count,prey_neurons_connected_prey_retina,prey_neurons_connected_predator_retina,predator_neurons_connected_prey_retina,mutual_info
1,70729.000000,29271.000000,20,85006.645833,1018663256.208374,1365.001320,3.299027,2,1,3,0.018802
1,76615.000000,23385.000000,26,81141.397622,941454100.723869,1048.508785,3.335396,2,1,3,0.015511
2,75751.000000,24249.000000,26,110202.031955,2717856901.618939,1531.690336,2.709455,2,1,3,0.013424
3,74112.000000,25888.000000,26,96440.509746,1939287577.526084,1122.218661,3.048049,2,1,3,0.009972
