generation,prey_fitness,predator_fitness,num_alive_end,avg_bb_size,var_bb_size,avg_shortest_dist,swarm_density_count,prey_neurons_connected_prey_retina,prey_neurons_connected_predator_retina,predator_neurons_connected_prey_retina,mutual_info
1,64216.000000,35784.000000,19,95098.063401,2377159925.841267,1903.616845,2.657091,2,1,3,0.017006
1,73839.000000,26161.000000,26,135646.965543,5272887142.532076,1901.076741,2.649297,2,1,3,0.031756
2,74786.000000,25214.000000,26,129455.335519,2674322733.498150,1588.382660,2.626039,2,1,3,0.016709
3,71941.000000,28059.000000,25,144010.924007,4605488006.057895,1778.613754,2.537800,2,1,3,0.024836
