generation,prey_fitness,predator_fitness,num_alive_end,avg_bb_size,var_bb_size,avg_shortest_dist,swarm_density_count,prey_neurons_connected_prey_retina,prey_neurons_connected_predator_retina,predator_neurons_connected_prey_retina,mutual_info
1,57769.000000,42231.000000,11,220006.939152,4981096452.704045,4214.759792,1.694572,6,1,1,0.022615
1,65963.000000,34037.000000,15,216126.789071,4853954128.749218,2892.169488,2.129178,6,1,1,0.037708
2,57362.000000,42638.000000,15,209330.874997,4950824766.236213,3292.184613,1.913207,6,1,1,0.020999
3,56997.000000,43003.000000,13,218452.645081,4893504405.083714,4388.445899,2.010412,6,1,1,0.050911
