generation,prey_fitness,predator_fitness,num_alive_end,avg_bb_size,var_bb_size,avg_shortest_dist,swarm_density_count,prey_neurons_connected_prey_retina,prey_neurons_connected_predator_retina,predator_neurons_connected_prey_retina,mutual_info
1,66287.000000,33713.000000,20,193443.188555,5639771534.746580,3227.590908,2.115564,0,0,1,0.024161
1,68830.000000,31170.000000,17,195057.920664,6185779304.630425,3029.224795,2.139759,0,0,1,0.024378
2,70599.000000,29401.000000,24,200445.837945,6103684364.252613,3066.312528,2.015309,0,0,1,0.012134
3,67334.000000,32666.000000,21,189810.294469,5445275558.856146,2990.194687,1.984813,0,0,1,0.020564
