generation,prey_fitness,predator_fitness,num_alive_end,avg_bb_size,var_bb_size,avg_shortest_dist,swarm_density_count,prey_neurons_connected_prey_retina,prey_neurons_connected_predator_retina,predator_neurons_connected_prey_retina,mutual_info
1,63556.000000,36444.000000,15,47182.333138,282962043.366948,788.141500,3.234305,1,1,2,0.008188
1,69876.000000,30124.000000,19,54004.904867,480668826.935286,814.901603,3.710466,1,1,2,0.009561
2,65252.000000,34748.000000,19,40063.334243,419681797.884947,733.507510,4.181523,1,1,2,0.010583
3,70570.000000,29430.000000,23,52478.377217,653331369.207413,792.658109,3.525215,1,1,2,0.007961
