generation,prey_fitness,predator_fitness,num_alive_end,avg_bb_size,var_bb_size,avg_shortest_dist,swarm_density_count,prey_neurons_connected_prey_retina,prey_neurons_connected_predator_retina,predator_neurons_connected_prey_retina,mutual_info
1,74400.000000,25600.000000,26,155706.323025,3597993623.659104,1843.634933,2.248472,1,2,1,0.017645
1,70868.000000,29132.000000,25,133787.399261,3796233808.385170,1881.901331,2.301922,1,2,1,0.009235
2,79688.000000,20312.000000,30,167822.658649,4585135691.030190,1928.274697,2.446726,1,2,1,0.024262
3,65816.000000,34184.000000,18,146633.565919,3402713613.786875,2073.917079,2.209203,1,2,1,0.024698
