generation,prey_fitness,predator_fitness,num_alive_end,avg_bb_size,var_bb_size,avg_shortest_dist,swarm_density_count,prey_neurons_connected_prey_retina,prey_neurons_connected_predator_retina,predator_neurons_connected_prey_retina,mutual_info
1,71482.000000,28518.000000,21,65396.897693,533465760.930193,806.932972,3.211689,0,2,1,0.017694
1,73075.000000,26925.000000,25,85683.221979,1198443638.794996,1273.450567,3.028474,0,2,1,0.017366
2,71512.000000,28488.000000,20,69266.733986,830736349.514436,980.200817,3.355290,0,2,1,0.016666
3,75013.000000,24987.000000,26,77999.511638,1100272471.181953,943.824520,3.356413,0,2,1,0.017485
