generation,prey_fitness,predator_fitness,num_alive_end,avg_bb_size,var_bb_size,avg_shortest_dist,swarm_density_count,prey_neurons_connected_prey_retina,prey_neurons_connected_predator_retina,predator_neurons_connected_prey_retina,mutual_info
1,77920.000000,22080.000000,30,211606.680634,5974167280.053472,2724.668004,1.937694,1,3,1,0.025884
1,79743.000000,20257.000000,30,213096.497123,5810913864.344229,2210.722512,1.929375,1,3,1,0.013040
2,74580.000000,25420.000000,24,214334.866605,5755663383.139654,2579.722810,1.944617,1,3,1,0.012232
3,84429.000000,15571.000000,32,211371.451018,5836420877.107416,2218.085168,2.038443,1,3,1,0.021322
