generation,prey_fitness,predator_fitness,num_alive_end,avg_bb_size,var_bb_size,avg_shortest_dist,swarm_density_count,prey_neurons_connected_prey_retina,prey_neurons_connected_predator_retina,predator_neurons_connected_prey_retina,mutual_info
1,72541.000000,27459.000000,23,52930.099567,512789962.333769,764.914020,5.464552,2,1,1,0.015769
1,76382.000000,23618.000000,23,36818.264699,177179226.626431,514.166781,7.263648,2,1,1,0.012431
2,73041.000000,26959.000000,21,41951.681189,339818415.089149,570.050087,8.250202,2,1,1,0.022317
3,61056.000000,38944.000000,13,29885.843654,257799501.241528,667.056128,6.631823,2,1,1,0.019991
