generation,prey_fitness,predator_fitness,num_alive_end,avg_bb_size,var_bb_size,avg_shortest_dist,swarm_density_count,prey_neurons_connected_prey_retina,prey_neurons_connected_predator_retina,predator_neurons_connected_prey_retina,mutual_info
1,82325.000000,17675.000000,30,60216.392218,441506942.072400,324.057237,4.103213,1,1,1,0.018685
1,70314.000000,29686.000000,20,52701.655727,468358970.028940,508.973965,4.167099,1,1,1,0.020526
2,71626.000000,28374.000000,22,51970.150642,259098226.807833,348.597958,4.030049,1,1,1,0.017159
3,76413.000000,23587.000000,26,51761.772425,335583353.830525,278.925751,4.886603,1,1,1,0.022059
