generation,prey_fitness,predator_fitness,num_alive_end,avg_bb_size,var_bb_size,avg_shortest_dist,swarm_density_count,prey_neurons_connected_prey_retina,prey_neurons_connected_predator_retina,predator_neurons_connected_prey_retina,mutual_info
1,73759.000000,26241.000000,27,144373.770513,3457044239.515255,1836.231607,2.201506,0,0,1,0.019826
1,80033.000000,19967.000000,30,161981.227982,3577748234.026414,1778.047189,2.403794,0,0,1,0.031628
2,74751.000000,25249.000000,30,158510.442661,4015979292.248532,2012.106074,2.245125,0,0,1,0.015738
3,70942.000000,29058.000000,23,131486.534847,2621802923.680311,2014.779592,2.362592,0,0,1,0.024845
