generation,prey_fitness,predator_fitness,num_alive_end,avg_bb_size,var_bb_size,avg_shortest_dist,swarm_density_count,prey_neurons_connected_prey_retina,prey_neurons_connected_predator_retina,predator_neurons_connected_prey_retina,mutual_info
1,68563.000000,31437.000000,22,193309.572281,3921525964.031349,3020.699818,1.565042,5,4,3,0.015772
1,73863.000000,26137.000000,26,195211.596783,4067824758.468044,2761.570720,1.556019,5,4,3,0.014553
2,73428.000000,26572.000000,23,183052.076574,3528190057.660907,2630.122594,1.741971,5,4,3,0.014992
3,73484.000000,26516.000000,28,197156.409897,4011471143.777470,2417.302341,1.632038,5,4,3,0.018521
