generation,prey_fitness,predator_fitness,num_alive_end,avg_bb_size,var_bb_size,avg_shortest_dist,swarm_density_count,prey_neurons_connected_prey_retina,prey_neurons_connected_predator_retina,predator_neurons_connected_prey_retina,mutual_info
1,66275.000000,33725.000000,20,210399.394547,5981024644.328849,3221.428761,1.885778,1,0,4,0.017443
1,68349.000000,31651.000000,17,210577.311897,6013430927.146750,3405.580109,2.014402,1,0,4,0.029076
2,67096.000000,32904.000000,19,211231.809024,6043402480.829713,3009.104013,1.984212,1,0,4,0.013880
3,74257.000000,25743.000000,23,209540.717785,5849213091.293224,2480.012269,2.116859,1,0,4,0.013676
