generation,prey_fitness,predator_fitness,num_alive_end,avg_bb_size,var_bb_size,avg_shortest_dist,swarm_density_count,prey_neurons_connected_prey_retina,prey_neurons_connected_predator_retina,predator_neurons_connected_prey_retina,mutual_info
1,68542.000000,31458.000000,12,24244.587664,61100332.109762,381.122521,5.636513,2,4,1,0.011181
1,67557.000000,32443.000000,16,24127.508910,71129315.930468,362.779643,5.381386,2,4,1,0.014450
2,75738.000000,24262.000000,23,30405.613455,100460543.491500,391.860026,5.624801,2,4,1,0.009326
3,63460.000000,36540.000000,13,31013.777384,111610240.894492,531.292767,4.823921,2,4,1,0.010313
