generation,prey_fitness,predator_fitness,num_alive_end,avg_bb_size,var_bb_size,avg_shortest_dist,swarm_density_count,prey_neurons_connected_prey_retina,prey_neurons_connected_predator_retina,predator_neurons_connected_prey_retina,mutual_info
1,71741.000000,28259.000000,24,123381.240464,3418534420.920865,1160.674070,3.545875,2,1,1,0.021202
1,78158.000000,21842.000000,28,182467.514127,5266263931.503917,1610.593432,3.433775,2,1,1,0.015082
2,70472.000000,29528.000000,25,149383.321626,4500484467.836195,1557.013710,3.087803,2,1,1,0.020022
3,72998.000000,27002.000000,24,155672.971703,4251381948.448860,1936.053867,3.717219,2,1,1,0.024126
