generation,prey_fitness,predator_fitness,num_alive_end,avg_bb_size,var_bb_size,avg_shortest_dist,swarm_density_count,prey_neurons_connected_prey_retina,prey_neurons_connected_predator_retina,predator_neurons_connected_prey_retina,mutual_info
1,73045.000000,26955.000000,25,86892.502210,1011838893.969595,1133.214484,2.837444,1,5,1,0.013865
1,70682.000000,29318.000000,22,65657.874814,607296678.917803,928.253384,3.271069,1,5,1,0.036728
2,75880.000000,24120.000000,23,83388.613864,1126254889.400410,998.298901,2.882980,1,5,1,0.018741
3,73496.000000,26504.000000,26,91006.130933,1562976855.941711,1271.756575,2.765477,1,5,1,0.014138
