generation,prey_fitness,predator_fitness,num_alive_end,avg_bb_size,var_bb_size,avg_shortest_dist,swarm_density_count,prey_neurons_connected_prey_retina,prey_neurons_connected_predator_retina,predator_neurons_connected_prey_retina,mutual_info
1,71367.000000,28633.000000,22,177800.804834,5089931062.532394,1887.886194,2.250537,1,0,2,0.022600
1,80215.000000,19785.000000,28,145153.997844,3656642937.472199,1744.185950,2.581280,1,0,2,0.013570
2,78050.000000,21950.000000,29,140841.249486,3324593634.927481,1395.629428,2.602017,1,0,2,0.016008
3,75877.000000,24123.000000,24,141801.293720,3049048748.530673,1635.629891,2.434504,1,0,2,0.016608
