generation,prey_fitness,predator_fitness,num_alive_end,avg_bb_size,var_bb_size,avg_shortest_dist,swarm_density_count,prey_neurons_connected_prey_retina,prey_neurons_connected_predator_retina,predator_neurons_connected_prey_retina,mutual_info
1,64087.000000,35913.000000,20,75571.600587,615740537.540662,1115.146782,2.526183,4,5,1,0.017930
1,72681.000000,27319.000000,25,89885.248842,811079118.798853,1154.354562,2.336886,4,5,1,0.018721
2,71337.000000,28663.000000,21,68987.162899,440185654.467710,923.785977,3.098745,4,5,1,0.018758
3,76142.000000,23858.000000,26,84640.552266,761096733.389870,937.197678,2.572343,4,5,1,0.018939
