generation,prey_fitness,predator_fitness,num_alive_end,avg_bb_size,var_bb_size,avg_shortest_dist,swarm_density_count,prey_neurons_connected_prey_retina,prey_neurons_connected_predator_retina,predator_neurons_connected_prey_retina,mutual_info
1,70365.000000,29635.000000,22,35361.645559,234205674.700331,565.245789,6.298268,3,3,1,0.032703
1,70754.000000,29246.000000,20,33731.994348,143230486.657724,522.472350,6.078690,3,3,1,0.014335
2,73954.000000,26046.000000,23,64234.538246,1191556719.813867,1029.934726,5.522696,3,3,1,0.010565
3,70695.000000,29305.000000,21,45973.272970,337465211.457011,909.178394,5.629468,3,3,1,0.014001
