generation,prey_fitness,predator_fitness,num_alive_end,avg_bb_size,var_bb_size,avg_shortest_dist,swarm_density_count,prey_neurons_connected_prey_retina,prey_neurons_connected_predator_retina,predator_neurons_connected_prey_retina,mutual_info
1,73750.000000,26250.000000,23,196062.071815,5320696235.209424,1642.086981,3.046134,2,1,3,0.024980
1,81125.000000,18875.000000,32,198547.864659,6292910787.085776,1445.067049,2.535760,2,1,3,0.017743
2,71596.000000,28404.000000,24,192945.658011,5296469813.955770,1574.326958,2.896533,2,1,3,0.018561
3,72124.000000,27876.000000,21,158459.789148,5999104257.319230,1495.443350,3.045484,2,1,3,0.024875
