generation,prey_fitness,predator_fitness,num_alive_end,avg_bb_size,var_bb_size,avg_shortest_dist,swarm_density_count,prey_neurons_connected_prey_retina,prey_neurons_connected_predator_retina,predator_neurons_connected_prey_retina,mutual_info
1,76162.000000,23838.000000,23,186369.808140,5719183872.135027,2526.573361,2.385626,1,0,1,0.014593
1,75804.000000,24196.000000,25,162418.543548,4841700747.467992,1776.376294,2.326267,1,0,1,0.022320
2,65316.000000,34684.000000,19,173548.281280,4741986757.940595,2773.156810,2.221305,1,0,1,0.017707
3,75416.000000,24584.000000,24,183073.013947,5287597196.903398,2019.531360,2.274460,1,0,1,0.019829
