generation,prey_fitness,predator_fitness,num_alive_end,avg_bb_size,var_bb_size,avg_shortest_dist,swarm_density_count,prey_neurons_connected_prey_retina,prey_neurons_connected_predator_retina,predator_neurons_connected_prey_retina,mutual_info
1,78511.000000,21489.000000,30,137277.328304,3028841588.814748,1542.281604,3.902838,2,0,3,0.017489
1,76591.000000,23409.000000,27,77264.301795,1594786712.173977,952.658754,4.401590,2,0,3,0.014978
2,73582.000000,26418.000000,22,141043.266484,3668959429.667801,1614.598350,3.528494,2,0,3,0.011265
3,72120.000000,27880.000000,21,143995.813488,3262219663.299563,2051.941747,2.821610,2,0,3,0.012979
