generation,prey_fitness,predator_fitness,num_alive_end,avg_bb_size,var_bb_size,avg_shortest_dist,swarm_density_count,prey_neurons_connected_prey_retina,prey_neurons_connected_predator_retina,predator_neurons_connected_prey_retina,mutual_info
1,98103.000000,1897.000000,48,394.447375,2776.777821,2.766972,48.052500,1,0,3,0.001786
1,97951.000000,2049.000000,48,384.845755,2823.268690,2.810947,47.976500,1,0,3,0.002054
2,98282.000000,1718.000000,49,382.889405,3067.627799,2.848145,48.141500,1,0,3,0.002046
3,97181.000000,2819.000000,46,387.248209,3368.562018,2.850802,47.592500,1,0,3,0.002411
