generation,prey_fitness,predator_fitness,num_alive_end,avg_bb_size,var_bb_size,avg_shortest_dist,swarm_density_count,prey_neurons_connected_prey_retina,prey_neurons_connected_predator_retina,predator_neurons_connected_prey_retina,mutual_info
1,76523.000000,23477.000000,28,169900.538425,3558973158.767080,1967.098759,1.907803,3,0,1,0.020311
1,73390.000000,26610.000000,26,134091.388276,2224396821.450255,1529.761005,2.188251,3,0,1,0.009173
2,72755.000000,27245.000000,22,150413.601593,2922994309.977130,2232.662987,2.064428,3,0,1,0.016052
3,72195.000000,27805.000000,25,121936.495038,1869708327.285845,1457.826303,2.165698,3,0,1,0.033100
