generation,prey_fitness,predator_fitness,num_alive_end,avg_bb_size,var_bb_size,avg_shortest_dist,swarm_density_count,prey_neurons_connected_prey_retina,prey_neurons_connected_predator_retina,predator_neurons_connected_prey_retina,mutual_info
1,76842.000000,23158.000000,25,173999.310862,4213824202.051332,2103.901900,1.995471,2,3,1,0.015692
1,76559.000000,23441.000000,28,170143.748112,4395875768.315580,2025.466151,1.985175,2,3,1,0.035577
2,72198.000000,27802.000000,22,170175.820882,4042946259.211077,2311.806088,1.968642,2,3,1,0.014442
3,71579.000000,28421.000000,23,178706.454560,5316364937.060071,2602.398896,1.929153,2,3,1,0.017429
