generation,prey_fitness,predator_fitness,num_alive_end,avg_bb_size,var_bb_size,avg_shortest_dist,swarm_density_count,prey_neurons_connected_prey_retina,prey_neurons_connected_predator_retina,predator_neurons_connected_prey_retina,mutual_info
1,85915.000000,14085.000000,36,203744.976305,6487943599.733455,2088.693665,2.127158,0,1,1,0.015790
1,77215.000000,22785.000000,28,205986.134472,6436981523.794031,2433.267568,2.047387,0,1,1,0.009995
2,82324.000000,17676.000000,33,203610.755967,6355084563.903495,2318.109663,2.071712,0,1,1,0.011537
3,86064.000000,13936.000000,35,199819.910092,5824787581.217269,2143.339474,2.078948,0,1,1,0.010894
