generation,prey_fitness,predator_fitness,num_alive_end,avg_bb_size,var_bb_size,avg_shortest_dist,swarm_density_count,prey_neurons_connected_prey_retina,prey_neurons_connected_predator_retina,predator_neurons_connected_prey_retina,mutual_info
1,63142.000000,36858.000000,17,62066.920160,444974481.798313,1112.922772,2.908265,0,2,1,0.015313
1,72723.000000,27277.000000,26,90432.686746,1763875064.072646,1219.322124,3.323210,0,2,1,0.015916
2,79715.000000,20285.000000,28,94162.699091,1244072313.022201,1032.429019,2.675864,0,2,1,0.014263
3,65126.000000,34874.000000,17,88425.730907,1545748084.986075,1663.232828,2.707058,0,2,1,0.029746
