generation,prey_fitness,predator_fitness,num_alive_end,avg_bb_size,var_bb_size,avg_shortest_dist,swarm_density_count,prey_neurons_connected_prey_retina,prey_neurons_connected_predator_retina,predator_neurons_connected_prey_retina,mutual_info
1,76629.000000,23371.000000,24,24522.505069,91371161.951018,324.016119,7.604633,7,2,1,0.016045
1,73717.000000,26283.000000,24,25385.288491,110780790.634785,323.928047,7.353009,7,2,1,0.011946
2,75136.000000,24864.000000,24,23178.777167,115960838.712286,291.827843,7.792951,7,2,1,0.022567
3,77604.000000,22396.000000,27,29813.966488,89501523.236594,390.011489,7.492056,7,2,1,0.026792
