generation,prey_fitness,predator_fitness,num_alive_end,avg_bb_size,var_bb_size,avg_shortest_dist,swarm_density_count,prey_neurons_connected_prey_retina,prey_neurons_connected_predator_retina,predator_neurons_connected_prey_retina,mutual_info
1,68823.000000,31177.000000,22,149966.543216,4335975740.378368,2454.593208,2.253377,0,1,4,0.021618
1,74019.000000,25981.000000,25,153716.368243,4322699711.080063,2032.411320,2.435939,0,1,4,0.021661
2,76372.000000,23628.000000,29,157779.999830,3960331501.453600,1720.511437,2.303949,0,1,4,0.019422
3,80039.000000,19961.000000,29,162076.939443,5123820982.408333,1877.379286,2.405097,0,1,4,0.020234
