generation,prey_fitness,predator_fitness,num_alive_end,avg_bb_size,var_bb_size,avg_shortest_dist,swarm_density_count,prey_neurons_connected_prey_retina,prey_neurons_connected_predator_retina,predator_neurons_connected_prey_retina,mutual_info
1,72965.000000,27035.000000,21,184774.077229,5563672432.974510,2032.454622,2.283842,2,2,2,0.026157
1,77888.000000,22112.000000,28,199925.457239,4844046953.464412,2080.398718,2.242481,2,2,2,0.027947
2,73469.000000,26531.000000,28,191231.475187,5476276406.411534,1821.741031,2.104687,2,2,2,0.015986
3,74423.000000,25577.000000,23,197906.441671,4946353195.139184,2117.815660,2.354222,2,2,2,0.032350
