generation,prey_fitness,predator_fitness,num_alive_end,avg_bb_size,var_bb_size,avg_shortest_dist,swarm_density_count,prey_neurons_connected_prey_retina,prey_neurons_connected_predator_retina,predator_neurons_connected_prey_retina,mutual_info
1,73426.000000,26574.000000,24,204414.937149,5574561614.376922,2380.528439,1.942259,1,1,1,0.022015
1,76791.000000,23209.000000,26,203717.520280,5158837750.982141,2432.298579,1.870692,1,1,1,0.021954
2,67520.000000,32480.000000,20,200779.859224,5175370076.139064,2909.371452,1.861039,1,1,1,0.025462
3,73582.000000,26418.000000,21,204809.332335,5250120427.811149,2784.645207,1.811258,1,1,1,0.023558
