generation,prey_fitness,predator_fitness,num_alive_end,avg_bb_size,var_bb_size,avg_shortest_dist,swarm_density_count,prey_neurons_connected_prey_retina,prey_neurons_connected_predator_retina,predator_neurons_connected_prey_retina,mutual_info
1,64975.000000,35025.000000,18,201823.216534,6953372735.079247,2951.187601,2.316583,0,2,2,0.019861
1,72083.000000,27917.000000,21,196269.881029,7022171655.532805,2747.648537,2.320524,0,2,2,0.013863
2,77840.000000,22160.000000,25,202330.067257,6958171202.992745,2665.355167,2.224407,0,2,2,0.020441
3,77549.000000,22451.000000,26,198161.083846,6799476595.845984,2502.982790,2.484656,0,2,2,0.021171
