generation,prey_fitness,predator_fitness,num_alive_end,avg_bb_size,var_bb_size,avg_shortest_dist,swarm_density_count,prey_neurons_connected_prey_retina,prey_neurons_connected_predator_retina,predator_neurons_connected_prey_retina,mutual_info
1,79202.000000,20798.000000,29,193265.738741,5414529901.478606,2239.685505,1.999620,1,2,2,0.017616
1,77526.000000,22474.000000,28,195100.234280,5105123256.832292,2013.727170,1.990426,1,2,2,0.019852
2,68902.000000,31098.000000,22,196175.017554,5218913186.477413,2698.355003,1.861594,1,2,2,0.017842
3,76545.000000,23455.000000,28,191264.883017,4888715460.543522,2367.306187,1.992142,1,2,2,0.023801
