generation,prey_fitness,predator_fitness,num_alive_end,avg_bb_size,var_bb_size,avg_shortest_dist,swarm_density_count,prey_neurons_connected_prey_retina,prey_neurons_connected_predator_retina,predator_neurons_connected_prey_retina,mutual_info
1,67368.000000,32632.000000,22,175323.915761,4631801138.273366,2450.447229,2.131006,0,2,2,0.019309
1,79601.000000,20399.000000,30,189359.123842,5404079136.133035,2065.711713,2.154373,0,2,2,0.011633
2,74976.000000,25024.000000,24,167941.469047,4014279437.409819,2045.525896,2.228042,0,2,2,0.029539
3,74622.000000,25378.000000,25,167047.861769,4243141609.440045,2095.544571,2.214363,0,2,2,0.018548
