generation,prey_fitness,predator_fitness,num_alive_end,avg_bb_size,var_bb_size,avg_shortest_dist,swarm_density_count,prey_neurons_connected_prey_retina,prey_neurons_connected_predator_retina,predator_neurons_connected_prey_retina,mutual_info
1,70168.000000,29832.000000,22,172527.543935,4121701410.355304,2182.917116,1.892525,0,1,2,0.048160
1,77456.000000,22544.000000,30,194797.021681,4648634689.772273,2222.282680,1.812039,0,1,2,0.019499
2,74765.000000,25235.000000,26,196260.093831,4700290314.166498,2507.611940,1.905848,0,1,2,0.019851
3,82352.000000,17648.000000,33,188942.124844,4290521456.705661,2123.022762,1.899820,0,1,2,0.012469
