generation,prey_fitness,predator_fitness,num_alive_end,avg_bb_size,var_bb_size,avg_shortest_dist,swarm_density_count,prey_neurons_connected_prey_retina,prey_neurons_connected_predator_retina,predator_neurons_connected_prey_retina,mutual_info
1,78640.000000,21360.000000,29,145190.860168,5335744846.810780,1966.877196,3.532779,2,1,1,0.008344
1,75459.000000,24541.000000,27,127180.882004,3904070400.380435,1896.246521,3.208617,2,1,1,0.009240
2,73989.000000,26011.000000,25,111380.784563,2907029733.125226,1563.784921,3.471226,2,1,1,0.013167
3,73008.000000,26992.000000,28,129175.238313,5521083461.652470,1716.891252,3.311913,2,1,1,0.018245
