generation,prey_fitness,predator_fitness,num_alive_end,avg_bb_size,var_bb_size,avg_shortest_dist,swarm_density_count,prey_neurons_connected_prey_retina,prey_neurons_connected_predator_retina,predator_neurons_connected_prey_retina,mutual_info
1,76562.000000,23438.000000,31,92527.781016,1872646242.094466,1060.449323,3.177806,0,2,1,0.014281
1,76826.000000,23174.000000,27,78620.689768,922459503.850504,984.349830,2.997287,0,2,1,0.012900
2,72331.000000,27669.000000,22,89201.272505,2246774526.122938,1228.695095,2.815028,0,2,1,0.015267
3,78740.000000,21260.000000,29,103933.006460,1805352242.208352,1106.943536,2.887780,0,2,1,0.029221
