generation,prey_fitness,predator_fitness,num_alive_end,avg_bb_size,var_bb_size,avg_shortest_dist,swarm_density_count,prey_neurons_connected_prey_retina,prey_neurons_connected_predator_retina,predator_neurons_connected_prey_retina,mutual_info
1,71405.000000,28595.000000,23,119613.961235,1616614366.726939,1665.664579,2.155585,1,1,4,0.021853
1,74327.000000,25673.000000,24,145348.533273,2589515167.879134,2019.849679,1.969036,1,1,4,0.016727
2,69221.000000,30779.000000,23,149146.085439,2843198868.341231,2225.550128,2.098186,1,1,4,0.013406
3,73426.000000,26574.000000,23,169139.830673,3574511938.136261,2191.491602,1.945330,1,1,4,0.017376
