generation,prey_fitness,predator_fitness,num_alive_end,avg_bb_size,var_bb_size,avg_shortest_dist,swarm_density_count,prey_neurons_connected_prey_retina,prey_neurons_connected_predator_retina,predator_neurons_connected_prey_retina,mutual_info
1,66000.000000,34000.000000,17,208507.853846,4993136046.309432,2727.622490,1.780888,1,2,1,0.018691
1,70244.000000,29756.000000,22,195289.974047,4863048102.565412,2459.889761,1.753505,1,2,1,0.020941
2,64949.000000,35051.000000,19,205340.247335,4741161007.012279,3229.609413,1.737438,1,2,1,0.022624
3,67243.000000,32757.000000,18,212585.854341,5205320142.025064,3599.617843,1.744897,1,2,1,0.015393
