generation,prey_fitness,predator_fitness,num_alive_end,avg_bb_size,var_bb_size,avg_shortest_dist,swarm_density_count,prey_neurons_connected_prey_retina,prey_neurons_connected_predator_retina,predator_neurons_connected_prey_retina,mutual_info
1,74908.000000,25092.000000,25,168282.564651,4657115392.691071,2349.527773,2.298113,0,2,1,0.013396
1,67684.000000,32316.000000,22,151945.519446,4224420408.491530,2253.176583,2.175399,0,2,1,0.023585
2,68489.000000,31511.000000,21,131797.235482,2424474837.098022,1971.922457,2.226534,0,2,1,0.025481
3,74154.000000,25846.000000,26,132742.990235,2959191654.053436,1637.461844,2.367871,0,2,1,0.024731
