generation,prey_fitness,predator_fitness,num_alive_end,avg_bb_size,var_bb_size,avg_shortest_dist,swarm_density_count,prey_neurons_connected_prey_retina,prey_neurons_connected_predator_retina,predator_neurons_connected_prey_retina,mutual_info
1,73958.000000,26042.000000,20,61366.811386,579130336.333131,866.590247,3.152931,0,3,1,0.013143
1,71604.000000,28396.000000,25,74870.379025,1316878862.910029,1078.380794,3.300677,0,3,1,0.020052
2,70060.000000,29940.000000,19,68277.609607,657576862.893196,980.846892,2.906479,0,3,1,0.018311
3,77577.000000,22423.000000,27,93606.614486,2296112973.295525,1136.949838,3.163007,0,3,1,0.011047
