generation,prey_fitness,predator_fitness,num_alive_end,avg_bb_size,var_bb_size,avg_shortest_dist,swarm_density_count,prey_neurons_connected_prey_retina,prey_neurons_connected_predator_retina,predator_neurons_connected_prey_retina,mutual_info
1,69344.000000,30656.000000,18,60054.649230,559521989.989838,834.766033,3.523813,3,0,1,0.013306
1,64534.000000,35466.000000,16,53151.022675,376643382.731175,930.772211,3.440974,3,0,1,0.025061
2,73458.000000,26542.000000,21,86530.375961,1465650196.060166,1155.085456,2.967909,3,0,1,0.023761
3,73022.000000,26978.000000,22,69744.831465,772108964.549345,898.623110,3.448373,3,0,1,0.024655
