generation,prey_fitness,predator_fitness,num_alive_end,avg_bb_size,var_bb_size,avg_shortest_dist,swarm_density_count,prey_neurons_connected_prey_retina,prey_neurons_connected_predator_retina,predator_neurons_connected_prey_retina,mutual_info
1,72001.000000,27999.000000,23,121969.196564,2756845717.719446,1802.679813,2.575647,0,0,1,0.015843
1,75429.000000,24571.000000,26,134902.240995,2751656881.907825,1592.502831,2.504623,0,0,1,0.011257
2,72505.000000,27495.000000,25,138976.329534,2709368095.895722,2179.575893,2.474524,0,0,1,0.014642
3,74284.000000,25716.000000,26,144874.946711,3322421813.540019,1925.167477,2.517519,0,0,1,0.017761
