generation,prey_fitness,predator_fitness,num_alive_end,avg_bb_size,var_bb_size,avg_shortest_dist,swarm_density_count,prey_neurons_connected_prey_retina,prey_neurons_connected_predator_retina,predator_neurons_connected_prey_retina,mutual_info
1,70897.000000,29103.000000,21,184864.167358,5423094503.922504,2261.336277,2.152643,0,1,3,0.018235
1,70709.000000,29291.000000,24,162919.581989,4562342655.555774,2159.811998,2.133845,0,1,3,0.015527
2,74714.000000,25286.000000,24,198983.686527,5695206605.031715,3001.657884,1.931037,0,1,3,0.014377
3,74265.000000,25735.000000,24,187019.971455,5214082126.863585,2785.110263,2.188422,0,1,3,0.017368
