generation,prey_fitness,predator_fitness,num_alive_end,avg_bb_size,var_bb_size,avg_shortest_dist,swarm_density_count,prey_neurons_connected_prey_retina,prey_neurons_connected_predator_retina,predator_neurons_connected_prey_retina,mutual_info
1,60338.000000,39662.000000,13,11728.244831,16591240.087332,229.999229,9.738829,1,2,1,0.006788
1,66553.000000,33447.000000,14,13712.316154,32823523.688560,242.480014,10.736316,1,2,1,0.019073
2,68670.000000,31330.000000,16,13664.195191,28516602.368970,227.176279,11.399122,1,2,1,0.019193
3,67207.000000,32793.000000,17,16450.427620,33204129.453450,293.267835,10.084697,1,2,1,0.006716
