generation,prey_fitness,predator_fitness,num_alive_end,avg_bb_size,var_bb_size,avg_shortest_dist,swarm_density_count,prey_neurons_connected_prey_retina,prey_neurons_connected_predator_retina,predator_neurons_connected_prey_retina,mutual_info
1,74076.000000,25924.000000,26,158855.115890,5386555654.765377,2100.991932,2.247786,0,3,1,0.014141
1,71202.000000,28798.000000,22,149889.874149,3733548323.603717,1788.712948,2.248519,0,3,1,0.012898
2,82158.000000,17842.000000,34,180771.453476,4986795755.020088,1875.310576,2.305239,0,3,1,0.012596
3,72101.000000,27899.000000,24,142174.987537,2623301924.445094,1755.904646,2.338699,0,3,1,0.026055
