generation,prey_fitness,predator_fitness,num_alive_end,avg_bb_size,var_bb_size,avg_shortest_dist,swarm_density_count,prey_neurons_connected_prey_retina,prey_neurons_connected_predator_retina,predator_neurons_connected_prey_retina,mutual_info
1,72939.000000,27061.000000,24,205387.731750,5985098892.085404,2717.026924,1.965088,1,0,1,0.014046
1,72749.000000,27251.000000,25,185548.196420,5137342441.235017,2452.473599,1.958100,1,0,1,0.012978
2,70289.000000,29711.000000,21,187246.265802,5256469927.101861,2905.187770,1.906644,1,0,1,0.029782
3,77340.000000,22660.000000,26,201632.937661,5512633288.791956,2201.412870,2.024590,1,0,1,0.014678
