generation,prey_fitness,predator_fitness,num_alive_end,avg_bb_size,var_bb_size,avg_shortest_dist,swarm_density_count,prey_neurons_connected_prey_retina,prey_neurons_connected_predator_retina,predator_neurons_connected_prey_retina,mutual_info
1,78884.000000,21116.000000,30,141553.787278,3168942733.170855,1435.244724,2.439591,2,1,1,0.021662
1,75040.000000,24960.000000,27,163180.792489,4346591033.576593,1944.227112,2.318739,2,1,1,0.017972
2,84326.000000,15674.000000,34,149165.510517,3611589694.860204,1412.163315,2.691159,2,1,1,0.017151
3,82554.000000,17446.000000,33,159788.665461,4449658713.980401,1598.438707,2.591798,2,1,1,0.024632
