generation,prey_fitness,predator_fitness,num_alive_end,avg_bb_size,var_bb_size,avg_shortest_dist,swarm_density_count,prey_neurons_connected_prey_retina,prey_neurons_connected_predator_retina,predator_neurons_connected_prey_retina,mutual_info
1,75693.000000,24307.000000,25,121355.188994,3361526695.995814,848.884974,3.791881,3,0,1,0.023706
1,78431.000000,21569.000000,26,86030.904928,1147718580.880589,553.687124,4.248741,3,0,1,0.018416
2,76053.000000,23947.000000,24,141171.618998,4401339346.841372,923.725699,3.249698,3,0,1,0.028060
3,82072.000000,17928.000000,31,148567.269416,4597526860.526376,1065.779283,3.591031,3,0,1,0.013472
