generation,prey_fitness,predator_fitness,num_alive_end,avg_bb_size,var_bb_size,avg_shortest_dist,swarm_density_count,prey_neurons_connected_prey_retina,prey_neurons_connected_predator_retina,predator_neurons_connected_prey_retina,mutual_info
1,72253.000000,27747.000000,25,133953.908195,2893892185.562547,1959.921326,2.243447,2,3,1,0.019926
1,79610.000000,20390.000000,31,150825.321710,4181823004.123731,1602.229237,2.431980,2,3,1,0.017150
2,75108.000000,24892.000000,27,156431.266354,4357250120.645270,2015.589098,2.408147,2,3,1,0.019322
3,74255.000000,25745.000000,23,156857.118157,4127305531.301069,1874.015771,2.354454,2,3,1,0.026084
