generation,prey_fitness,predator_fitness,num_alive_end,avg_bb_size,var_bb_size,avg_shortest_dist,swarm_density_count,prey_neurons_connected_prey_retina,prey_neurons_connected_predator_retina,predator_neurons_connected_prey_retina,mutual_info
1,72750.000000,27250.000000,22,202412.417802,5537296961.201408,2838.206727,1.812538,0,0,1,0.019918
1,77170.000000,22830.000000,27,205844.088119,5365936144.474533,2510.532442,1.921490,0,0,1,0.018049
2,69161.000000,30839.000000,23,201823.923093,5386466449.435699,3191.284789,1.812092,0,0,1,0.022344
3,63874.000000,36126.000000,18,200020.611176,5749386079.182552,3382.473636,1.827560,0,0,1,0.018959
