generation,prey_fitness,predator_fitness,num_alive_end,avg_bb_size,var_bb_size,avg_shortest_dist,swarm_density_count,prey_neurons_connected_prey_retina,prey_neurons_connected_predator_retina,predator_neurons_connected_prey_retina,mutual_info
1,77067.000000,22933.000000,25,86688.844183,1119790781.495225,1077.928326,3.130508,3,1,1,0.012844
1,67597.000000,32403.000000,23,67211.675350,1209212596.331278,1007.271005,3.965247,3,1,1,0.013407
2,70356.000000,29644.000000,17,61408.338469,354448221.017092,1016.097216,3.602048,3,1,1,0.011147
3,72817.000000,27183.000000,23,75723.441738,1169878638.646051,1039.244546,3.494484,3,1,1,0.016019
