generation,prey_fitness,predator_fitness,num_alive_end,avg_bb_size,var_bb_size,avg_shortest_dist,swarm_density_count,prey_neurons_connected_prey_retina,prey_neurons_connected_predator_retina,predator_neurons_connected_prey_retina,mutual_info
1,76560.000000,23440.000000,23,7690.256692,5426956.114314,86.572248,15.085436,1,1,1,0.004989
1,70593.000000,29407.000000,19,8644.833058,7997359.869012,118.274062,13.182330,1,1,1,0.008480
2,77880.000000,22120.000000,24,8351.988211,7266870.508593,92.061965,14.854106,1,1,1,0.006298
3,79619.000000,20381.000000,25,7897.935397,3879397.179658,83.258430,15.279448,1,1,1,0.004902
