generation,prey_fitness,predator_fitness,num_alive_end,avg_bb_size,var_bb_size,avg_shortest_dist,swarm_density_count,prey_neurons_connected_prey_retina,prey_neurons_connected_predator_retina,predator_neurons_connected_prey_retina,mutual_info
1,79624.000000,20376.000000,27,74433.322445,722822206.608328,842.752706,3.352230,1,2,1,0.037181
1,71904.000000,28096.000000,25,101986.540319,2331617486.161983,1485.024373,2.886971,1,2,1,0.010930
2,70788.000000,29212.000000,21,66901.722452,615594078.493448,994.628402,3.434345,1,2,1,0.019057
3,75794.000000,24206.000000,24,88598.268693,1427161279.562690,1304.337506,3.204695,1,2,1,0.015532
