generation,prey_fitness,predator_fitness,num_alive_end,avg_bb_size,var_bb_size,avg_shortest_dist,swarm_density_count,prey_neurons_connected_prey_retina,prey_neurons_connected_predator_retina,predator_neurons_connected_prey_retina,mutual_info
1,78208.000000,21792.000000,26,185067.068199,6721336757.911638,1899.365544,2.601903,3,2,1,0.022270
1,77941.000000,22059.000000,24,194224.804194,6599136929.802874,2014.158467,2.460877,3,2,1,0.019056
2,78254.000000,21746.000000,28,184648.027651,6527495779.711209,1876.192505,2.589153,3,2,1,0.013147
3,71690.000000,28310.000000,22,181353.597980,6532753913.355305,2381.501980,2.627631,3,2,1,0.014161
