generation,prey_fitness,predator_fitness,num_alive_end,avg_bb_size,var_bb_size,avg_shortest_dist,swarm_density_count,prey_neurons_connected_prey_retina,prey_neurons_connected_predator_retina,predator_neurons_connected_prey_retina,mutual_info
1,61303.000000,38697.000000,9,12089.702644,18168028.319769,210.771721,8.136668,1,4,1,0.023095
1,68199.000000,31801.000000,18,13733.496035,15049657.210764,207.952634,9.118028,1,4,1,0.010596
2,70147.000000,29853.000000,18,15569.568318,42488077.167246,206.038410,8.648613,1,4,1,0.011706
3,67860.000000,32140.000000,16,13081.203485,13550711.289134,206.347601,8.896112,1,4,1,0.010184
