generation,prey_fitness,predator_fitness,num_alive_end,avg_bb_size,var_bb_size,avg_shortest_dist,swarm_density_count,prey_neurons_connected_prey_retina,prey_neurons_connected_predator_retina,predator_neurons_connected_prey_retina,mutual_info
1,71907.000000,28093.000000,23,115318.339725,1772836256.280765,1550.856340,2.292481,0,2,1,0.016698
1,82334.000000,17666.000000,29,132366.732968,2517534296.884460,1384.335349,2.413491,0,2,1,0.015149
2,79514.000000,20486.000000,28,126847.154677,2342784746.623205,1241.658378,2.429807,0,2,1,0.011960
3,76532.000000,23468.000000,26,109511.916057,1555766088.707681,1289.008073,2.467587,0,2,1,0.015153
