generation,prey_fitness,predator_fitness,num_alive_end,avg_bb_size,var_bb_size,avg_shortest_dist,swarm_density_count,prey_neurons_connected_prey_retina,prey_neurons_connected_predator_retina,predator_neurons_connected_prey_retina,mutual_info
1,75660.000000,24340.000000,26,136910.390586,2896490048.037617,1977.963375,2.614522,2,0,3,0.014881
1,79681.000000,20319.000000,29,181528.358790,5200263205.382889,2050.819851,2.156883,2,0,3,0.022082
2,79011.000000,20989.000000,30,154851.271867,4678259437.090024,1797.651260,2.580143,2,0,3,0.013523
3,83427.000000,16573.000000,31,145208.151267,3310395155.883211,1609.929876,2.674013,2,0,3,0.009633
