generation,prey_fitness,predator_fitness,num_alive_end,avg_bb_size,var_bb_size,avg_shortest_dist,swarm_density_count,prey_neurons_connected_prey_retina,prey_neurons_connected_predator_retina,predator_neurons_connected_prey_retina,mutual_info
1,70030.000000,29970.000000,22,189072.893268,4486148495.463379,2717.935182,1.886164,3,0,1,0.018982
1,75600.000000,24400.000000,27,183566.583073,4655207623.228733,2518.062772,1.977139,3,0,1,0.012903
2,71953.000000,28047.000000,24,184231.316371,4323753682.856101,2237.235243,1.893560,3,0,1,0.012243
3,77404.000000,22596.000000,26,166357.247842,3362423706.727622,1936.074776,1.926545,3,0,1,0.018102
