generation,prey_fitness,predator_fitness,num_alive_end,avg_bb_size,var_bb_size,avg_shortest_dist,swarm_density_count,prey_neurons_connected_prey_retina,prey_neurons_connected_predator_retina,predator_neurons_connected_prey_retina,mutual_info
1,74034.000000,25966.000000,26,91302.736072,1946676427.449701,1192.386555,3.300686,1,3,1,0.017355
1,73164.000000,26836.000000,25,103504.359953,2248605653.476186,1262.582666,2.935061,1,3,1,0.017700
2,72822.000000,27178.000000,24,92171.797826,1334318783.232522,1240.395680,2.787392,1,3,1,0.016731
3,70164.000000,29836.000000,22,90216.875682,1883879628.167009,1340.732568,2.975913,1,3,1,0.029456
