generation,prey_fitness,predator_fitness,num_alive_end,avg_bb_size,var_bb_size,avg_shortest_dist,swarm_density_count,prey_neurons_connected_prey_retina,prey_neurons_connected_predator_retina,predator_neurons_connected_prey_retina,mutual_info
1,74942.000000,25058.000000,26,172130.275996,4086081963.503946,2238.266735,2.160818,0,1,2,0.021208
1,78083.000000,21917.000000,31,149152.089364,2840125325.014058,1739.207841,2.342795,0,1,2,0.018412
2,78287.000000,21713.000000,29,156843.234072,3303262711.569391,1689.490047,2.197623,0,1,2,0.019173
3,79596.000000,20404.000000,30,170574.874927,4111134447.342045,2246.784596,1.972123,0,1,2,0.016887
