generation,prey_fitness,predator_fitness,num_alive_end,avg_bb_size,var_bb_size,avg_shortest_dist,swarm_density_count,prey_neurons_connected_prey_retina,prey_neurons_connected_predator_retina,predator_neurons_connected_prey_retina,mutual_info
1,67889.000000,32111.000000,21,161401.497548,4296060202.962238,2037.141833,2.368839,3,0,3,0.018865
1,71132.000000,28868.000000,22,155166.615072,3928269060.900307,2262.401473,2.412404,3,0,3,0.020454
2,78627.000000,21373.000000,29,168112.618010,4616413586.833996,2167.929086,2.430227,3,0,3,0.020367
3,75618.000000,24382.000000,28,142681.558547,3634804719.373835,1860.771171,2.715259,3,0,3,0.025489
