generation,prey_fitness,predator_fitness,num_alive_end,avg_bb_size,var_bb_size,avg_shortest_dist,swarm_density_count,prey_neurons_connected_prey_retina,prey_neurons_connected_predator_retina,predator_neurons_connected_prey_retina,mutual_info
1,69221.000000,30779.000000,19,205614.164331,6267895917.948783,3481.215872,2.111119,3,0,1,0.015318
1,67846.000000,32154.000000,19,208716.093869,6233494070.931217,3214.632703,2.074402,3,0,1,0.019302
2,68231.000000,31769.000000,20,204265.772639,6010689933.554303,3139.165339,1.961510,3,0,1,0.019119
3,66493.000000,33507.000000,15,208187.797917,6133143160.028192,4023.757104,2.023070,3,0,1,0.012791
