generation,prey_fitness,predator_fitness,num_alive_end,avg_bb_size,var_bb_size,avg_shortest_dist,swarm_density_count,prey_neurons_connected_prey_retina,prey_neurons_connected_predator_retina,predator_neurons_connected_prey_retina,mutual_info
1,77999.000000,22001.000000,30,157142.993974,4516949728.833154,1598.048881,2.480021,2,1,1,0.013333
1,73518.000000,26482.000000,24,135925.670791,2323094898.251277,1558.168269,2.383601,2,1,1,0.008964
2,70139.000000,29861.000000,22,141701.902184,3834117441.290506,2001.396725,2.185675,2,1,1,0.027388
3,76346.000000,23654.000000,27,125629.112390,2286992852.462959,1496.612547,2.397404,2,1,1,0.010815
