generation,prey_fitness,predator_fitness,num_alive_end,avg_bb_size,var_bb_size,avg_shortest_dist,swarm_density_count,prey_neurons_connected_prey_retina,prey_neurons_connected_predator_retina,predator_neurons_connected_prey_retina,mutual_info
1,77967.000000,22033.000000,30,176852.370863,4456645206.717155,2058.982280,2.023262,1,1,1,0.015134
1,80127.000000,19873.000000,28,184042.650463,4523352480.192761,2165.622662,1.999663,1,1,1,0.015564
2,73998.000000,26002.000000,26,182467.292481,4963394374.914484,2471.919008,1.917668,1,1,1,0.020515
3,72069.000000,27931.000000,26,182062.577082,5369759727.006352,2211.200942,1.959883,1,1,1,0.011482
