generation,prey_fitness,predator_fitness,num_alive_end,avg_bb_size,var_bb_size,avg_shortest_dist,swarm_density_count,prey_neurons_connected_prey_retina,prey_neurons_connected_predator_retina,predator_neurons_connected_prey_retina,mutual_info
1,80066.000000,19934.000000,29,79563.314662,877923971.219486,630.876010,3.465135,1,0,6,0.017403
1,86029.000000,13971.000000,36,103547.512026,2379466709.271648,625.057878,3.663404,1,0,6,0.021603
2,71278.000000,28722.000000,25,63574.545745,644731433.028668,517.655848,3.557504,1,0,6,0.018409
3,79490.000000,20510.000000,28,70476.694337,756018454.587620,673.552043,3.491619,1,0,6,0.020171
