generation,prey_fitness,predator_fitness,num_alive_end,avg_bb_size,var_bb_size,avg_shortest_dist,swarm_density_count,prey_neurons_connected_prey_retina,prey_neurons_connected_predator_retina,predator_neurons_connected_prey_retina,mutual_info
1,80072.000000,19928.000000,30,146989.419326,4177140662.416146,1696.324549,2.434759,6,1,2,0.011692
1,77633.000000,22367.000000,26,132229.449598,2901148222.235749,1640.130756,2.386742,6,1,2,0.009893
2,79157.000000,20843.000000,28,132302.498624,3419008038.544544,1525.267199,2.451711,6,1,2,0.009868
3,76744.000000,23256.000000,27,122479.897801,3517330535.669103,1218.426300,2.562987,6,1,2,0.011355
