generation,prey_fitness,predator_fitness,num_alive_end,avg_bb_size,var_bb_size,avg_shortest_dist,swarm_density_count,prey_neurons_connected_prey_retina,prey_neurons_connected_predator_retina,predator_neurons_connected_prey_retina,mutual_info
1,69300.000000,30700.000000,22,145756.582762,3155678469.313134,2375.486316,2.128207,0,0,1,0.018135
1,73174.000000,26826.000000,24,134524.932970,2742248650.248613,1850.519195,2.102014,0,0,1,0.019276
2,77459.000000,22541.000000,28,163219.789546,4319128456.186251,2191.540473,2.036283,0,0,1,0.016125
3,74593.000000,25407.000000,26,159026.585919,4555450934.130077,2537.608853,2.081370,0,0,1,0.021306
