generation,prey_fitness,predator_fitness,num_alive_end,avg_bb_size,var_bb_size,avg_shortest_dist,swarm_density_count,prey_neurons_connected_prey_retina,prey_neurons_connected_predator_retina,predator_neurons_connected_prey_retina,mutual_info
1,76557.000000,23443.000000,25,216451.304134,5422594842.538825,2916.329408,1.795927,3,1,5,0.012831
1,66623.000000,33377.000000,16,217138.836663,5395110308.609695,3789.895115,1.690360,3,1,5,0.029152
2,68409.000000,31591.000000,22,215798.870629,5321687362.071122,3403.616586,1.657493,3,1,5,0.016751
3,67680.000000,32320.000000,19,216520.704657,5328541757.363523,3377.941474,1.735448,3,1,5,0.017119
