generation,prey_fitness,predator_fitness,num_alive_end,avg_bb_size,var_bb_size,avg_shortest_dist,swarm_density_count,prey_neurons_connected_prey_retina,prey_neurons_connected_predator_retina,predator_neurons_connected_prey_retina,mutual_info
1,74702.000000,25298.000000,25,44741.410202,353184185.084579,542.760485,4.700541,0,1,3,0.011619
1,76197.000000,23803.000000,26,54582.969718,599236810.282380,659.128150,4.195827,0,1,3,0.018241
2,77768.000000,22232.000000,28,33735.649265,137422909.517489,416.002971,5.645672,0,1,3,0.012407
3,77694.000000,22306.000000,28,48215.452973,255643378.903675,554.704766,4.331670,0,1,3,0.010289
