generation,prey_fitness,predator_fitness,num_alive_end,avg_bb_size,var_bb_size,avg_shortest_dist,swarm_density_count,prey_neurons_connected_prey_retina,prey_neurons_connected_predator_retina,predator_neurons_connected_prey_retina,mutual_info
1,79431.000000,20569.000000,29,171982.666355,4207084717.640752,1706.880390,2.193133,1,3,1,0.021361
1,74948.000000,25052.000000,29,158207.254317,4083081847.784191,1898.917823,2.284099,1,3,1,0.017525
2,76695.000000,23305.000000,27,178649.931711,4405782989.907075,1777.710833,2.163404,1,3,1,0.013472
3,60151.000000,39849.000000,15,121045.951531,3230978197.322952,2236.543524,2.331712,1,3,1,0.020198
