generation,prey_fitness,predator_fitness,num_alive_end,avg_bb_size,var_bb_size,avg_shortest_dist,swarm_density_count,prey_neurons_connected_prey_retina,prey_neurons_connected_predator_retina,predator_neurons_connected_prey_retina,mutual_info
1,74315.000000,25685.000000,32,180158.494003,4961678362.476320,2189.338914,2.168985,0,0,1,0.024834
1,85542.000000,14458.000000,37,171841.256585,4202282378.597136,1681.885377,2.353661,0,0,1,0.011549
2,90000.000000,10000.000000,37,191160.927782,5353944921.240642,1872.260335,2.253019,0,0,1,0.013467
3,86396.000000,13604.000000,36,171590.954299,4959593483.305559,1557.473053,2.277240,0,0,1,0.007384
