generation,prey_fitness,predator_fitness,num_alive_end,avg_bb_size,var_bb_size,avg_shortest_dist,swarm_density_count,prey_neurons_connected_prey_retina,prey_neurons_connected_predator_retina,predator_neurons_connected_prey_retina,mutual_info
1,81200.000000,18800.000000,29,196030.610675,6435630829.977271,2369.834311,2.242819,1,2,1,0.018155
1,73841.000000,26159.000000,25,190914.971193,5693858857.980894,2996.221652,2.152877,1,2,1,0.018814
2,72168.000000,27832.000000,21,182980.794574,5519875620.876618,2801.165670,2.158680,1,2,1,0.021612
3,71591.000000,28409.000000,23,196624.775249,6601421783.248924,2671.488994,2.140448,1,2,1,0.015431
