generation,prey_fitness,predator_fitness,num_alive_end,avg_bb_size,var_bb_size,avg_shortest_dist,swarm_density_count,prey_neurons_connected_prey_retina,prey_neurons_connected_predator_retina,predator_neurons_connected_prey_retina,mutual_info
1,75168.000000,24832.000000,27,101577.070628,2046278162.326760,1264.835233,2.503858,0,2,1,0.018942
1,66534.000000,33466.000000,21,101873.863565,2352286130.526946,1669.254236,2.591393,0,2,1,0.017963
2,78261.000000,21739.000000,31,119751.647230,3367449139.547239,1461.027829,2.535768,0,2,1,0.014173
3,76160.000000,23840.000000,29,99553.786113,2267199714.395748,1189.409715,2.858371,0,2,1,0.016489
