generation,prey_fitness,predator_fitness,num_alive_end,avg_bb_size,var_bb_size,avg_shortest_dist,swarm_density_count,prey_neurons_connected_prey_retina,prey_neurons_connected_predator_retina,predator_neurons_connected_prey_retina,mutual_info
1,69918.000000,30082.000000,17,205473.042810,5875457511.787877,3234.556020,1.978840,2,1,1,0.021020
1,70240.000000,29760.000000,23,202419.462828,5952654752.600178,2474.004160,2.106120,2,1,1,0.017687
2,74146.000000,25854.000000,21,209537.427749,6207519617.713327,2976.633934,1.989555,2,1,1,0.015681
3,66016.000000,33984.000000,21,209519.622901,6268561704.463871,3370.944805,2.038223,2,1,1,0.019208
