generation,prey_fitness,predator_fitness,num_alive_end,avg_bb_size,var_bb_size,avg_shortest_dist,swarm_density_count,prey_neurons_connected_prey_retina,prey_neurons_connected_predator_retina,predator_neurons_connected_prey_retina,mutual_info
1,58728.000000,41272.000000,13,46792.854619,458726538.278752,943.757679,3.393792,0,0,1,0.014529
1,65515.000000,34485.000000,19,43458.091356,225207549.098695,748.934467,4.024324,0,0,1,0.018086
2,64169.000000,35831.000000,17,56814.037046,463030093.453156,998.502395,3.794191,0,0,1,0.011457
3,64546.000000,35454.000000,17,52217.257185,296528948.583505,840.342762,3.361227,0,0,1,0.011670
