generation,prey_fitness,predator_fitness,num_alive_end,avg_bb_size,var_bb_size,avg_shortest_dist,swarm_density_count,prey_neurons_connected_prey_retina,prey_neurons_connected_predator_retina,predator_neurons_connected_prey_retina,mutual_info
1,75936.000000,24064.000000,26,123685.971076,2678523275.901636,1364.029172,2.583973,1,2,2,0.016390
1,79969.000000,20031.000000,29,117091.116173,1956159976.155978,1192.432026,2.698346,1,2,2,0.016890
2,85572.000000,14428.000000,35,150632.666766,4771436051.030207,1523.284813,2.390550,1,2,2,0.013943
3,87178.000000,12822.000000,36,144767.048310,3293531751.175892,1328.547551,2.512073,1,2,2,0.012770
