generation,prey_fitness,predator_fitness,num_alive_end,avg_bb_size,var_bb_size,avg_shortest_dist,swarm_density_count,prey_neurons_connected_prey_retina,prey_neurons_connected_predator_retina,predator_neurons_connected_prey_retina,mutual_info
1,74437.000000,25563.000000,23,72550.230385,1177345639.495306,847.328671,5.000736,2,1,2,0.012328
1,76707.000000,23293.000000,28,75925.287166,2030875853.556202,1111.860640,4.577109,2,1,2,0.007487
2,73133.000000,26867.000000,26,78975.330210,1618832840.606042,1138.082277,4.570516,2,1,2,0.006769
3,73672.000000,26328.000000,22,77272.499370,1572208517.284621,1014.914913,4.659658,2,1,2,0.010095
