generation,prey_fitness,predator_fitness,num_alive_end,avg_bb_size,var_bb_size,avg_shortest_dist,swarm_density_count,prey_neurons_connected_prey_retina,prey_neurons_connected_predator_retina,predator_neurons_connected_prey_retina,mutual_info
1,78104.000000,21896.000000,29,58042.066707,555157854.800115,307.783790,4.892736,2,2,1,0.025676
1,80944.000000,19056.000000,28,56490.059928,928968210.536038,329.492533,6.037440,2,2,1,0.042200
2,87280.000000,12720.000000,36,39015.409024,257881998.888593,227.981178,6.688822,2,2,1,0.033710
3,80246.000000,19754.000000,30,65342.592525,793915700.708792,366.789194,5.352541,2,2,1,0.023762
