generation,prey_fitness,predator_fitness,num_alive_end,avg_bb_size,var_bb_size,avg_shortest_dist,swarm_density_count,prey_neurons_connected_prey_retina,prey_neurons_connected_predator_retina,predator_neurons_connected_prey_retina,mutual_info
1,76274.000000,23726.000000,25,156967.859457,3500862951.053030,1887.357180,2.319361,3,3,1,0.014610
1,76443.000000,23557.000000,25,167661.651186,4391339997.455731,2247.427577,2.657565,3,3,1,0.037514
2,79627.000000,20373.000000,27,179570.368361,4681834497.407667,1943.324252,2.178556,3,3,1,0.031478
3,72866.000000,27134.000000,24,153110.844124,4230151910.498200,1977.931654,2.399794,3,3,1,0.016465
