generation,prey_fitness,predator_fitness,num_alive_end,avg_bb_size,var_bb_size,avg_shortest_dist,swarm_density_count,prey_neurons_connected_prey_retina,prey_neurons_connected_predator_retina,predator_neurons_connected_prey_retina,mutual_info
1,73935.000000,26065.000000,28,133146.216002,5285894364.312503,1580.133550,2.522511,0,1,1,0.012919
1,78606.000000,21394.000000,25,127756.765602,2925156661.620101,1350.475348,2.521115,0,1,1,0.012021
2,73326.000000,26674.000000,25,119975.048702,1833762941.172411,1493.608838,2.485912,0,1,1,0.016559
3,78380.000000,21620.000000,27,121267.706189,2189667289.038897,1312.865998,2.543248,0,1,1,0.014946
