generation,prey_fitness,predator_fitness,num_alive_end,avg_bb_size,var_bb_size,avg_shortest_dist,swarm_density_count,prey_neurons_connected_prey_retina,prey_neurons_connected_predator_retina,predator_neurons_connected_prey_retina,mutual_info
1,73027.000000,26973.000000,25,136314.296117,2712303321.932263,1766.231010,2.432035,2,1,1,0.016237
1,71685.000000,28315.000000,23,142685.544380,3067167596.880795,2129.241586,2.253761,2,1,1,0.024241
2,67817.000000,32183.000000,21,120123.174861,2226559463.586708,1970.877896,2.591442,2,1,1,0.013033
3,74063.000000,25937.000000,26,168254.491620,4510651612.025475,2637.001567,2.556790,2,1,1,0.018726
