generation,prey_fitness,predator_fitness,num_alive_end,avg_bb_size,var_bb_size,avg_shortest_dist,swarm_density_count,prey_neurons_connected_prey_retina,prey_neurons_connected_predator_retina,predator_neurons_connected_prey_retina,mutual_info
1,68404.000000,31596.000000,17,197148.088613,6406426544.240365,3302.113847,2.329978,3,0,1,0.018549
1,68081.000000,31919.000000,19,202326.794714,6910128177.433163,3013.413705,2.425974,3,0,1,0.029546
2,66221.000000,33779.000000,16,204741.769543,6971354537.071907,3243.981675,2.388818,3,0,1,0.024558
3,65375.000000,34625.000000,15,200931.687828,6954685499.635948,3343.242568,2.365513,3,0,1,0.020896
