generation,prey_fitness,predator_fitness,num_alive_end,avg_bb_size,var_bb_size,avg_shortest_dist,swarm_density_count,prey_neurons_connected_prey_retina,prey_neurons_connected_predator_retina,predator_neurons_connected_prey_retina,mutual_info
1,82061.000000,17939.000000,35,102662.393947,3201370311.147232,1212.174126,3.114901,0,1,1,0.012628
1,74413.000000,25587.000000,26,108326.501737,2974359784.057003,1358.002578,3.219374,0,1,1,0.013705
2,82044.000000,17956.000000,34,117469.672009,3943758280.049155,1181.911893,2.827343,0,1,1,0.015662
3,84473.000000,15527.000000,34,97665.439451,1688395892.708031,889.223558,3.247170,0,1,1,0.009262
