generation,prey_fitness,predator_fitness,num_alive_end,avg_bb_size,var_bb_size,avg_shortest_dist,swarm_density_count,prey_neurons_connected_prey_retina,prey_neurons_connected_predator_retina,predator_neurons_connected_prey_retina,mutual_info
1,80224.000000,19776.000000,29,147711.885652,3327658216.629631,1587.668508,2.435662,2,3,1,0.010376
1,80460.000000,19540.000000,33,156091.559366,4027202609.599895,1689.796242,2.141763,2,3,1,0.017032
2,79455.000000,20545.000000,30,163115.459858,4361230676.141068,1789.942145,2.208887,2,3,1,0.013848
3,69337.000000,30663.000000,23,138229.635454,2973945981.024018,1924.126301,2.222912,2,3,1,0.013847
