generation,prey_fitness,predator_fitness,num_alive_end,avg_bb_size,var_bb_size,avg_shortest_dist,swarm_density_count,prey_neurons_connected_prey_retina,prey_neurons_connected_predator_retina,predator_neurons_connected_prey_retina,mutual_info
1,77720.000000,22280.000000,30,147766.107925,3746710142.033497,1574.507835,2.644150,0,1,4,0.017239
1,73276.000000,26724.000000,25,119379.979301,2211922314.349727,1553.525115,2.873842,0,1,4,0.024420
2,78014.000000,21986.000000,28,135861.179180,3945150549.041703,1843.893664,2.855747,0,1,4,0.015036
3,61575.000000,38425.000000,13,106019.139295,1871740676.223830,1965.740909,2.466827,0,1,4,0.027603
