generation,prey_fitness,predator_fitness,num_alive_end,avg_bb_size,var_bb_size,avg_shortest_dist,swarm_density_count,prey_neurons_connected_prey_retina,prey_neurons_connected_predator_retina,predator_neurons_connected_prey_retina,mutual_info
1,77565.000000,22435.000000,30,161830.733381,3772906216.068456,1972.060447,2.128504,0,3,2,0.012287
1,71092.000000,28908.000000,21,169225.785563,4316298026.757785,3251.589200,2.133457,0,3,2,0.015358
2,72843.000000,27157.000000,24,180673.419857,4479735344.864276,2416.955300,1.852715,0,3,2,0.023527
3,84009.000000,15991.000000,30,179991.109861,4462492196.239436,1884.653633,2.036497,0,3,2,0.020103
