generation,prey_fitness,predator_fitness,num_alive_end,avg_bb_size,var_bb_size,avg_shortest_dist,swarm_density_count,prey_neurons_connected_prey_retina,prey_neurons_connected_predator_retina,predator_neurons_connected_prey_retina,mutual_info
1,79128.000000,20872.000000,28,124666.840343,2670477616.506424,1595.372953,2.456711,0,1,1,0.011748
1,73907.000000,26093.000000,28,124256.579707,3000956045.510670,1409.976150,2.561342,0,1,1,0.018518
2,75486.000000,24514.000000,25,140072.802881,3012333407.267040,1673.705867,2.507413,0,1,1,0.015773
3,82657.000000,17343.000000,32,139285.103229,3239534785.535413,1440.022055,2.380799,0,1,1,0.012124
