generation,prey_fitness,predator_fitness,num_alive_end,avg_bb_size,var_bb_size,avg_shortest_dist,swarm_density_count,prey_neurons_connected_prey_retina,prey_neurons_connected_predator_retina,predator_neurons_connected_prey_retina,mutual_info
1,76361.000000,23639.000000,27,165874.237584,3857125666.205588,2043.649726,2.153837,0,1,1,0.021556
1,77476.000000,22524.000000,29,180397.840600,5198201098.069156,2102.978882,2.050339,0,1,1,0.022877
2,72433.000000,27567.000000,26,178546.995170,5061614888.571285,2477.472580,2.124750,0,1,1,0.020175
3,77322.000000,22678.000000,29,171036.176466,3976136771.581984,1922.088229,2.161941,0,1,1,0.012475
