generation,prey_fitness,predator_fitness,num_alive_end,avg_bb_size,var_bb_size,avg_shortest_dist,swarm_density_count,prey_neurons_connected_prey_retina,prey_neurons_connected_predator_retina,predator_neurons_connected_prey_retina,mutual_info
1,73511.000000,26489.000000,23,77278.900960,609969294.484245,1015.214312,2.870740,2,3,1,0.011836
1,72995.000000,27005.000000,23,74988.184194,780886830.315987,1049.831236,3.010868,2,3,1,0.014382
2,68802.000000,31198.000000,20,58000.215668,347780809.039091,726.444983,3.018401,2,3,1,0.012384
3,70523.000000,29477.000000,20,51167.441515,242921651.882562,661.603889,3.169612,2,3,1,0.012765
