generation,prey_fitness,predator_fitness,num_alive_end,avg_bb_size,var_bb_size,avg_shortest_dist,swarm_density_count,prey_neurons_connected_prey_retina,prey_neurons_connected_predator_retina,predator_neurons_connected_prey_retina,mutual_info
1,74993.000000,25007.000000,29,158100.714093,4772583903.910017,1939.376026,2.227533,1,2,1,0.027317
1,79399.000000,20601.000000,30,190571.470212,5367651331.530635,2268.873012,2.213256,1,2,1,0.018151
2,79294.000000,20706.000000,30,170785.783168,4420117953.558084,1716.048701,2.146280,1,2,1,0.025512
3,82741.000000,17259.000000,30,162382.155665,4023774157.075466,2241.909455,2.634907,1,2,1,0.017131
