generation,prey_fitness,predator_fitness,num_alive_end,avg_bb_size,var_bb_size,avg_shortest_dist,swarm_density_count,prey_neurons_connected_prey_retina,prey_neurons_connected_predator_retina,predator_neurons_connected_prey_retina,mutual_info
1,73825.000000,26175.000000,21,92805.633349,987975537.680687,1331.007628,2.721223,3,3,1,0.014938
1,66116.000000,33884.000000,19,95447.382162,1227968992.645014,1449.366771,2.775859,3,3,1,0.016679
2,67850.000000,32150.000000,21,103014.699148,1733498167.144442,1587.180753,2.484652,3,3,1,0.008764
3,70245.000000,29755.000000,23,87607.378848,1006722082.045349,1109.159136,2.515428,3,3,1,0.010159
