generation,prey_fitness,predator_fitness,num_alive_end,avg_bb_size,var_bb_size,avg_shortest_dist,swarm_density_count,prey_neurons_connected_prey_retina,prey_neurons_connected_predator_retina,predator_neurons_connected_prey_retina,mutual_info
1,72433.000000,27567.000000,25,158181.667923,3709563506.712358,2363.393096,2.967725,4,0,1,0.016032
1,79316.000000,20684.000000,31,156999.552653,3086688646.502743,1993.120373,2.939045,4,0,1,0.017081
2,78062.000000,21938.000000,29,148191.740811,2982634473.602298,1846.468890,3.003334,4,0,1,0.024908
3,68688.000000,31312.000000,20,162321.563498,4070319847.835499,2737.237051,2.566506,4,0,1,0.024431
