generation,prey_fitness,predator_fitness,num_alive_end,avg_bb_size,var_bb_size,avg_shortest_dist,swarm_density_count,prey_neurons_connected_prey_retina,prey_neurons_connected_predator_retina,predator_neurons_connected_prey_retina,mutual_info
1,85189.000000,14811.000000,34,158616.385723,4164951905.068924,1722.789205,2.548165,2,1,1,0.017380
1,69036.000000,30964.000000,21,117819.568975,1873848749.884690,1593.775025,2.591019,2,1,1,0.039678
2,75943.000000,24057.000000,23,131388.189325,2718810209.338712,1809.554356,2.630474,2,1,1,0.016557
3,75148.000000,24852.000000,28,138631.551259,3782268626.280086,1900.136323,2.332892,2,1,1,0.020535
