generation,prey_fitness,predator_fitness,num_alive_end,avg_bb_size,var_bb_size,avg_shortest_dist,swarm_density_count,prey_neurons_connected_prey_retina,prey_neurons_connected_predator_retina,predator_neurons_connected_prey_retina,mutual_info
1,76409.000000,23591.000000,27,118829.043596,2535449457.863314,1484.383536,2.537115,2,2,3,0.022589
1,80706.000000,19294.000000,32,122181.994444,2365638292.211952,1390.766445,2.587393,2,2,3,0.014677
2,71493.000000,28507.000000,22,103538.847726,1598236196.268745,1555.907166,2.776196,2,2,3,0.019566
3,72493.000000,27507.000000,23,98287.855992,1235612871.389920,1349.758419,2.551066,2,2,3,0.029590
