generation,prey_fitness,predator_fitness,num_alive_end,avg_bb_size,var_bb_size,avg_shortest_dist,swarm_density_count,prey_neurons_connected_prey_retina,prey_neurons_connected_predator_retina,predator_neurons_connected_prey_retina,mutual_info
1,72605.000000,27395.000000,24,162308.440041,5003000172.074129,2348.009749,2.065534,0,3,1,0.014764
1,78772.000000,21228.000000,28,166323.336414,5266209828.204753,1666.091058,2.280575,0,3,1,0.018419
2,78636.000000,21364.000000,26,151243.055298,3048193877.804496,1629.026241,2.161065,0,3,1,0.011426
3,68486.000000,31514.000000,22,119025.971601,2341370477.727347,2014.745671,2.252602,0,3,1,0.017678
