generation,prey_fitness,predator_fitness,num_alive_end,avg_bb_size,var_bb_size,avg_shortest_dist,swarm_density_count,prey_neurons_connected_prey_retina,prey_neurons_connected_predator_retina,predator_neurons_connected_prey_retina,mutual_info
1,75028.000000,24972.000000,25,99458.637996,2341867101.753900,1177.053730,2.822068,1,2,2,0.011093
1,73693.000000,26307.000000,26,99582.579672,2232291946.464095,1426.178995,2.507283,1,2,2,0.018270
2,68694.000000,31306.000000,20,88494.497310,1498488736.905718,1318.682443,2.716726,1,2,2,0.021730
3,64957.000000,35043.000000,20,67971.481628,672943698.253560,1032.179930,2.607731,1,2,2,0.012923
