generation,prey_fitness,predator_fitness,num_alive_end,avg_bb_size,var_bb_size,avg_shortest_dist,swarm_density_count,prey_neurons_connected_prey_retina,prey_neurons_connected_predator_retina,predator_neurons_connected_prey_retina,mutual_info
1,74937.000000,25063.000000,26,154515.559635,3295179472.724279,1979.180450,1.886990,1,2,1,0.020422
1,80671.000000,19329.000000,31,158263.380874,3023716648.307663,1682.050726,1.976407,1,2,1,0.036133
2,86199.000000,13801.000000,33,167721.539194,3412058722.659071,1712.268078,2.051147,1,2,1,0.016473
3,81612.000000,18388.000000,28,156441.068128,2978064808.006780,1859.547583,2.076981,1,2,1,0.024388
