generation,prey_fitness,predator_fitness,num_alive_end,avg_bb_size,var_bb_size,avg_shortest_dist,swarm_density_count,prey_neurons_connected_prey_retina,prey_neurons_connected_predator_retina,predator_neurons_connected_prey_retina,mutual_info
1,81276.000000,18724.000000,30,178513.578630,4488351706.491106,1750.042257,2.095813,1,1,1,0.012400
1,73997.000000,26003.000000,27,153597.964973,3868766927.493217,1793.772423,2.240046,1,1,1,0.014609
2,79031.000000,20969.000000,29,179220.007387,4924132248.280291,1838.281152,2.083394,1,1,1,0.016692
3,69629.000000,30371.000000,25,170684.803829,4145008943.234907,2165.167690,1.925079,1,1,1,0.019487
