generation,prey_fitness,predator_fitness,num_alive_end,avg_bb_size,var_bb_size,avg_shortest_dist,swarm_density_count,prey_neurons_connected_prey_retina,prey_neurons_connected_predator_retina,predator_neurons_connected_prey_retina,mutual_info
1,60626.000000,39374.000000,13,62316.995209,524200460.729969,1193.705263,2.841250,1,1,2,0.016209
1,71616.000000,28384.000000,17,59557.807076,695235059.157726,715.096078,3.088539,1,1,2,0.010990
2,73255.000000,26745.000000,23,77664.785259,760470668.461987,944.962235,3.034999,1,1,2,0.018942
3,73563.000000,26437.000000,23,113760.640014,2291887595.206821,1519.148694,2.814790,1,1,2,0.013890
