generation,prey_fitness,predator_fitness,num_alive_end,avg_bb_size,var_bb_size,avg_shortest_dist,swarm_density_count,prey_neurons_connected_prey_retina,prey_neurons_connected_predator_retina,predator_neurons_connected_prey_retina,mutual_info
1,76873.000000,23127.000000,27,161817.953797,5910965276.144474,2086.653603,3.373655,1,0,1,0.022952
1,82001.000000,17999.000000,30,166228.184900,6038800674.512781,2337.127497,3.277062,1,0,1,0.019448
2,78994.000000,21006.000000,27,166973.555990,4905704199.719326,2524.564451,2.815945,1,0,1,0.020279
3,79398.000000,20602.000000,29,164904.342875,6035996927.380846,1850.816331,3.636209,1,0,1,0.019713
