generation,prey_fitness,predator_fitness,num_alive_end,avg_bb_size,var_bb_size,avg_shortest_dist,swarm_density_count,prey_neurons_connected_prey_retina,prey_neurons_connected_predator_retina,predator_neurons_connected_prey_retina,mutual_info
1,50512.000000,29488.000000,12,48592.016481,228620588.164251,1262.239890,2.582493,0,1,1,0.029837
1,55302.000000,24698.000000,12,56663.512216,590828634.409972,1101.927530,2.497666,0,1,1,0.017028
2,54793.000000,25207.000000,14,67968.472646,616793827.102385,1372.634473,2.356074,0,1,1,0.017641
3,52671.000000,27329.000000,13,53821.341665,396408179.908428,1201.804872,2.466139,0,1,1,0.018627
