generation,prey_fitness,predator_fitness,num_alive_end,avg_bb_size,var_bb_size,avg_shortest_dist,swarm_density_count,prey_neurons_connected_prey_retina,prey_neurons_connected_predator_retina,predator_neurons_connected_prey_retina,mutual_info
1,56064.000000,23936.000000,15,132514.169892,2917874370.988458,2948.202071,1.971044,1,2,1,0.038642
1,61820.000000,18180.000000,21,106468.024033,1626174925.377806,1584.511844,2.044816,1,2,1,0.028373
2,64105.000000,15895.000000,24,146688.291380,3147657447.482878,1992.512685,1.840214,1,2,1,0.017768
3,56315.000000,23685.000000,18,126998.367277,2432216768.448709,2543.826250,1.955462,1,2,1,0.015064
