generation,prey_fitness,predator_fitness,num_alive_end,avg_bb_size,var_bb_size,avg_shortest_dist,swarm_density_count,prey_neurons_connected_prey_retina,prey_neurons_connected_predator_retina,predator_neurons_connected_prey_retina,mutual_info
1,51658.000000,28342.000000,12,71551.747281,591699863.187305,1543.224363,2.390726,1,1,1,0.029266
1,51485.000000,28515.000000,15,69838.749281,814164384.595930,1463.428386,2.195972,1,1,1,0.030875
2,49175.000000,30825.000000,15,59119.470904,426049717.077329,1247.673540,2.370507,1,1,1,0.092721
3,57416.000000,22584.000000,16,87147.377273,1055592723.548411,1401.044890,2.033091,1,1,1,0.011920
