generation,prey_fitness,predator_fitness,num_alive_end,avg_bb_size,var_bb_size,avg_shortest_dist,swarm_density_count,prey_neurons_connected_prey_retina,prey_neurons_connected_predator_retina,predator_neurons_connected_prey_retina,mutual_info
1,52424.000000,27576.000000,13,188307.256815,5020406527.766953,4628.465821,1.467347,1,5,1,0.021598
1,50755.000000,29245.000000,13,184474.384251,4888704478.922066,3543.058753,1.538167,1,5,1,0.039883
2,52716.000000,27284.000000,15,202515.003846,5996318468.115896,4564.246127,1.469998,1,5,1,0.022267
3,55500.000000,24500.000000,15,180844.276337,4764562752.037602,3633.223612,1.501428,1,5,1,0.021917
