generation,prey_fitness,predator_fitness,num_alive_end,avg_bb_size,var_bb_size,avg_shortest_dist,swarm_density_count,prey_neurons_connected_prey_retina,prey_neurons_connected_predator_retina,predator_neurons_connected_prey_retina,mutual_info
1,55051.000000,24949.000000,17,154276.312671,3482485615.308306,2894.276791,1.461532,0,1,1,0.014743
1,54575.000000,25425.000000,16,160068.162159,3571658173.995482,3233.823196,1.473708,0,1,1,0.043640
2,56233.000000,23767.000000,19,145876.976639,2476752942.177034,2326.228770,1.517428,0,1,1,0.024954
3,60529.000000,19471.000000,18,139272.878468,2668156261.843634,2119.849768,1.620742,0,1,1,0.016740
