generation,prey_fitness,predator_fitness,num_alive_end,avg_bb_size,var_bb_size,avg_shortest_dist,swarm_density_count,prey_neurons_connected_prey_retina,prey_neurons_connected_predator_retina,predator_neurons_connected_prey_retina,mutual_info
1,58300.000000,21700.000000,17,43423.088911,245941013.742000,869.445543,4.652152,7,2,1,0.020506
1,49749.000000,30251.000000,12,25695.357808,87114277.790560,577.624337,4.523882,7,2,1,0.032625
2,58851.000000,21149.000000,14,19965.441386,59065998.660948,371.503195,6.337953,7,2,1,0.022306
3,55545.000000,24455.000000,15,29129.310445,152405614.335645,582.181756,4.898545,7,2,1,0.024843
