generation,prey_fitness,predator_fitness,num_alive_end,avg_bb_size,var_bb_size,avg_shortest_dist,swarm_density_count,prey_neurons_connected_prey_retina,prey_neurons_connected_predator_retina,predator_neurons_connected_prey_retina,mutual_info
1,52179.000000,27821.000000,13,45179.122815,520765437.249762,1183.455980,4.109537,3,3,1,0.057597
1,51440.000000,28560.000000,13,50043.455234,1001099430.962847,1448.060587,4.364423,3,3,1,0.017923
2,48061.000000,31939.000000,9,30910.839691,174246030.478913,853.108906,4.013898,3,3,1,0.016997
3,59872.000000,20128.000000,20,37988.582157,316306388.122518,726.231723,5.273645,3,3,1,0.017527
