generation,prey_fitness,predator_fitness,num_alive_end,avg_bb_size,var_bb_size,avg_shortest_dist,swarm_density_count,prey_neurons_connected_prey_retina,prey_neurons_connected_predator_retina,predator_neurons_connected_prey_retina,mutual_info
1,59894.000000,20106.000000,20,101622.816968,2338194439.477094,1773.460915,2.476473,2,1,3,0.020208
1,53066.000000,26934.000000,16,105006.143171,2293314653.143324,2219.328035,1.982294,2,1,3,0.012741
2,53493.000000,26507.000000,12,96508.989276,2231974623.611905,2325.893705,2.188873,2,1,3,0.038646
3,52433.000000,27567.000000,16,96581.985834,1528371036.195852,1808.106458,2.102863,2,1,3,0.017850
