generation,prey_fitness,predator_fitness,num_alive_end,avg_bb_size,var_bb_size,avg_shortest_dist,swarm_density_count,prey_neurons_connected_prey_retina,prey_neurons_connected_predator_retina,predator_neurons_connected_prey_retina,mutual_info
1,55435.000000,24565.000000,19,133015.381288,2415653382.118155,2628.847194,1.976025,2,0,1,0.031861
1,63247.000000,16753.000000,22,165809.208721,4054240243.406686,2964.533415,1.934811,2,0,1,0.040610
2,54237.000000,25763.000000,17,166259.776719,5282620706.522082,3268.711609,1.717796,2,0,1,0.023313
3,61952.000000,18048.000000,21,163019.716585,3929943941.130656,2861.324032,1.824841,2,0,1,0.021464
