generation,prey_fitness,predator_fitness,num_alive_end,avg_bb_size,var_bb_size,avg_shortest_dist,swarm_density_count,prey_neurons_connected_prey_retina,prey_neurons_connected_predator_retina,predator_neurons_connected_prey_retina,mutual_info
1,62160.000000,17840.000000,21,172064.848920,4337187928.166776,2571.481428,1.733566,1,0,1,0.017828
1,53414.000000,26586.000000,14,152872.395867,3287058462.032335,3248.092775,1.636255,1,0,1,0.019995
2,53465.000000,26535.000000,15,168718.885328,4374500122.904513,3382.826586,1.702414,1,0,1,0.026504
3,58339.000000,21661.000000,21,178190.643524,4612650409.292792,2978.654912,1.731841,1,0,1,0.023003
