generation,prey_fitness,predator_fitness,num_alive_end,avg_bb_size,var_bb_size,avg_shortest_dist,swarm_density_count,prey_neurons_connected_prey_retina,prey_neurons_connected_predator_retina,predator_neurons_connected_prey_retina,mutual_info
1,49811.000000,30189.000000,9,44651.704836,204132511.662900,1184.481548,2.381837,1,1,1,0.016164
1,50562.000000,29438.000000,9,42696.528795,243108403.966628,945.822536,2.426709,1,1,1,0.011805
2,53058.000000,26942.000000,13,49500.831721,276780486.769753,1111.864419,2.259611,1,1,1,0.010626
3,48250.000000,31750.000000,9,38573.534334,135423813.055869,912.297810,2.444444,1,1,1,0.040121
