generation,prey_fitness,predator_fitness,num_alive_end,avg_bb_size,var_bb_size,avg_shortest_dist,swarm_density_count,prey_neurons_connected_prey_retina,prey_neurons_connected_predator_retina,predator_neurons_connected_prey_retina,mutual_info
1,52306.000000,27694.000000,14,65927.144903,581564710.921597,1349.749535,2.111901,4,5,1,0.037408
1,47354.000000,32646.000000,6,53612.614765,388469035.416162,1490.510726,2.053471,4,5,1,0.032761
2,48911.000000,31089.000000,11,58775.516707,387979108.180661,1426.420929,2.245170,4,5,1,0.023591
3,54173.000000,25827.000000,16,74003.571259,575582753.469064,1413.996486,2.230240,4,5,1,0.032848
