generation,prey_fitness,predator_fitness,num_alive_end,avg_bb_size,var_bb_size,avg_shortest_dist,swarm_density_count,prey_neurons_connected_prey_retina,prey_neurons_connected_predator_retina,predator_neurons_connected_prey_retina,mutual_info
1,49838.000000,30162.000000,9,38663.048812,175722220.777620,982.283695,2.696732,1,1,1,0.052602
1,54331.000000,25669.000000,18,62101.279324,587778445.337490,1259.877011,2.378070,1,1,1,0.018295
2,51639.000000,28361.000000,11,50529.541078,345175946.840735,1370.585621,2.554644,1,1,1,0.024181
3,45704.000000,34296.000000,7,36649.858231,130077567.010918,1021.910018,2.552699,1,1,1,0.024827
