generation,prey_fitness,predator_fitness,num_alive_end,avg_bb_size,var_bb_size,avg_shortest_dist,swarm_density_count,prey_neurons_connected_prey_retina,prey_neurons_connected_predator_retina,predator_neurons_connected_prey_retina,mutual_info
1,50165.000000,29835.000000,11,50553.270816,256890372.277416,1197.282355,2.586847,0,2,1,0.015432
1,48471.000000,31529.000000,8,37789.975166,253266535.239155,1025.661142,2.872974,0,2,1,0.025847
2,55406.000000,24594.000000,11,65626.380389,659296784.013488,1270.113121,2.505403,0,2,1,0.016001
3,57027.000000,22973.000000,15,60290.150611,1141059003.275382,1314.030812,2.864035,0,2,1,0.035451
