generation,prey_fitness,predator_fitness,num_alive_end,avg_bb_size,var_bb_size,avg_shortest_dist,swarm_density_count,prey_neurons_connected_prey_retina,prey_neurons_connected_predator_retina,predator_neurons_connected_prey_retina,mutual_info
1,54543.000000,25457.000000,16,86212.701875,1045840273.309333,1634.912768,2.033029,0,1,2,0.032187
1,59172.000000,20828.000000,19,95913.818461,1753886404.749660,1622.164999,2.163360,0,1,2,0.020229
2,62070.000000,17930.000000,22,99134.355276,1470490870.776219,1648.439599,2.120296,0,1,2,0.023116
3,58026.000000,21974.000000,19,93582.876606,1191082948.109373,1475.183909,2.203931,0,1,2,0.017443
