generation,prey_fitness,predator_fitness,num_alive_end,avg_bb_size,var_bb_size,avg_shortest_dist,swarm_density_count,prey_neurons_connected_prey_retina,prey_neurons_connected_predator_retina,predator_neurons_connected_prey_retina,mutual_info
1,49182.000000,30818.000000,10,66185.461969,574865503.575388,1531.947974,2.261748,0,2,1,0.028439
1,49466.000000,30534.000000,11,68649.225494,826784886.440140,2016.096282,2.433674,0,2,1,0.012978
2,55863.000000,24137.000000,16,66300.671498,744539841.564824,1279.636748,2.505337,0,2,1,0.019942
3,50265.000000,29735.000000,11,90032.744745,1126128309.898387,2310.370698,1.883839,0,2,1,0.019444
