generation,prey_fitness,predator_fitness,num_alive_end,avg_bb_size,var_bb_size,avg_shortest_dist,swarm_density_count,prey_neurons_connected_prey_retina,prey_neurons_connected_predator_retina,predator_neurons_connected_prey_retina,mutual_info
1,47554.000000,32446.000000,12,92976.844490,1699212058.905126,1913.575393,1.733776,1,2,3,0.039666
1,53659.000000,26341.000000,13,97042.965245,1698042569.808146,2319.734518,2.003488,1,2,3,0.017176
2,58973.000000,21027.000000,19,120503.824348,2281188754.508081,2165.469029,1.803760,1,2,3,0.018871
3,51854.000000,28146.000000,13,94173.954889,1767884303.170325,2152.223822,1.895239,1,2,3,0.017832
