generation,prey_fitness,predator_fitness,num_alive_end,avg_bb_size,var_bb_size,avg_shortest_dist,swarm_density_count,prey_neurons_connected_prey_retina,prey_neurons_connected_predator_retina,predator_neurons_connected_prey_retina,mutual_info
1,51380.000000,28620.000000,12,124346.681864,2338544880.108450,3238.489763,1.598873,0,2,2,0.028860
1,57406.000000,22594.000000,18,148781.989558,4160541857.614229,3292.274190,1.710326,0,2,2,0.014648
2,56443.000000,23557.000000,18,136345.959273,3688074573.116414,2123.023689,1.762986,0,2,2,0.042340
3,61112.000000,18888.000000,21,112430.616617,1861016314.736080,1947.203542,1.845320,0,2,2,0.038702
