generation,prey_fitness,predator_fitness,num_alive_end,avg_bb_size,var_bb_size,avg_shortest_dist,swarm_density_count,prey_neurons_connected_prey_retina,prey_neurons_connected_predator_retina,predator_neurons_connected_prey_retina,mutual_info
1,55582.000000,24418.000000,16,170946.493077,3148532525.109904,3505.215396,1.218020,5,4,3,0.018826
1,57052.000000,22948.000000,20,174626.580435,3260585144.593461,3084.788183,1.315723,5,4,3,0.017520
2,54207.000000,25793.000000,16,169011.611969,3184882063.408355,3148.219547,1.325783,5,4,3,0.017376
3,48467.000000,31533.000000,13,149323.047856,2386053348.467600,3799.550771,1.200156,5,4,3,0.017901
