generation,prey_fitness,predator_fitness,num_alive_end,avg_bb_size,var_bb_size,avg_shortest_dist,swarm_density_count,prey_neurons_connected_prey_retina,prey_neurons_connected_predator_retina,predator_neurons_connected_prey_retina,mutual_info
1,45024.000000,34976.000000,3,28500.294204,153348182.226248,914.053563,3.318312,3,3,1,0.015511
1,39407.000000,40593.000000,2,12405.374255,49292573.468296,1452.986044,3.595415,3,3,1,0.024547
2,37246.000000,42754.000000,2,15005.202071,91377527.470097,2753.520510,3.229006,3,3,1,0.027211
3,36608.000000,43392.000000,2,11163.136881,40480490.478596,2243.333936,3.949906,3,3,1,0.057841
