generation,prey_fitness,predator_fitness,num_alive_end,avg_bb_size,var_bb_size,avg_shortest_dist,swarm_density_count,prey_neurons_connected_prey_retina,prey_neurons_connected_predator_retina,predator_neurons_connected_prey_retina,mutual_info
1,50177.000000,29823.000000,14,149057.122112,3051919663.428826,2348.052040,1.901304,2,1,3,0.019853
1,59762.000000,20238.000000,20,182848.138829,5881001799.082743,2560.120861,1.898918,2,1,3,0.027691
2,56596.000000,23404.000000,16,174251.056873,4417722625.661691,2441.945483,2.677215,2,1,3,0.026717
3,54911.000000,25089.000000,16,160711.514233,5039293847.556577,2330.603766,2.853662,2,1,3,0.036757
