generation,prey_fitness,predator_fitness,num_alive_end,avg_bb_size,var_bb_size,avg_shortest_dist,swarm_density_count,prey_neurons_connected_prey_retina,prey_neurons_connected_predator_retina,predator_neurons_connected_prey_retina,mutual_info
1,60734.000000,19266.000000,20,205871.763082,5963176956.239385,3002.890991,1.518548,1,3,1,0.017920
1,62077.000000,17923.000000,19,210183.965120,5851261817.063978,3183.697168,1.678067,1,3,1,0.021613
2,57663.000000,22337.000000,18,209640.076351,5990473448.925935,3894.396250,1.461084,1,3,1,0.029175
3,64606.000000,15394.000000,21,208637.278409,5794356022.986850,3010.688867,1.563245,1,3,1,0.014365
