generation,prey_fitness,predator_fitness,num_alive_end,avg_bb_size,var_bb_size,avg_shortest_dist,swarm_density_count,prey_neurons_connected_prey_retina,prey_neurons_connected_predator_retina,predator_neurons_connected_prey_retina,mutual_info
1,55149.000000,24851.000000,16,71857.446059,689154196.969744,1398.282041,2.314606,2,3,2,0.030793
1,50131.000000,29869.000000,10,63056.671020,480463335.808845,1787.273886,2.189930,2,3,2,0.023076
2,42612.000000,37388.000000,5,48496.613793,547999679.552565,1535.758285,2.212996,2,3,2,0.050360
3,60377.000000,19623.000000,20,106405.409892,1667937947.180429,1728.917717,2.082943,2,3,2,0.044733
