generation,prey_fitness,predator_fitness,num_alive_end,avg_bb_size,var_bb_size,avg_shortest_dist,swarm_density_count,prey_neurons_connected_prey_retina,prey_neurons_connected_predator_retina,predator_neurons_connected_prey_retina,mutual_info
1,48040.000000,31960.000000,8,199338.447211,5950235880.430190,5457.211266,1.640046,4,2,2,0.023675
1,49565.000000,30435.000000,13,162487.912838,4100829091.526083,3383.661992,1.673842,4,2,2,0.040012
2,59119.000000,20881.000000,17,187120.574688,5790116730.297215,3044.309858,1.655232,4,2,2,0.021059
3,51500.000000,28500.000000,11,190726.919766,5979288488.459934,5750.831203,1.748866,4,2,2,0.029846
