generation,prey_fitness,predator_fitness,num_alive_end,avg_bb_size,var_bb_size,avg_shortest_dist,swarm_density_count,prey_neurons_connected_prey_retina,prey_neurons_connected_predator_retina,predator_neurons_connected_prey_retina,mutual_info
1,58630.000000,21370.000000,17,182700.943741,4904869186.189876,3947.974933,1.524550,2,3,1,0.018687
1,55891.000000,24109.000000,16,170405.987571,4452364492.086375,3757.631016,1.542212,2,3,1,0.043398
2,54305.000000,25695.000000,18,178234.687237,4491665326.861237,2818.658467,1.595983,2,3,1,0.021702
3,57802.000000,22198.000000,16,189176.187135,5358548789.964408,3587.008276,1.454748,2,3,1,0.024563
