generation,prey_fitness,predator_fitness,num_alive_end,avg_bb_size,var_bb_size,avg_shortest_dist,swarm_density_count,prey_neurons_connected_prey_retina,prey_neurons_connected_predator_retina,predator_neurons_connected_prey_retina,mutual_info
1,58697.000000,21303.000000,21,64018.455435,741622696.786048,1047.561383,3.193370,0,1,1,0.012002
1,49176.000000,30824.000000,11,41399.045891,337358203.496680,1064.986316,3.072735,0,1,1,0.016061
2,48559.000000,31441.000000,14,33125.398366,114286582.139935,838.141488,3.232787,0,1,1,0.018927
3,56998.000000,23002.000000,16,46078.315242,244044970.196334,791.637337,3.485165,0,1,1,0.022319
