generation,prey_fitness,predator_fitness,num_alive_end,avg_bb_size,var_bb_size,avg_shortest_dist,swarm_density_count,prey_neurons_connected_prey_retina,prey_neurons_connected_predator_retina,predator_neurons_connected_prey_retina,mutual_info
1,56984.000000,23016.000000,18,129959.239309,2796570544.276066,2247.603111,1.704344,0,0,1,0.018004
1,49993.000000,30007.000000,15,151956.993744,2872992968.486844,3328.031284,1.553420,0,0,1,0.023861
2,55050.000000,24950.000000,18,150991.333967,3629810960.766891,2962.083879,1.567128,0,0,1,0.020850
3,55272.000000,24728.000000,17,115863.167655,2384770618.248055,2538.781304,1.829165,0,0,1,0.018054
