generation,prey_fitness,predator_fitness,num_alive_end,avg_bb_size,var_bb_size,avg_shortest_dist,swarm_density_count,prey_neurons_connected_prey_retina,prey_neurons_connected_predator_retina,predator_neurons_connected_prey_retina,mutual_info
1,57134.000000,22866.000000,18,103245.433628,1764766954.909261,1753.048553,1.913405,1,3,3,0.014942
1,51559.000000,28441.000000,17,126705.999828,3215304551.660972,2769.768389,1.826143,1,3,3,0.019003
2,51142.000000,28858.000000,13,92381.429755,1121229962.477725,1971.967257,2.009253,1,3,3,0.027072
3,66103.000000,13897.000000,23,139527.430197,2665092490.346611,2104.306550,2.025498,1,3,3,0.033810
