generation,prey_fitness,predator_fitness,num_alive_end,avg_bb_size,var_bb_size,avg_shortest_dist,swarm_density_count,prey_neurons_connected_prey_retina,prey_neurons_connected_predator_retina,predator_neurons_connected_prey_retina,mutual_info
1,53469.000000,26531.000000,17,195237.159941,6693090824.558576,4745.069369,1.794167,0,2,2,0.025880
1,55681.000000,24319.000000,15,185049.942082,5746470745.849850,3136.645133,1.855333,0,2,2,0.037809
2,47092.000000,32908.000000,11,194585.915251,6543256637.573022,6413.704774,1.740527,0,2,2,0.016446
3,57311.000000,22689.000000,16,194094.253151,6832418800.845350,4031.633826,1.913398,0,2,2,0.045575
