generation,prey_fitness,predator_fitness,num_alive_end,avg_bb_size,var_bb_size,avg_shortest_dist,swarm_density_count,prey_neurons_connected_prey_retina,prey_neurons_connected_predator_retina,predator_neurons_connected_prey_retina,mutual_info
1,49359.000000,30641.000000,13,143817.900795,3856808481.057033,4244.381896,1.797714,0,1,4,0.018377
1,49299.000000,30701.000000,14,131015.192843,3426942840.552087,3649.972202,1.950340,0,1,4,0.028004
2,59293.000000,20707.000000,19,121287.211687,2645100598.790069,1906.290140,2.076268,0,1,4,0.013021
3,58437.000000,21563.000000,19,149865.334777,4450936177.165536,3215.146371,2.041130,0,1,4,0.026404
