generation,prey_fitness,predator_fitness,num_alive_end,avg_bb_size,var_bb_size,avg_shortest_dist,swarm_density_count,prey_neurons_connected_prey_retina,prey_neurons_connected_predator_retina,predator_neurons_connected_prey_retina,mutual_info
1,56478.000000,23522.000000,17,115672.560203,1928932605.112418,1965.538673,1.998463,0,1,1,0.027282
1,61720.000000,18280.000000,20,135259.635010,2563140463.812861,2237.772305,1.828674,0,1,1,0.031179
2,55373.000000,24627.000000,17,103935.567055,1577901112.484249,1825.169370,1.889839,0,1,1,0.045613
3,61033.000000,18967.000000,20,140612.614869,3281464258.278255,2499.513039,1.845471,0,1,1,0.022470
