generation,prey_fitness,predator_fitness,num_alive_end,avg_bb_size,var_bb_size,avg_shortest_dist,swarm_density_count,prey_neurons_connected_prey_retina,prey_neurons_connected_predator_retina,predator_neurons_connected_prey_retina,mutual_info
1,57033.000000,22967.000000,17,138251.777983,4106183438.907740,3086.969829,1.716230,1,0,1,0.020131
1,55049.000000,24951.000000,14,116214.017454,1596927378.482973,2626.917245,2.000203,1,0,1,0.027543
2,50819.000000,29181.000000,14,99914.219375,2105459184.862676,2177.758069,2.025169,1,0,1,0.028685
3,56844.000000,23156.000000,18,115256.215749,2737316630.416668,2019.782649,2.097751,1,0,1,0.025735
