generation,prey_fitness,predator_fitness,num_alive_end,avg_bb_size,var_bb_size,avg_shortest_dist,swarm_density_count,prey_neurons_connected_prey_retina,prey_neurons_connected_predator_retina,predator_neurons_connected_prey_retina,mutual_info
1,54198.000000,25802.000000,17,108883.658277,1601842785.987594,2125.098720,2.055910,0,3,1,0.010385
1,53682.000000,26318.000000,17,92734.838901,1395791850.314164,1996.549516,1.938710,0,3,1,0.017969
2,48828.000000,31172.000000,12,90918.426184,1393116554.535958,2103.072709,1.802616,0,3,1,0.011883
3,56123.000000,23877.000000,18,118399.502310,2519973097.552529,2084.989972,1.809170,0,3,1,0.014090
