generation,prey_fitness,predator_fitness,num_alive_end,avg_bb_size,var_bb_size,avg_shortest_dist,swarm_density_count,prey_neurons_connected_prey_retina,prey_neurons_connected_predator_retina,predator_neurons_connected_prey_retina,mutual_info
1,53187.000000,26813.000000,11,39228.907722,259741998.901590,1076.832156,5.326925,2,1,1,0.014649
1,53584.000000,26416.000000,11,39630.735644,308027149.847524,999.232588,4.597039,2,1,1,0.035110
2,51620.000000,28380.000000,11,40559.277293,444639767.328227,1150.525254,5.175323,2,1,1,0.022363
3,52178.000000,27822.000000,12,58836.665060,910909670.368564,1800.536777,4.776899,2,1,1,0.037476
