generation,prey_fitness,predator_fitness,num_alive_end,avg_bb_size,var_bb_size,avg_shortest_dist,swarm_density_count,prey_neurons_connected_prey_retina,prey_neurons_connected_predator_retina,predator_neurons_connected_prey_retina,mutual_info
1,44533.000000,35467.000000,8,169953.679015,4555273772.779201,5172.956253,1.434629,2,0,1,0.029966
1,57961.000000,22039.000000,16,169145.425326,3968335453.964672,3056.146938,1.504579,2,0,1,0.027110
2,47701.000000,32299.000000,11,132308.746603,2496653718.910040,3987.772234,1.542769,2,0,1,0.013885
3,49769.000000,30231.000000,9,141213.016154,2677100108.102402,3370.944911,1.516807,2,0,1,0.014985
