generation,prey_fitness,predator_fitness,num_alive_end,avg_bb_size,var_bb_size,avg_shortest_dist,swarm_density_count,prey_neurons_connected_prey_retina,prey_neurons_connected_predator_retina,predator_neurons_connected_prey_retina,mutual_info
1,57613.000000,22387.000000,18,76131.235606,798333542.308009,1414.161999,2.307229,0,0,1,0.022074
1,57412.000000,22588.000000,19,90522.256578,2061393502.508898,1656.745153,2.232072,0,0,1,0.055246
2,51058.000000,28942.000000,11,81638.494619,1140329336.688088,2183.532163,2.016955,0,0,1,0.015928
3,54418.000000,25582.000000,17,103276.085952,1686569801.902406,1892.758138,1.954734,0,0,1,0.033137
