generation,prey_fitness,predator_fitness,num_alive_end,avg_bb_size,var_bb_size,avg_shortest_dist,swarm_density_count,prey_neurons_connected_prey_retina,prey_neurons_connected_predator_retina,predator_neurons_connected_prey_retina,mutual_info
1,54572.000000,25428.000000,16,185897.113385,4814691456.631768,4228.403464,1.532786,1,0,1,0.019663
1,52505.000000,27495.000000,14,179130.953330,5019348074.256798,4458.772142,1.454510,1,0,1,0.030660
2,50351.000000,29649.000000,14,153211.385211,3241386634.611857,3733.296125,1.479714,1,0,1,0.025715
3,61934.000000,18066.000000,20,182801.978850,5007308093.348693,3496.449899,1.488182,1,0,1,0.016415
