generation,prey_fitness,predator_fitness,num_alive_end,avg_bb_size,var_bb_size,avg_shortest_dist,swarm_density_count,prey_neurons_connected_prey_retina,prey_neurons_connected_predator_retina,predator_neurons_connected_prey_retina,mutual_info
1,53074.000000,26926.000000,13,59082.034782,416974214.520878,1638.587239,2.525502,1,1,1,0.022931
1,53350.000000,26650.000000,14,57369.128761,378681799.762958,1261.824524,2.513904,1,1,1,0.013567
2,54126.000000,25874.000000,14,52717.249212,396610672.596080,1071.175955,2.491519,1,1,1,0.019831
3,56015.000000,23985.000000,17,54523.186682,459535692.656264,1034.259644,2.696042,1,1,1,0.019012
