generation,prey_fitness,predator_fitness,num_alive_end,avg_bb_size,var_bb_size,avg_shortest_dist,swarm_density_count,prey_neurons_connected_prey_retina,prey_neurons_connected_predator_retina,predator_neurons_connected_prey_retina,mutual_info
1,44218.000000,35782.000000,2,18148.132108,61944988.343444,684.876234,3.796884,2,4,1,0.036801
1,45029.000000,34971.000000,3,23167.651201,87089191.631547,754.104717,3.471524,2,4,1,0.020216
2,42225.000000,37775.000000,2,13167.924136,66836558.368312,425.731393,4.502526,2,4,1,0.028168
3,58111.000000,21889.000000,13,24393.910644,77902516.694579,424.896985,4.452120,2,4,1,0.022975
