generation,prey_fitness,predator_fitness,num_alive_end,avg_bb_size,var_bb_size,avg_shortest_dist,swarm_density_count,prey_neurons_connected_prey_retina,prey_neurons_connected_predator_retina,predator_neurons_connected_prey_retina,mutual_info
1,56579.000000,23421.000000,17,111190.593715,1673797672.172291,1859.312207,2.013834,1,0,2,0.022240
1,53317.000000,26683.000000,17,104427.174221,1645470827.014432,1856.135352,1.981124,1,0,2,0.025768
2,47079.000000,32921.000000,8,89364.103550,1247369265.213856,2487.940249,1.860910,1,0,2,0.023969
3,51661.000000,28339.000000,13,116670.938673,2319931370.157830,2491.514334,1.870312,1,0,2,0.021989
