generation,prey_fitness,predator_fitness,num_alive_end,avg_bb_size,var_bb_size,avg_shortest_dist,swarm_density_count,prey_neurons_connected_prey_retina,prey_neurons_connected_predator_retina,predator_neurons_connected_prey_retina,mutual_info
1,58231.000000,21769.000000,18,214487.250010,4825146839.947193,3133.649443,1.678080,6,1,1,0.040129
1,44236.000000,35764.000000,8,220476.948562,4886138682.657148,7450.555144,1.470411,6,1,1,0.034326
2,44979.000000,35021.000000,10,186457.117509,5259114497.489192,4740.301564,1.406428,6,1,1,0.070296
3,46492.000000,33508.000000,11,204551.094673,4507036678.425975,5671.447709,1.381599,6,1,1,0.038606
