generation,prey_fitness,predator_fitness,num_alive_end,avg_bb_size,var_bb_size,avg_shortest_dist,swarm_density_count,prey_neurons_connected_prey_retina,prey_neurons_connected_predator_retina,predator_neurons_connected_prey_retina,mutual_info
1,61984.000000,18016.000000,22,107914.977997,1768947029.994988,1692.581421,2.373338,0,2,1,0.022291
1,63176.000000,16824.000000,20,103553.200476,1577439046.021255,1867.862538,2.386646,0,2,1,0.012474
2,52638.000000,27362.000000,16,102065.118888,2411566051.495823,2658.588332,2.199499,0,2,1,0.017408
3,58835.000000,21165.000000,21,132367.764220,4363520764.067127,2560.442765,2.297538,0,2,1,0.015737
