generation,prey_fitness,predator_fitness,num_alive_end,avg_bb_size,var_bb_size,avg_shortest_dist,swarm_density_count,prey_neurons_connected_prey_retina,prey_neurons_connected_predator_retina,predator_neurons_connected_prey_retina,mutual_info
1,52394.000000,27606.000000,14,171723.924254,4483104612.369601,4497.598727,1.564582,1,0,5,0.020201
1,52026.000000,27974.000000,12,162835.405223,4058960653.858801,4148.624390,1.541096,1,0,5,0.024169
2,57745.000000,22255.000000,18,180085.012902,4359383693.163400,3337.386488,1.533961,1,0,5,0.018854
3,51066.000000,28934.000000,13,177169.329006,4293687179.141426,3854.023811,1.414013,1,0,5,0.037081
