generation,prey_fitness,predator_fitness,num_alive_end,avg_bb_size,var_bb_size,avg_shortest_dist,swarm_density_count,prey_neurons_connected_prey_retina,prey_neurons_connected_predator_retina,predator_neurons_connected_prey_retina,mutual_info
1,51848.000000,28152.000000,12,38983.195737,131525603.396542,975.165870,2.792920,4,4,1,0.039792
1,51008.000000,28992.000000,13,44448.426009,231457646.910559,1074.413344,2.474919,4,4,1,0.016306
2,55254.000000,24746.000000,14,53717.820668,314651683.526569,1033.021706,2.569400,4,4,1,0.017712
3,58581.000000,21419.000000,19,52624.834389,508873589.681194,995.506515,2.723081,4,4,1,0.022865
