generation,prey_fitness,predator_fitness,num_alive_end,avg_bb_size,var_bb_size,avg_shortest_dist,swarm_density_count,prey_neurons_connected_prey_retina,prey_neurons_connected_predator_retina,predator_neurons_connected_prey_retina,mutual_info
1,56240.000000,23760.000000,15,146155.277184,3066836992.269083,2974.820633,1.567495,0,1,1,0.019462
1,46794.000000,33206.000000,9,134749.582399,3988621262.494403,3584.264649,1.699998,0,1,1,0.053420
2,45164.000000,34836.000000,10,111568.594114,1756405669.676341,4790.442881,1.617225,0,1,1,0.020035
3,50290.000000,29710.000000,11,156082.427237,4040951145.687807,4397.662142,1.575992,0,1,1,0.023341
