generation,prey_fitness,predator_fitness,num_alive_end,avg_bb_size,var_bb_size,avg_shortest_dist,swarm_density_count,prey_neurons_connected_prey_retina,prey_neurons_connected_predator_retina,predator_neurons_connected_prey_retina,mutual_info
1,59937.000000,20063.000000,18,70683.070930,1040382584.844858,1389.656173,2.683492,1,4,1,0.029005
1,48547.000000,31453.000000,11,63114.978536,644668386.800753,1539.828915,2.249394,1,4,1,0.030796
2,49017.000000,30983.000000,11,55837.279011,363607729.033540,1453.458660,2.449653,1,4,1,0.024153
3,57046.000000,22954.000000,15,96724.829853,1873616177.427870,2137.762710,2.238169,1,4,1,0.027413
