generation,prey_fitness,predator_fitness,num_alive_end,avg_bb_size,var_bb_size,avg_shortest_dist,swarm_density_count,prey_neurons_connected_prey_retina,prey_neurons_connected_predator_retina,predator_neurons_connected_prey_retina,mutual_info
1,48888.000000,31112.000000,9,206770.595752,5737451850.347336,4961.112922,1.487487,1,0,4,0.028233
1,54267.000000,25733.000000,16,178585.432720,5528121695.359419,3539.582735,1.565206,1,0,4,0.019383
2,54703.000000,25297.000000,13,210833.891990,5932859307.561574,4040.061230,1.463133,1,0,4,0.020185
3,52694.000000,27306.000000,16,209536.207290,6134185446.466480,4993.594409,1.554047,1,0,4,0.026102
