generation,prey_fitness,predator_fitness,num_alive_end,avg_bb_size,var_bb_size,avg_shortest_dist,swarm_density_count,prey_neurons_connected_prey_retina,prey_neurons_connected_predator_retina,predator_neurons_connected_prey_retina,mutual_info
1,77660.000000,2340.000000,36,369.742316,2945.805302,3.650611,37.832000,1,0,3,0.002690
1,74125.000000,5875.000000,34,376.559531,4160.342295,3.713738,36.065500,1,0,3,0.002592
2,77270.000000,2730.000000,38,378.750751,3069.082936,3.766556,37.636000,1,0,3,0.002281
3,78027.000000,1973.000000,38,374.542493,3948.789578,3.506218,38.014500,1,0,3,0.002543
