generation,prey_fitness,predator_fitness,num_alive_end,avg_bb_size,var_bb_size,avg_shortest_dist,swarm_density_count,prey_neurons_connected_prey_retina,prey_neurons_connected_predator_retina,predator_neurons_connected_prey_retina,mutual_info
1,61881.000000,18119.000000,20,133139.464148,2832873518.381871,1842.746678,3.019300,1,1,1,0.024458
1,57940.000000,22060.000000,18,144706.239418,3705820046.343391,2088.323956,2.620233,1,1,1,0.021602
2,51653.000000,28347.000000,12,90008.018343,2005027531.116188,1701.629156,3.047689,1,1,1,0.026670
3,56613.000000,23387.000000,18,172998.921021,7154610478.261355,2919.239188,2.378483,1,1,1,0.018815
