generation,prey_fitness,predator_fitness,num_alive_end,avg_bb_size,var_bb_size,avg_shortest_dist,swarm_density_count,prey_neurons_connected_prey_retina,prey_neurons_connected_predator_retina,predator_neurons_connected_prey_retina,mutual_info
1,45780.000000,34220.000000,8,35110.596206,140109050.868789,1233.491298,2.818730,1,1,2,0.018355
1,54504.000000,25496.000000,13,40400.270854,231047889.654658,757.070421,3.132918,1,1,2,0.013981
2,58315.000000,21685.000000,17,41836.137375,258018903.132035,756.520203,3.582966,1,1,2,0.012828
3,49385.000000,30615.000000,9,29752.967923,143168251.362499,691.797079,3.483147,1,1,2,0.014733
