generation,prey_fitness,predator_fitness,num_alive_end,avg_bb_size,var_bb_size,avg_shortest_dist,swarm_density_count,prey_neurons_connected_prey_retina,prey_neurons_connected_predator_retina,predator_neurons_connected_prey_retina,mutual_info
1,55447.000000,24553.000000,14,91211.496188,1806704640.082758,1669.067790,2.258334,2,1,2,0.015829
1,44844.000000,35156.000000,8,69661.607450,797516441.892868,1712.683791,1.726660,2,1,2,0.031580
2,52928.000000,27072.000000,14,90003.104587,1300985814.970475,2211.523578,1.917862,2,1,2,0.019033
3,60046.000000,19954.000000,18,129947.575766,2976317323.609367,2421.975505,2.076061,2,1,2,0.015978
