generation,prey_fitness,predator_fitness,num_alive_end,avg_bb_size,var_bb_size,avg_shortest_dist,swarm_density_count,prey_neurons_connected_prey_retina,prey_neurons_connected_predator_retina,predator_neurons_connected_prey_retina,mutual_info
1,58919.000000,21081.000000,18,184167.429887,4955697270.607731,2983.451185,1.642697,0,2,1,0.019237
1,56558.000000,23442.000000,17,170605.844255,4825599091.740746,3722.902155,1.755236,0,2,1,0.023101
2,55654.000000,24346.000000,15,177018.584190,4930111887.214188,3631.669146,1.614590,0,2,1,0.015033
3,55013.000000,24987.000000,14,186427.969927,4900710608.390865,4112.778239,1.513215,0,2,1,0.027822
