generation,prey_fitness,predator_fitness,num_alive_end,avg_bb_size,var_bb_size,avg_shortest_dist,swarm_density_count,prey_neurons_connected_prey_retina,prey_neurons_connected_predator_retina,predator_neurons_connected_prey_retina,mutual_info
1,55416.000000,24584.000000,15,39325.012451,351273142.044949,382.452091,3.798930,1,1,1,0.035118
1,57435.000000,22565.000000,17,50146.632061,368633391.451216,530.671188,3.476112,1,1,1,0.020724
2,49753.000000,30247.000000,9,29632.922308,113076495.260110,367.563433,3.634705,1,1,1,0.036291
3,66879.000000,13121.000000,24,83476.440348,1869777268.340850,673.699749,3.159151,1,1,1,0.021726
