generation,prey_fitness,predator_fitness,num_alive_end,avg_bb_size,var_bb_size,avg_shortest_dist,swarm_density_count,prey_neurons_connected_prey_retina,prey_neurons_connected_predator_retina,predator_neurons_connected_prey_retina,mutual_info
1,52816.000000,27184.000000,14,75474.478058,889957198.986480,1368.438532,2.025372,1,1,1,0.012152
1,46149.000000,33851.000000,7,52948.307445,416819148.593682,1595.945832,1.976689,1,1,1,0.020125
2,47500.000000,32500.000000,10,56131.149376,253066959.701811,1442.808427,1.746297,1,1,1,0.017497
3,53402.000000,26598.000000,15,52453.570779,220953451.953532,1029.227672,2.093451,1,1,1,0.020281
