generation,prey_fitness,predator_fitness,num_alive_end,avg_bb_size,var_bb_size,avg_shortest_dist,swarm_density_count,prey_neurons_connected_prey_retina,prey_neurons_connected_predator_retina,predator_neurons_connected_prey_retina,mutual_info
1,36358.000000,43642.000000,2,12487.161174,74516403.494658,864.023029,3.446201,0,5,1,0.015722
1,45302.000000,34698.000000,3,15034.923844,42052294.646479,479.259004,4.721173,0,5,1,0.012688
2,47038.000000,32962.000000,4,15780.642701,32493794.118359,502.104838,4.398659,0,5,1,0.027173
3,47384.000000,32616.000000,11,20862.161625,36641796.599527,554.670533,4.123127,0,5,1,0.011382
