generation,prey_fitness,predator_fitness,num_alive_end,avg_bb_size,var_bb_size,avg_shortest_dist,swarm_density_count,prey_neurons_connected_prey_retina,prey_neurons_connected_predator_retina,predator_neurons_connected_prey_retina,mutual_info
1,55531.000000,24469.000000,17,142408.045309,3301762164.915320,2396.151220,1.743097,1,1,1,0.027522
1,58644.000000,21356.000000,17,148643.925049,3093844408.669075,2783.384198,1.705153,1,1,1,0.022878
2,56529.000000,23471.000000,17,155419.821301,4286222727.657574,2709.510856,1.704783,1,1,1,0.016111
3,60952.000000,19048.000000,21,134404.261922,3084284240.374686,2335.147872,1.917299,1,1,1,0.026458
