generation,prey_fitness,predator_fitness,num_alive_end,avg_bb_size,var_bb_size,avg_shortest_dist,swarm_density_count,prey_neurons_connected_prey_retina,prey_neurons_connected_predator_retina,predator_neurons_connected_prey_retina,mutual_info
1,60430.000000,19570.000000,22,177472.271546,5237883216.164970,3545.169147,1.691544,1,1,1,0.018827
1,54223.000000,25777.000000,16,174129.131387,4410767528.985414,3394.245356,1.539613,1,1,1,0.013842
2,55099.000000,24901.000000,16,185294.025985,5275380494.822737,3380.444171,1.443986,1,1,1,0.024916
3,58723.000000,21277.000000,22,183737.882439,4813977769.982272,3784.839331,1.570891,1,1,1,0.020716
