generation,prey_fitness,predator_fitness,num_alive_end,avg_bb_size,var_bb_size,avg_shortest_dist,swarm_density_count,prey_neurons_connected_prey_retina,prey_neurons_connected_predator_retina,predator_neurons_connected_prey_retina,mutual_info
1,53069.000000,26931.000000,12,24508.308185,104762697.383049,608.586183,5.574534,2,0,1,0.011962
1,43092.000000,36908.000000,6,20679.250507,78162112.319996,874.238338,4.630505,2,0,1,0.019701
2,46623.000000,33377.000000,7,21972.094553,72182109.354509,841.729985,4.871817,2,0,1,0.012470
3,50388.000000,29612.000000,10,27218.172682,109622104.587128,645.399783,4.547260,2,0,1,0.019228
