generation,prey_fitness,predator_fitness,num_alive_end,avg_bb_size,var_bb_size,avg_shortest_dist,swarm_density_count,prey_neurons_connected_prey_retina,prey_neurons_connected_predator_retina,predator_neurons_connected_prey_retina,mutual_info
1,56201.000000,23799.000000,16,81582.229205,931217439.391562,1450.593260,1.983524,2,1,3,0.020427
1,50590.000000,29410.000000,11,54693.117632,346242289.077032,1284.336998,2.328615,2,1,3,0.027162
2,54124.000000,25876.000000,14,76859.248968,731233774.965775,1506.486317,2.234072,2,1,3,0.024268
3,61419.000000,18581.000000,18,74149.847523,663727954.466963,1312.909178,2.290862,2,1,3,0.013895
