generation,prey_fitness,predator_fitness,num_alive_end,avg_bb_size,var_bb_size,avg_shortest_dist,swarm_density_count,prey_neurons_connected_prey_retina,prey_neurons_connected_predator_retina,predator_neurons_connected_prey_retina,mutual_info
1,50803.000000,29197.000000,11,144498.771196,2982487693.110805,3162.478220,1.744331,2,2,2,0.026119
1,55643.000000,24357.000000,15,161285.117107,3382688900.871627,2155.571704,1.732289,2,2,2,0.025075
2,55982.000000,24018.000000,18,199014.006707,5622523306.049029,2953.052115,1.754859,2,2,2,0.021376
3,58891.000000,21109.000000,18,180747.748155,4718972861.533785,2760.855547,1.702436,2,2,2,0.022634
