generation,prey_fitness,predator_fitness,num_alive_end,avg_bb_size,var_bb_size,avg_shortest_dist,swarm_density_count,prey_neurons_connected_prey_retina,prey_neurons_connected_predator_retina,predator_neurons_connected_prey_retina,mutual_info
1,54039.000000,25961.000000,14,56660.584246,447937498.393139,1177.399124,2.174984,1,0,3,0.013521
1,52276.000000,27724.000000,12,52179.332103,347571423.897845,1174.544430,2.505271,1,0,3,0.025370
2,53790.000000,26210.000000,15,69037.324494,915990173.411971,1404.429024,2.184908,1,0,3,0.019052
3,61139.000000,18861.000000,22,100134.935307,2378675396.355573,1837.532907,2.169995,1,0,3,0.011556
