generation,prey_fitness,predator_fitness,num_alive_end,avg_bb_size,var_bb_size,avg_shortest_dist,swarm_density_count,prey_neurons_connected_prey_retina,prey_neurons_connected_predator_retina,predator_neurons_connected_prey_retina,mutual_info
1,51120.000000,28880.000000,11,152310.919466,3005505795.067156,4099.506295,1.629396,1,4,1,0.027718
1,54202.000000,25798.000000,17,137529.199695,2801444584.374123,2859.650317,1.642279,1,4,1,0.038371
2,59165.000000,20835.000000,18,186001.362734,5640275088.657759,3638.570202,1.665197,1,4,1,0.029151
3,57379.000000,22621.000000,18,192167.286022,5920070563.613479,3511.250629,1.605476,1,4,1,0.023654
