generation,prey_fitness,predator_fitness,num_alive_end,avg_bb_size,var_bb_size,avg_shortest_dist,swarm_density_count,prey_neurons_connected_prey_retina,prey_neurons_connected_predator_retina,predator_neurons_connected_prey_retina,mutual_info
1,50180.000000,29820.000000,10,52016.327383,460989153.172696,1334.725542,2.582975,0,6,1,0.050708
1,55006.000000,24994.000000,17,75196.324552,723848700.898834,1489.058316,2.148159,0,6,1,0.022056
2,51539.000000,28461.000000,12,64664.802923,638635887.289266,1596.703773,2.290120,0,6,1,0.038289
3,49659.000000,30341.000000,13,49692.461062,526146024.915211,1251.937976,2.481408,0,6,1,0.044118
