generation,prey_fitness,predator_fitness,num_alive_end,avg_bb_size,var_bb_size,avg_shortest_dist,swarm_density_count,prey_neurons_connected_prey_retina,prey_neurons_connected_predator_retina,predator_neurons_connected_prey_retina,mutual_info
1,40425.000000,39575.000000,2,18259.293492,185025843.174436,702.279759,3.038168,3,1,1,0.013620
1,38201.000000,41799.000000,2,17494.259499,79295816.840416,808.580037,2.914843,3,1,1,0.021072
2,51467.000000,28533.000000,9,19418.991074,66267801.500434,391.588863,3.833208,3,1,1,0.017476
3,49488.000000,30512.000000,8,26155.663078,152774440.483776,571.422794,3.216539,3,1,1,0.010437
