generation,prey_fitness,predator_fitness,num_alive_end,avg_bb_size,var_bb_size,avg_shortest_dist,swarm_density_count,prey_neurons_connected_prey_retina,prey_neurons_connected_predator_retina,predator_neurons_connected_prey_retina,mutual_info
1,66937.000000,13063.000000,21,8805.779599,8404899.324941,123.632042,11.766949,0,0,1,0.003990
1,66445.000000,13555.000000,22,10523.374179,12668355.623884,133.500086,10.625517,0,0,1,0.005466
2,67994.000000,12006.000000,24,10210.501847,17636588.499921,132.348610,11.097742,0,0,1,0.008960
3,70868.000000,9132.000000,26,10703.553712,16282592.151411,137.017187,11.208689,0,0,1,0.003926
