generation,prey_fitness,predator_fitness,num_alive_end,avg_bb_size,var_bb_size,avg_shortest_dist,swarm_density_count,prey_neurons_connected_prey_retina,prey_neurons_connected_predator_retina,predator_neurons_connected_prey_retina,mutual_info
1,55777.000000,24223.000000,15,208629.161751,5698887144.560135,4750.629469,1.366619,1,1,1,0.029976
1,51950.000000,28050.000000,14,189823.891578,4812549587.439648,4694.497591,1.582855,1,1,1,0.029336
2,51270.000000,28730.000000,12,199374.103440,5285246845.168463,5030.479977,1.450911,1,1,1,0.024834
3,55950.000000,24050.000000,17,210717.172785,5667569515.777746,3881.860319,1.349753,1,1,1,0.019389
