generation,prey_fitness,predator_fitness,num_alive_end,avg_bb_size,var_bb_size,avg_shortest_dist,swarm_density_count,prey_neurons_connected_prey_retina,prey_neurons_connected_predator_retina,predator_neurons_connected_prey_retina,mutual_info
1,49898.000000,30102.000000,12,186792.174960,5493247554.592867,3790.775186,1.650620,0,1,1,0.016959
1,67706.000000,12294.000000,26,200907.835833,6359325396.230318,2719.701542,1.670680,0,1,1,0.018354
2,55203.000000,24797.000000,17,204797.595338,6586135203.175211,4462.077990,1.556522,0,1,1,0.013759
3,65196.000000,14804.000000,28,204499.109909,6173621668.229633,3464.715982,1.621975,0,1,1,0.015713
