generation,prey_fitness,predator_fitness,num_alive_end,avg_bb_size,var_bb_size,avg_shortest_dist,swarm_density_count,prey_neurons_connected_prey_retina,prey_neurons_connected_predator_retina,predator_neurons_connected_prey_retina,mutual_info
1,52570.000000,27430.000000,12,7300.387633,3619886.018747,161.634254,9.612255,0,4,5,0.008406
1,54987.000000,25013.000000,13,10462.448705,10691429.683575,206.467237,8.359720,0,4,5,0.009926
2,62850.000000,17150.000000,22,12385.936881,25964707.428994,177.858724,9.899646,0,4,5,0.008188
3,60106.000000,19894.000000,19,11303.903464,15574348.618099,181.491340,8.711933,0,4,5,0.006814
