generation,prey_fitness,predator_fitness,num_alive_end,avg_bb_size,var_bb_size,avg_shortest_dist,swarm_density_count,prey_neurons_connected_prey_retina,prey_neurons_connected_predator_retina,predator_neurons_connected_prey_retina,mutual_info
1,49697.000000,30303.000000,11,174428.410636,5408615839.371161,3580.800291,1.791014,1,2,1,0.026088
1,53136.000000,26864.000000,17,197521.542510,6151917861.969880,4248.200038,1.713953,1,2,1,0.023458
2,50455.000000,29545.000000,13,184181.831133,5200085490.077111,3833.597708,1.540677,1,2,1,0.020719
3,56345.000000,23655.000000,18,195816.344949,6286730161.041538,3320.070678,1.586297,1,2,1,0.024963
