generation,prey_fitness,predator_fitness,num_alive_end,avg_bb_size,var_bb_size,avg_shortest_dist,swarm_density_count,prey_neurons_connected_prey_retina,prey_neurons_connected_predator_retina,predator_neurons_connected_prey_retina,mutual_info
1,62129.000000,17871.000000,20,76695.287235,844562234.026231,1430.992246,2.603550,1,5,1,0.024852
1,51954.000000,28046.000000,12,68880.278602,1013197451.644887,1629.654829,2.075011,1,5,1,0.020821
2,55626.000000,24374.000000,14,93141.672945,1814819391.460205,2259.069616,2.429651,1,5,1,0.019473
3,57176.000000,22824.000000,19,71843.837859,1031878341.463434,1210.778296,2.498748,1,5,1,0.028645
