generation,prey_fitness,predator_fitness,num_alive_end,avg_bb_size,var_bb_size,avg_shortest_dist,swarm_density_count,prey_neurons_connected_prey_retina,prey_neurons_connected_predator_retina,predator_neurons_connected_prey_retina,mutual_info
1,56046.000000,23954.000000,19,193871.107114,5871197140.251585,3679.267391,1.509805,1,0,1,0.024888
1,53025.000000,26975.000000,16,190073.226044,5630888249.018637,4300.400004,1.454731,1,0,1,0.029003
2,49419.000000,30581.000000,14,200874.149188,5866230148.109467,5279.378864,1.441254,1,0,1,0.018553
3,52734.000000,27266.000000,14,198343.617702,5705756468.401963,4335.702479,1.518335,1,0,1,0.025059
