generation,prey_fitness,predator_fitness,num_alive_end,avg_bb_size,var_bb_size,avg_shortest_dist,swarm_density_count,prey_neurons_connected_prey_retina,prey_neurons_connected_predator_retina,predator_neurons_connected_prey_retina,mutual_info
1,56962.000000,23038.000000,18,93183.086293,1053259714.217083,1620.400268,1.913531,3,1,1,0.024239
1,55122.000000,24878.000000,17,92055.675679,899319566.741817,1510.613620,2.082520,3,1,1,0.016779
2,57510.000000,22490.000000,18,82505.117047,869207007.746044,1299.159906,2.077969,3,1,1,0.022619
3,55596.000000,24404.000000,18,84270.856801,818611237.178679,1754.369049,2.049233,3,1,1,0.015691
