generation,prey_fitness,predator_fitness,num_alive_end,avg_bb_size,var_bb_size,avg_shortest_dist,swarm_density_count,prey_neurons_connected_prey_retina,prey_neurons_connected_predator_retina,predator_neurons_connected_prey_retina,mutual_info
1,57532.000000,22468.000000,19,137132.421677,2362556474.219925,2190.314891,1.684104,1,1,1,0.026066
1,54708.000000,25292.000000,18,118051.318574,2642579714.727649,2622.045653,2.076616,1,1,1,0.011029
2,63197.000000,16803.000000,23,131447.636126,3015307611.763056,2089.238258,1.831979,1,1,1,0.013887
3,60451.000000,19549.000000,22,117164.248707,2344254614.954914,1885.185470,1.851928,1,1,1,0.016134
