generation,prey_fitness,predator_fitness,num_alive_end,avg_bb_size,var_bb_size,avg_shortest_dist,swarm_density_count,prey_neurons_connected_prey_retina,prey_neurons_connected_predator_retina,predator_neurons_connected_prey_retina,mutual_info
1,58825.000000,21175.000000,15,36996.565248,213014494.090672,669.621601,4.212200,2,4,1,0.016556
1,46203.000000,33797.000000,10,28290.875529,119261181.400124,807.138082,3.792385,2,4,1,0.026269
2,45400.000000,34600.000000,8,28738.606131,141095685.290658,1049.721079,4.001389,2,4,1,0.074455
3,55435.000000,24565.000000,13,41316.238615,337618709.100130,974.406497,4.554703,2,4,1,0.019612
