generation,prey_fitness,predator_fitness,num_alive_end,avg_bb_size,var_bb_size,avg_shortest_dist,swarm_density_count,prey_neurons_connected_prey_retina,prey_neurons_connected_predator_retina,predator_neurons_connected_prey_retina,mutual_info
1,60190.000000,19810.000000,18,80212.906295,792273335.310452,1356.220281,2.552877,1,0,3,0.022664
1,58354.000000,21646.000000,14,54910.275560,418435967.183723,1023.253780,2.922600,1,0,3,0.025580
2,50076.000000,29924.000000,15,79586.254679,1535738341.106774,1733.962714,2.249850,1,0,3,0.017607
3,45701.000000,34299.000000,6,53041.634839,714979710.340441,1620.222828,2.236140,1,0,3,0.028350
