generation,prey_fitness,predator_fitness,num_alive_end,avg_bb_size,var_bb_size,avg_shortest_dist,swarm_density_count,prey_neurons_connected_prey_retina,prey_neurons_connected_predator_retina,predator_neurons_connected_prey_retina,mutual_info
1,51328.000000,28672.000000,9,195441.215589,5299301011.331688,4730.843218,1.701194,1,1,1,0.039910
1,50692.000000,29308.000000,11,174099.913740,4739076543.805251,3900.195317,1.680935,1,1,1,0.045883
2,52102.000000,27898.000000,14,184306.034221,5163513026.599557,3232.074766,1.651110,1,1,1,0.033882
3,53222.000000,26778.000000,13,186451.692570,5691148001.054400,3364.928762,1.736355,1,1,1,0.026128
