generation,prey_fitness,predator_fitness,num_alive_end,avg_bb_size,var_bb_size,avg_shortest_dist,swarm_density_count,prey_neurons_connected_prey_retina,prey_neurons_connected_predator_retina,predator_neurons_connected_prey_retina,mutual_info
1,52954.000000,27046.000000,18,151784.983735,4031039156.009068,1672.029553,1.974489,5,0,1,0.019343
1,55119.000000,24881.000000,14,95546.882843,1238130341.588321,1480.915335,2.203509,5,0,1,0.019090
2,50416.000000,29584.000000,13,126365.008787,2193034955.829172,2965.389346,2.071495,5,0,1,0.031705
3,65711.000000,14289.000000,23,149082.542794,3550155944.631118,1655.182015,1.961348,5,0,1,0.034963
