generation,prey_fitness,predator_fitness,num_alive_end,avg_bb_size,var_bb_size,avg_shortest_dist,swarm_density_count,prey_neurons_connected_prey_retina,prey_neurons_connected_predator_retina,predator_neurons_connected_prey_retina,mutual_info
1,53541.000000,26459.000000,14,31453.054732,241239952.106038,723.198470,5.227837,1,2,2,0.025867
1,48900.000000,31100.000000,10,38292.611226,330077604.617722,849.382998,4.108701,1,2,2,0.022635
2,48765.000000,31235.000000,7,30451.513940,181084863.177645,842.828474,4.892077,1,2,2,0.024051
3,58985.000000,21015.000000,16,50344.204962,611620289.222925,944.043791,4.427622,1,2,2,0.021028
