generation,prey_fitness,predator_fitness,num_alive_end,avg_bb_size,var_bb_size,avg_shortest_dist,swarm_density_count,prey_neurons_connected_prey_retina,prey_neurons_connected_predator_retina,predator_neurons_connected_prey_retina,mutual_info
1,58107.000000,21893.000000,18,119941.762660,3303461785.891852,2358.336991,2.790785,2,0,3,0.016681
1,56914.000000,23086.000000,17,120873.513219,3446350151.301724,2375.683223,2.741571,2,0,3,0.019708
2,62366.000000,17634.000000,23,134491.009937,4349405485.170218,2646.117252,3.133570,2,0,3,0.021827
3,59852.000000,20148.000000,17,91552.462255,2110279453.647263,1641.211142,2.813309,2,0,3,0.022264
