generation,prey_fitness,predator_fitness,num_alive_end,avg_bb_size,var_bb_size,avg_shortest_dist,swarm_density_count,prey_neurons_connected_prey_retina,prey_neurons_connected_predator_retina,predator_neurons_connected_prey_retina,mutual_info
1,57456.000000,22544.000000,15,191125.939374,5456628157.812757,3994.518634,1.596875,0,0,1,0.023680
1,55098.000000,24902.000000,17,189583.504221,5859315567.403987,4030.402097,1.817335,0,0,1,0.035671
2,53498.000000,26502.000000,16,190907.007934,5703914244.512899,3991.710874,1.637534,0,0,1,0.022067
3,50200.000000,29800.000000,10,172767.681730,4818433198.341284,3722.411032,1.633045,0,0,1,0.029637
