generation,prey_fitness,predator_fitness,num_alive_end,avg_bb_size,var_bb_size,avg_shortest_dist,swarm_density_count,prey_neurons_connected_prey_retina,prey_neurons_connected_predator_retina,predator_neurons_connected_prey_retina,mutual_info
1,56223.000000,23777.000000,16,157887.895856,4541177320.200822,2675.776983,1.804992,3,0,1,0.018201
1,57140.000000,22860.000000,19,166506.812661,5030527292.165791,3119.208774,1.711956,3,0,1,0.039847
2,60605.000000,19395.000000,23,143088.155743,3161893592.674890,2419.343016,1.896387,3,0,1,0.054413
3,64183.000000,15817.000000,22,181312.937799,5835386334.213695,2749.664823,1.977324,3,0,1,0.049439
