generation,prey_fitness,predator_fitness,num_alive_end,avg_bb_size,var_bb_size,avg_shortest_dist,swarm_density_count,prey_neurons_connected_prey_retina,prey_neurons_connected_predator_retina,predator_neurons_connected_prey_retina,mutual_info
1,47259.000000,32741.000000,8,20234.171767,51290431.980060,611.051434,4.052104,0,1,1,0.024727
1,49955.000000,30045.000000,5,23715.095177,61295549.383278,638.017788,4.024151,0,1,1,0.023781
2,45408.000000,34592.000000,7,24049.524408,131685566.255121,624.491629,3.401843,0,1,1,0.045294
3,43322.000000,36678.000000,2,15065.631643,49319427.327773,533.763995,4.331439,0,1,1,0.023659
