generation,prey_fitness,predator_fitness,num_alive_end,avg_bb_size,var_bb_size,avg_shortest_dist,swarm_density_count,prey_neurons_connected_prey_retina,prey_neurons_connected_predator_retina,predator_neurons_connected_prey_retina,mutual_info
1,54254.000000,25746.000000,15,139711.149867,2258456406.604012,2472.710098,1.508650,3,0,1,0.013706
1,56855.000000,23145.000000,14,139628.401462,2179140665.456542,2472.558599,1.569706,3,0,1,0.036028
2,58570.000000,21430.000000,18,145024.208380,2545521004.570111,2219.160845,1.532041,3,0,1,0.021821
3,58373.000000,21627.000000,15,120270.648764,1798931782.426586,2138.398764,1.668035,3,0,1,0.015109
