generation,prey_fitness,predator_fitness,num_alive_end,avg_bb_size,var_bb_size,avg_shortest_dist,swarm_density_count,prey_neurons_connected_prey_retina,prey_neurons_connected_predator_retina,predator_neurons_connected_prey_retina,mutual_info
1,60649.000000,19351.000000,21,152868.902325,4894302179.278866,2235.615956,1.979408,2,1,1,0.021926
1,60342.000000,19658.000000,18,136517.055118,2801091951.256599,2023.793191,2.021680,2,1,1,0.023490
2,60370.000000,19630.000000,19,180441.391255,4989607361.479207,2749.341828,1.891854,2,1,1,0.022443
3,56872.000000,23128.000000,20,182126.341546,5216074831.909741,2791.116713,1.744779,2,1,1,0.014392
