generation,prey_fitness,predator_fitness,num_alive_end,avg_bb_size,var_bb_size,avg_shortest_dist,swarm_density_count,prey_neurons_connected_prey_retina,prey_neurons_connected_predator_retina,predator_neurons_connected_prey_retina,mutual_info
1,56915.000000,23085.000000,17,184314.733662,4508431755.962975,3429.745166,1.437792,0,1,2,0.030550
1,55182.000000,24818.000000,18,173866.949013,3983123273.288698,3255.716846,1.381896,0,1,2,0.054633
2,51838.000000,28162.000000,15,176885.455836,4016752873.970643,4503.203218,1.321935,0,1,2,0.027507
3,55129.000000,24871.000000,17,160373.667959,2784160040.057484,3041.518449,1.482161,0,1,2,0.028437
