generation,prey_fitness,predator_fitness,num_alive_end,avg_bb_size,var_bb_size,avg_shortest_dist,swarm_density_count,prey_neurons_connected_prey_retina,prey_neurons_connected_predator_retina,predator_neurons_connected_prey_retina,mutual_info
1,58033.000000,21967.000000,17,133049.278238,3419146684.728810,2743.643957,1.937074,1,1,1,0.018158
1,56896.000000,23104.000000,18,134006.161539,3441125935.284521,2320.346610,2.110610,1,1,1,0.016348
2,55751.000000,24249.000000,18,127156.081358,3780443289.906842,1929.066780,2.054792,1,1,1,0.017934
3,64607.000000,15393.000000,20,150990.820095,4354421788.608107,2177.896743,2.134447,1,1,1,0.014532
