generation,prey_fitness,predator_fitness,num_alive_end,avg_bb_size,var_bb_size,avg_shortest_dist,swarm_density_count,prey_neurons_connected_prey_retina,prey_neurons_connected_predator_retina,predator_neurons_connected_prey_retina,mutual_info
1,55622.000000,24378.000000,16,147852.826515,3404601205.273504,2703.146251,2.028070,0,2,1,0.041234
1,53962.000000,26038.000000,13,131894.807513,2701563961.750847,2701.575890,1.844004,0,2,1,0.038965
2,60569.000000,19431.000000,20,134666.892852,2634053673.142049,2118.290086,1.908570,0,2,1,0.024061
3,53081.000000,26919.000000,15,110656.673655,1726938398.800869,2604.527585,1.790464,0,2,1,0.020849
