generation,prey_fitness,predator_fitness,num_alive_end,avg_bb_size,var_bb_size,avg_shortest_dist,swarm_density_count,prey_neurons_connected_prey_retina,prey_neurons_connected_predator_retina,predator_neurons_connected_prey_retina,mutual_info
1,53615.000000,26385.000000,16,135472.716646,4318175720.893976,3138.334332,2.308777,2,1,1,0.018124
1,64497.000000,15503.000000,22,124965.494924,2446191302.681213,2181.093207,2.661456,2,1,1,0.013292
2,62109.000000,17891.000000,25,112214.227373,6141826729.172144,1928.643371,3.182573,2,1,1,0.017373
3,60872.000000,19128.000000,21,140623.579854,5756403349.485770,2530.938872,2.812515,2,1,1,0.013688
