generation,prey_fitness,predator_fitness,num_alive_end,avg_bb_size,var_bb_size,avg_shortest_dist,swarm_density_count,prey_neurons_connected_prey_retina,prey_neurons_connected_predator_retina,predator_neurons_connected_prey_retina,mutual_info
1,50967.000000,29033.000000,14,127592.922742,2553034696.406682,2751.720502,1.601507,0,1,1,0.021640
1,49465.000000,30535.000000,13,144475.927060,3155646653.091860,3241.150356,1.490890,0,1,1,0.024176
2,47591.000000,32409.000000,10,84294.737482,963958983.647679,1766.242033,1.660276,0,1,1,0.025990
3,54279.000000,25721.000000,15,156549.049978,2991688800.171075,3331.013427,1.521391,0,1,1,0.029255
