generation,prey_fitness,predator_fitness,num_alive_end,avg_bb_size,var_bb_size,avg_shortest_dist,swarm_density_count,prey_neurons_connected_prey_retina,prey_neurons_connected_predator_retina,predator_neurons_connected_prey_retina,mutual_info
1,51777.000000,28223.000000,13,195277.635014,4525830515.739717,3883.492607,1.348231,1,2,1,0.028046
1,51904.000000,28096.000000,14,192346.188345,4449642084.501588,4213.486504,1.434748,1,2,1,0.022413
2,54163.000000,25837.000000,16,206411.666074,5174231875.194355,3989.085875,1.350811,1,2,1,0.031044
3,55561.000000,24439.000000,17,200975.143341,4964763028.656137,3786.608132,1.391176,1,2,1,0.035626
