generation,prey_fitness,predator_fitness,num_alive_end,avg_bb_size,var_bb_size,avg_shortest_dist,swarm_density_count,prey_neurons_connected_prey_retina,prey_neurons_connected_predator_retina,predator_neurons_connected_prey_retina,mutual_info
1,56752.000000,23248.000000,15,81650.321131,771041649.003492,1502.477691,2.127719,0,2,1,0.015008
1,50930.000000,29070.000000,11,51264.438620,302622136.576879,1088.254065,2.462560,0,2,1,0.031322
2,58483.000000,21517.000000,16,66814.629075,521423964.040334,1190.986570,2.089787,0,2,1,0.035949
3,56465.000000,23535.000000,17,69070.979357,551059847.072448,1359.783285,2.419849,0,2,1,0.016861
