generation,prey_fitness,predator_fitness,num_alive_end,avg_bb_size,var_bb_size,avg_shortest_dist,swarm_density_count,prey_neurons_connected_prey_retina,prey_neurons_connected_predator_retina,predator_neurons_connected_prey_retina,mutual_info
1,50474.000000,29526.000000,12,143463.849490,3406334869.499576,3788.930272,1.468232,1,1,4,0.019965
1,55818.000000,24182.000000,19,135025.741499,2295119545.124714,2552.313015,1.507291,1,1,4,0.031924
2,57576.000000,22424.000000,16,113442.854913,1596950960.199360,2102.581667,1.697797,1,1,4,0.041797
3,53643.000000,26357.000000,13,109651.141733,2197866657.167736,2611.029242,1.869064,1,1,4,0.031020
