generation,prey_fitness,predator_fitness,num_alive_end,avg_bb_size,var_bb_size,avg_shortest_dist,swarm_density_count,prey_neurons_connected_prey_retina,prey_neurons_connected_predator_retina,predator_neurons_connected_prey_retina,mutual_info
1,63153.000000,16847.000000,23,151916.507519,2948076192.334348,2117.393989,1.929135,2,1,1,0.018883
1,60662.000000,19338.000000,23,113057.831328,1847152808.971337,1603.042653,1.996908,2,1,1,0.015302
2,62020.000000,17980.000000,22,141340.087238,2798407714.516812,2119.865767,1.813460,2,1,1,0.017598
3,63477.000000,16523.000000,22,132325.124019,3076085561.207228,2035.408553,2.223952,2,1,1,0.027921
