generation,prey_fitness,predator_fitness,num_alive_end,avg_bb_size,var_bb_size,avg_shortest_dist,swarm_density_count,prey_neurons_connected_prey_retina,prey_neurons_connected_predator_retina,predator_neurons_connected_prey_retina,mutual_info
1,50489.000000,29511.000000,7,50810.031697,467683394.943572,1436.147649,2.662817,3,0,1,0.028652
1,47110.000000,32890.000000,9,44379.157745,184090776.694694,1240.093006,2.670239,3,0,1,0.027416
2,53228.000000,26772.000000,12,64227.458583,540967299.889023,1777.231379,2.733681,3,0,1,0.018776
3,53129.000000,26871.000000,14,50107.015919,327851522.178276,1147.348594,3.005452,3,0,1,0.027645
