generation,prey_fitness,predator_fitness,num_alive_end,avg_bb_size,var_bb_size,avg_shortest_dist,swarm_density_count,prey_neurons_connected_prey_retina,prey_neurons_connected_predator_retina,predator_neurons_connected_prey_retina,mutual_info
1,55651.000000,24349.000000,16,142808.979736,3808489738.298460,2570.164221,1.856673,0,0,1,0.022254
1,56579.000000,23421.000000,18,123953.486399,2114095648.136516,1986.717400,1.933765,0,0,1,0.031219
2,50145.000000,29855.000000,12,138568.985767,3304645260.043108,3607.013715,1.767386,0,0,1,0.021556
3,55118.000000,24882.000000,16,143762.457982,3466942225.595887,2508.256641,1.818325,0,0,1,0.020919
