generation,prey_fitness,predator_fitness,num_alive_end,avg_bb_size,var_bb_size,avg_shortest_dist,swarm_density_count,prey_neurons_connected_prey_retina,prey_neurons_connected_predator_retina,predator_neurons_connected_prey_retina,mutual_info
1,48548.000000,31452.000000,5,10351.784004,26391687.543784,284.271127,7.758284,1,2,1,0.008999
1,52498.000000,27502.000000,8,13940.517752,37965381.925300,310.569234,7.476509,1,2,1,0.015942
2,42660.000000,37340.000000,2,10799.583200,18109183.693348,879.063291,6.702981,1,2,1,0.022164
3,55718.000000,24282.000000,13,15215.435961,34273766.127235,334.099555,7.740618,1,2,1,0.015634
