generation,prey_fitness,predator_fitness,num_alive_end,avg_bb_size,var_bb_size,avg_shortest_dist,swarm_density_count,prey_neurons_connected_prey_retina,prey_neurons_connected_predator_retina,predator_neurons_connected_prey_retina,mutual_info
1,51665.000000,28335.000000,13,59150.595217,511263774.280795,1547.602819,2.485484,0,3,1,0.041127
1,51785.000000,28215.000000,14,47916.719565,236696459.719946,1140.070353,2.736194,0,3,1,0.019755
2,42452.000000,37548.000000,8,45409.714347,255178283.335271,1859.142872,2.465395,0,3,1,0.015439
3,50709.000000,29291.000000,11,61144.852331,568603690.279180,1892.990870,2.425343,0,3,1,0.018168
