generation,prey_fitness,predator_fitness,num_alive_end,avg_bb_size,var_bb_size,avg_shortest_dist,swarm_density_count,prey_neurons_connected_prey_retina,prey_neurons_connected_predator_retina,predator_neurons_connected_prey_retina,mutual_info
1,58279.000000,21721.000000,17,174219.299011,5132675883.451011,2871.586233,1.523270,1,0,1,0.015070
1,58311.000000,21689.000000,19,187230.294173,5108544578.243114,4112.521410,1.585056,1,0,1,0.015744
2,49747.000000,30253.000000,14,173781.621166,4380080887.060375,4393.932059,1.513886,1,0,1,0.023604
3,53786.000000,26214.000000,16,180279.406942,4910236341.455630,3653.368968,1.470066,1,0,1,0.024863
