generation,prey_fitness,predator_fitness,num_alive_end,avg_bb_size,var_bb_size,avg_shortest_dist,swarm_density_count,prey_neurons_connected_prey_retina,prey_neurons_connected_predator_retina,predator_neurons_connected_prey_retina,mutual_info
1,63910.000000,16090.000000,21,195165.088374,5467395597.264398,2911.332480,1.592899,0,1,3,0.011821
1,53930.000000,26070.000000,16,149394.682229,4406761582.128267,3144.411271,1.666798,0,1,3,0.025998
2,59138.000000,20862.000000,19,163924.915824,4077034392.449238,2896.644381,1.710843,0,1,3,0.026615
3,54539.000000,25461.000000,16,155267.404902,3412899600.172036,3078.216299,1.526472,0,1,3,0.021911
