generation,prey_fitness,predator_fitness,num_alive_end,avg_bb_size,var_bb_size,avg_shortest_dist,swarm_density_count,prey_neurons_connected_prey_retina,prey_neurons_connected_predator_retina,predator_neurons_connected_prey_retina,mutual_info
1,59237.000000,20763.000000,17,62543.320278,495984309.980837,1032.570487,2.368676,2,0,1,0.017032
1,44401.000000,35599.000000,7,45235.881119,268733123.372199,1359.377981,2.137219,2,0,1,0.020784
2,50802.000000,29198.000000,9,55129.242212,507646514.309242,1155.248353,2.253742,2,0,1,0.015829
3,49513.000000,30487.000000,11,54371.569744,356524986.615391,1032.396619,2.087872,2,0,1,0.012556
