generation,prey_fitness,predator_fitness,num_alive_end,avg_bb_size,var_bb_size,avg_shortest_dist,swarm_density_count,prey_neurons_connected_prey_retina,prey_neurons_connected_predator_retina,predator_neurons_connected_prey_retina,mutual_info
1,52920.000000,27080.000000,13,69890.440816,992068744.494430,1773.443834,2.712764,3,1,1,0.017525
1,54658.000000,25342.000000,15,78123.018767,1191576855.646660,1551.087675,2.526959,3,1,1,0.019162
2,50264.000000,29736.000000,14,50288.274766,539588687.956157,1302.649826,2.907786,3,1,1,0.016750
3,45526.000000,34474.000000,8,73633.049437,895377994.234834,2495.306128,2.275025,3,1,1,0.015182
