generation,prey_fitness,predator_fitness,num_alive_end,avg_bb_size,var_bb_size,avg_shortest_dist,swarm_density_count,prey_neurons_connected_prey_retina,prey_neurons_connected_predator_retina,predator_neurons_connected_prey_retina,mutual_info
1,55273.000000,24727.000000,16,198589.165623,5224389333.735338,3521.588692,1.409058,0,0,1,0.014911
1,56251.000000,23749.000000,17,195890.328917,5120116223.489048,3563.594909,1.459883,0,0,1,0.021865
2,44708.000000,35292.000000,8,192116.669549,4690325025.368857,5373.925863,1.380187,0,0,1,0.036149
3,52861.000000,27139.000000,15,204403.013136,5421963986.565388,5235.665246,1.333003,0,0,1,0.029484
