generation,prey_fitness,predator_fitness,num_alive_end,avg_bb_size,var_bb_size,avg_shortest_dist,swarm_density_count,prey_neurons_connected_prey_retina,prey_neurons_connected_predator_retina,predator_neurons_connected_prey_retina,mutual_info
1,44339.000000,35661.000000,2,10012.786394,42126649.531799,603.744534,6.118980,1,4,1,0.018313
1,54229.000000,25771.000000,11,11880.088924,13906388.486132,256.244135,7.063607,1,4,1,0.018746
2,37064.000000,42936.000000,2,6656.910819,20474253.015465,666.767789,5.672957,1,4,1,0.019365
3,42963.000000,37037.000000,2,8802.992226,20929689.255386,384.431435,6.206539,1,4,1,0.022897
