generation,prey_fitness,predator_fitness,num_alive_end,avg_bb_size,var_bb_size,avg_shortest_dist,swarm_density_count,prey_neurons_connected_prey_retina,prey_neurons_connected_predator_retina,predator_neurons_connected_prey_retina,mutual_info
1,62483.000000,17517.000000,21,79321.003586,1235986341.958687,738.299651,3.174838,3,0,1,0.025789
1,57366.000000,22634.000000,19,73329.573024,762246757.170493,756.678785,2.874349,3,0,1,0.039253
2,62404.000000,17596.000000,21,78918.967354,891267491.134601,771.144666,3.113995,3,0,1,0.022628
3,58039.000000,21961.000000,18,68387.952760,770639540.113477,578.653276,3.652999,3,0,1,0.031022
