generation,prey_fitness,predator_fitness,num_alive_end,avg_bb_size,var_bb_size,avg_shortest_dist,swarm_density_count,prey_neurons_connected_prey_retina,prey_neurons_connected_predator_retina,predator_neurons_connected_prey_retina,mutual_info
1,48966.000000,31034.000000,10,101667.843317,1618617784.082010,2879.486414,1.766862,0,2,1,0.026052
1,62052.000000,17948.000000,21,116228.740342,2124441249.836137,1992.988997,2.024528,0,2,1,0.026707
2,59011.000000,20989.000000,18,91443.407801,1595324862.173042,1697.562160,2.053020,0,2,1,0.018331
3,51942.000000,28058.000000,14,108253.680154,2130390725.838898,2605.461272,1.690323,0,2,1,0.019256
