generation,prey_fitness,predator_fitness,num_alive_end,avg_bb_size,var_bb_size,avg_shortest_dist,swarm_density_count,prey_neurons_connected_prey_retina,prey_neurons_connected_predator_retina,predator_neurons_connected_prey_retina,mutual_info
1,39677.000000,40323.000000,8,98418.944673,1846169767.099435,4139.093131,1.782183,2,3,1,0.025804
1,47561.000000,32439.000000,9,112777.814999,1942278297.826551,3242.852770,1.827576,2,3,1,0.029995
2,59310.000000,20690.000000,18,145838.962386,4027400694.788178,2642.432840,1.817263,2,3,1,0.033449
3,54372.000000,25628.000000,15,159795.651643,4678575416.500881,3345.003438,1.949849,2,3,1,0.025908
