generation,prey_fitness,predator_fitness,num_alive_end,avg_bb_size,var_bb_size,avg_shortest_dist,swarm_density_count,prey_neurons_connected_prey_retina,prey_neurons_connected_predator_retina,predator_neurons_connected_prey_retina,mutual_info
1,52239.000000,27761.000000,8,6246.237049,4370785.772497,139.565468,10.738385,1,1,1,0.010702
1,46259.000000,33741.000000,5,4708.818946,3085897.203883,145.562522,10.704034,1,1,1,0.009987
2,48916.000000,31084.000000,6,5809.795054,4865224.243693,142.083992,9.964202,1,1,1,0.009390
3,51268.000000,28732.000000,11,6474.348589,4367204.742997,137.574328,10.455947,1,1,1,0.010291
