generation,prey_fitness,predator_fitness,num_alive_end,avg_bb_size,var_bb_size,avg_shortest_dist,swarm_density_count,prey_neurons_connected_prey_retina,prey_neurons_connected_predator_retina,predator_neurons_connected_prey_retina,mutual_info
1,65775.000000,14225.000000,22,183057.807627,6688398835.044886,1931.348551,2.164104,3,2,1,0.029767
1,51004.000000,28996.000000,12,163677.454895,4540485024.171566,2821.547603,1.831821,3,2,1,0.030628
2,48775.000000,31225.000000,13,176023.433764,6221713199.665806,3824.124224,1.870100,3,2,1,0.026259
3,59432.000000,20568.000000,17,184671.025628,6344990361.044980,2828.780936,2.040067,3,2,1,0.017394
