generation,prey_fitness,predator_fitness,num_alive_end,avg_bb_size,var_bb_size,avg_shortest_dist,swarm_density_count,prey_neurons_connected_prey_retina,prey_neurons_connected_predator_retina,predator_neurons_connected_prey_retina,mutual_info
1,48830.000000,31170.000000,6,41503.485613,528080698.126191,1061.831697,2.794931,1,2,1,0.018424
1,51243.000000,28757.000000,13,53823.664375,438669444.341320,1243.908548,2.519925,1,2,1,0.025154
2,47848.000000,32152.000000,9,59284.800702,664901595.788692,1994.765454,2.306354,1,2,1,0.025696
3,50897.000000,29103.000000,9,38165.696174,141275212.051855,994.413804,2.764344,1,2,1,0.015797
