generation,prey_fitness,predator_fitness,num_alive_end,avg_bb_size,var_bb_size,avg_shortest_dist,swarm_density_count,prey_neurons_connected_prey_retina,prey_neurons_connected_predator_retina,predator_neurons_connected_prey_retina,mutual_info
1,55114.000000,24886.000000,14,125238.521178,2379185752.894834,3112.442104,1.868347,3,0,3,0.028290
1,58893.000000,21107.000000,19,142356.554939,3073866960.467001,2357.834813,1.821250,3,0,3,0.025881
2,59732.000000,20268.000000,18,169155.044746,4411165336.945329,2524.005785,1.746984,3,0,3,0.017081
3,58839.000000,21161.000000,19,161803.903828,4856789021.089388,3078.313500,1.886216,3,0,3,0.017679
