generation,prey_fitness,predator_fitness,num_alive_end,avg_bb_size,var_bb_size,avg_shortest_dist,swarm_density_count,prey_neurons_connected_prey_retina,prey_neurons_connected_predator_retina,predator_neurons_connected_prey_retina,mutual_info
1,54227.000000,25773.000000,16,103102.584361,2050623881.621568,1996.710221,1.902584,2,1,1,0.029008
1,54652.000000,25348.000000,17,131044.423035,2677826763.656444,2552.937446,1.858310,2,1,1,0.028896
2,56954.000000,23046.000000,18,121707.929811,2051002974.949767,2218.547982,1.786628,2,1,1,0.020260
3,53605.000000,26395.000000,15,141853.166748,3182908172.253397,2699.152993,1.904412,2,1,1,0.020541
