generation,prey_fitness,predator_fitness,num_alive_end,avg_bb_size,var_bb_size,avg_shortest_dist,swarm_density_count,prey_neurons_connected_prey_retina,prey_neurons_connected_predator_retina,predator_neurons_connected_prey_retina,mutual_info
1,55963.000000,24037.000000,20,171469.106083,4276652666.196716,3214.805719,1.622415,1,1,1,0.016689
1,56407.000000,23593.000000,19,160236.521597,3646280345.221235,3058.680039,1.570886,1,1,1,0.019500
2,50959.000000,29041.000000,14,183418.599474,5013788388.648769,4026.060426,1.458422,1,1,1,0.034353
3,55090.000000,24910.000000,17,178778.594370,5279068584.583411,3643.470508,1.563607,1,1,1,0.030286
