generation,prey_fitness,predator_fitness,num_alive_end,avg_bb_size,var_bb_size,avg_shortest_dist,swarm_density_count,prey_neurons_connected_prey_retina,prey_neurons_connected_predator_retina,predator_neurons_connected_prey_retina,mutual_info
1,52153.000000,27847.000000,14,83203.743368,1271934063.645435,1900.238117,2.237604,1,3,1,0.015045
1,55134.000000,24866.000000,18,85332.573214,1379662557.261149,1781.413373,2.434884,1,3,1,0.008285
2,45184.000000,34816.000000,7,85514.060215,1926345719.601136,3458.140907,2.113139,1,3,1,0.021493
3,55173.000000,24827.000000,15,94351.973561,2231031467.187829,1777.867636,2.068478,1,3,1,0.009736
