generation,prey_fitness,predator_fitness,num_alive_end,avg_bb_size,var_bb_size,avg_shortest_dist,swarm_density_count,prey_neurons_connected_prey_retina,prey_neurons_connected_predator_retina,predator_neurons_connected_prey_retina,mutual_info
1,56097.000000,23903.000000,18,174514.059141,4071845591.745042,2931.419114,1.558479,3,0,1,0.018835
1,49228.000000,30772.000000,14,184515.736170,4337975347.190154,4376.661307,1.394363,3,0,1,0.027457
2,56218.000000,23782.000000,18,164808.035371,3612216326.499494,3205.034729,1.483829,3,0,1,0.017769
3,49628.000000,30372.000000,11,163417.109783,4490765699.739703,3453.764396,1.518905,3,0,1,0.018424
