generation,prey_fitness,predator_fitness,num_alive_end,avg_bb_size,var_bb_size,avg_shortest_dist,swarm_density_count,prey_neurons_connected_prey_retina,prey_neurons_connected_predator_retina,predator_neurons_connected_prey_retina,mutual_info
1,49484.000000,30516.000000,12,200627.770951,5784051304.304544,5217.402202,1.498596,3,0,1,0.030035
1,48389.000000,31611.000000,10,204772.218304,5791293001.343920,5049.270622,1.713706,3,0,1,0.028273
2,43840.000000,36160.000000,9,188385.892020,5276722396.981534,6677.142899,1.613647,3,0,1,0.021916
3,46252.000000,33748.000000,8,204023.574178,6171067263.855527,10120.184141,1.680127,3,0,1,0.026010
