generation,prey_fitness,predator_fitness,num_alive_end,avg_bb_size,var_bb_size,avg_shortest_dist,swarm_density_count,prey_neurons_connected_prey_retina,prey_neurons_connected_predator_retina,predator_neurons_connected_prey_retina,mutual_info
1,48082.000000,31918.000000,11,59011.659888,558194387.103500,1437.065047,2.218426,1,3,1,0.016128
1,53839.000000,26161.000000,13,78080.937366,903878570.912251,1735.678973,2.156468,1,3,1,0.018981
2,52910.000000,27090.000000,14,70054.047405,804252461.126252,1584.454687,2.634404,1,3,1,0.029331
3,55978.000000,24022.000000,17,85457.505167,909778862.620757,1852.890648,2.243951,1,3,1,0.030618
