generation,prey_fitness,predator_fitness,num_alive_end,avg_bb_size,var_bb_size,avg_shortest_dist,swarm_density_count,prey_neurons_connected_prey_retina,prey_neurons_connected_predator_retina,predator_neurons_connected_prey_retina,mutual_info
1,56938.000000,23062.000000,16,157354.827388,4249642605.653842,3422.745368,1.741523,2,0,3,0.015250
1,59485.000000,20515.000000,19,176090.665030,5965515757.226251,3253.570329,1.787219,2,0,3,0.015502
2,51497.000000,28503.000000,13,118619.972951,3015879948.439014,3202.283760,1.823819,2,0,3,0.035134
3,58140.000000,21860.000000,19,139717.909742,4548719401.551820,2635.862320,1.824515,2,0,3,0.026456
