generation,prey_fitness,predator_fitness,num_alive_end,avg_bb_size,var_bb_size,avg_shortest_dist,swarm_density_count,prey_neurons_connected_prey_retina,prey_neurons_connected_predator_retina,predator_neurons_connected_prey_retina,mutual_info
1,51620.000000,28380.000000,11,88880.343021,1601491317.575345,2144.377908,1.876712,6,1,2,0.016335
1,58771.000000,21229.000000,17,118190.955071,2547655460.337944,2665.095915,1.781233,6,1,2,0.012372
2,58359.000000,21641.000000,16,104306.796588,1377126271.364547,2070.394267,1.757778,6,1,2,0.014273
3,52483.000000,27517.000000,13,105244.173577,1371530114.642620,2376.632634,1.714969,6,1,2,0.018609
