generation,prey_fitness,predator_fitness,num_alive_end,avg_bb_size,var_bb_size,avg_shortest_dist,swarm_density_count,prey_neurons_connected_prey_retina,prey_neurons_connected_predator_retina,predator_neurons_connected_prey_retina,mutual_info
1,57983.000000,22017.000000,20,125690.411216,2445002457.227470,2291.782887,1.687740,0,1,2,0.016165
1,53955.000000,26045.000000,15,123967.131398,1955393429.723083,2675.434385,1.711615,0,1,2,0.018765
2,58041.000000,21959.000000,17,146817.876649,3176565245.140211,2961.929693,1.616307,0,1,2,0.023174
3,51744.000000,28256.000000,13,138624.443209,3090209776.193795,2959.272671,1.668348,0,1,2,0.032957
