generation,prey_fitness,predator_fitness,num_alive_end,avg_bb_size,var_bb_size,avg_shortest_dist,swarm_density_count,prey_neurons_connected_prey_retina,prey_neurons_connected_predator_retina,predator_neurons_connected_prey_retina,mutual_info
1,48623.000000,31377.000000,10,32512.467243,126815334.168914,868.605206,2.932497,0,0,1,0.021444
1,37831.000000,42169.000000,2,19997.051868,134416726.934921,2896.620879,2.651817,0,0,1,0.017165
2,47151.000000,32849.000000,9,33929.919043,149328642.437541,1106.888021,2.901281,0,0,1,0.018891
3,46343.000000,33657.000000,5,36255.259109,200660153.481710,1123.500306,2.769430,0,0,1,0.019452
