generation,prey_fitness,predator_fitness,num_alive_end,avg_bb_size,var_bb_size,avg_shortest_dist,swarm_density_count,prey_neurons_connected_prey_retina,prey_neurons_connected_predator_retina,predator_neurons_connected_prey_retina,mutual_info
1,64652.000000,15348.000000,27,120423.804045,2483290937.644429,1477.774439,2.325402,1,2,2,0.015918
1,59591.000000,20409.000000,20,110994.474388,1857226965.919302,1709.295840,2.046185,1,2,2,0.024660
2,57895.000000,22105.000000,20,102460.175716,1728556312.950989,1947.310375,2.460589,1,2,2,0.015423
3,56354.000000,23646.000000,19,101532.202449,1739745336.533352,2180.128231,2.044379,1,2,2,0.019313
