generation,prey_fitness,predator_fitness,num_alive_end,avg_bb_size,var_bb_size,avg_shortest_dist,swarm_density_count,prey_neurons_connected_prey_retina,prey_neurons_connected_predator_retina,predator_neurons_connected_prey_retina,mutual_info
1,46670.000000,33330.000000,8,213333.505366,5115741460.964383,6547.327985,1.290600,3,1,5,0.025887
1,38473.000000,41527.000000,4,177919.025948,5720105910.524212,8779.741515,1.192309,3,1,5,0.040693
2,45719.000000,34281.000000,8,194767.640472,5610011067.759305,6918.480945,1.403655,3,1,5,0.035409
3,56792.000000,23208.000000,14,203914.135774,5243227485.594017,4332.565219,1.467130,3,1,5,0.016999
