generation,prey_fitness,predator_fitness,num_alive_end,avg_bb_size,var_bb_size,avg_shortest_dist,swarm_density_count,prey_neurons_connected_prey_retina,prey_neurons_connected_predator_retina,predator_neurons_connected_prey_retina,mutual_info
1,57311.000000,22689.000000,18,38992.979519,245213476.511001,709.328749,3.254949,0,1,3,0.013461
1,60409.000000,19591.000000,19,35272.330126,147329176.755460,606.801850,3.559028,0,1,3,0.020242
2,57595.000000,22405.000000,18,49640.880067,368472913.427217,882.028982,3.141255,0,1,3,0.022243
3,55702.000000,24298.000000,15,37511.229096,241484704.855155,704.844488,3.348345,0,1,3,0.019812
