generation,prey_fitness,predator_fitness,num_alive_end,avg_bb_size,var_bb_size,avg_shortest_dist,swarm_density_count,prey_neurons_connected_prey_retina,prey_neurons_connected_predator_retina,predator_neurons_connected_prey_retina,mutual_info
1,60419.000000,19581.000000,20,103212.845479,1344307296.756086,1812.903330,1.948132,0,0,1,0.018116
1,57639.000000,22361.000000,18,129922.844585,2043516411.882016,2153.126861,1.707183,0,0,1,0.022958
2,66358.000000,13642.000000,22,148324.596458,3392679293.607440,2187.799317,1.738565,0,0,1,0.026746
3,60513.000000,19487.000000,22,122956.629417,2167584040.071338,2047.968177,1.668508,0,0,1,0.017837
