generation,prey_fitness,predator_fitness,num_alive_end,avg_bb_size,var_bb_size,avg_shortest_dist,swarm_density_count,prey_neurons_connected_prey_retina,prey_neurons_connected_predator_retina,predator_neurons_connected_prey_retina,mutual_info
1,50136.000000,29864.000000,13,196185.560059,6008506755.194967,4433.918289,1.779542,2,1,1,0.019250
1,50433.000000,29567.000000,11,206284.507268,6122235938.062097,5532.625011,1.517553,2,1,1,0.031890
2,54224.000000,25776.000000,14,209134.001658,6241290354.793827,4684.077451,1.603541,2,1,1,0.020052
3,48542.000000,31458.000000,11,202846.939323,6056240160.951574,6183.136807,1.620813,2,1,1,0.034291
