generation,prey_fitness,predator_fitness,num_alive_end,avg_bb_size,var_bb_size,avg_shortest_dist,swarm_density_count,prey_neurons_connected_prey_retina,prey_neurons_connected_predator_retina,predator_neurons_connected_prey_retina,mutual_info
1,59413.000000,20587.000000,18,182074.473694,5724362557.515533,3614.020226,1.739049,1,2,1,0.026940
1,56774.000000,23226.000000,19,153296.587015,4107909179.445536,2835.694768,1.868934,1,2,1,0.021814
2,48676.000000,31324.000000,10,142387.940741,3125639166.805899,3990.106114,1.740926,1,2,1,0.024739
3,49971.000000,30029.000000,13,169907.251900,5189564016.993405,3895.304725,1.658725,1,2,1,0.028271
