generation,prey_fitness,predator_fitness,num_alive_end,avg_bb_size,var_bb_size,avg_shortest_dist,swarm_density_count,prey_neurons_connected_prey_retina,prey_neurons_connected_predator_retina,predator_neurons_connected_prey_retina,mutual_info
1,64169.000000,15831.000000,23,165422.106717,4138370827.744411,2655.108247,1.816339,0,0,1,0.022418
1,68616.000000,11384.000000,26,167738.935672,3772684027.997070,2305.019965,1.806961,0,0,1,0.027073
2,65780.000000,14220.000000,29,159331.133946,3679445897.625836,2108.622355,1.773300,0,0,1,0.018804
3,60421.000000,19579.000000,25,173332.487577,4451014469.712576,2430.380078,1.687916,0,0,1,0.022521
