generation,prey_fitness,predator_fitness,num_alive_end,avg_bb_size,var_bb_size,avg_shortest_dist,swarm_density_count,prey_neurons_connected_prey_retina,prey_neurons_connected_predator_retina,predator_neurons_connected_prey_retina,mutual_info
1,61457.000000,18543.000000,23,118494.207699,3056866788.662017,1896.656025,1.979116,0,2,1,0.017486
1,58405.000000,21595.000000,19,102483.078255,1790172814.543424,2174.861906,2.080684,0,2,1,0.016492
2,55548.000000,24452.000000,16,72550.257843,514925799.961817,1347.171609,2.249482,0,2,1,0.025453
3,49781.000000,30219.000000,10,63640.677099,476346401.556856,1593.538816,1.972988,0,2,1,0.021968
