generation,prey_fitness,predator_fitness,num_alive_end,avg_bb_size,var_bb_size,avg_shortest_dist,swarm_density_count,prey_neurons_connected_prey_retina,prey_neurons_connected_predator_retina,predator_neurons_connected_prey_retina,mutual_info
1,59616.000000,20384.000000,19,164357.780718,3782883263.011475,2209.594962,1.770775,1,3,1,0.028869
1,54983.000000,25017.000000,18,142219.052240,3583641999.254548,2053.918201,1.894018,1,3,1,0.028256
2,57503.000000,22497.000000,18,150885.029415,4281356980.419827,2466.311086,1.727301,1,3,1,0.022365
3,57273.000000,22727.000000,17,155160.697411,3922732613.610651,2201.316160,1.783714,1,3,1,0.024047
