generation,prey_fitness,predator_fitness,num_alive_end,avg_bb_size,var_bb_size,avg_shortest_dist,swarm_density_count,prey_neurons_connected_prey_retina,prey_neurons_connected_predator_retina,predator_neurons_connected_prey_retina,mutual_info
1,54810.000000,25190.000000,16,133336.865320,2965196642.097641,2284.429771,1.747546,0,1,1,0.025074
1,56473.000000,23527.000000,20,126030.167556,2818043657.221938,2048.093981,1.896571,0,1,1,0.019448
2,50089.000000,29911.000000,14,108052.358787,1883322279.208513,2166.233031,1.753864,0,1,1,0.021696
3,56942.000000,23058.000000,13,127362.331393,2191531714.235560,2552.570103,1.774897,0,1,1,0.013600
