generation,prey_fitness,predator_fitness,num_alive_end,avg_bb_size,var_bb_size,avg_shortest_dist,swarm_density_count,prey_neurons_connected_prey_retina,prey_neurons_connected_predator_retina,predator_neurons_connected_prey_retina,mutual_info
1,56624.000000,23376.000000,17,156948.966919,5029512002.185399,3484.853818,1.770927,3,3,1,0.021279
1,59297.000000,20703.000000,18,159076.014283,4481143509.575967,2567.003911,1.801024,3,3,1,0.021541
2,52876.000000,27124.000000,11,132495.890692,3055510878.465020,3583.553386,1.808601,3,3,1,0.035650
3,55653.000000,24347.000000,17,151945.755096,3224014954.063168,2648.832167,1.666142,3,3,1,0.025683
