generation,prey_fitness,predator_fitness,num_alive_end,avg_bb_size,var_bb_size,avg_shortest_dist,swarm_density_count,prey_neurons_connected_prey_retina,prey_neurons_connected_predator_retina,predator_neurons_connected_prey_retina,mutual_info
1,54355.000000,25645.000000,16,64164.623460,839511176.525766,1471.040108,3.589551,2,1,2,0.012201
1,51717.000000,28283.000000,12,67319.796060,1503732601.041378,2408.605636,3.675924,2,1,2,0.020537
2,53065.000000,26935.000000,14,57355.513413,1098743564.399209,1259.288055,3.474521,2,1,2,0.009577
3,49705.000000,30295.000000,13,77790.939840,1335972776.454070,2005.508510,2.828430,2,1,2,0.017706
