generation,prey_fitness,predator_fitness,num_alive_end,avg_bb_size,var_bb_size,avg_shortest_dist,swarm_density_count,prey_neurons_connected_prey_retina,prey_neurons_connected_predator_retina,predator_neurons_connected_prey_retina,mutual_info
1,59985.000000,20015.000000,23,121397.823417,2608697667.354074,2050.026467,1.887272,2,3,1,0.015026
1,62454.000000,17546.000000,22,136170.486924,2630798967.565207,2278.069797,1.807423,2,3,1,0.010836
2,62457.000000,17543.000000,21,128927.557743,2378610376.075415,1901.258547,1.733229,2,3,1,0.013238
3,56121.000000,23879.000000,21,128786.443929,3611321804.692220,2305.020463,1.878892,2,3,1,0.013223
