generation,prey_fitness,predator_fitness,num_alive_end,avg_bb_size,var_bb_size,avg_shortest_dist,swarm_density_count,prey_neurons_connected_prey_retina,prey_neurons_connected_predator_retina,predator_neurons_connected_prey_retina,mutual_info
1,48987.000000,31013.000000,10,178766.434233,5531276164.254504,4331.618960,2.033852,3,0,1,0.028849
1,45439.000000,34561.000000,12,181651.416094,6460688182.372658,5195.262617,1.759302,3,0,1,0.031518
2,48021.000000,31979.000000,12,194925.433521,6318022137.528699,5694.623855,1.698716,3,0,1,0.023817
3,53848.000000,26152.000000,12,198435.199862,6778257223.116793,4418.917022,1.969982,3,0,1,0.024045
