generation,prey_fitness,predator_fitness,num_alive_end,avg_bb_size,var_bb_size,avg_shortest_dist,swarm_density_count,prey_neurons_connected_prey_retina,prey_neurons_connected_predator_retina,predator_neurons_connected_prey_retina,mutual_info
1,51890.000000,28110.000000,14,136049.785841,4786464439.112983,3108.384096,1.836637,2,1,1,0.020632
1,58795.000000,21205.000000,20,167565.916259,4350184379.505009,3082.553301,1.951009,2,1,1,0.017251
2,46941.000000,33059.000000,15,124299.599641,2426616087.729876,2755.069410,1.829111,2,1,1,0.020172
3,53457.000000,26543.000000,14,118812.384658,1962551681.648305,2267.602544,1.930194,2,1,1,0.014630
