generation,prey_fitness,predator_fitness,num_alive_end,avg_bb_size,var_bb_size,avg_shortest_dist,swarm_density_count,prey_neurons_connected_prey_retina,prey_neurons_connected_predator_retina,predator_neurons_connected_prey_retina,mutual_info
1,47740.000000,32260.000000,12,130876.043949,3225434083.050476,4685.555637,1.699692,2,1,1,0.037809
1,57380.000000,22620.000000,18,120438.445819,2435258423.332319,2369.984710,1.870263,2,1,1,0.016645
2,51040.000000,28960.000000,13,94678.196508,1156147736.341148,2267.492366,1.724721,2,1,1,0.023900
3,48468.000000,31532.000000,12,91846.444473,1234375838.456474,2181.625093,1.916416,2,1,1,0.036244
