generation,prey_fitness,predator_fitness,num_alive_end,avg_bb_size,var_bb_size,avg_shortest_dist,swarm_density_count,prey_neurons_connected_prey_retina,prey_neurons_connected_predator_retina,predator_neurons_connected_prey_retina,mutual_info
1,53514.000000,26486.000000,17,151327.329853,3518736716.819188,2882.385838,1.525811,0,3,2,0.038416
1,53332.000000,26668.000000,16,163526.229118,3343658022.584669,3257.287193,1.405172,0,3,2,0.015068
2,53682.000000,26318.000000,16,144708.048899,3279740637.793983,3063.585698,1.642007,0,3,2,0.019519
3,64889.000000,15111.000000,22,150828.941024,3629089140.480177,2207.844221,1.817494,0,3,2,0.038614
