generation,prey_fitness,predator_fitness,num_alive_end,avg_bb_size,var_bb_size,avg_shortest_dist,swarm_density_count,prey_neurons_connected_prey_retina,prey_neurons_connected_predator_retina,predator_neurons_connected_prey_retina,mutual_info
1,51421.000000,28579.000000,12,47604.978202,203767082.709376,1112.854039,2.343974,2,3,1,0.015291
1,53590.000000,26410.000000,14,47393.535406,278931411.878370,948.010755,2.561041,2,3,1,0.015377
2,52596.000000,27404.000000,14,44328.732626,248926962.963039,885.566630,2.335848,2,3,1,0.022198
3,55184.000000,24816.000000,13,49733.886320,313720336.677222,805.441667,2.830282,2,3,1,0.014763
