generation,prey_fitness,predator_fitness,num_alive_end,avg_bb_size,var_bb_size,avg_shortest_dist,swarm_density_count,prey_neurons_connected_prey_retina,prey_neurons_connected_predator_retina,predator_neurons_connected_prey_retina,mutual_info
1,54422.000000,25578.000000,14,134272.762645,4621215709.057372,2917.520821,1.993292,0,1,4,0.018981
1,55502.000000,24498.000000,16,118355.241723,2372102429.456691,2275.522084,1.913542,0,1,4,0.020555
2,52228.000000,27772.000000,14,132953.746417,3750474482.369728,3011.453541,2.167384,0,1,4,0.025669
3,51395.000000,28605.000000,13,99820.948446,1638558318.163212,2204.386169,2.001449,0,1,4,0.013225
