generation,prey_fitness,predator_fitness,num_alive_end,avg_bb_size,var_bb_size,avg_shortest_dist,swarm_density_count,prey_neurons_connected_prey_retina,prey_neurons_connected_predator_retina,predator_neurons_connected_prey_retina,mutual_info
1,55976.000000,24024.000000,20,106373.954201,1853532200.381758,1952.030576,1.963222,0,1,1,0.027015
1,54067.000000,25933.000000,13,137348.807972,3191750184.787924,3497.363144,1.784763,0,1,1,0.027160
2,50753.000000,29247.000000,12,92014.549714,1929392866.161688,2728.256242,2.240690,0,1,1,0.028446
3,57978.000000,22022.000000,14,100805.170791,1704705502.199364,1977.055099,1.987305,0,1,1,0.015884
