generation,prey_fitness,predator_fitness,num_alive_end,avg_bb_size,var_bb_size,avg_shortest_dist,swarm_density_count,prey_neurons_connected_prey_retina,prey_neurons_connected_predator_retina,predator_neurons_connected_prey_retina,mutual_info
1,61582.000000,18418.000000,20,179363.905822,4206423886.455511,2695.993358,1.543388,0,1,1,0.017238
1,61470.000000,18530.000000,23,187913.112071,5820923799.203631,2880.020076,1.648879,0,1,1,0.026605
2,58205.000000,21795.000000,21,138490.061907,2640684001.149705,2227.224473,1.733435,0,1,1,0.022400
3,56381.000000,23619.000000,16,164751.357058,4048801023.505036,3110.378196,1.653040,0,1,1,0.015242
