generation,prey_fitness,predator_fitness,num_alive_end,avg_bb_size,var_bb_size,avg_shortest_dist,swarm_density_count,prey_neurons_connected_prey_retina,prey_neurons_connected_predator_retina,predator_neurons_connected_prey_retina,mutual_info
1,65591.000000,14409.000000,25,172712.013628,4636478924.788631,2584.232273,1.870737,1,2,1,0.030824
1,57502.000000,22498.000000,17,156667.154611,3558790183.408365,3139.841096,1.536362,1,2,1,0.019487
2,55218.000000,24782.000000,20,155352.580381,4871402407.575714,2983.395069,1.918310,1,2,1,0.038985
3,58350.000000,21650.000000,19,192766.765376,5212941270.532387,3686.321552,1.475704,1,2,1,0.015616
