generation,prey_fitness,predator_fitness,num_alive_end,avg_bb_size,var_bb_size,avg_shortest_dist,swarm_density_count,prey_neurons_connected_prey_retina,prey_neurons_connected_predator_retina,predator_neurons_connected_prey_retina,mutual_info
1,50284.000000,29716.000000,12,61581.464577,513888668.730980,1329.852208,2.362520,1,1,2,0.028775
1,52535.000000,27465.000000,12,57486.786425,447276021.952138,973.462244,2.325589,1,1,2,0.019723
2,43594.000000,36406.000000,4,48539.471804,300505230.512234,1838.479014,2.044785,1,1,2,0.028780
3,53201.000000,26799.000000,13,43421.913916,194594538.510241,761.167035,2.497468,1,1,2,0.018526
