generation,prey_fitness,predator_fitness,num_alive_end,avg_bb_size,var_bb_size,avg_shortest_dist,swarm_density_count,prey_neurons_connected_prey_retina,prey_neurons_connected_predator_retina,predator_neurons_connected_prey_retina,mutual_info
1,57789.000000,22211.000000,17,160265.227875,3615755267.362112,2984.455890,1.650757,0,3,1,0.016238
1,58461.000000,21539.000000,20,150580.172581,3309158099.920208,2658.877678,1.573428,0,3,1,0.010980
2,61072.000000,18928.000000,18,154262.354948,3314647473.458306,2669.383618,1.607738,0,3,1,0.022896
3,56443.000000,23557.000000,16,163703.173125,3731260873.971194,2688.751656,1.572236,0,3,1,0.019063
