generation,prey_fitness,predator_fitness,num_alive_end,avg_bb_size,var_bb_size,avg_shortest_dist,swarm_density_count,prey_neurons_connected_prey_retina,prey_neurons_connected_predator_retina,predator_neurons_connected_prey_retina,mutual_info
1,54607.000000,25393.000000,16,166400.068548,3669902902.203211,3729.613577,1.428949,0,0,5,0.013750
1,57528.000000,22472.000000,18,169288.003260,4314870004.221795,3769.440099,1.516065,0,0,5,0.019356
2,54457.000000,25543.000000,16,149547.631191,3265619754.216508,2846.283766,1.509053,0,0,5,0.021423
3,57292.000000,22708.000000,18,150103.270302,3961432768.325884,2903.372698,1.538594,0,0,5,0.022598
