generation,prey_fitness,predator_fitness,num_alive_end,avg_bb_size,var_bb_size,avg_shortest_dist,swarm_density_count,prey_neurons_connected_prey_retina,prey_neurons_connected_predator_retina,predator_neurons_connected_prey_retina,mutual_info
1,53480.000000,26520.000000,20,103179.861081,1765387112.641864,2193.903562,1.929626,2,2,3,0.031452
1,56247.000000,23753.000000,18,130958.204408,3365989794.553007,2288.452206,1.827586,2,2,3,0.027635
2,56393.000000,23607.000000,18,113262.063511,2288128185.348384,2001.483776,2.073621,2,2,3,0.025522
3,49269.000000,30731.000000,15,121903.667466,2484842884.165525,2270.953989,1.819692,2,2,3,0.028802
