generation,prey_fitness,predator_fitness,num_alive_end,avg_bb_size,var_bb_size,avg_shortest_dist,swarm_density_count,prey_neurons_connected_prey_retina,prey_neurons_connected_predator_retina,predator_neurons_connected_prey_retina,mutual_info
1,53758.000000,26242.000000,16,122620.191063,1966146603.230420,2732.728397,1.824498,1,1,1,0.018034
1,55518.000000,24482.000000,16,162280.954376,4785479369.036447,2462.869565,1.797216,1,1,1,0.028625
2,60096.000000,19904.000000,19,175114.813231,4032563081.989546,2721.276303,1.672417,1,1,1,0.026046
3,55487.000000,24513.000000,15,172827.811863,4160495202.609604,3121.396353,1.619158,1,1,1,0.014302
