generation,prey_fitness,predator_fitness,num_alive_end,avg_bb_size,var_bb_size,avg_shortest_dist,swarm_density_count,prey_neurons_connected_prey_retina,prey_neurons_connected_predator_retina,predator_neurons_connected_prey_retina,mutual_info
1,57170.000000,22830.000000,20,135976.964886,4826574014.239158,2031.047888,2.133934,1,0,1,0.022644
1,58928.000000,21072.000000,19,168655.025206,6448329741.951032,3349.296383,2.029755,1,0,1,0.028188
2,59387.000000,20613.000000,19,160221.053420,6581680972.779993,2587.386923,2.295291,1,0,1,0.027524
3,50463.000000,29537.000000,17,140421.627642,4555621062.063389,3281.963520,2.318786,1,0,1,0.023410
