generation,prey_fitness,predator_fitness,num_alive_end,avg_bb_size,var_bb_size,avg_shortest_dist,swarm_density_count,prey_neurons_connected_prey_retina,prey_neurons_connected_predator_retina,predator_neurons_connected_prey_retina,mutual_info
1,49366.000000,30634.000000,10,57454.518326,427965590.865805,1566.506699,2.053239,1,2,2,0.017771
1,42445.000000,37555.000000,8,57924.588859,562370958.268450,2200.262996,2.079669,1,2,2,0.030625
2,55969.000000,24031.000000,16,78434.751789,1062051709.918960,1408.797890,2.082327,1,2,2,0.009690
3,51240.000000,28760.000000,12,61837.398026,450601962.897795,1429.337440,2.149306,1,2,2,0.026657
