generation,prey_fitness,predator_fitness,num_alive_end,avg_bb_size,var_bb_size,avg_shortest_dist,swarm_density_count,prey_neurons_connected_prey_retina,prey_neurons_connected_predator_retina,predator_neurons_connected_prey_retina,mutual_info
1,59303.000000,20697.000000,20,153209.427290,3099249770.253352,2729.590545,1.591091,1,2,1,0.023131
1,55999.000000,24001.000000,17,115729.984259,1930523408.175729,1983.519440,1.628900,1,2,1,0.058934
2,58189.000000,21811.000000,18,125223.695788,1674745752.604820,2215.356647,1.661388,1,2,1,0.041810
3,56327.000000,23673.000000,20,146020.599552,2729683526.038597,2436.475091,1.542620,1,2,1,0.044237
