generation,prey_fitness,predator_fitness,num_alive_end,avg_bb_size,var_bb_size,avg_shortest_dist,swarm_density_count,prey_neurons_connected_prey_retina,prey_neurons_connected_predator_retina,predator_neurons_connected_prey_retina,mutual_info
1,39127.000000,30873.000000,7,178522.788782,4666315286.766944,4972.428997,1.313218,0,2,1,0.030150
1,41107.000000,28893.000000,10,176808.276224,5200596457.267189,6165.219768,1.312651,0,2,1,0.034024
2,43936.000000,26064.000000,11,167893.435026,4775162198.544679,4737.303550,1.306460,0,2,1,0.024303
3,44556.000000,25444.000000,11,159500.187418,4128893076.828774,4363.960551,1.361490,0,2,1,0.048641
