generation,prey_fitness,predator_fitness,num_alive_end,avg_bb_size,var_bb_size,avg_shortest_dist,swarm_density_count,prey_neurons_connected_prey_retina,prey_neurons_connected_predator_retina,predator_neurons_connected_prey_retina,mutual_info
1,46379.000000,23621.000000,14,179324.169866,4860340092.554199,4405.029025,1.259717,1,0,1,0.036167
1,46681.000000,23319.000000,13,195567.411907,5495181121.328149,5287.635188,1.232953,1,0,1,0.022119
2,51287.000000,18713.000000,15,183792.445913,4670658191.909508,4711.510907,1.286579,1,0,1,0.029107
3,47466.000000,22534.000000,13,190242.414188,5476335373.472055,4607.294903,1.317938,1,0,1,0.018699
