generation,prey_fitness,predator_fitness,num_alive_end,avg_bb_size,var_bb_size,avg_shortest_dist,swarm_density_count,prey_neurons_connected_prey_retina,prey_neurons_connected_predator_retina,predator_neurons_connected_prey_retina,mutual_info
1,36438.000000,33562.000000,9,178995.672029,6806422868.413664,8428.790286,1.370921,1,1,1,0.023380
1,48568.000000,21432.000000,13,152385.457686,4798614142.822442,3125.821985,1.710063,1,1,1,0.038171
2,40385.000000,29615.000000,6,169258.346403,5224952598.780696,8287.794496,1.421516,1,1,1,0.025958
3,42411.000000,27589.000000,9,179169.873663,5545383892.022884,6284.187098,1.425395,1,1,1,0.033895
