generation,prey_fitness,predator_fitness,num_alive_end,avg_bb_size,var_bb_size,avg_shortest_dist,swarm_density_count,prey_neurons_connected_prey_retina,prey_neurons_connected_predator_retina,predator_neurons_connected_prey_retina,mutual_info
1,46422.000000,23578.000000,13,79960.079788,961591122.778308,2035.553921,1.782669,1,2,3,0.029119
1,44416.000000,25584.000000,10,88404.066908,936021829.932743,2405.120815,1.509296,1,2,3,0.062235
2,40858.000000,29142.000000,9,85213.685546,891213645.020739,2972.215923,1.710518,1,2,3,0.030337
3,46861.000000,23139.000000,10,113169.555788,1768332140.096568,3515.371056,1.722953,1,2,3,0.019135
