generation,prey_fitness,predator_fitness,num_alive_end,avg_bb_size,var_bb_size,avg_shortest_dist,swarm_density_count,prey_neurons_connected_prey_retina,prey_neurons_connected_predator_retina,predator_neurons_connected_prey_retina,mutual_info
1,36587.000000,33413.000000,4,188918.579169,4976465868.130604,6758.865343,1.519755,6,1,1,0.065214
1,37942.000000,32058.000000,8,203666.736519,4594665669.893727,9764.717568,1.138594,6,1,1,0.050835
2,39900.000000,30100.000000,11,187482.918898,4798215390.835135,4367.242598,1.380486,6,1,1,0.025526
3,42990.000000,27010.000000,10,220042.179686,5022373051.495857,4838.856381,1.158635,6,1,1,0.049383
