generation,prey_fitness,predator_fitness,num_alive_end,avg_bb_size,var_bb_size,avg_shortest_dist,swarm_density_count,prey_neurons_connected_prey_retina,prey_neurons_connected_predator_retina,predator_neurons_connected_prey_retina,mutual_info
1,43753.000000,26247.000000,12,134552.247850,3930323130.348704,5252.088408,1.649632,1,2,1,0.037181
1,47639.000000,22361.000000,13,157015.178779,4577327372.604269,3899.923428,1.542183,1,2,1,0.021520
2,49866.000000,20134.000000,14,103240.137960,1282098530.438922,2020.317791,1.739044,1,2,1,0.027679
3,44966.000000,25034.000000,13,116418.664007,2365792095.745568,3435.906276,1.463984,1,2,1,0.026745
