generation,prey_fitness,predator_fitness,num_alive_end,avg_bb_size,var_bb_size,avg_shortest_dist,swarm_density_count,prey_neurons_connected_prey_retina,prey_neurons_connected_predator_retina,predator_neurons_connected_prey_retina,mutual_info
1,52332.000000,17668.000000,19,208812.897508,6304393085.197801,3521.730923,1.442817,0,1,1,0.012234
1,48130.000000,21870.000000,17,200928.890898,6262736809.842639,4618.665512,1.450153,0,1,1,0.026554
2,47349.000000,22651.000000,17,203245.530714,6632344536.196997,5201.568331,1.352632,0,1,1,0.012603
3,51014.000000,18986.000000,16,198035.701396,6651985397.712522,4387.706107,1.469847,0,1,1,0.012425
