generation,prey_fitness,predator_fitness,num_alive_end,avg_bb_size,var_bb_size,avg_shortest_dist,swarm_density_count,prey_neurons_connected_prey_retina,prey_neurons_connected_predator_retina,predator_neurons_connected_prey_retina,mutual_info
1,41983.000000,28017.000000,2,27282.453869,195479744.648618,1004.122661,2.504007,0,1,1,0.022533
1,35516.000000,34484.000000,2,23666.540022,142341381.294705,1576.204107,2.679735,0,1,1,0.037097
2,36157.000000,33843.000000,2,37990.018987,283408312.742460,15549.098687,2.285998,0,1,1,0.024878
3,40741.000000,29259.000000,5,32169.324196,154159795.368711,1283.898699,2.660944,0,1,1,0.019497
