generation,prey_fitness,predator_fitness,num_alive_end,avg_bb_size,var_bb_size,avg_shortest_dist,swarm_density_count,prey_neurons_connected_prey_retina,prey_neurons_connected_predator_retina,predator_neurons_connected_prey_retina,mutual_info
1,49490.000000,20510.000000,16,94738.375442,1252510733.521188,2056.346929,1.976353,2,1,2,0.025010
1,34214.000000,35786.000000,6,62650.518580,600238710.757856,3908.321981,1.705119,2,1,2,0.046060
2,39541.000000,30459.000000,3,50484.948391,452398309.010819,1939.018500,1.969076,2,1,2,0.030999
3,29799.000000,40201.000000,2,64598.499605,809613579.015968,13194.356169,1.406297,2,1,2,0.057631
