generation,prey_fitness,predator_fitness,num_alive_end,avg_bb_size,var_bb_size,avg_shortest_dist,swarm_density_count,prey_neurons_connected_prey_retina,prey_neurons_connected_predator_retina,predator_neurons_connected_prey_retina,mutual_info
1,35423.000000,34577.000000,2,11829.122877,55344573.341294,444.715479,3.312307,3,1,1,0.028022
1,38258.000000,31742.000000,2,16012.368102,74672871.509006,794.958612,3.225329,3,1,1,0.021682
2,37471.000000,32529.000000,2,14478.826066,82071686.746442,709.749267,3.411857,3,1,1,0.018229
3,30053.000000,39947.000000,2,11384.866004,81052171.817561,887.779079,2.792002,3,1,1,0.012969
