generation,prey_fitness,predator_fitness,num_alive_end,avg_bb_size,var_bb_size,avg_shortest_dist,swarm_density_count,prey_neurons_connected_prey_retina,prey_neurons_connected_predator_retina,predator_neurons_connected_prey_retina,mutual_info
1,41833.000000,28167.000000,8,183693.681253,5356691229.291584,6483.706690,1.292430,1,1,1,0.042688
1,41481.000000,28519.000000,8,190232.382602,4531717259.799516,7292.752913,1.117176,1,1,1,0.037675
2,40887.000000,29113.000000,11,191659.085349,5095845237.771975,6210.968995,1.139627,1,1,1,0.052397
3,41818.000000,28182.000000,9,181546.843084,4705800821.360328,5840.584821,1.213470,1,1,1,0.033046
