generation,prey_fitness,predator_fitness,num_alive_end,avg_bb_size,var_bb_size,avg_shortest_dist,swarm_density_count,prey_neurons_connected_prey_retina,prey_neurons_connected_predator_retina,predator_neurons_connected_prey_retina,mutual_info
1,45255.000000,24745.000000,6,19070.340537,89827111.334779,521.152338,4.398955,2,0,1,0.017061
1,48319.000000,21681.000000,10,21298.112219,69400676.565211,538.932692,4.952001,2,0,1,0.017843
2,38224.000000,31776.000000,6,23440.219874,121109323.571179,1200.429329,3.869487,2,0,1,0.021371
3,40494.000000,29506.000000,2,18371.645830,111886716.092941,607.296745,4.641516,2,0,1,0.014672
