generation,prey_fitness,predator_fitness,num_alive_end,avg_bb_size,var_bb_size,avg_shortest_dist,swarm_density_count,prey_neurons_connected_prey_retina,prey_neurons_connected_predator_retina,predator_neurons_connected_prey_retina,mutual_info
1,46150.000000,23850.000000,8,57281.430467,483363390.269016,1691.481730,1.980961,1,1,1,0.023183
1,37589.000000,32411.000000,6,40056.830311,283410169.217935,1521.463049,1.918483,1,1,1,0.032761
2,45206.000000,24794.000000,12,53182.400666,376848224.529677,1644.288289,2.069369,1,1,1,0.019431
3,40489.000000,29511.000000,6,53484.031335,350344873.040122,1908.052598,1.836221,1,1,1,0.084304
