generation,prey_fitness,predator_fitness,num_alive_end,avg_bb_size,var_bb_size,avg_shortest_dist,swarm_density_count,prey_neurons_connected_prey_retina,prey_neurons_connected_predator_retina,predator_neurons_connected_prey_retina,mutual_info
1,50603.000000,19397.000000,16,6097.192551,3271813.423774,131.666783,10.604156,0,0,1,0.006515
1,62812.000000,7188.000000,24,9099.639752,10305045.713499,124.474986,10.417050,0,0,1,0.005246
2,63596.000000,6404.000000,27,8949.659426,9355988.904169,122.729991,10.910944,0,0,1,0.004618
3,53331.000000,16669.000000,14,8239.763476,6643242.827474,153.708322,8.798174,0,0,1,0.006921
