generation,prey_fitness,predator_fitness,num_alive_end,avg_bb_size,var_bb_size,avg_shortest_dist,swarm_density_count,prey_neurons_connected_prey_retina,prey_neurons_connected_predator_retina,predator_neurons_connected_prey_retina,mutual_info
1,36815.000000,33185.000000,2,25641.206737,152860670.368561,1953.907119,2.338915,1,1,2,0.016332
1,47751.000000,22249.000000,12,43362.266537,224001201.884258,1134.134522,2.433478,1,1,2,0.013973
2,39477.000000,30523.000000,6,33620.210875,157679752.122324,1292.249702,2.539356,1,1,2,0.016992
3,32076.000000,37924.000000,2,19671.761464,218980685.169412,2208.539812,2.306155,1,1,2,0.025006
