generation,prey_fitness,predator_fitness,num_alive_end,avg_bb_size,var_bb_size,avg_shortest_dist,swarm_density_count,prey_neurons_connected_prey_retina,prey_neurons_connected_predator_retina,predator_neurons_connected_prey_retina,mutual_info
1,35529.000000,34471.000000,2,41079.603045,364986355.689393,2082.836820,1.759365,1,5,1,0.054004
1,44452.000000,25548.000000,10,72441.833011,788812810.785629,2275.926472,1.786609,1,5,1,0.030777
2,38859.000000,31141.000000,2,42489.143468,260172708.595383,1635.165602,1.971956,1,5,1,0.044970
3,50672.000000,19328.000000,12,48246.415849,224713044.390831,1136.930592,2.472854,1,5,1,0.023379
