generation,prey_fitness,predator_fitness,num_alive_end,avg_bb_size,var_bb_size,avg_shortest_dist,swarm_density_count,prey_neurons_connected_prey_retina,prey_neurons_connected_predator_retina,predator_neurons_connected_prey_retina,mutual_info
1,48865.000000,21135.000000,14,102491.417121,2691648579.274980,2293.227063,1.987671,0,2,1,0.021748
1,47456.000000,22544.000000,15,110364.121752,2449775465.619434,2214.547845,1.754137,0,2,1,0.015420
2,43142.000000,26858.000000,13,86910.467361,1322735324.926677,2330.190859,1.690170,0,2,1,0.037199
3,52106.000000,17894.000000,18,125180.920263,3250822299.569314,2616.372648,1.814988,0,2,1,0.018841
