generation,prey_fitness,predator_fitness,num_alive_end,avg_bb_size,var_bb_size,avg_shortest_dist,swarm_density_count,prey_neurons_connected_prey_retina,prey_neurons_connected_predator_retina,predator_neurons_connected_prey_retina,mutual_info
1,44194.000000,25806.000000,8,189638.773239,6528563430.101548,6130.316499,1.435660,0,2,2,0.029728
1,44046.000000,25954.000000,14,192210.976257,6632243444.369552,5031.758124,1.532856,0,2,2,0.019183
2,42571.000000,27429.000000,12,179534.122816,6198837405.498868,4818.365670,1.532642,0,2,2,0.025816
3,43733.000000,26267.000000,10,193149.822292,6928804158.457382,7109.765765,1.470366,0,2,2,0.022888
