generation,prey_fitness,predator_fitness,num_alive_end,avg_bb_size,var_bb_size,avg_shortest_dist,swarm_density_count,prey_neurons_connected_prey_retina,prey_neurons_connected_predator_retina,predator_neurons_connected_prey_retina,mutual_info
1,45047.000000,24953.000000,11,182515.004396,5143485607.943412,3788.279463,1.567849,4,2,2,0.022334
1,42538.000000,27462.000000,9,149627.916202,3227310441.883084,4819.726466,1.354273,4,2,2,0.029555
2,44028.000000,25972.000000,10,183056.683353,5895365856.089533,5837.190353,1.419110,4,2,2,0.031337
3,45262.000000,24738.000000,10,192739.355195,6094546502.951455,6506.271774,1.421725,4,2,2,0.031018
