generation,prey_fitness,predator_fitness,num_alive_end,avg_bb_size,var_bb_size,avg_shortest_dist,swarm_density_count,prey_neurons_connected_prey_retina,prey_neurons_connected_predator_retina,predator_neurons_connected_prey_retina,mutual_info
1,35240.000000,34760.000000,6,62457.575136,723280470.738269,2923.935825,1.840882,2,1,3,0.020075
1,52077.000000,17923.000000,17,102124.747004,2288204937.660101,1925.041392,1.923193,2,1,3,0.021020
2,46895.000000,23105.000000,13,73867.501248,1506451058.903041,2257.817345,2.266100,2,1,3,0.040098
3,35478.000000,34522.000000,2,48180.435860,593518276.420778,4355.921459,1.700257,2,1,3,0.034244
