generation,prey_fitness,predator_fitness,num_alive_end,avg_bb_size,var_bb_size,avg_shortest_dist,swarm_density_count,prey_neurons_connected_prey_retina,prey_neurons_connected_predator_retina,predator_neurons_connected_prey_retina,mutual_info
1,52539.000000,17461.000000,18,171217.737189,4226937485.599463,3001.774706,1.376228,1,1,1,0.038069
1,49624.000000,20376.000000,14,175365.728204,4623228581.212177,4240.891927,1.379258,1,1,1,0.028515
2,45459.000000,24541.000000,12,177596.273995,5112140021.812091,4004.372219,1.298642,1,1,1,0.036774
3,42873.000000,27127.000000,13,166163.775652,4040855065.165155,5214.625206,1.310889,1,1,1,0.020603
