generation,prey_fitness,predator_fitness,num_alive_end,avg_bb_size,var_bb_size,avg_shortest_dist,swarm_density_count,prey_neurons_connected_prey_retina,prey_neurons_connected_predator_retina,predator_neurons_connected_prey_retina,mutual_info
1,49771.000000,20229.000000,14,151162.710634,3525957125.336800,3160.390661,1.483535,0,0,1,0.028195
1,53449.000000,16551.000000,18,152330.433083,3773304511.903714,3088.642399,1.597107,0,0,1,0.022419
2,41809.000000,28191.000000,11,134299.595327,2400148280.249724,3898.163684,1.428093,0,0,1,0.020439
3,48055.000000,21945.000000,14,137807.060340,2871800317.798368,3535.173519,1.391058,0,0,1,0.029667
