generation,prey_fitness,predator_fitness,num_alive_end,avg_bb_size,var_bb_size,avg_shortest_dist,swarm_density_count,prey_neurons_connected_prey_retina,prey_neurons_connected_predator_retina,predator_neurons_connected_prey_retina,mutual_info
1,45352.000000,24648.000000,11,63335.702657,445904898.409024,1535.583910,1.795427,3,3,1,0.030064
1,38025.000000,31975.000000,5,55630.411036,550386637.134712,2272.566292,1.850994,3,3,1,0.033096
2,45316.000000,24684.000000,10,76584.743195,1042890995.258878,1739.845679,1.747790,3,3,1,0.021716
3,33835.000000,36165.000000,4,58858.922708,744337646.981315,4363.286617,1.579157,3,3,1,0.026074
