generation,prey_fitness,predator_fitness,num_alive_end,avg_bb_size,var_bb_size,avg_shortest_dist,swarm_density_count,prey_neurons_connected_prey_retina,prey_neurons_connected_predator_retina,predator_neurons_connected_prey_retina,mutual_info
1,48544.000000,21456.000000,10,38510.139994,332869373.334694,965.796327,3.427504,1,2,2,0.012528
1,35394.000000,34606.000000,2,19089.466581,129380550.415111,1350.539473,4.135682,1,2,2,0.033058
2,43806.000000,26194.000000,7,36894.644024,202163720.722525,1180.899394,2.956013,1,2,2,0.013028
3,37179.000000,32821.000000,2,29235.273423,210469846.912503,1356.961789,3.100384,1,2,2,0.023278
