generation,prey_fitness,predator_fitness,num_alive_end,avg_bb_size,var_bb_size,avg_shortest_dist,swarm_density_count,prey_neurons_connected_prey_retina,prey_neurons_connected_predator_retina,predator_neurons_connected_prey_retina,mutual_info
1,44432.000000,25568.000000,10,68636.679839,891557929.925708,1768.280215,1.987302,2,3,2,0.057358
1,45101.000000,24899.000000,11,55392.324151,585348699.957133,1462.714848,1.922232,2,3,2,0.023262
2,38616.000000,31384.000000,5,62148.832424,917995936.250664,3490.223596,1.932407,2,3,2,0.078129
3,36279.000000,33721.000000,4,36813.074095,242430119.575506,2077.517041,1.852549,2,3,2,0.054466
