generation,prey_fitness,predator_fitness,num_alive_end,avg_bb_size,var_bb_size,avg_shortest_dist,swarm_density_count,prey_neurons_connected_prey_retina,prey_neurons_connected_predator_retina,predator_neurons_connected_prey_retina,mutual_info
1,40454.000000,29546.000000,7,68766.857807,988331998.963703,3000.350762,2.093512,1,2,2,0.041206
1,38462.000000,31538.000000,2,42219.249921,530427597.460852,2578.765740,2.067158,1,2,2,0.036222
2,34350.000000,35650.000000,2,36846.541403,762845900.196641,2536.622623,2.129019,1,2,2,0.019217
3,44650.000000,25350.000000,11,65355.336605,954908594.960422,1793.234558,2.095923,1,2,2,0.031143
