generation,prey_fitness,predator_fitness,num_alive_end,avg_bb_size,var_bb_size,avg_shortest_dist,swarm_density_count,prey_neurons_connected_prey_retina,prey_neurons_connected_predator_retina,predator_neurons_connected_prey_retina,mutual_info
1,45029.000000,24971.000000,12,133272.459997,2680981139.749911,3462.001169,1.115582,5,4,3,0.017921
1,49361.000000,20639.000000,11,168261.095287,3381411196.700756,3490.812450,1.071020,5,4,3,0.018304
2,52054.000000,17946.000000,13,165576.346070,2978359130.374302,3737.802765,1.106997,5,4,3,0.016983
3,48055.000000,21945.000000,14,142076.056526,2162407824.619826,2943.211499,1.069333,5,4,3,0.027635
