generation,prey_fitness,predator_fitness,num_alive_end,avg_bb_size,var_bb_size,avg_shortest_dist,swarm_density_count,prey_neurons_connected_prey_retina,prey_neurons_connected_predator_retina,predator_neurons_connected_prey_retina,mutual_info
1,38926.000000,31074.000000,5,22022.456303,74116945.091311,1309.579051,3.264999,2,4,1,0.076792
1,40576.000000,29424.000000,6,20521.600688,75578314.398200,807.186172,4.126839,2,4,1,0.024232
2,36857.000000,33143.000000,2,19476.264518,108971544.874523,925.147849,3.380435,2,4,1,0.079657
3,35620.000000,34380.000000,2,20880.723821,66904835.956454,1228.509591,2.732760,2,4,1,0.064664
