generation,prey_fitness,predator_fitness,num_alive_end,avg_bb_size,var_bb_size,avg_shortest_dist,swarm_density_count,prey_neurons_connected_prey_retina,prey_neurons_connected_predator_retina,predator_neurons_connected_prey_retina,mutual_info
1,43840.000000,26160.000000,8,21974.215610,47534399.199676,688.386450,3.532971,2,4,1,0.014274
1,33946.000000,36054.000000,2,12890.094871,67976115.178478,1797.620430,3.156249,2,4,1,0.050704
2,43632.000000,26368.000000,7,21862.738090,48008683.549184,798.133154,3.274906,2,4,1,0.016508
3,39072.000000,30928.000000,2,17537.038662,88530946.411951,638.224517,3.466765,2,4,1,0.039554
