generation,prey_fitness,predator_fitness,num_alive_end,avg_bb_size,var_bb_size,avg_shortest_dist,swarm_density_count,prey_neurons_connected_prey_retina,prey_neurons_connected_predator_retina,predator_neurons_connected_prey_retina,mutual_info
1,38755.000000,31245.000000,5,44004.413598,281738183.239781,2239.682178,2.001850,0,1,1,0.045823
1,42620.000000,27380.000000,8,60935.747590,570151645.933297,2133.599575,2.013394,0,1,1,0.013133
2,42572.000000,27428.000000,7,62684.380239,583373811.425307,2194.660503,1.855289,0,1,1,0.026000
3,42871.000000,27129.000000,9,44211.678378,219142248.728675,1486.704491,2.163227,0,1,1,0.031164
