generation,prey_fitness,predator_fitness,num_alive_end,avg_bb_size,var_bb_size,avg_shortest_dist,swarm_density_count,prey_neurons_connected_prey_retina,prey_neurons_connected_predator_retina,predator_neurons_connected_prey_retina,mutual_info
1,28378.000000,41622.000000,2,14556.383321,118047867.958768,3119.513768,2.174096,3,3,1,0.022511
1,33230.000000,36770.000000,2,12541.561740,45038364.134199,1241.162224,3.054517,3,3,1,0.018424
2,36890.000000,33110.000000,2,13316.382282,69611618.576916,696.438885,3.628273,3,3,1,0.014235
3,34465.000000,35535.000000,2,19460.076257,132051320.460736,1624.270886,2.452823,3,3,1,0.033857
