generation,prey_fitness,predator_fitness,num_alive_end,avg_bb_size,var_bb_size,avg_shortest_dist,swarm_density_count,prey_neurons_connected_prey_retina,prey_neurons_connected_predator_retina,predator_neurons_connected_prey_retina,mutual_info
1,45821.000000,24179.000000,10,137605.981981,2472289469.498477,3495.507775,1.413403,3,0,1,0.044924
1,40215.000000,29785.000000,9,103672.185249,1237873200.574758,2897.131623,1.384571,3,0,1,0.030387
2,44144.000000,25856.000000,8,86732.730920,1401930206.229165,2082.084566,1.453493,3,0,1,0.026286
3,45588.000000,24412.000000,11,102308.746956,1503365369.124262,2285.973043,1.336892,3,0,1,0.035282
