generation,prey_fitness,predator_fitness,num_alive_end,avg_bb_size,var_bb_size,avg_shortest_dist,swarm_density_count,prey_neurons_connected_prey_retina,prey_neurons_connected_predator_retina,predator_neurons_connected_prey_retina,mutual_info
1,44692.000000,25308.000000,12,177728.517578,4278856278.461244,4215.173193,1.460260,1,5,1,0.027018
1,43637.000000,26363.000000,15,174642.239326,4413011982.954956,4475.559713,1.321331,1,5,1,0.036441
2,46784.000000,23216.000000,11,203214.871664,5809435773.977316,6116.186564,1.292747,1,5,1,0.018408
3,50559.000000,19441.000000,13,196061.817406,5517206622.454902,3167.127802,1.434993,1,5,1,0.039522
