generation,prey_fitness,predator_fitness,num_alive_end,avg_bb_size,var_bb_size,avg_shortest_dist,swarm_density_count,prey_neurons_connected_prey_retina,prey_neurons_connected_predator_retina,predator_neurons_connected_prey_retina,mutual_info
1,48597.000000,21403.000000,12,138072.798524,2890333455.281958,3009.329758,1.461178,2,1,1,0.022149
1,46858.000000,23142.000000,13,99609.187273,1245701502.989011,2295.489287,1.647653,2,1,1,0.036252
2,38381.000000,31619.000000,8,118647.885138,3220382511.623837,5761.250898,1.672278,2,1,1,0.065107
3,43506.000000,26494.000000,12,146310.455668,3249937947.774080,3981.887938,1.543101,2,1,1,0.027836
