generation,prey_fitness,predator_fitness,num_alive_end,avg_bb_size,var_bb_size,avg_shortest_dist,swarm_density_count,prey_neurons_connected_prey_retina,prey_neurons_connected_predator_retina,predator_neurons_connected_prey_retina,mutual_info
1,47112.000000,22888.000000,11,152378.305556,3525947681.243138,4419.094427,1.516547,1,4,1,0.047863
1,44063.000000,25937.000000,9,160397.351065,3709020701.426747,4133.989545,1.392830,1,4,1,0.034610
2,34143.000000,35857.000000,4,149846.358278,4279017354.275549,6758.151604,1.266917,1,4,1,0.032728
3,43199.000000,26801.000000,10,167509.201284,4151595636.100881,6069.440968,1.475941,1,4,1,0.047221
