generation,prey_fitness,predator_fitness,num_alive_end,avg_bb_size,var_bb_size,avg_shortest_dist,swarm_density_count,prey_neurons_connected_prey_retina,prey_neurons_connected_predator_retina,predator_neurons_connected_prey_retina,mutual_info
1,46732.000000,23268.000000,14,120974.018280,2149385269.042348,2831.374860,1.608805,2,0,1,0.025653
1,41796.000000,28204.000000,9,123672.169855,2372335227.075878,4217.552510,1.573762,2,0,1,0.022217
2,45338.000000,24662.000000,14,107889.892969,2457282608.071025,2823.247612,1.797042,2,0,1,0.028943
3,45616.000000,24384.000000,11,149097.457671,3279423006.407059,3245.905017,1.462119,2,0,1,0.034055
