generation,prey_fitness,predator_fitness,num_alive_end,avg_bb_size,var_bb_size,avg_shortest_dist,swarm_density_count,prey_neurons_connected_prey_retina,prey_neurons_connected_predator_retina,predator_neurons_connected_prey_retina,mutual_info
1,42668.000000,27332.000000,9,67205.054013,845231935.873401,2025.193457,1.832888,0,2,1,0.048211
1,40725.000000,29275.000000,8,56733.666817,435841997.479345,1948.587680,1.926786,0,2,1,0.032948
2,43075.000000,26925.000000,11,70184.595015,664076273.171402,2057.521380,1.769434,0,2,1,0.025811
3,46588.000000,23412.000000,12,81326.183634,1569082551.644531,2004.180107,2.025793,0,2,1,0.020770
