generation,prey_fitness,predator_fitness,num_alive_end,avg_bb_size,var_bb_size,avg_shortest_dist,swarm_density_count,prey_neurons_connected_prey_retina,prey_neurons_connected_predator_retina,predator_neurons_connected_prey_retina,mutual_info
1,49748.000000,20252.000000,16,172300.254760,5282879406.927995,4204.396942,1.363534,3,0,1,0.040439
1,48819.000000,21181.000000,11,165897.451608,5074570493.959731,3309.614809,1.523412,3,0,1,0.025581
2,51169.000000,18831.000000,14,162441.435035,4571200924.345267,3547.501397,1.577863,3,0,1,0.062190
3,45847.000000,24153.000000,12,158268.861656,4072635016.466270,3945.455627,1.512104,3,0,1,0.024232
