generation,prey_fitness,predator_fitness,num_alive_end,avg_bb_size,var_bb_size,avg_shortest_dist,swarm_density_count,prey_neurons_connected_prey_retina,prey_neurons_connected_predator_retina,predator_neurons_connected_prey_retina,mutual_info
1,35913.000000,34087.000000,2,35029.102271,324751624.968706,1566.597790,1.998678,1,1,1,0.032419
1,43619.000000,26381.000000,10,53554.074535,405288604.818304,2102.088543,2.238867,1,1,1,0.028398
2,36465.000000,33535.000000,5,57381.436350,438038831.327498,2980.342818,1.919797,1,1,1,0.018815
3,38040.000000,31960.000000,7,38066.903693,262038477.282328,1344.698296,2.134650,1,1,1,0.036676
