generation,prey_fitness,predator_fitness,num_alive_end,avg_bb_size,var_bb_size,avg_shortest_dist,swarm_density_count,prey_neurons_connected_prey_retina,prey_neurons_connected_predator_retina,predator_neurons_connected_prey_retina,mutual_info
1,55669.000000,14331.000000,19,126510.293267,3462035502.744652,2644.004671,1.842306,0,1,4,0.012954
1,38113.000000,31887.000000,7,102648.345049,1711944999.983698,4590.438485,1.534393,0,1,4,0.029320
2,40905.000000,29095.000000,6,85929.275058,1885774918.821696,4020.422781,1.707314,0,1,4,0.038254
3,37380.000000,32620.000000,6,131597.000682,3571000203.979100,5651.888368,1.506525,0,1,4,0.018179
