generation,prey_fitness,predator_fitness,num_alive_end,avg_bb_size,var_bb_size,avg_shortest_dist,swarm_density_count,prey_neurons_connected_prey_retina,prey_neurons_connected_predator_retina,predator_neurons_connected_prey_retina,mutual_info
1,50180.000000,19820.000000,16,157587.778861,3706359488.100966,3568.047822,1.287733,0,1,1,0.015583
1,44569.000000,25431.000000,10,157162.199635,2801438476.874690,4605.935637,1.185478,0,1,1,0.029130
2,48816.000000,21184.000000,14,149342.083783,3011333909.762987,2978.522896,1.429787,0,1,1,0.043108
3,46047.000000,23953.000000,11,121181.372421,2797772490.258290,3122.296500,1.389535,0,1,1,0.020810
