generation,prey_fitness,predator_fitness,num_alive_end,avg_bb_size,var_bb_size,avg_shortest_dist,swarm_density_count,prey_neurons_connected_prey_retina,prey_neurons_connected_predator_retina,predator_neurons_connected_prey_retina,mutual_info
1,43443.000000,26557.000000,12,62171.928365,356942183.778892,2223.291844,1.785793,1,3,3,0.023597
1,45439.000000,24561.000000,13,113435.168086,2030247630.983786,3672.676606,1.633483,1,3,3,0.034841
2,46824.000000,23176.000000,13,107359.311643,2237631473.837434,2718.473780,1.750124,1,3,3,0.043852
3,52155.000000,17845.000000,17,146292.026321,3537364391.958583,3078.933466,1.616328,1,3,3,0.033593
