generation,prey_fitness,predator_fitness,num_alive_end,avg_bb_size,var_bb_size,avg_shortest_dist,swarm_density_count,prey_neurons_connected_prey_retina,prey_neurons_connected_predator_retina,predator_neurons_connected_prey_retina,mutual_info
1,40263.000000,29737.000000,7,41568.546400,186668463.898607,1592.376685,2.102948,1,4,1,0.027611
1,43751.000000,26249.000000,9,55568.317208,270608147.201794,1690.586434,1.930626,1,4,1,0.018451
2,36230.000000,33770.000000,4,53190.970485,909797023.233102,1797.460037,1.890835,1,4,1,0.018442
3,45707.000000,24293.000000,10,70052.953421,849771813.128774,2053.386148,2.069481,1,4,1,0.022709
