generation,prey_fitness,predator_fitness,num_alive_end,avg_bb_size,var_bb_size,avg_shortest_dist,swarm_density_count,prey_neurons_connected_prey_retina,prey_neurons_connected_predator_retina,predator_neurons_connected_prey_retina,mutual_info
1,43642.000000,26358.000000,11,164822.290857,4114795699.045463,4771.438607,1.282367,2,0,1,0.032138
1,45316.000000,24684.000000,11,155338.091314,3530510506.095451,3636.496272,1.281852,2,0,1,0.019591
2,44163.000000,25837.000000,11,146105.811913,3704315458.460985,3966.614138,1.407821,2,0,1,0.029355
3,43594.000000,26406.000000,12,163322.658109,4463176145.011124,5365.596739,1.279626,2,0,1,0.026690
