generation,prey_fitness,predator_fitness,num_alive_end,avg_bb_size,var_bb_size,avg_shortest_dist,swarm_density_count,prey_neurons_connected_prey_retina,prey_neurons_connected_predator_retina,predator_neurons_connected_prey_retina,mutual_info
1,48395.000000,21605.000000,11,35898.194826,465692567.857887,478.060825,3.082297,1,1,1,0.026257
1,38361.000000,31639.000000,3,16321.688390,74971058.607914,464.711308,3.686824,1,1,1,0.032803
2,49406.000000,20594.000000,13,33980.593588,147244493.840445,492.428566,3.448909,1,1,1,0.036947
3,48527.000000,21473.000000,11,34653.519213,210341801.611646,576.286165,3.272868,1,1,1,0.039098
