generation,prey_fitness,predator_fitness,num_alive_end,avg_bb_size,var_bb_size,avg_shortest_dist,swarm_density_count,prey_neurons_connected_prey_retina,prey_neurons_connected_predator_retina,predator_neurons_connected_prey_retina,mutual_info
1,44607.000000,25393.000000,10,136648.435456,2747072079.092597,3356.257911,1.537651,0,0,1,0.023745
1,44744.000000,25256.000000,13,182123.748820,5913788723.618083,4166.678188,1.461904,0,0,1,0.033250
2,39034.000000,30966.000000,11,157940.030819,4894400422.939987,5849.663848,1.301023,0,0,1,0.030833
3,43026.000000,26974.000000,10,178065.397032,5099902581.801156,6226.478281,1.296864,0,0,1,0.062967
