generation,prey_fitness,predator_fitness,num_alive_end,avg_bb_size,var_bb_size,avg_shortest_dist,swarm_density_count,prey_neurons_connected_prey_retina,prey_neurons_connected_predator_retina,predator_neurons_connected_prey_retina,mutual_info
1,47280.000000,22720.000000,13,130698.761653,3361046306.246644,3325.225654,1.560088,0,1,1,0.020885
1,45363.000000,24637.000000,12,120257.755052,2121897891.721987,3230.809196,1.489666,0,1,1,0.025000
2,35396.000000,34604.000000,6,87908.605576,1471730184.996629,3741.843830,1.557914,0,1,1,0.024658
3,44287.000000,25713.000000,11,156768.177640,4077821950.124381,3747.731786,1.275975,0,1,1,0.020814
