generation,prey_fitness,predator_fitness,num_alive_end,avg_bb_size,var_bb_size,avg_shortest_dist,swarm_density_count,prey_neurons_connected_prey_retina,prey_neurons_connected_predator_retina,predator_neurons_connected_prey_retina,mutual_info
1,40433.000000,29567.000000,5,37608.889414,281926850.513977,1308.744160,1.995050,1,1,1,0.033129
1,42921.000000,27079.000000,8,43919.252962,263720353.779976,1568.766870,2.061327,1,1,1,0.021804
2,45913.000000,24087.000000,8,39084.758346,245102871.191080,935.419845,2.333157,1,1,1,0.027896
3,40022.000000,29978.000000,6,39166.211971,344488490.259106,1289.392519,1.975344,1,1,1,0.019155
