generation,prey_fitness,predator_fitness,num_alive_end,avg_bb_size,var_bb_size,avg_shortest_dist,swarm_density_count,prey_neurons_connected_prey_retina,prey_neurons_connected_predator_retina,predator_neurons_connected_prey_retina,mutual_info
1,41743.000000,28257.000000,8,61540.978161,321938805.428409,2091.893152,1.593701,1,1,1,0.016627
1,41068.000000,28932.000000,8,53578.087090,256044638.800629,1892.672735,1.651878,1,1,1,0.020690
2,43019.000000,26981.000000,3,34324.005150,162465151.758539,1347.075515,1.972775,1,1,1,0.047603
3,47047.000000,22953.000000,14,56886.116953,285459208.732576,1252.342008,1.836159,1,1,1,0.010030
