generation,prey_fitness,predator_fitness,num_alive_end,avg_bb_size,var_bb_size,avg_shortest_dist,swarm_density_count,prey_neurons_connected_prey_retina,prey_neurons_connected_predator_retina,predator_neurons_connected_prey_retina,mutual_info
1,39543.000000,30457.000000,7,115450.751186,2289866920.658884,5656.950750,1.558341,1,1,1,0.030848
1,44146.000000,25854.000000,11,133211.108020,3232342566.840648,3686.040065,1.626384,1,1,1,0.043294
2,50178.000000,19822.000000,14,162583.259888,4799627574.400108,3464.019877,1.486854,1,1,1,0.015736
3,47770.000000,22230.000000,11,159150.490264,3985413477.255973,3956.990823,1.377811,1,1,1,0.039141
