generation,prey_fitness,predator_fitness,num_alive_end,avg_bb_size,var_bb_size,avg_shortest_dist,swarm_density_count,prey_neurons_connected_prey_retina,prey_neurons_connected_predator_retina,predator_neurons_connected_prey_retina,mutual_info
1,47414.000000,22586.000000,13,85770.115383,2315201882.912772,2297.452373,2.192182,2,0,3,0.015175
1,31653.000000,38347.000000,2,37313.421443,443022049.213447,4041.710331,1.911327,2,0,3,0.031332
2,41926.000000,28074.000000,9,111247.263320,2102315250.176030,3423.815537,1.875008,2,0,3,0.037040
3,39292.000000,30708.000000,7,82255.727963,1838939626.201606,2942.368839,2.315964,2,0,3,0.027358
