generation,prey_fitness,predator_fitness,num_alive_end,avg_bb_size,var_bb_size,avg_shortest_dist,swarm_density_count,prey_neurons_connected_prey_retina,prey_neurons_connected_predator_retina,predator_neurons_connected_prey_retina,mutual_info
1,40820.000000,29180.000000,10,57487.436006,410137652.725299,1772.287061,1.936582,0,0,1,0.027231
1,48191.000000,21809.000000,14,90837.243861,2488407104.714955,2668.351960,2.020879,0,0,1,0.024440
2,48548.000000,21452.000000,15,95286.383125,1979139517.128897,2313.572358,1.712981,0,0,1,0.028727
3,44116.000000,25884.000000,11,84305.025580,1992022861.720331,2287.154265,1.811054,0,0,1,0.045143
