generation,prey_fitness,predator_fitness,num_alive_end,avg_bb_size,var_bb_size,avg_shortest_dist,swarm_density_count,prey_neurons_connected_prey_retina,prey_neurons_connected_predator_retina,predator_neurons_connected_prey_retina,mutual_info
1,43587.000000,26413.000000,5,25553.615381,103555549.065591,823.891032,3.693974,7,2,1,0.021731
1,41004.000000,28996.000000,3,21072.229728,69623307.244590,904.511243,3.621371,7,2,1,0.017651
2,40557.000000,29443.000000,5,27557.181193,167367941.426778,1011.221519,3.427618,7,2,1,0.032825
3,44143.000000,25857.000000,8,31510.085998,138292142.605311,848.200587,3.581036,7,2,1,0.023536
