generation,prey_fitness,predator_fitness,num_alive_end,avg_bb_size,var_bb_size,avg_shortest_dist,swarm_density_count,prey_neurons_connected_prey_retina,prey_neurons_connected_predator_retina,predator_neurons_connected_prey_retina,mutual_info
1,46458.000000,23542.000000,9,97526.809451,1685426110.672527,2812.975429,1.681782,0,1,2,0.024459
1,39253.000000,30747.000000,8,76769.688595,1263897159.323402,3214.074680,1.642701,0,1,2,0.033426
2,39527.000000,30473.000000,9,80479.024214,921532448.667237,2853.596609,1.634130,0,1,2,0.032156
3,47534.000000,22466.000000,13,61387.521497,570164050.189000,1523.230326,1.975963,0,1,2,0.021322
