generation,prey_fitness,predator_fitness,num_alive_end,avg_bb_size,var_bb_size,avg_shortest_dist,swarm_density_count,prey_neurons_connected_prey_retina,prey_neurons_connected_predator_retina,predator_neurons_connected_prey_retina,mutual_info
1,43877.000000,26123.000000,11,182191.036907,4935509315.704465,4650.245442,1.425785,2,2,2,0.026394
1,48295.000000,21705.000000,12,169617.572354,4442662612.205970,2328.745759,1.481128,2,2,2,0.033360
2,56934.000000,13066.000000,21,172196.659310,4817333368.263172,2042.698268,1.586636,2,2,2,0.034373
3,47770.000000,22230.000000,12,167563.899864,4595296004.966540,3484.052446,1.568630,2,2,2,0.022838
