generation,prey_fitness,predator_fitness,num_alive_end,avg_bb_size,var_bb_size,avg_shortest_dist,swarm_density_count,prey_neurons_connected_prey_retina,prey_neurons_connected_predator_retina,predator_neurons_connected_prey_retina,mutual_info
1,28651.000000,41349.000000,2,9228.952462,45267458.355413,1371.824521,3.133837,0,5,1,0.016611
1,27557.000000,42443.000000,2,10119.807979,33257870.531629,5010.632739,2.936669,0,5,1,0.018783
2,31009.000000,38991.000000,2,12156.493258,62026097.414686,1922.015085,2.798912,0,5,1,0.015501
3,44735.000000,25265.000000,8,20996.110898,55851157.993688,566.070314,3.566941,0,5,1,0.016386
