generation,prey_fitness,predator_fitness,num_alive_end,avg_bb_size,var_bb_size,avg_shortest_dist,swarm_density_count,prey_neurons_connected_prey_retina,prey_neurons_connected_predator_retina,predator_neurons_connected_prey_retina,mutual_info
1,42684.000000,27316.000000,7,92592.218464,1708283071.857821,1979.557053,1.869072,5,0,1,0.026865
1,43213.000000,26787.000000,9,97072.624880,1214698116.287771,1864.634214,1.924458,5,0,1,0.032191
2,46302.000000,23698.000000,11,149341.786082,3538993153.702306,2406.984735,1.765771,5,0,1,0.021409
3,45200.000000,24800.000000,12,142124.842087,3873765561.296401,2634.701978,1.552858,5,0,1,0.032639
