generation,prey_fitness,predator_fitness,num_alive_end,avg_bb_size,var_bb_size,avg_shortest_dist,swarm_density_count,prey_neurons_connected_prey_retina,prey_neurons_connected_predator_retina,predator_neurons_connected_prey_retina,mutual_info
1,45122.000000,24878.000000,11,165017.451109,4373141050.344901,5055.607215,1.421282,1,0,1,0.026267
1,41638.000000,28362.000000,10,150231.365617,3286560235.884928,5203.115676,1.372136,1,0,1,0.028782
2,50323.000000,19677.000000,16,168563.921336,4231830366.364567,4038.011175,1.489592,1,0,1,0.029691
3,39618.000000,30382.000000,8,164843.951068,3720870070.293753,5570.963523,1.309148,1,0,1,0.035659
