generation,prey_fitness,predator_fitness,num_alive_end,avg_bb_size,var_bb_size,avg_shortest_dist,swarm_density_count,prey_neurons_connected_prey_retina,prey_neurons_connected_predator_retina,predator_neurons_connected_prey_retina,mutual_info
1,44223.000000,25777.000000,13,179105.144822,4767603360.887758,4872.098596,1.374955,1,0,1,0.025622
1,40136.000000,29864.000000,10,186002.242402,5121389040.472820,6736.907545,1.301595,1,0,1,0.017512
2,48341.000000,21659.000000,17,192108.328609,5722101265.495188,4675.623328,1.288974,1,0,1,0.023000
3,43689.000000,26311.000000,12,190790.183456,5659951651.567568,5165.215619,1.252259,1,0,1,0.029857
