generation,prey_fitness,predator_fitness,num_alive_end,avg_bb_size,var_bb_size,avg_shortest_dist,swarm_density_count,prey_neurons_connected_prey_retina,prey_neurons_connected_predator_retina,predator_neurons_connected_prey_retina,mutual_info
1,51481.000000,18519.000000,14,178462.102272,4238329958.423450,3734.424478,1.432982,1,2,2,0.019964
1,47683.000000,22317.000000,14,184030.743702,5391706132.855158,4179.854058,1.280301,1,2,2,0.021481
2,48409.000000,21591.000000,14,170691.045174,4927164284.015771,4018.802736,1.278965,1,2,2,0.026745
3,47616.000000,22384.000000,13,161998.775863,4381046250.775601,4430.256215,1.384942,1,2,2,0.032630
