generation,prey_fitness,predator_fitness,num_alive_end,avg_bb_size,var_bb_size,avg_shortest_dist,swarm_density_count,prey_neurons_connected_prey_retina,prey_neurons_connected_predator_retina,predator_neurons_connected_prey_retina,mutual_info
1,43048.000000,26952.000000,8,105190.391710,1413477214.482920,3376.041192,1.440503,0,2,2,0.038161
1,50838.000000,19162.000000,15,130855.751362,2432654926.047071,2744.039215,1.503087,0,2,2,0.031204
2,48128.000000,21872.000000,12,98919.091597,1875603353.924405,2449.723956,1.666246,0,2,2,0.037486
3,48502.000000,21498.000000,11,105084.307461,1355555642.380205,2679.619855,1.763467,0,2,2,0.038343
