generation,prey_fitness,predator_fitness,num_alive_end,avg_bb_size,var_bb_size,avg_shortest_dist,swarm_density_count,prey_neurons_connected_prey_retina,prey_neurons_connected_predator_retina,predator_neurons_connected_prey_retina,mutual_info
1,32279.000000,37721.000000,2,25121.316663,179651529.896129,4124.443317,1.985963,0,2,1,0.048633
1,34301.000000,35699.000000,3,51213.996480,766872013.497480,4091.107768,1.915231,0,2,1,0.022044
2,49958.000000,20042.000000,15,74812.157042,1246763466.334998,1938.920976,2.180527,0,2,1,0.021926
3,40969.000000,29031.000000,6,48272.083257,466423073.050494,1621.697241,2.221929,0,2,1,0.022691
