generation,prey_fitness,predator_fitness,num_alive_end,avg_bb_size,var_bb_size,avg_shortest_dist,swarm_density_count,prey_neurons_connected_prey_retina,prey_neurons_connected_predator_retina,predator_neurons_connected_prey_retina,mutual_info
1,43665.000000,26335.000000,8,183058.149198,5961498661.093544,6339.390559,1.358067,1,2,1,0.028428
1,39481.000000,30519.000000,7,155170.782845,5030439625.783744,5380.244050,1.477942,1,2,1,0.019244
2,35431.000000,34569.000000,4,161518.971515,4997110235.304011,10881.284777,1.418283,1,2,1,0.031952
3,41692.000000,28308.000000,7,165710.312222,4397887204.242632,5713.365618,1.369336,1,2,1,0.039661
