generation,prey_fitness,predator_fitness,num_alive_end,avg_bb_size,var_bb_size,avg_shortest_dist,swarm_density_count,prey_neurons_connected_prey_retina,prey_neurons_connected_predator_retina,predator_neurons_connected_prey_retina,mutual_info
1,40566.000000,29434.000000,8,162843.594589,4477828703.548736,6055.387767,1.281760,1,0,5,0.028186
1,48405.000000,21595.000000,12,178142.051057,4562363729.313727,4469.597835,1.378548,1,0,5,0.025107
2,48195.000000,21805.000000,12,181879.397118,4719072777.512190,4404.704366,1.361871,1,0,5,0.036094
3,44983.000000,25017.000000,11,182398.269681,4825010146.914132,5345.739522,1.275407,1,0,5,0.027958
