generation,prey_fitness,predator_fitness,num_alive_end,avg_bb_size,var_bb_size,avg_shortest_dist,swarm_density_count,prey_neurons_connected_prey_retina,prey_neurons_connected_predator_retina,predator_neurons_connected_prey_retina,mutual_info
1,46227.000000,23773.000000,12,71474.935245,772064281.133969,1685.044133,1.971204,2,1,3,0.025179
1,42748.000000,27252.000000,9,73727.140946,1348805564.121312,2852.776357,2.064356,2,1,3,0.025448
2,38870.000000,31130.000000,6,44212.574709,325463740.702949,1597.337251,2.152487,2,1,3,0.025122
3,49892.000000,20108.000000,14,74031.176927,800824969.164919,1839.999883,1.860369,2,1,3,0.024712
