generation,prey_fitness,predator_fitness,num_alive_end,avg_bb_size,var_bb_size,avg_shortest_dist,swarm_density_count,prey_neurons_connected_prey_retina,prey_neurons_connected_predator_retina,predator_neurons_connected_prey_retina,mutual_info
1,45013.000000,24987.000000,8,7149.342771,4740271.208506,198.853455,8.004120,0,4,5,0.011044
1,49437.000000,20563.000000,13,10687.027471,13487876.206375,233.684965,7.178903,0,4,5,0.007562
2,47833.000000,22167.000000,11,8932.991384,7087310.657098,226.510268,7.420609,0,4,5,0.010872
3,45138.000000,24862.000000,9,7310.097479,9570758.122903,176.251768,8.137869,0,4,5,0.013324
