generation,prey_fitness,predator_fitness,num_alive_end,avg_bb_size,var_bb_size,avg_shortest_dist,swarm_density_count,prey_neurons_connected_prey_retina,prey_neurons_connected_predator_retina,predator_neurons_connected_prey_retina,mutual_info
1,47816.000000,22184.000000,11,207071.129329,5748069058.238589,5451.714922,1.437709,1,0,4,0.033654
1,50448.000000,19552.000000,14,208625.117512,5816623929.298740,4170.822616,1.289400,1,0,4,0.024249
2,40356.000000,29644.000000,9,198194.430783,6046343953.666544,6700.419138,1.451487,1,0,4,0.027111
3,49399.000000,20601.000000,13,205020.503958,6117700626.751131,6266.317045,1.314537,1,0,4,0.016616
