generation,prey_fitness,predator_fitness,num_alive_end,avg_bb_size,var_bb_size,avg_shortest_dist,swarm_density_count,prey_neurons_connected_prey_retina,prey_neurons_connected_predator_retina,predator_neurons_connected_prey_retina,mutual_info
1,43763.000000,26237.000000,9,132074.099055,3076079955.289092,3293.584216,1.430294,1,0,1,0.024367
1,41427.000000,28573.000000,7,143225.684523,3518508860.323295,4879.405455,1.466242,1,0,1,0.028031
2,42659.000000,27341.000000,10,117982.330678,2887045183.847295,4239.816583,1.780409,1,0,1,0.042988
3,37780.000000,32220.000000,5,137424.437452,3618050226.388927,6055.151094,1.452250,1,0,1,0.035361
