generation,prey_fitness,predator_fitness,num_alive_end,avg_bb_size,var_bb_size,avg_shortest_dist,swarm_density_count,prey_neurons_connected_prey_retina,prey_neurons_connected_predator_retina,predator_neurons_connected_prey_retina,mutual_info
1,44543.000000,25457.000000,12,64948.568657,608251713.346365,1660.774578,1.924940,1,0,3,0.038569
1,51326.000000,18674.000000,16,76009.407947,1540816061.547091,1999.752844,2.057203,1,0,3,0.032174
2,37135.000000,32865.000000,7,45472.221258,300866616.192789,1469.299873,1.898918,1,0,3,0.021221
3,43484.000000,26516.000000,10,51418.737138,337611303.691669,1587.451278,2.136686,1,0,3,0.018581
