generation,prey_fitness,predator_fitness,num_alive_end,avg_bb_size,var_bb_size,avg_shortest_dist,swarm_density_count,prey_neurons_connected_prey_retina,prey_neurons_connected_predator_retina,predator_neurons_connected_prey_retina,mutual_info
1,37197.000000,32803.000000,7,175361.375999,6516890285.588231,8900.971236,1.279690,5,0,1,0.040513
1,32324.000000,37676.000000,5,153445.261344,6494669912.661927,8339.418332,1.206881,5,0,1,0.055540
2,42835.000000,27165.000000,8,192409.958730,5665705030.007636,4188.757562,1.260777,5,0,1,0.030924
3,40391.000000,29609.000000,9,171677.293638,4690036314.667235,6103.083987,1.302008,5,0,1,0.057555
