generation,prey_fitness,predator_fitness,num_alive_end,avg_bb_size,var_bb_size,avg_shortest_dist,swarm_density_count,prey_neurons_connected_prey_retina,prey_neurons_connected_predator_retina,predator_neurons_connected_prey_retina,mutual_info
1,42342.000000,27658.000000,11,147386.414489,4260076707.218916,2103.542716,2.027404,2,1,3,0.051124
1,52026.000000,17974.000000,13,190099.173433,5355256783.505525,3902.996610,1.648628,2,1,3,0.030222
2,49365.000000,20635.000000,11,138264.216842,4161381078.636506,2160.735479,1.729196,2,1,3,0.019153
3,50427.000000,19573.000000,15,198154.848569,5932513826.750972,4157.846343,1.614121,2,1,3,0.026151
