generation,prey_fitness,predator_fitness,num_alive_end,avg_bb_size,var_bb_size,avg_shortest_dist,swarm_density_count,prey_neurons_connected_prey_retina,prey_neurons_connected_predator_retina,predator_neurons_connected_prey_retina,mutual_info
1,42777.000000,27223.000000,9,99929.851129,1378226223.469747,3531.003940,1.772380,1,0,1,0.022398
1,42761.000000,27239.000000,9,111983.324753,2565241850.549301,2821.368889,1.598116,1,0,1,0.021632
2,47026.000000,22974.000000,13,119868.201883,2506990905.216687,2760.244986,1.589598,1,0,1,0.019299
3,50312.000000,19688.000000,15,106705.940905,1481636922.064885,2262.210808,1.686906,1,0,1,0.015690
