generation,prey_fitness,predator_fitness,num_alive_end,avg_bb_size,var_bb_size,avg_shortest_dist,swarm_density_count,prey_neurons_connected_prey_retina,prey_neurons_connected_predator_retina,predator_neurons_connected_prey_retina,mutual_info
1,43453.000000,26547.000000,8,146211.011765,3714510912.862804,4318.597537,1.304645,1,2,1,0.024442
1,50490.000000,19510.000000,17,155529.302276,2808766887.506775,2455.123885,1.401420,1,2,1,0.022029
2,51260.000000,18740.000000,17,149063.525667,3155987892.679821,2597.426951,1.412129,1,2,1,0.032202
3,51694.000000,18306.000000,14,141581.388877,2429225623.488091,2777.685277,1.471786,1,2,1,0.029001
