generation,prey_fitness,predator_fitness,num_alive_end,avg_bb_size,var_bb_size,avg_shortest_dist,swarm_density_count,prey_neurons_connected_prey_retina,prey_neurons_connected_predator_retina,predator_neurons_connected_prey_retina,mutual_info
1,45549.000000,24451.000000,7,61779.915032,506531229.454306,1596.932116,1.860136,4,5,1,0.020900
1,41747.000000,28253.000000,9,61762.930274,413662909.296420,2097.295126,1.669792,4,5,1,0.025591
2,38346.000000,31654.000000,5,50820.961819,406551270.594599,2278.196626,1.643845,4,5,1,0.041338
3,41409.000000,28591.000000,7,48072.502852,247667832.834368,1780.890748,1.920890,4,5,1,0.025870
