generation,prey_fitness,predator_fitness,num_alive_end,avg_bb_size,var_bb_size,avg_shortest_dist,swarm_density_count,prey_neurons_connected_prey_retina,prey_neurons_connected_predator_retina,predator_neurons_connected_prey_retina,mutual_info
1,51087.000000,18913.000000,14,47814.125474,657661004.729503,991.107352,3.715186,3,3,1,0.012561
1,48415.000000,21585.000000,12,41807.796481,197739144.088408,1189.027209,3.574016,3,3,1,0.015163
2,37515.000000,32485.000000,5,36419.477301,282158579.067773,2378.708732,3.158830,3,3,1,0.021378
3,40929.000000,29071.000000,4,32000.391652,195897327.827985,1603.321456,3.380835,3,3,1,0.021680
