generation,prey_fitness,predator_fitness,num_alive_end,avg_bb_size,var_bb_size,avg_shortest_dist,swarm_density_count,prey_neurons_connected_prey_retina,prey_neurons_connected_predator_retina,predator_neurons_connected_prey_retina,mutual_info
1,45499.000000,24501.000000,13,132973.050794,4257183622.601418,3405.989459,1.633276,1,0,2,0.034548
1,42402.000000,27598.000000,5,61776.846733,659725947.368921,2446.274514,1.745551,1,0,2,0.038841
2,44213.000000,25787.000000,11,99647.771433,1322272902.972483,2862.981999,1.654029,1,0,2,0.023303
3,47181.000000,22819.000000,11,88482.250857,944699929.581820,2036.528766,1.705927,1,0,2,0.046268
