generation,prey_fitness,predator_fitness,num_alive_end,avg_bb_size,var_bb_size,avg_shortest_dist,swarm_density_count,prey_neurons_connected_prey_retina,prey_neurons_connected_predator_retina,predator_neurons_connected_prey_retina,mutual_info
1,44480.000000,25520.000000,12,103798.856258,1700803630.448162,2498.982640,1.601388,3,1,1,0.025451
1,40361.000000,29639.000000,8,86561.237519,1509599901.071393,4038.201679,1.608934,3,1,1,0.044115
2,44176.000000,25824.000000,10,67808.852241,545696477.206158,1556.217594,1.797791,3,1,1,0.033584
3,53268.000000,16732.000000,18,93008.008531,1482651106.740247,1887.352754,1.809100,3,1,1,0.029195
