generation,prey_fitness,predator_fitness,num_alive_end,avg_bb_size,var_bb_size,avg_shortest_dist,swarm_density_count,prey_neurons_connected_prey_retina,prey_neurons_connected_predator_retina,predator_neurons_connected_prey_retina,mutual_info
1,48541.000000,21459.000000,12,114949.687096,2271964131.343916,2403.791722,2.878316,1,1,1,0.024332
1,43309.000000,26691.000000,11,144316.213992,4099554898.873242,2827.215123,2.130903,1,1,1,0.034413
2,47071.000000,22929.000000,12,133086.038875,3927266244.940943,3267.704103,2.475744,1,1,1,0.046285
3,54236.000000,15764.000000,18,156067.587028,5541777980.906955,2749.312572,2.073255,1,1,1,0.034416
