generation,prey_fitness,predator_fitness,num_alive_end,avg_bb_size,var_bb_size,avg_shortest_dist,swarm_density_count,prey_neurons_connected_prey_retina,prey_neurons_connected_predator_retina,predator_neurons_connected_prey_retina,mutual_info
1,47298.000000,22702.000000,14,85019.598774,1337099021.317500,2002.654203,1.591702,0,3,1,0.025951
1,50212.000000,19788.000000,14,100196.229287,1664419545.095798,2024.641541,1.665339,0,3,1,0.018488
2,53948.000000,16052.000000,16,127897.848573,2702569160.304821,2421.675295,1.636782,0,3,1,0.017287
3,53284.000000,16716.000000,17,120186.594956,2045853620.500970,3101.794959,1.558769,0,3,1,0.018752
