generation,prey_fitness,predator_fitness,num_alive_end,avg_bb_size,var_bb_size,avg_shortest_dist,swarm_density_count,prey_neurons_connected_prey_retina,prey_neurons_connected_predator_retina,predator_neurons_connected_prey_retina,mutual_info
1,51040.000000,18960.000000,16,106624.895477,2518945779.853652,2253.513221,1.729621,2,1,3,0.016082
1,48239.000000,21761.000000,15,111649.372589,2665550269.630890,2684.852215,1.505877,2,1,3,0.015810
2,44989.000000,25011.000000,13,81664.408673,1247818554.353290,2323.966091,1.746056,2,1,3,0.021519
3,50189.000000,19811.000000,16,94868.770097,1429364138.836140,2301.885187,1.620538,2,1,3,0.020665
