generation,prey_fitness,predator_fitness,num_alive_end,avg_bb_size,var_bb_size,avg_shortest_dist,swarm_density_count,prey_neurons_connected_prey_retina,prey_neurons_connected_predator_retina,predator_neurons_connected_prey_retina,mutual_info
1,44258.000000,25742.000000,10,62803.946014,424647131.257002,1869.696682,1.819303,0,6,1,0.018294
1,41259.000000,28741.000000,7,50013.543144,453957644.662193,1804.803679,2.103148,0,6,1,0.069080
2,38693.000000,31307.000000,7,90413.706353,1435070645.965905,4461.547271,1.753885,0,6,1,0.029950
3,32228.000000,37772.000000,2,37427.572821,383103986.502931,4373.444709,1.947705,0,6,1,0.040917
