generation,prey_fitness,predator_fitness,num_alive_end,avg_bb_size,var_bb_size,avg_shortest_dist,swarm_density_count,prey_neurons_connected_prey_retina,prey_neurons_connected_predator_retina,predator_neurons_connected_prey_retina,mutual_info
1,66940.000000,3060.000000,32,366.043263,3123.815659,4.204921,32.471500,1,0,3,0.001913
1,64761.000000,5239.000000,30,359.992245,4556.501017,4.566219,31.383000,1,0,3,0.003731
2,69439.000000,561.000000,34,372.233994,2937.903983,4.052610,33.720000,1,0,3,0.002944
3,68394.000000,1606.000000,34,362.023103,4094.480557,4.103087,33.197500,1,0,3,0.002794
