generation,prey_fitness,predator_fitness,num_alive_end,avg_bb_size,var_bb_size,avg_shortest_dist,swarm_density_count,prey_neurons_connected_prey_retina,prey_neurons_connected_predator_retina,predator_neurons_connected_prey_retina,mutual_info
1,39534.000000,30466.000000,9,88094.975356,1467664887.266656,3292.517693,1.473401,1,1,4,0.041990
1,47936.000000,22064.000000,11,139592.200868,2640777995.448901,4087.985451,1.352526,1,1,4,0.028422
2,53817.000000,16183.000000,15,132797.998851,2236202549.220434,2194.169240,1.498058,1,1,4,0.024243
3,41438.000000,28562.000000,8,107261.753916,1712832652.902885,3429.773898,1.287931,1,1,4,0.033593
