generation,prey_fitness,predator_fitness,num_alive_end,avg_bb_size,var_bb_size,avg_shortest_dist,swarm_density_count,prey_neurons_connected_prey_retina,prey_neurons_connected_predator_retina,predator_neurons_connected_prey_retina,mutual_info
1,49876.000000,20124.000000,15,155790.678787,4499264206.639720,3200.737554,1.485550,0,2,2,0.026824
1,51148.000000,18852.000000,15,161921.763776,4680067447.334588,3243.535403,1.483838,0,2,2,0.035990
2,42730.000000,27270.000000,9,134787.567720,4101261777.233317,3993.401912,1.516755,0,2,2,0.024650
3,45825.000000,24175.000000,14,151388.676362,3620221725.691218,3916.544998,1.396425,0,2,2,0.019909
