generation,prey_fitness,predator_fitness,num_alive_end,avg_bb_size,var_bb_size,avg_shortest_dist,swarm_density_count,prey_neurons_connected_prey_retina,prey_neurons_connected_predator_retina,predator_neurons_connected_prey_retina,mutual_info
1,43706.000000,26294.000000,11,150561.606112,3280758696.144375,4327.757853,1.321229,1,2,1,0.050388
1,41553.000000,28447.000000,8,181132.574120,5713115500.113002,5516.358966,1.193012,1,2,1,0.027820
2,44148.000000,25852.000000,12,185132.247109,4156738073.734834,5411.174437,1.223368,1,2,1,0.030865
3,40318.000000,29682.000000,8,181223.717092,4214343541.551570,7287.844357,1.324769,1,2,1,0.038370
