generation,prey_fitness,predator_fitness,num_alive_end,avg_bb_size,var_bb_size,avg_shortest_dist,swarm_density_count,prey_neurons_connected_prey_retina,prey_neurons_connected_predator_retina,predator_neurons_connected_prey_retina,mutual_info
1,47585.000000,22415.000000,14,174590.819554,3770708484.425264,4496.354935,1.247763,0,1,2,0.031884
1,50608.000000,19392.000000,14,135985.708914,2428528839.708191,2779.963034,1.360414,0,1,2,0.076669
2,44412.000000,25588.000000,11,166120.844922,4046100424.197176,5101.980030,1.186443,0,1,2,0.030299
3,41852.000000,28148.000000,10,107991.009394,1641865944.230408,2942.394568,1.371423,0,1,2,0.047617
