generation,prey_fitness,predator_fitness,num_alive_end,avg_bb_size,var_bb_size,avg_shortest_dist,swarm_density_count,prey_neurons_connected_prey_retina,prey_neurons_connected_predator_retina,predator_neurons_connected_prey_retina,mutual_info
1,45115.000000,24885.000000,11,145753.563062,3604639771.808515,4108.335690,1.297253,0,1,1,0.040190
1,44835.000000,25165.000000,6,134517.970739,2933253114.302054,3648.460224,1.504697,0,1,1,0.021240
2,44885.000000,25115.000000,11,150842.725648,4357272196.025041,4104.317604,1.333997,0,1,1,0.044456
3,39182.000000,30818.000000,4,110346.658623,1441614083.893659,6014.386581,1.244178,0,1,1,0.029830
