generation,prey_fitness,predator_fitness,num_alive_end,avg_bb_size,var_bb_size,avg_shortest_dist,swarm_density_count,prey_neurons_connected_prey_retina,prey_neurons_connected_predator_retina,predator_neurons_connected_prey_retina,mutual_info
1,46134.000000,23866.000000,7,30257.704136,207415659.053590,721.894000,2.779519,2,3,2,0.033110
1,39885.000000,30115.000000,3,34069.466097,231461339.109588,1271.530120,2.179140,2,3,2,0.027006
2,36306.000000,33694.000000,2,26413.137281,159895416.928032,1442.455992,2.374008,2,3,2,0.027942
3,41807.000000,28193.000000,3,34647.941108,266403597.253672,1229.449885,2.474633,2,3,2,0.021560
