generation,prey_fitness,predator_fitness,num_alive_end,avg_bb_size,var_bb_size,avg_shortest_dist,swarm_density_count,prey_neurons_connected_prey_retina,prey_neurons_connected_predator_retina,predator_neurons_connected_prey_retina,mutual_info
1,48868.000000,21132.000000,13,129076.390111,3382995454.859910,3024.139576,2.113703,2,1,1,0.029821
1,44344.000000,25656.000000,11,104317.262960,2813653462.784052,3629.850236,2.147848,2,1,1,0.021192
2,45318.000000,24682.000000,13,94197.939047,1603445889.171693,2453.652526,1.985353,2,1,1,0.023612
3,46091.000000,23909.000000,12,127800.284829,2910589891.238924,3561.637899,1.854860,2,1,1,0.019357
