generation,prey_fitness,predator_fitness,num_alive_end,avg_bb_size,var_bb_size,avg_shortest_dist,swarm_density_count,prey_neurons_connected_prey_retina,prey_neurons_connected_predator_retina,predator_neurons_connected_prey_retina,mutual_info
1,41996.000000,28004.000000,10,125234.978945,4037508512.912508,3619.684463,1.608991,1,1,1,0.033880
1,50305.000000,19695.000000,15,140452.794915,3645759418.939356,3009.202881,1.655198,1,1,1,0.030831
2,48200.000000,21800.000000,11,151836.370049,4443871715.778793,3751.694245,1.642623,1,1,1,0.029631
3,50694.000000,19306.000000,16,149467.034271,4683781958.227743,3252.085095,1.718883,1,1,1,0.028958
