generation,prey_fitness,predator_fitness,num_alive_end,avg_bb_size,var_bb_size,avg_shortest_dist,swarm_density_count,prey_neurons_connected_prey_retina,prey_neurons_connected_predator_retina,predator_neurons_connected_prey_retina,mutual_info
1,35289.000000,34711.000000,4,91796.197737,1588749526.373117,5821.684744,1.528898,0,2,1,0.032463
1,40380.000000,29620.000000,8,145204.840555,3495085423.088672,6103.655504,1.661675,0,2,1,0.019883
2,39608.000000,30392.000000,8,105991.178115,1639181891.687673,4429.152148,1.510889,0,2,1,0.034799
3,46258.000000,23742.000000,12,133798.878205,2552295586.706161,3416.100554,1.535901,0,2,1,0.034199
