generation,prey_fitness,predator_fitness,num_alive_end,avg_bb_size,var_bb_size,avg_shortest_dist,swarm_density_count,prey_neurons_connected_prey_retina,prey_neurons_connected_predator_retina,predator_neurons_connected_prey_retina,mutual_info
1,44191.000000,25809.000000,12,161849.303004,4061438149.713001,4046.340255,1.341978,0,1,3,0.021406
1,42817.000000,27183.000000,7,156990.812264,3977962051.692099,5536.655476,1.415572,0,1,3,0.022370
2,44293.000000,25707.000000,10,148421.283875,3314386791.780315,4174.730684,1.338672,0,1,3,0.025975
3,34568.000000,35432.000000,2,93886.662695,1644465117.013070,27095.762497,1.393327,0,1,3,0.030700
