generation,prey_fitness,predator_fitness,num_alive_end,avg_bb_size,var_bb_size,avg_shortest_dist,swarm_density_count,prey_neurons_connected_prey_retina,prey_neurons_connected_predator_retina,predator_neurons_connected_prey_retina,mutual_info
1,44709.000000,25291.000000,6,43203.819900,269250710.667221,1209.439153,2.255048,0,3,1,0.024613
1,41393.000000,28607.000000,6,67511.161905,1027951348.545846,1848.003684,1.992470,0,3,1,0.022463
2,36746.000000,33254.000000,2,51616.077094,332177156.648430,5108.956999,1.854056,0,3,1,0.038813
3,44194.000000,25806.000000,10,66253.595968,625812018.037171,1656.608238,1.750434,0,3,1,0.012119
