generation,prey_fitness,predator_fitness,num_alive_end,avg_bb_size,var_bb_size,avg_shortest_dist,swarm_density_count,prey_neurons_connected_prey_retina,prey_neurons_connected_predator_retina,predator_neurons_connected_prey_retina,mutual_info
1,34139.000000,35861.000000,5,50659.787898,406609574.644123,4030.617171,1.781641,2,0,1,0.030015
1,36783.000000,33217.000000,3,33907.380950,204103656.744002,1721.260920,1.922820,2,0,1,0.027771
2,40103.000000,29897.000000,2,35500.355502,358782031.479890,3124.218519,2.090045,2,0,1,0.023170
3,45607.000000,24393.000000,9,64438.898166,647083967.402257,1835.138100,2.176111,2,0,1,0.028792
