generation,prey_fitness,predator_fitness,num_alive_end,avg_bb_size,var_bb_size,avg_shortest_dist,swarm_density_count,prey_neurons_connected_prey_retina,prey_neurons_connected_predator_retina,predator_neurons_connected_prey_retina,mutual_info
1,48155.000000,21845.000000,13,132626.417727,2882376517.769822,2933.889447,1.375178,0,3,1,0.015061
1,39099.000000,30901.000000,8,111333.299097,2439245381.507344,3457.882239,1.392321,0,3,1,0.034757
2,40254.000000,29746.000000,8,126493.459691,2837596282.896099,3782.806075,1.482161,0,3,1,0.033629
3,49779.000000,20221.000000,14,156885.568488,3541573319.491740,3000.929555,1.383999,0,3,1,0.028186
