generation,prey_fitness,predator_fitness,num_alive_end,avg_bb_size,var_bb_size,avg_shortest_dist,swarm_density_count,prey_neurons_connected_prey_retina,prey_neurons_connected_predator_retina,predator_neurons_connected_prey_retina,mutual_info
1,46926.000000,23074.000000,13,82785.814974,2508604970.296872,1979.914470,2.296561,3,2,1,0.017455
1,37888.000000,32112.000000,7,54610.265243,544086930.974383,2290.796494,2.056131,3,2,1,0.016030
2,40053.000000,29947.000000,7,44827.050862,384606617.936837,1463.510618,2.341475,3,2,1,0.021822
3,34807.000000,35193.000000,2,34515.975128,429550015.057092,2869.322476,2.073428,3,2,1,0.022256
