generation,prey_fitness,predator_fitness,num_alive_end,avg_bb_size,var_bb_size,avg_shortest_dist,swarm_density_count,prey_neurons_connected_prey_retina,prey_neurons_connected_predator_retina,predator_neurons_connected_prey_retina,mutual_info
1,37743.000000,32257.000000,6,77721.845150,783829362.961484,3898.083106,1.586884,0,0,1,0.039322
1,47192.000000,22808.000000,11,94017.584366,1036432214.827846,2259.234886,1.615795,0,0,1,0.035132
2,43605.000000,26395.000000,8,90373.016919,1298533605.607387,2321.347265,1.786595,0,0,1,0.020969
3,40036.000000,29964.000000,9,71880.399998,705249631.614915,2679.943697,1.872372,0,0,1,0.025161
