generation,prey_fitness,predator_fitness,num_alive_end,avg_bb_size,var_bb_size,avg_shortest_dist,swarm_density_count,prey_neurons_connected_prey_retina,prey_neurons_connected_predator_retina,predator_neurons_connected_prey_retina,mutual_info
1,43264.000000,26736.000000,8,44184.521071,229277554.190575,1662.587181,2.384024,3,0,1,0.030344
1,36333.000000,33667.000000,2,32594.226271,424137519.788013,1837.255516,2.307590,3,0,1,0.031450
2,31466.000000,38534.000000,2,33351.192249,401464633.342198,3077.230597,1.889099,3,0,1,0.027472
3,46486.000000,23514.000000,12,60359.396494,804498587.378231,1735.969546,2.484318,3,0,1,0.025316
