generation,prey_fitness,predator_fitness,num_alive_end,avg_bb_size,var_bb_size,avg_shortest_dist,swarm_density_count,prey_neurons_connected_prey_retina,prey_neurons_connected_predator_retina,predator_neurons_connected_prey_retina,mutual_info
1,48346.000000,21654.000000,14,168876.453048,4422687522.081500,3986.468355,1.325129,1,0,1,0.053394
1,39162.000000,30838.000000,8,138945.367340,3068107492.268913,4670.066952,1.356748,1,0,1,0.034328
2,46968.000000,23032.000000,14,188650.910602,5149504209.827699,5026.001462,1.307131,1,0,1,0.021117
3,47558.000000,22442.000000,13,170649.837772,5189425141.013520,3929.560150,1.510531,1,0,1,0.029801
