generation,prey_fitness,predator_fitness,num_alive_end,avg_bb_size,var_bb_size,avg_shortest_dist,swarm_density_count,prey_neurons_connected_prey_retina,prey_neurons_connected_predator_retina,predator_neurons_connected_prey_retina,mutual_info
1,49535.000000,20465.000000,16,138077.421788,3246647766.876953,3415.475692,1.624979,2,1,1,0.031066
1,52101.000000,17899.000000,18,136718.578975,2830646780.658105,2252.641097,1.718365,2,1,1,0.025127
2,50585.000000,19415.000000,17,102946.339635,1807815831.699938,1898.677686,1.841410,2,1,1,0.030071
3,46456.000000,23544.000000,14,109203.676152,1658223880.152991,2947.745674,1.691987,2,1,1,0.058682
