generation,prey_fitness,predator_fitness,num_alive_end,avg_bb_size,var_bb_size,avg_shortest_dist,swarm_density_count,prey_neurons_connected_prey_retina,prey_neurons_connected_predator_retina,predator_neurons_connected_prey_retina,mutual_info
1,35936.000000,34064.000000,2,5853.030099,17167370.301858,571.611421,7.075951,1,2,1,0.013036
1,38895.000000,31105.000000,2,8266.276379,19356771.079919,787.826380,6.753977,1,2,1,0.024963
2,38464.000000,31536.000000,2,9658.121492,26170370.085259,487.110846,5.785536,1,2,1,0.036931
3,38599.000000,31401.000000,2,8319.692639,14988697.603566,424.865988,6.482683,1,2,1,0.012816
