generation,prey_fitness,predator_fitness,num_alive_end,avg_bb_size,var_bb_size,avg_shortest_dist,swarm_density_count,prey_neurons_connected_prey_retina,prey_neurons_connected_predator_retina,predator_neurons_connected_prey_retina,mutual_info
1,40397.000000,29603.000000,6,38189.705342,160969891.998355,1316.821885,2.326199,3,1,1,0.066200
1,39438.000000,30562.000000,5,46409.711979,285527204.078209,1732.828845,1.896074,3,1,1,0.019867
2,45720.000000,24280.000000,10,83044.718578,1956769747.838211,2243.802391,1.959573,3,1,1,0.027274
3,41462.000000,28538.000000,10,50216.384455,481261696.176895,1715.386030,2.202021,3,1,1,0.040273
