generation,prey_fitness,predator_fitness,num_alive_end,avg_bb_size,var_bb_size,avg_shortest_dist,swarm_density_count,prey_neurons_connected_prey_retina,prey_neurons_connected_predator_retina,predator_neurons_connected_prey_retina,mutual_info
1,41624.000000,28376.000000,7,59567.280201,580325257.883285,2133.156731,2.093977,1,2,1,0.036675
1,46259.000000,23741.000000,11,35160.710319,136735495.322671,854.996157,2.886980,1,2,1,0.025913
2,41587.000000,28413.000000,8,51653.578835,332415979.575570,1561.290034,1.995314,1,2,1,0.033341
3,51758.000000,18242.000000,12,46944.208419,462277274.421599,1029.178222,2.960127,1,2,1,0.021080
