generation,prey_fitness,predator_fitness,num_alive_end,avg_bb_size,var_bb_size,avg_shortest_dist,swarm_density_count,prey_neurons_connected_prey_retina,prey_neurons_connected_predator_retina,predator_neurons_connected_prey_retina,mutual_info
1,43354.000000,26646.000000,7,6089.058905,5201199.554250,153.627529,8.284117,1,1,1,0.010099
1,34413.000000,35587.000000,2,3763.274360,5916639.572162,387.356478,7.336077,1,1,1,0.015414
2,47436.000000,22564.000000,7,6462.496759,7574605.002541,142.483346,9.452943,1,1,1,0.011328
3,45201.000000,24799.000000,6,6533.667542,7522820.214261,163.510933,8.297086,1,1,1,0.008917
