generation,prey_fitness,predator_fitness,num_alive_end,avg_bb_size,var_bb_size,avg_shortest_dist,swarm_density_count,prey_neurons_connected_prey_retina,prey_neurons_connected_predator_retina,predator_neurons_connected_prey_retina,mutual_info
1,47139.000000,22861.000000,13,197492.905862,5677616907.849205,5338.304684,1.281377,0,0,1,0.022106
1,47693.000000,22307.000000,14,179013.597186,4302340774.549251,4588.268219,1.309884,0,0,1,0.023985
2,42748.000000,27252.000000,11,181179.261499,4436436805.502651,5238.676873,1.195183,0,0,1,0.029633
3,44662.000000,25338.000000,11,187560.390381,5245510778.825661,5792.967156,1.238533,0,0,1,0.024151
