generation,prey_fitness,predator_fitness,num_alive_end,avg_bb_size,var_bb_size,avg_shortest_dist,swarm_density_count,prey_neurons_connected_prey_retina,prey_neurons_connected_predator_retina,predator_neurons_connected_prey_retina,mutual_info
1,46795.000000,23205.000000,14,128098.985111,3305265943.067807,3291.531717,1.670913,2,3,1,0.033104
1,39632.000000,30368.000000,10,100804.112491,1795124187.901394,3686.290284,1.441128,2,3,1,0.042864
2,46556.000000,23444.000000,12,100504.622154,1602683687.076428,2238.957962,1.513531,2,3,1,0.019496
3,41989.000000,28011.000000,9,96150.977290,1473150654.738501,3054.492570,1.539396,2,3,1,0.046995
