generation,prey_fitness,predator_fitness,num_alive_end,avg_bb_size,var_bb_size,avg_shortest_dist,swarm_density_count,prey_neurons_connected_prey_retina,prey_neurons_connected_predator_retina,predator_neurons_connected_prey_retina,mutual_info
1,42459.000000,27541.000000,9,75891.583039,939576854.260336,1802.848697,2.299903,3,0,1,0.036471
1,41716.000000,28284.000000,9,69782.630905,1116921125.540216,1492.734410,2.567697,3,0,1,0.029035
2,42487.000000,27513.000000,12,71491.763217,1329955434.485324,1465.645069,2.649949,3,0,1,0.020081
3,52340.000000,17660.000000,16,67144.997713,1061669816.115994,660.283473,2.795610,3,0,1,0.032402
