generation,prey_fitness,predator_fitness,num_alive_end,avg_bb_size,var_bb_size,avg_shortest_dist,swarm_density_count,prey_neurons_connected_prey_retina,prey_neurons_connected_predator_retina,predator_neurons_connected_prey_retina,mutual_info
1,47717.000000,22283.000000,15,117296.075969,2469109224.164472,2944.239131,1.501523,0,2,1,0.025030
1,42851.000000,27149.000000,8,69307.319810,943197306.135132,2240.111851,1.670605,0,2,1,0.030851
2,47507.000000,22493.000000,9,81121.064991,1050622185.921318,2132.071553,1.601980,0,2,1,0.035200
3,41110.000000,28890.000000,8,84170.272398,1066315004.049142,3657.610459,1.493167,0,2,1,0.028021
