generation,prey_fitness,predator_fitness,num_alive_end,avg_bb_size,var_bb_size,avg_shortest_dist,swarm_density_count,prey_neurons_connected_prey_retina,prey_neurons_connected_predator_retina,predator_neurons_connected_prey_retina,mutual_info
1,47680.000000,22320.000000,12,176303.081361,5743395880.302420,3815.122798,1.787110,3,2,1,0.030281
1,46294.000000,23706.000000,12,178690.088872,5888543832.814940,4882.280595,1.592557,3,2,1,0.022314
2,47248.000000,22752.000000,11,138331.885520,5032529384.843340,3128.991058,1.993366,3,2,1,0.022495
3,46842.000000,23158.000000,12,185025.974302,5928450924.617463,4907.505293,1.972439,3,2,1,0.037833
