generation,prey_fitness,predator_fitness,num_alive_end,avg_bb_size,var_bb_size,avg_shortest_dist,swarm_density_count,prey_neurons_connected_prey_retina,prey_neurons_connected_predator_retina,predator_neurons_connected_prey_retina,mutual_info
1,29947.000000,40053.000000,2,38693.144025,554804205.648616,3574.604356,1.619311,1,3,1,0.027418
1,39402.000000,30598.000000,7,66627.877975,994597991.444520,2500.236321,1.767560,1,3,1,0.028098
2,45083.000000,24917.000000,10,70896.807338,572208107.968227,2077.793103,1.749015,1,3,1,0.023978
3,46785.000000,23215.000000,11,87003.763086,1159866283.840516,2458.643508,1.815629,1,3,1,0.019359
