generation,prey_fitness,predator_fitness,num_alive_end,avg_bb_size,var_bb_size,avg_shortest_dist,swarm_density_count,prey_neurons_connected_prey_retina,prey_neurons_connected_predator_retina,predator_neurons_connected_prey_retina,mutual_info
1,44499.000000,25501.000000,11,131875.765780,3298132934.503997,3523.146421,1.368733,2,0,3,0.017967
1,40293.000000,29707.000000,10,123717.244028,3241531005.045121,4419.716174,1.314646,2,0,3,0.036908
2,41163.000000,28837.000000,7,163631.750268,5756043762.942874,6670.799594,1.377835,2,0,3,0.030876
3,47847.000000,22153.000000,12,122425.153494,2385178805.217357,2509.848022,1.528190,2,0,3,0.032857
