generation,prey_fitness,predator_fitness,num_alive_end,avg_bb_size,var_bb_size,avg_shortest_dist,swarm_density_count,prey_neurons_connected_prey_retina,prey_neurons_connected_predator_retina,predator_neurons_connected_prey_retina,mutual_info
1,39584.000000,30416.000000,7,87742.629765,1139512260.659144,3598.233046,1.503794,2,1,1,0.033884
1,41665.000000,28335.000000,7,84361.297191,834486024.751298,3137.086496,1.538916,2,1,1,0.018966
2,52711.000000,17289.000000,17,95751.770769,1048914279.361306,1784.678552,1.809499,2,1,1,0.018449
3,47789.000000,22211.000000,12,112648.436915,2853447189.240308,2674.738362,1.744868,2,1,1,0.024725
