generation,prey_fitness,predator_fitness,num_alive_end,avg_bb_size,var_bb_size,avg_shortest_dist,swarm_density_count,prey_neurons_connected_prey_retina,prey_neurons_connected_predator_retina,predator_neurons_connected_prey_retina,mutual_info
1,49250.000000,20750.000000,13,55788.432960,447240957.174508,788.030904,2.684722,1,0,6,0.021817
1,51538.000000,18462.000000,16,69089.802610,1059784236.430329,1230.844437,2.517755,1,0,6,0.023788
2,46397.000000,23603.000000,11,61025.479989,659821305.385171,841.160582,2.567804,1,0,6,0.019522
3,48663.000000,21337.000000,14,73290.845577,1558940710.122811,1224.589357,2.400184,1,0,6,0.019771
