generation,prey_fitness,predator_fitness,num_alive_end,avg_bb_size,var_bb_size,avg_shortest_dist,swarm_density_count,prey_neurons_connected_prey_retina,prey_neurons_connected_predator_retina,predator_neurons_connected_prey_retina,mutual_info
1,49229.000000,20771.000000,14,146641.981908,3119986086.980101,3207.184066,1.413315,0,1,2,0.024230
1,43515.000000,26485.000000,10,132921.618969,2430680494.605856,3341.140120,1.375369,0,1,2,0.018771
2,47405.000000,22595.000000,13,142579.628285,3131145152.238635,3061.932519,1.445819,0,1,2,0.026312
3,38956.000000,31044.000000,5,111342.622991,2367707314.307873,4744.917152,1.383774,0,1,2,0.027134
