generation,prey_fitness,predator_fitness,num_alive_end,avg_bb_size,var_bb_size,avg_shortest_dist,swarm_density_count,prey_neurons_connected_prey_retina,prey_neurons_connected_predator_retina,predator_neurons_connected_prey_retina,mutual_info
1,42640.000000,27360.000000,10,107936.514072,2563148244.752668,2982.604288,1.882585,3,0,3,0.033717
1,43585.000000,26415.000000,11,139721.837237,3666236382.125556,3477.253445,1.584753,3,0,3,0.026750
2,39147.000000,30853.000000,9,98195.164438,1801156890.112126,3816.492559,1.656158,3,0,3,0.022211
3,40042.000000,29958.000000,12,114840.272102,2176480591.272513,3968.878104,1.425727,3,0,3,0.033053
