generation,prey_fitness,predator_fitness,num_alive_end,avg_bb_size,var_bb_size,avg_shortest_dist,swarm_density_count,prey_neurons_connected_prey_retina,prey_neurons_connected_predator_retina,predator_neurons_connected_prey_retina,mutual_info
1,47132.000000,22868.000000,14,160621.844908,3357334047.287481,3813.661258,1.249850,3,0,1,0.016516
1,50248.000000,19752.000000,15,178022.614430,3896417694.854520,3776.866500,1.462859,3,0,1,0.017204
2,44191.000000,25809.000000,11,114777.465502,1569190175.688884,3034.071986,1.333119,3,0,1,0.024955
3,48579.000000,21421.000000,16,140492.717711,2194230949.107945,3508.129428,1.376898,3,0,1,0.023146
