generation,prey_fitness,predator_fitness,num_alive_end,avg_bb_size,var_bb_size,avg_shortest_dist,swarm_density_count,prey_neurons_connected_prey_retina,prey_neurons_connected_predator_retina,predator_neurons_connected_prey_retina,mutual_info
1,53133.000000,16867.000000,16,122616.581809,2996980385.815416,2579.651002,1.596929,6,1,2,0.020614
1,52194.000000,17806.000000,19,106616.985891,2434395102.519208,2368.506174,1.684466,6,1,2,0.014945
2,49506.000000,20494.000000,15,101011.011039,1724871165.266762,2405.916901,1.585029,6,1,2,0.023439
3,49204.000000,20796.000000,12,82586.339510,1141410900.549551,2294.801390,1.682307,6,1,2,0.018266
