generation,prey_fitness,predator_fitness,num_alive_end,avg_bb_size,var_bb_size,avg_shortest_dist,swarm_density_count,prey_neurons_connected_prey_retina,prey_neurons_connected_predator_retina,predator_neurons_connected_prey_retina,mutual_info
1,42350.000000,27650.000000,10,190595.581143,5270295370.668210,6803.002417,1.367338,2,1,1,0.041740
1,48283.000000,21717.000000,14,201792.755537,6286919043.821088,5551.022330,1.375518,2,1,1,0.026226
2,35086.000000,34914.000000,5,186197.070716,5879008215.004933,11785.593774,1.261781,2,1,1,0.025172
3,35501.000000,34499.000000,6,176020.069399,4940899429.922853,12761.613942,1.420126,2,1,1,0.031493
