generation,prey_fitness,predator_fitness,num_alive_end,avg_bb_size,var_bb_size,avg_shortest_dist,swarm_density_count,prey_neurons_connected_prey_retina,prey_neurons_connected_predator_retina,predator_neurons_connected_prey_retina,mutual_info
1,50382.000000,19618.000000,14,171060.859272,4950536492.117919,3504.468926,1.585181,1,2,1,0.044160
1,45023.000000,24977.000000,10,172322.843274,5043547718.546903,4714.055200,1.523525,1,2,1,0.025438
2,39399.000000,30601.000000,6,153004.379016,5369624387.474401,4998.240822,1.418824,1,2,1,0.029148
3,48617.000000,21383.000000,13,170204.169952,5335686203.337483,3267.910073,1.575209,1,2,1,0.033505
