generation,prey_fitness,predator_fitness,num_alive_end,avg_bb_size,var_bb_size,avg_shortest_dist,swarm_density_count,prey_neurons_connected_prey_retina,prey_neurons_connected_predator_retina,predator_neurons_connected_prey_retina,mutual_info
1,50239.000000,19761.000000,13,32849.458456,153518304.635062,722.278790,3.263816,0,1,3,0.024582
1,48790.000000,21210.000000,15,38996.214313,241763237.437596,1019.829691,2.756558,0,1,3,0.084812
2,48412.000000,21588.000000,15,35359.632437,174030749.648930,843.688259,2.881929,0,1,3,0.018699
3,44744.000000,25256.000000,9,31068.108247,121496985.651832,820.815136,2.695022,0,1,3,0.017590
