generation,prey_fitness,predator_fitness,num_alive_end,avg_bb_size,var_bb_size,avg_shortest_dist,swarm_density_count,prey_neurons_connected_prey_retina,prey_neurons_connected_predator_retina,predator_neurons_connected_prey_retina,mutual_info
1,45563.000000,24437.000000,11,121435.763747,2242427193.896565,3411.536440,1.376216,0,0,1,0.021117
1,44614.000000,25386.000000,9,134829.547038,2573178714.828889,4275.031821,1.478025,0,0,1,0.019269
2,45132.000000,24868.000000,11,125555.661582,2497078108.408853,3278.674260,1.387985,0,0,1,0.016949
3,41714.000000,28286.000000,10,110685.715717,2619861963.809581,3748.828274,1.493195,0,0,1,0.027152
