generation,prey_fitness,predator_fitness,num_alive_end,avg_bb_size,var_bb_size,avg_shortest_dist,swarm_density_count,prey_neurons_connected_prey_retina,prey_neurons_connected_predator_retina,predator_neurons_connected_prey_retina,mutual_info
1,56631.000000,13369.000000,22,125004.503101,4016665879.337862,1720.999819,1.769315,1,3,1,0.024476
1,45553.000000,24447.000000,11,110862.726728,1943812579.294863,2957.772193,1.597741,1,3,1,0.027802
2,49156.000000,20844.000000,13,127238.624291,2579825283.721406,2922.154756,1.668707,1,3,1,0.030696
3,43537.000000,26463.000000,13,124218.842851,3513107017.446384,2763.882550,1.688230,1,3,1,0.022323
