generation,prey_fitness,predator_fitness,num_alive_end,avg_bb_size,var_bb_size,avg_shortest_dist,swarm_density_count,prey_neurons_connected_prey_retina,prey_neurons_connected_predator_retina,predator_neurons_connected_prey_retina,mutual_info
1,54290.000000,15710.000000,19,165766.094604,4390707416.688745,3174.894496,1.446062,0,0,1,0.039654
1,52235.000000,17765.000000,20,167027.662735,4695938976.809406,3924.568530,1.588888,0,0,1,0.030283
2,52664.000000,17336.000000,19,139555.092089,2418282761.649314,2325.175707,1.500061,0,0,1,0.032848
3,54859.000000,15141.000000,18,142471.532330,3431145382.662225,2577.967455,1.448637,0,0,1,0.014225
