generation,prey_fitness,predator_fitness,num_alive_end,avg_bb_size,var_bb_size,avg_shortest_dist,swarm_density_count,prey_neurons_connected_prey_retina,prey_neurons_connected_predator_retina,predator_neurons_connected_prey_retina,mutual_info
1,37761.000000,32239.000000,10,196676.623785,5340061664.903835,10162.114095,1.222385,3,1,5,0.030840
1,36335.000000,33665.000000,6,207189.831409,5271662263.119255,9580.334562,1.097528,3,1,5,0.042225
2,36661.000000,33339.000000,8,185603.461486,4569152504.363390,6860.560938,1.121285,3,1,5,0.036277
3,41279.000000,28721.000000,10,170719.887146,4197384601.029720,4580.891675,1.130303,3,1,5,0.032006
