generation,prey_fitness,predator_fitness,num_alive_end,avg_bb_size,var_bb_size,avg_shortest_dist,swarm_density_count,prey_neurons_connected_prey_retina,prey_neurons_connected_predator_retina,predator_neurons_connected_prey_retina,mutual_info
1,52416.000000,17584.000000,15,94837.075234,1402003175.899498,1959.125949,1.826281,1,2,2,0.017113
1,52710.000000,17290.000000,18,144709.518884,4063022226.605422,2582.043390,1.635546,1,2,2,0.019043
2,49248.000000,20752.000000,16,120731.505036,3631330842.626647,2509.484245,1.533713,1,2,2,0.023807
3,55798.000000,14202.000000,20,119062.300977,1767370404.192487,1936.166151,1.705733,1,2,2,0.019668
