generation,prey_fitness,predator_fitness,num_alive_end,avg_bb_size,var_bb_size,avg_shortest_dist,swarm_density_count,prey_neurons_connected_prey_retina,prey_neurons_connected_predator_retina,predator_neurons_connected_prey_retina,mutual_info
1,46738.000000,23262.000000,12,62233.842690,586611982.559792,1671.894092,1.992830,0,2,1,0.051681
1,41563.000000,28437.000000,10,67367.020798,811847461.646550,2347.358327,1.830501,0,2,1,0.051546
2,50222.000000,19778.000000,15,88986.521315,1270202941.790133,2113.785019,1.742280,0,2,1,0.025325
3,36291.000000,33709.000000,4,63788.553853,585206889.725496,3919.320298,1.565909,0,2,1,0.050981
