generation,prey_fitness,predator_fitness,num_alive_end,avg_bb_size,var_bb_size,avg_shortest_dist,swarm_density_count,prey_neurons_connected_prey_retina,prey_neurons_connected_predator_retina,predator_neurons_connected_prey_retina,mutual_info
1,34409.000000,35591.000000,2,20645.091652,132687631.473643,1644.456242,2.398128,0,0,1,0.021780
1,34270.000000,35730.000000,2,16894.912889,169133899.549306,2312.056434,2.353753,0,0,1,0.048633
2,36379.000000,33621.000000,2,24801.113527,151738773.627375,1638.681805,2.333966,0,0,1,0.016236
3,36395.000000,33605.000000,2,19488.208993,153483110.985282,1512.964945,2.496948,0,0,1,0.027902
