generation,prey_fitness,predator_fitness,num_alive_end,avg_bb_size,var_bb_size,avg_shortest_dist,swarm_density_count,prey_neurons_connected_prey_retina,prey_neurons_connected_predator_retina,predator_neurons_connected_prey_retina,mutual_info
1,34763.000000,35237.000000,7,169657.732541,6920815392.041546,7664.075187,1.494317,3,0,1,0.030692
1,35209.000000,34791.000000,9,153877.417389,4346485175.565250,8199.202528,1.727397,3,0,1,0.026075
2,39808.000000,30192.000000,6,170965.103635,5662157639.687757,5828.982750,1.675776,3,0,1,0.031338
3,38487.000000,31513.000000,7,178374.337845,5152940154.851252,5349.405967,1.532948,3,0,1,0.018823
