generation,prey_fitness,predator_fitness,num_alive_end,avg_bb_size,var_bb_size,avg_shortest_dist,swarm_density_count,prey_neurons_connected_prey_retina,prey_neurons_connected_predator_retina,predator_neurons_connected_prey_retina,mutual_info
1,48558.000000,21442.000000,11,161228.389527,4728215193.774892,4668.624282,1.450007,3,3,1,0.050709
1,41949.000000,28051.000000,8,114719.235214,2398197675.830544,3532.466181,1.475667,3,3,1,0.036710
2,39402.000000,30598.000000,8,115045.857111,1790348368.752506,3659.679269,1.357832,3,3,1,0.034969
3,52598.000000,17402.000000,17,170909.378067,4008724221.435232,3642.945318,1.611692,3,3,1,0.026956
