generation,prey_fitness,predator_fitness,num_alive_end,avg_bb_size,var_bb_size,avg_shortest_dist,swarm_density_count,prey_neurons_connected_prey_retina,prey_neurons_connected_predator_retina,predator_neurons_connected_prey_retina,mutual_info
1,41641.000000,28359.000000,9,45172.472573,437443012.733563,1637.376293,2.910832,2,1,2,0.018877
1,50201.000000,19799.000000,16,75236.618677,1711186184.269300,1684.326561,3.109886,2,1,2,0.010957
2,37088.000000,32912.000000,2,33075.919414,268714867.220161,2136.418089,2.576520,2,1,2,0.040875
3,48196.000000,21804.000000,12,58311.825822,656923295.551018,1585.720858,2.683753,2,1,2,0.015156
