generation,prey_fitness,predator_fitness,num_alive_end,avg_bb_size,var_bb_size,avg_shortest_dist,swarm_density_count,prey_neurons_connected_prey_retina,prey_neurons_connected_predator_retina,predator_neurons_connected_prey_retina,mutual_info
1,50412.000000,19588.000000,15,80450.661386,1880518363.079519,1795.566851,2.297591,0,1,1,0.018461
1,48726.000000,21274.000000,17,84042.648595,1188449586.265976,1846.571286,1.931847,0,1,1,0.013482
2,43309.000000,26691.000000,10,81696.809968,1373615224.836638,2885.245399,1.861688,0,1,1,0.021242
3,55817.000000,14183.000000,22,102131.301666,3082821239.807837,1879.871829,2.038331,0,1,1,0.019030
