generation,prey_fitness,predator_fitness,num_alive_end,avg_bb_size,var_bb_size,avg_shortest_dist,swarm_density_count,prey_neurons_connected_prey_retina,prey_neurons_connected_predator_retina,predator_neurons_connected_prey_retina,mutual_info
1,41065.000000,28935.000000,10,81448.401027,875960119.902128,2686.245247,1.601464,2,3,1,0.105484
1,47750.000000,22250.000000,15,126542.207931,2045646151.545775,2661.098897,1.542623,2,3,1,0.043695
2,36620.000000,33380.000000,4,70906.228406,639317003.843812,4143.468791,1.471651,2,3,1,0.034418
3,42390.000000,27610.000000,9,115267.996040,2344532064.684643,3074.623207,1.396541,2,3,1,0.039222
