generation,prey_fitness,predator_fitness,num_alive_end,avg_bb_size,var_bb_size,avg_shortest_dist,swarm_density_count,prey_neurons_connected_prey_retina,prey_neurons_connected_predator_retina,predator_neurons_connected_prey_retina,mutual_info
1,50112.000000,19888.000000,16,22570.705357,136973980.178257,295.448401,5.447221,2,2,1,0.049195
1,50637.000000,19363.000000,16,36010.094083,248890533.516638,442.927314,4.348563,2,2,1,0.036954
2,47251.000000,22749.000000,9,35019.687671,132859239.819558,586.669782,3.694194,2,2,1,0.022186
3,48780.000000,21220.000000,12,31259.896469,339645705.021815,399.503379,4.551191,2,2,1,0.031869
