generation,prey_fitness,predator_fitness,num_alive_end,avg_bb_size,var_bb_size,avg_shortest_dist,swarm_density_count,prey_neurons_connected_prey_retina,prey_neurons_connected_predator_retina,predator_neurons_connected_prey_retina,mutual_info
1,44583.000000,25417.000000,10,74806.702015,683910785.241192,2084.908026,1.645096,0,1,1,0.020712
1,43509.000000,26491.000000,7,85527.964169,1477624448.080902,2573.670384,1.779874,0,1,1,0.026375
2,49859.000000,20141.000000,13,96154.225006,1639073342.464041,2331.904176,1.867898,0,1,1,0.038135
3,46648.000000,23352.000000,13,108158.034849,1710988845.456856,2950.269029,1.634703,0,1,1,0.021329
