generation,prey_fitness,predator_fitness,num_alive_end,avg_bb_size,var_bb_size,avg_shortest_dist,swarm_density_count,prey_neurons_connected_prey_retina,prey_neurons_connected_predator_retina,predator_neurons_connected_prey_retina,mutual_info
1,43478.000000,26522.000000,7,31401.486098,244584495.413007,865.159360,2.296267,2,3,1,0.017557
1,40819.000000,29181.000000,5,46356.315377,395405555.279210,1471.243288,1.860218,2,3,1,0.020393
2,40315.000000,29685.000000,6,39555.613848,357238140.299791,1131.698058,2.187659,2,3,1,0.025851
3,44654.000000,25346.000000,8,48025.515384,487552236.205390,1129.852796,2.104209,2,3,1,0.015733
