generation,prey_fitness,predator_fitness,num_alive_end,avg_bb_size,var_bb_size,avg_shortest_dist,swarm_density_count,prey_neurons_connected_prey_retina,prey_neurons_connected_predator_retina,predator_neurons_connected_prey_retina,mutual_info
1,39710.000000,30290.000000,8,122150.912485,1963186026.462504,4377.761259,1.350841,2,1,1,0.016526
1,47279.000000,22721.000000,14,101651.620355,1381780690.814286,2474.917055,1.626213,2,1,1,0.028621
2,35638.000000,34362.000000,4,102872.121256,2775880607.013413,4723.504827,1.424281,2,1,1,0.049150
3,46088.000000,23912.000000,13,86203.535978,951659680.700713,2002.807908,1.597907,2,1,1,0.017610
