generation,prey_fitness,predator_fitness,num_alive_end,avg_bb_size,var_bb_size,avg_shortest_dist,swarm_density_count,prey_neurons_connected_prey_retina,prey_neurons_connected_predator_retina,predator_neurons_connected_prey_retina,mutual_info
1,41428.000000,28572.000000,9,81951.226299,1405416368.245347,2688.410890,1.737778,0,1,1,0.027946
1,44393.000000,25607.000000,12,76415.931782,768715579.445002,2200.083502,1.766684,0,1,1,0.042203
2,38963.000000,31037.000000,5,85845.916613,1992828197.698622,2657.575000,1.516359,0,1,1,0.029193
3,41728.000000,28272.000000,6,69476.729557,686519040.111022,2402.058895,1.921746,0,1,1,0.022111
