generation,prey_fitness,predator_fitness,num_alive_end,avg_bb_size,var_bb_size,avg_shortest_dist,swarm_density_count,prey_neurons_connected_prey_retina,prey_neurons_connected_predator_retina,predator_neurons_connected_prey_retina,mutual_info
1,47336.000000,22664.000000,13,129878.720117,2850022258.900685,3254.636556,1.820363,4,0,1,0.055216
1,48163.000000,21837.000000,12,118533.284570,2018657429.443323,2986.515347,1.663282,4,0,1,0.025168
2,43229.000000,26771.000000,9,112644.523844,2111973527.818673,4263.117993,1.692508,4,0,1,0.025968
3,51899.000000,18101.000000,17,134075.103952,2470382834.559542,3127.246359,2.059325,4,0,1,0.032315
