generation,prey_fitness,predator_fitness,num_alive_end,avg_bb_size,var_bb_size,avg_shortest_dist,swarm_density_count,prey_neurons_connected_prey_retina,prey_neurons_connected_predator_retina,predator_neurons_connected_prey_retina,mutual_info
1,39957.000000,30043.000000,7,92832.411932,1137643097.518879,3144.387884,1.651500,0,1,4,0.042177
1,41787.000000,28213.000000,8,90761.852129,1696838607.970433,2602.628880,1.642431,0,1,4,0.021528
2,42964.000000,27036.000000,9,89376.325008,1241822185.416762,3207.515627,1.635425,0,1,4,0.020865
3,47773.000000,22227.000000,13,90940.414765,1428713637.067549,2497.286086,1.909793,0,1,4,0.024329
