generation,prey_fitness,predator_fitness,num_alive_end,avg_bb_size,var_bb_size,avg_shortest_dist,swarm_density_count,prey_neurons_connected_prey_retina,prey_neurons_connected_predator_retina,predator_neurons_connected_prey_retina,mutual_info
1,38183.000000,31817.000000,6,70705.724700,1073578983.319801,3194.904803,1.647475,3,3,1,0.025756
1,43457.000000,26543.000000,10,76676.922771,1111520376.517374,2185.872256,1.671188,3,3,1,0.031619
2,39626.000000,30374.000000,7,61789.871025,622817383.325575,2099.233167,1.711575,3,3,1,0.023494
3,35548.000000,34452.000000,6,59889.562640,607310575.997924,2751.632450,1.693995,3,3,1,0.034873
