generation,prey_fitness,predator_fitness,num_alive_end,avg_bb_size,var_bb_size,avg_shortest_dist,swarm_density_count,prey_neurons_connected_prey_retina,prey_neurons_connected_predator_retina,predator_neurons_connected_prey_retina,mutual_info
1,45389.000000,24611.000000,13,133654.335185,3294839856.155327,3337.470550,1.382039,0,3,2,0.017232
1,44738.000000,25262.000000,12,112434.860797,2359446567.869180,3143.349742,1.336550,0,3,2,0.031804
2,48207.000000,21793.000000,13,141109.904513,2985166253.365387,3134.711641,1.384763,0,3,2,0.025130
3,45322.000000,24678.000000,10,128319.611123,1957501573.289461,2724.336891,1.390220,0,3,2,0.086796
