generation,prey_fitness,predator_fitness,num_alive_end,avg_bb_size,var_bb_size,avg_shortest_dist,swarm_density_count,prey_neurons_connected_prey_retina,prey_neurons_connected_predator_retina,predator_neurons_connected_prey_retina,mutual_info
1,44330.000000,25670.000000,11,125473.821109,2469893488.493888,3070.898874,1.492142,1,2,1,0.019768
1,46217.000000,23783.000000,14,165058.160011,3908909287.554216,4677.898763,1.585820,1,2,1,0.038160
2,51056.000000,18944.000000,16,148896.770112,3513013813.049198,2891.885200,1.714495,1,2,1,0.035373
3,45543.000000,24457.000000,11,164910.260235,4896356807.253386,4625.490503,1.304652,1,2,1,0.037175
