generation,prey_fitness,predator_fitness,num_alive_end,avg_bb_size,var_bb_size,avg_shortest_dist,swarm_density_count,prey_neurons_connected_prey_retina,prey_neurons_connected_predator_retina,predator_neurons_connected_prey_retina,mutual_info
1,46195.000000,23805.000000,15,150880.068619,3059770264.400761,3729.706798,1.404760,0,1,1,0.037165
1,47484.000000,22516.000000,11,143311.161978,3130637426.958265,3298.846807,1.443764,0,1,1,0.021880
2,48144.000000,21856.000000,12,157585.488468,3648754756.080816,4318.834973,1.426056,0,1,1,0.025642
3,49988.000000,20012.000000,18,179128.376531,4458433422.152962,3549.073394,1.313215,0,1,1,0.025154
