generation,prey_fitness,predator_fitness,num_alive_end,avg_bb_size,var_bb_size,avg_shortest_dist,swarm_density_count,prey_neurons_connected_prey_retina,prey_neurons_connected_predator_retina,predator_neurons_connected_prey_retina,mutual_info
1,49316.000000,20684.000000,13,124912.965819,2088659923.205570,2475.250207,1.413690,1,2,1,0.046465
1,47981.000000,22019.000000,13,146419.464678,3497473163.641536,3317.573232,1.353571,1,2,1,0.039061
2,47646.000000,22354.000000,14,130192.495839,2376663607.427188,3553.207761,1.388528,1,2,1,0.031824
3,42016.000000,27984.000000,9,129161.829786,2349700090.142659,4034.526376,1.266545,1,2,1,0.038772
