generation,prey_fitness,predator_fitness,num_alive_end,avg_bb_size,var_bb_size,avg_shortest_dist,swarm_density_count,prey_neurons_connected_prey_retina,prey_neurons_connected_predator_retina,predator_neurons_connected_prey_retina,mutual_info
1,45923.000000,24077.000000,13,92308.325360,1287521040.015515,2119.635943,1.783076,1,0,1,0.020087
1,46147.000000,23853.000000,11,111179.436263,3181037465.150056,3126.141328,2.036828,1,0,1,0.020766
2,41591.000000,28409.000000,9,122179.618913,3659492362.615484,3821.925681,1.675397,1,0,1,0.046691
3,46059.000000,23941.000000,16,163082.888420,6509024345.039179,4187.424243,1.743291,1,0,1,0.025738
