generation,prey_fitness,predator_fitness,num_alive_end,avg_bb_size,var_bb_size,avg_shortest_dist,swarm_density_count,prey_neurons_connected_prey_retina,prey_neurons_connected_predator_retina,predator_neurons_connected_prey_retina,mutual_info
1,50214.000000,19786.000000,16,151942.435552,3931898223.085915,2418.899062,1.575034,1,1,1,0.030039
1,46460.000000,23540.000000,13,169279.559935,4069712076.450493,4510.315075,1.378859,1,1,1,0.020000
2,46285.000000,23715.000000,13,176890.445176,4194797435.524247,4735.066804,1.585116,1,1,1,0.028883
3,46433.000000,23567.000000,13,108654.957175,1504971695.711375,2038.643712,1.565360,1,1,1,0.027282
