generation,prey_fitness,predator_fitness,num_alive_end,avg_bb_size,var_bb_size,avg_shortest_dist,swarm_density_count,prey_neurons_connected_prey_retina,prey_neurons_connected_predator_retina,predator_neurons_connected_prey_retina,mutual_info
1,43953.000000,26047.000000,11,116417.379058,1640448755.393862,3679.717869,1.365395,0,3,1,0.018589
1,46480.000000,23520.000000,12,148244.593372,4816549893.870514,2939.395178,1.430348,0,3,1,0.027294
2,40960.000000,29040.000000,8,120039.417168,2984360465.279112,4891.923164,1.379012,0,3,1,0.027845
3,44378.000000,25622.000000,10,100632.188261,1294087013.806165,2995.164163,1.485741,0,3,1,0.042239
