generation,prey_fitness,predator_fitness,num_alive_end,avg_bb_size,var_bb_size,avg_shortest_dist,swarm_density_count,prey_neurons_connected_prey_retina,prey_neurons_connected_predator_retina,predator_neurons_connected_prey_retina,mutual_info
1,57519.000000,12481.000000,20,121387.307495,2302366408.332649,2112.178483,1.746327,2,2,3,0.022165
1,41912.000000,28088.000000,7,86326.185060,1213331074.435954,2676.940590,1.636393,2,2,3,0.028174
2,51917.000000,18083.000000,17,123460.352196,2281328916.809025,2640.431790,1.652781,2,2,3,0.035847
3,49660.000000,20340.000000,16,106735.762481,2252354467.466984,2708.039300,1.664422,2,2,3,0.033372
