generation,prey_fitness,predator_fitness,num_alive_end,avg_bb_size,var_bb_size,avg_shortest_dist,swarm_density_count,prey_neurons_connected_prey_retina,prey_neurons_connected_predator_retina,predator_neurons_connected_prey_retina,mutual_info
1,43198.000000,26802.000000,10,157478.576139,3559422018.484099,5022.570107,1.260045,0,0,5,0.029331
1,47942.000000,22058.000000,15,148272.157500,3159070139.056583,3101.934826,1.371314,0,0,5,0.037143
2,43057.000000,26943.000000,11,136911.585602,2499932810.634653,3891.921404,1.250778,0,0,5,0.042808
3,45852.000000,24148.000000,13,168846.541097,3419471723.100376,5068.385040,1.151994,0,0,5,0.029636
