generation,prey_fitness,predator_fitness,num_alive_end,avg_bb_size,var_bb_size,avg_shortest_dist,swarm_density_count,prey_neurons_connected_prey_retina,prey_neurons_connected_predator_retina,predator_neurons_connected_prey_retina,mutual_info
1,40457.000000,29543.000000,7,67184.371195,886721741.619958,3163.773916,2.071031,1,1,2,0.024180
1,44250.000000,25750.000000,11,53290.359962,494361370.747108,1300.018866,2.021376,1,1,2,0.023521
2,43850.000000,26150.000000,7,57216.444593,746213641.297401,1449.933070,2.142325,1,1,2,0.028876
3,39828.000000,30172.000000,5,53356.072212,479940074.595736,2069.934714,1.927446,1,1,2,0.027337
