generation,prey_fitness,predator_fitness,num_alive_end,avg_bb_size,var_bb_size,avg_shortest_dist,swarm_density_count,prey_neurons_connected_prey_retina,prey_neurons_connected_predator_retina,predator_neurons_connected_prey_retina,mutual_info
1,42734.000000,17266.000000,11,62734.303749,745092120.299538,1731.876161,1.684217,1,0,1,0.022368
1,43776.000000,16224.000000,11,75924.729600,938334335.929817,1727.717749,1.631864,1,0,1,0.017766
2,34097.000000,25903.000000,5,37413.952563,156454901.381955,1896.931917,1.702784,1,0,1,0.030753
3,36237.000000,23763.000000,6,49587.844841,231237567.051931,2765.173950,1.637879,1,0,1,0.033381
