generation,prey_fitness,predator_fitness,num_alive_end,avg_bb_size,var_bb_size,avg_shortest_dist,swarm_density_count,prey_neurons_connected_prey_retina,prey_neurons_connected_predator_retina,predator_neurons_connected_prey_retina,mutual_info
1,56216.000000,3784.000000,26,1454.936799,147186.921486,23.070217,23.930935,1,2,2,0.003750
1,56137.000000,3863.000000,27,1354.781974,66386.584901,20.615720,24.313049,1,2,2,0.003418
2,55570.000000,4430.000000,26,1299.351655,79802.584024,19.727116,24.211364,1,2,2,0.006991
3,58109.000000,1891.000000,27,1355.977604,102424.074674,19.694024,25.149901,1,2,2,0.006221
