generation,prey_fitness,predator_fitness,num_alive_end,avg_bb_size,var_bb_size,avg_shortest_dist,swarm_density_count,prey_neurons_connected_prey_retina,prey_neurons_connected_predator_retina,predator_neurons_connected_prey_retina,mutual_info
1,54565.000000,5435.000000,23,1742.795425,546937.072806,12.083393,17.730492,5,0,1,0.025440
1,55450.000000,4550.000000,25,1771.889603,528444.215628,11.497676,17.482099,5,0,1,0.027168
2,53330.000000,6670.000000,22,1682.274240,433805.265323,12.334543,17.067951,5,0,1,0.023764
3,53889.000000,6111.000000,23,1745.809910,527242.267549,12.377963,16.715739,5,0,1,0.036469
