generation,prey_fitness,predator_fitness,num_alive_end,avg_bb_size,var_bb_size,avg_shortest_dist,swarm_density_count,prey_neurons_connected_prey_retina,prey_neurons_connected_predator_retina,predator_neurons_connected_prey_retina,mutual_info
1,44486.000000,15514.000000,13,1586.911650,243723.506778,26.063317,15.883688,1,0,1,0.007538
1,53259.000000,6741.000000,23,1761.464324,626958.982226,21.355671,19.355661,1,0,1,0.006730
2,48879.000000,11121.000000,19,1712.659724,222031.000555,24.453097,17.237191,1,0,1,0.014189
3,50630.000000,9370.000000,17,1851.978100,377915.214002,25.727247,17.763152,1,0,1,0.008506
