generation,prey_fitness,predator_fitness,num_alive_end,avg_bb_size,var_bb_size,avg_shortest_dist,swarm_density_count,prey_neurons_connected_prey_retina,prey_neurons_connected_predator_retina,predator_neurons_connected_prey_retina,mutual_info
1,40492.000000,19508.000000,7,14731.225520,45014924.137952,206.025198,4.252650,1,2,2,0.055822
1,38217.000000,21783.000000,8,16710.849313,39805601.643899,324.965759,3.934277,1,2,2,0.040229
2,38475.000000,21525.000000,8,12618.878210,19220627.429705,209.273567,4.552105,1,2,2,0.055470
3,47017.000000,12983.000000,17,14453.943685,30286993.330179,138.325138,5.067483,1,2,2,0.039402
