generation,prey_fitness,predator_fitness,num_alive_end,avg_bb_size,var_bb_size,avg_shortest_dist,swarm_density_count,prey_neurons_connected_prey_retina,prey_neurons_connected_predator_retina,predator_neurons_connected_prey_retina,mutual_info
1,23969.000000,36031.000000,2,31893.397725,439047689.469409,7070.869722,1.304579,0,2,1,0.024989
1,30922.000000,29078.000000,2,37513.097736,367114083.332661,1724.575218,1.492347,0,2,1,0.071083
2,33845.000000,26155.000000,3,40277.717713,221906565.771334,2370.675661,1.575247,0,2,1,0.053517
3,33404.000000,26596.000000,4,41859.779780,316065916.070639,1929.568730,1.716570,0,2,1,0.014889
