generation,prey_fitness,predator_fitness,num_alive_end,avg_bb_size,var_bb_size,avg_shortest_dist,swarm_density_count,prey_neurons_connected_prey_retina,prey_neurons_connected_predator_retina,predator_neurons_connected_prey_retina,mutual_info
1,30302.000000,29698.000000,4,107598.269014,2174364728.350219,11894.617031,1.439808,1,0,1,0.041166
1,32201.000000,27799.000000,3,42094.177752,428029078.883963,1787.160153,1.805590,1,0,1,0.038544
2,38142.000000,21858.000000,7,61742.199069,553548703.772927,1598.607052,1.895632,1,0,1,0.029229
3,31982.000000,28018.000000,8,61533.051470,1095718948.625394,1849.698878,1.984949,1,0,1,0.043727
