generation,prey_fitness,predator_fitness,num_alive_end,avg_bb_size,var_bb_size,avg_shortest_dist,swarm_density_count,prey_neurons_connected_prey_retina,prey_neurons_connected_predator_retina,predator_neurons_connected_prey_retina,mutual_info
1,47958.000000,12042.000000,16,4445.228319,2084703.513304,44.164321,10.781135,1,0,1,0.018011
1,44240.000000,15760.000000,14,4257.267043,1995563.427627,53.800160,10.270940,1,0,1,0.044139
2,41384.000000,18616.000000,12,3535.746988,1855874.774088,50.641688,9.610958,1,0,1,0.042217
3,44794.000000,15206.000000,12,3731.361071,2129281.646370,44.093238,10.466568,1,0,1,0.030634
