generation,prey_fitness,predator_fitness,num_alive_end,avg_bb_size,var_bb_size,avg_shortest_dist,swarm_density_count,prey_neurons_connected_prey_retina,prey_neurons_connected_predator_retina,predator_neurons_connected_prey_retina,mutual_info
1,36362.000000,23638.000000,2,12903.151417,54288953.440082,662.698042,3.858337,1,0,1,0.030010
1,30826.000000,29174.000000,2,14685.598755,74617295.327688,1009.178113,2.610429,1,0,1,0.023590
2,32378.000000,27622.000000,2,15764.270677,99568325.800072,957.817854,2.813433,1,0,1,0.028909
3,35439.000000,24561.000000,4,23728.039816,134309724.235406,1006.046036,2.455494,1,0,1,0.021268
