generation,prey_fitness,predator_fitness,num_alive_end,avg_bb_size,var_bb_size,avg_shortest_dist,swarm_density_count,prey_neurons_connected_prey_retina,prey_neurons_connected_predator_retina,predator_neurons_connected_prey_retina,mutual_info
1,51339.000000,8661.000000,22,138291.477127,3483393213.040299,2042.463411,1.513473,0,1,5,0.033814
1,38804.000000,21196.000000,10,108350.985434,1956204326.597028,3487.829309,1.382819,0,1,5,0.036318
2,43870.000000,16130.000000,16,113847.885514,2370933343.488601,2729.714302,1.396905,0,1,5,0.095882
3,45601.000000,14399.000000,16,115919.678166,2423591026.590640,2867.096532,1.593231,0,1,5,0.037115
