generation,prey_fitness,predator_fitness,num_alive_end,avg_bb_size,var_bb_size,avg_shortest_dist,swarm_density_count,prey_neurons_connected_prey_retina,prey_neurons_connected_predator_retina,predator_neurons_connected_prey_retina,mutual_info
1,47079.000000,12921.000000,18,2451.266468,822465.510327,32.189066,13.852562,3,1,2,0.024528
1,50867.000000,9133.000000,19,2445.387362,1021996.769758,30.353962,15.574229,3,1,2,0.019959
2,49924.000000,10076.000000,19,2111.294663,622363.716909,22.551677,16.352841,3,1,2,0.021006
3,45161.000000,14839.000000,15,2575.242495,1828766.464306,42.799799,13.647607,3,1,2,0.021005
