generation,prey_fitness,predator_fitness,num_alive_end,avg_bb_size,var_bb_size,avg_shortest_dist,swarm_density_count,prey_neurons_connected_prey_retina,prey_neurons_connected_predator_retina,predator_neurons_connected_prey_retina,mutual_info
1,39172.000000,20828.000000,10,197956.198604,6401070287.903389,7066.466291,1.248555,1,3,1,0.022250
1,34816.000000,25184.000000,9,181752.685056,5881902827.566443,9821.365710,1.229378,1,3,1,0.039395
2,35979.000000,24021.000000,9,205751.419090,6159271699.729700,5617.254416,1.190813,1,3,1,0.027421
3,25935.000000,34065.000000,4,195818.652900,5950021550.715226,8016.940265,1.111525,1,3,1,0.038305
