generation,prey_fitness,predator_fitness,num_alive_end,avg_bb_size,var_bb_size,avg_shortest_dist,swarm_density_count,prey_neurons_connected_prey_retina,prey_neurons_connected_predator_retina,predator_neurons_connected_prey_retina,mutual_info
1,34562.000000,25438.000000,3,19837.744731,68176419.437332,914.296724,2.552238,1,1,1,0.060826
1,22340.000000,37660.000000,2,13013.695474,78232570.599448,5856.334531,1.694101,1,1,1,0.030417
2,26926.000000,33074.000000,2,16929.867481,114511259.757067,4028.184482,2.138790,1,1,1,0.076811
3,24669.000000,35331.000000,2,13671.355244,71269418.147392,2141.410864,2.057017,1,1,1,0.042996
