generation,prey_fitness,predator_fitness,num_alive_end,avg_bb_size,var_bb_size,avg_shortest_dist,swarm_density_count,prey_neurons_connected_prey_retina,prey_neurons_connected_predator_retina,predator_neurons_connected_prey_retina,mutual_info
1,55838.000000,4162.000000,25,1228.862169,258951.810425,8.491834,20.482269,2,1,1,0.025561
1,55056.000000,4944.000000,24,1128.877427,198557.585995,7.990339,20.333884,2,1,1,0.028479
2,55502.000000,4498.000000,24,1133.143162,225498.195779,7.036064,20.852358,2,1,1,0.018386
3,53480.000000,6520.000000,20,1091.863730,177617.835151,8.364596,19.787084,2,1,1,0.023383
