generation,prey_fitness,predator_fitness,num_alive_end,avg_bb_size,var_bb_size,avg_shortest_dist,swarm_density_count,prey_neurons_connected_prey_retina,prey_neurons_connected_predator_retina,predator_neurons_connected_prey_retina,mutual_info
1,43166.000000,16834.000000,10,5696.978376,9915877.557402,103.032436,9.067227,3,0,1,0.012708
1,36054.000000,23946.000000,2,4852.767029,16391119.864912,97.219859,7.660993,3,0,1,0.018078
2,45314.000000,14686.000000,12,2958.117438,1327180.684318,44.280678,12.216108,3,0,1,0.010841
3,32920.000000,27080.000000,3,4737.475985,24261300.744638,121.926575,7.712208,3,0,1,0.022320
