generation,prey_fitness,predator_fitness,num_alive_end,avg_bb_size,var_bb_size,avg_shortest_dist,swarm_density_count,prey_neurons_connected_prey_retina,prey_neurons_connected_predator_retina,predator_neurons_connected_prey_retina,mutual_info
1,38786.000000,21214.000000,10,71220.707299,828537172.250314,2007.547717,1.755370,0,1,1,0.034172
1,37148.000000,22852.000000,5,96013.961981,1486803389.566113,4169.945130,1.613225,0,1,1,0.029598
2,34991.000000,25009.000000,5,65339.265942,720921270.606940,3481.090726,1.395954,0,1,1,0.038989
3,25836.000000,34164.000000,2,27034.578654,354911449.615748,5719.875630,1.618684,0,1,1,0.051190
