generation,prey_fitness,predator_fitness,num_alive_end,avg_bb_size,var_bb_size,avg_shortest_dist,swarm_density_count,prey_neurons_connected_prey_retina,prey_neurons_connected_predator_retina,predator_neurons_connected_prey_retina,mutual_info
1,54877.000000,5123.000000,23,851.240703,82818.568748,7.664882,24.210012,2,0,3,0.006430
1,54526.000000,5474.000000,24,826.737443,106562.083438,7.665810,23.905370,2,0,3,0.006789
2,56080.000000,3920.000000,26,912.411949,96213.912430,8.100782,24.294869,2,0,3,0.009224
3,55615.000000,4385.000000,25,886.097766,95698.635903,7.644038,23.627995,2,0,3,0.007040
