generation,prey_fitness,predator_fitness,num_alive_end,avg_bb_size,var_bb_size,avg_shortest_dist,swarm_density_count,prey_neurons_connected_prey_retina,prey_neurons_connected_predator_retina,predator_neurons_connected_prey_retina,mutual_info
1,54618.000000,5382.000000,23,2391.534566,632280.259785,19.168578,15.539004,2,2,1,0.036447
1,47919.000000,12081.000000,17,2058.180905,537894.031759,20.008372,14.298597,2,2,1,0.033680
2,54807.000000,5193.000000,22,2310.989204,833395.371088,19.067764,16.205572,2,2,1,0.028478
3,54404.000000,5596.000000,21,2226.793686,656659.250480,17.838137,16.113948,2,2,1,0.031816
