generation,prey_fitness,predator_fitness,num_alive_end,avg_bb_size,var_bb_size,avg_shortest_dist,swarm_density_count,prey_neurons_connected_prey_retina,prey_neurons_connected_predator_retina,predator_neurons_connected_prey_retina,mutual_info
1,28585.000000,31415.000000,2,18967.697516,246932609.243466,1664.254818,2.380991,1,1,1,0.024991
1,34439.000000,25561.000000,4,27151.180948,126146045.206323,899.370753,2.284534,1,1,1,0.029416
2,29730.000000,30270.000000,2,18123.183639,232061802.805255,496.036230,2.611922,1,1,1,0.047883
3,31994.000000,28006.000000,2,17813.660241,170225017.232019,554.420682,2.337843,1,1,1,0.042160
