generation,prey_fitness,predator_fitness,num_alive_end,avg_bb_size,var_bb_size,avg_shortest_dist,swarm_density_count,prey_neurons_connected_prey_retina,prey_neurons_connected_predator_retina,predator_neurons_connected_prey_retina,mutual_info
1,29299.000000,30701.000000,3,177395.604786,6050142014.520173,26352.931716,1.139875,3,0,2,0.035068
1,31865.000000,28135.000000,5,155526.417965,5941943890.496269,8583.333507,1.143932,3,0,2,0.030030
2,27777.000000,32223.000000,3,129510.771411,3488686419.512044,11919.129580,1.305126,3,0,2,0.070228
3,31352.000000,28648.000000,7,187053.876121,6121307457.812007,11181.171855,1.139761,3,0,2,0.026016
