generation,prey_fitness,predator_fitness,num_alive_end,avg_bb_size,var_bb_size,avg_shortest_dist,swarm_density_count,prey_neurons_connected_prey_retina,prey_neurons_connected_predator_retina,predator_neurons_connected_prey_retina,mutual_info
1,49558.000000,10442.000000,19,2508.868774,567424.721425,21.546069,13.916631,1,0,1,0.028829
1,50118.000000,9882.000000,22,2769.983858,844821.439667,23.005975,13.872932,1,0,1,0.017521
2,48993.000000,11007.000000,17,2754.092110,1434277.656122,23.894676,13.442704,1,0,1,0.030478
3,47641.000000,12359.000000,17,2930.650675,1397332.663518,28.469693,13.442590,1,0,1,0.017204
