generation,prey_fitness,predator_fitness,num_alive_end,avg_bb_size,var_bb_size,avg_shortest_dist,swarm_density_count,prey_neurons_connected_prey_retina,prey_neurons_connected_predator_retina,predator_neurons_connected_prey_retina,mutual_info
1,47273.000000,12727.000000,18,2306.572396,549463.022586,22.982990,14.013370,4,1,3,0.028284
1,52109.000000,7891.000000,20,2334.353430,762654.066359,18.110477,14.584206,4,1,3,0.028857
2,50362.000000,9638.000000,19,2529.222251,690116.099280,21.521974,14.074642,4,1,3,0.039285
3,54613.000000,5387.000000,24,2383.999329,613663.968239,17.195733,15.600865,4,1,3,0.061620
