generation,prey_fitness,predator_fitness,num_alive_end,avg_bb_size,var_bb_size,avg_shortest_dist,swarm_density_count,prey_neurons_connected_prey_retina,prey_neurons_connected_predator_retina,predator_neurons_connected_prey_retina,mutual_info
1,50678.000000,9322.000000,17,3347.517854,1992223.479217,27.200639,12.660920,2,1,3,0.035686
1,49011.000000,10989.000000,17,3543.105490,2651501.941741,25.190654,11.984650,2,1,3,0.033295
2,45522.000000,14478.000000,12,3245.264483,2892033.213474,26.488982,11.056318,2,1,3,0.049578
3,41587.000000,18413.000000,8,2458.967038,1224315.047707,26.217825,11.246021,2,1,3,0.032920
