generation,prey_fitness,predator_fitness,num_alive_end,avg_bb_size,var_bb_size,avg_shortest_dist,swarm_density_count,prey_neurons_connected_prey_retina,prey_neurons_connected_predator_retina,predator_neurons_connected_prey_retina,mutual_info
1,55277.000000,4723.000000,25,2196.421920,851492.921699,16.141034,16.220689,4,3,2,0.019435
1,55830.000000,4170.000000,25,2196.691513,1059960.959065,14.398143,16.632743,4,3,2,0.031176
2,55938.000000,4062.000000,23,2339.719983,961837.203941,14.311895,15.508174,4,3,2,0.029265
3,55749.000000,4251.000000,24,2184.756440,633863.398365,13.754482,16.520218,4,3,2,0.029802
