generation,prey_fitness,predator_fitness,num_alive_end,avg_bb_size,var_bb_size,avg_shortest_dist,swarm_density_count,prey_neurons_connected_prey_retina,prey_neurons_connected_predator_retina,predator_neurons_connected_prey_retina,mutual_info
1,53193.000000,6807.000000,25,1098.617538,53455.819814,12.114791,22.260894,2,1,1,0.002694
1,57192.000000,2808.000000,28,1138.431816,35120.193850,10.557741,23.360402,2,1,1,0.003020
2,60000.000000,1.000000,30,1245.339739,32069.190807,11.122231,23.172800,2,1,1,0.002486
3,56629.000000,3371.000000,25,1237.229273,41281.520372,12.612243,22.275971,2,1,1,0.003890
