generation,prey_fitness,predator_fitness,num_alive_end,avg_bb_size,var_bb_size,avg_shortest_dist,swarm_density_count,prey_neurons_connected_prey_retina,prey_neurons_connected_predator_retina,predator_neurons_connected_prey_retina,mutual_info
1,37398.000000,22602.000000,8,37917.862670,641044636.989970,991.040648,2.768186,3,1,1,0.026856
1,37107.000000,22893.000000,7,70572.439131,1148741165.108095,1928.167367,2.526832,3,1,1,0.038008
2,43666.000000,16334.000000,13,93180.522669,2016110865.702777,1224.918166,2.068741,3,1,1,0.033206
3,35097.000000,24903.000000,9,49341.252481,601309878.838582,1414.138362,2.365328,3,1,1,0.020959
