generation,prey_fitness,predator_fitness,num_alive_end,avg_bb_size,var_bb_size,avg_shortest_dist,swarm_density_count,prey_neurons_connected_prey_retina,prey_neurons_connected_predator_retina,predator_neurons_connected_prey_retina,mutual_info
1,48221.000000,11779.000000,19,6351.984008,9290312.230994,53.780552,9.072607,1,1,2,0.028570
1,45877.000000,14123.000000,14,5525.144928,13228315.087394,49.020452,9.734188,1,1,2,0.023351
2,50438.000000,9562.000000,21,6417.984618,5896543.080607,46.571596,9.473527,1,1,2,0.035893
3,49272.000000,10728.000000,21,5615.077839,6880692.006029,41.820771,10.058938,1,1,2,0.027440
