generation,prey_fitness,predator_fitness,num_alive_end,avg_bb_size,var_bb_size,avg_shortest_dist,swarm_density_count,prey_neurons_connected_prey_retina,prey_neurons_connected_predator_retina,predator_neurons_connected_prey_retina,mutual_info
1,46697.000000,13303.000000,15,2450.971497,498464.541800,41.014734,12.164872,3,0,1,0.006781
1,51370.000000,8630.000000,20,2294.611140,274887.932553,31.916407,13.702605,3,0,1,0.003651
2,40939.000000,19061.000000,11,2067.710346,367463.975354,44.775614,11.838626,3,0,1,0.004580
3,43509.000000,16491.000000,12,2211.860564,296692.857562,46.459784,12.042919,3,0,1,0.003833
