generation,prey_fitness,predator_fitness,num_alive_end,avg_bb_size,var_bb_size,avg_shortest_dist,swarm_density_count,prey_neurons_connected_prey_retina,prey_neurons_connected_predator_retina,predator_neurons_connected_prey_retina,mutual_info
1,35600.000000,24400.000000,4,47756.816782,299733505.605299,2182.068715,1.792661,2,2,1,0.024327
1,37823.000000,22177.000000,5,58557.965650,707937675.529746,2325.291258,1.914971,2,2,1,0.039466
2,33116.000000,26884.000000,4,45771.793201,441508298.613368,2237.788654,1.687148,2,2,1,0.035935
3,28417.000000,31583.000000,2,37543.011408,624231471.492846,6441.543129,1.484523,2,2,1,0.045284
