generation,prey_fitness,predator_fitness,num_alive_end,avg_bb_size,var_bb_size,avg_shortest_dist,swarm_density_count,prey_neurons_connected_prey_retina,prey_neurons_connected_predator_retina,predator_neurons_connected_prey_retina,mutual_info
1,32563.000000,27437.000000,4,23142.532354,128874976.582937,1150.296017,2.343818,2,0,3,0.033448
1,28956.000000,31044.000000,2,13838.778971,90642041.540233,723.501000,2.818110,2,0,3,0.044946
2,26519.000000,33481.000000,2,12266.977628,78141066.552700,1184.385434,2.227591,2,0,3,0.018969
3,30604.000000,29396.000000,2,19145.812320,198549180.776645,1676.113879,2.104315,2,0,3,0.033446
