generation,prey_fitness,predator_fitness,num_alive_end,avg_bb_size,var_bb_size,avg_shortest_dist,swarm_density_count,prey_neurons_connected_prey_retina,prey_neurons_connected_predator_retina,predator_neurons_connected_prey_retina,mutual_info
1,56894.000000,3106.000000,27,1500.020863,256651.665500,16.618732,22.120823,3,1,1,0.010011
1,53183.000000,6817.000000,22,1201.004574,145799.601017,14.020839,22.531826,3,1,1,0.009148
2,54947.000000,5053.000000,21,1270.345099,119571.496900,14.315280,22.435997,3,1,1,0.009424
3,55739.000000,4261.000000,23,1410.514721,365044.712097,16.355186,22.465835,3,1,1,0.012889
