generation,prey_fitness,predator_fitness,num_alive_end,avg_bb_size,var_bb_size,avg_shortest_dist,swarm_density_count,prey_neurons_connected_prey_retina,prey_neurons_connected_predator_retina,predator_neurons_connected_prey_retina,mutual_info
1,29236.000000,30764.000000,2,13987.079742,91434468.116676,1073.407899,2.450981,0,2,2,0.120217
1,25942.000000,34058.000000,2,10261.436721,61622564.066604,1684.985692,2.341763,0,2,2,0.038797
2,30643.000000,29357.000000,2,20659.531403,152310408.333552,1161.308631,2.329786,0,2,2,0.059301
3,32027.000000,27973.000000,3,21065.514959,84772737.440361,1035.062454,2.234228,0,2,2,0.060774
