generation,prey_fitness,predator_fitness,num_alive_end,avg_bb_size,var_bb_size,avg_shortest_dist,swarm_density_count,prey_neurons_connected_prey_retina,prey_neurons_connected_predator_retina,predator_neurons_connected_prey_retina,mutual_info
1,26377.000000,33623.000000,2,31880.930554,282458606.036321,4170.610530,1.521246,1,1,1,0.030512
1,30377.000000,29623.000000,3,28894.062958,214596183.542564,1926.241661,1.822111,1,1,1,0.028502
2,29217.000000,30783.000000,4,42267.456730,244803101.620501,3653.060478,1.756827,1,1,1,0.044928
3,33377.000000,26623.000000,4,40383.362979,387270817.797434,1796.259585,1.694427,1,1,1,0.036318
