generation,prey_fitness,predator_fitness,num_alive_end,avg_bb_size,var_bb_size,avg_shortest_dist,swarm_density_count,prey_neurons_connected_prey_retina,prey_neurons_connected_predator_retina,predator_neurons_connected_prey_retina,mutual_info
1,36665.000000,23335.000000,7,135583.597145,5519536640.840494,4789.195362,1.407302,2,0,1,0.032151
1,31720.000000,28280.000000,5,168019.965420,4785170335.013921,11018.563235,1.277356,2,0,1,0.032982
2,43784.000000,16216.000000,13,166420.796708,5905892998.686469,3560.586214,1.303128,2,0,1,0.037633
3,31011.000000,28989.000000,6,167433.863814,5557627954.417135,9750.859087,1.279947,2,0,1,0.040333
