generation,prey_fitness,predator_fitness,num_alive_end,avg_bb_size,var_bb_size,avg_shortest_dist,swarm_density_count,prey_neurons_connected_prey_retina,prey_neurons_connected_predator_retina,predator_neurons_connected_prey_retina,mutual_info
1,30605.000000,29395.000000,2,18274.534326,111982310.368168,1266.257879,2.230997,0,3,1,0.042392
1,23944.000000,36056.000000,2,16719.684950,67714542.063723,7993.894742,1.777256,0,3,1,0.063077
2,25066.000000,34934.000000,2,17557.454133,161370253.334132,3597.707032,1.780743,0,3,1,0.049747
3,31970.000000,28030.000000,2,23368.985620,130604640.096225,1717.031869,2.166606,0,3,1,0.040390
