generation,prey_fitness,predator_fitness,num_alive_end,avg_bb_size,var_bb_size,avg_shortest_dist,swarm_density_count,prey_neurons_connected_prey_retina,prey_neurons_connected_predator_retina,predator_neurons_connected_prey_retina,mutual_info
1,35596.000000,24404.000000,8,74455.199727,2093357158.431103,2894.341847,1.601751,1,1,5,0.039198
1,47071.000000,12929.000000,14,66129.986423,674232809.763277,1498.191105,2.295148,1,1,5,0.018537
2,31752.000000,28248.000000,2,84575.592375,2453447359.321344,9176.650478,1.453967,1,1,5,0.022607
3,30344.000000,29656.000000,4,52413.805412,590998095.851092,3793.647985,1.434213,1,1,5,0.057827
