generation,prey_fitness,predator_fitness,num_alive_end,avg_bb_size,var_bb_size,avg_shortest_dist,swarm_density_count,prey_neurons_connected_prey_retina,prey_neurons_connected_predator_retina,predator_neurons_connected_prey_retina,mutual_info
1,42954.000000,17046.000000,15,2238.411631,1090971.289682,26.062975,12.741970,3,0,1,0.031226
1,53202.000000,6798.000000,21,2351.501517,895067.162267,19.500401,15.922870,3,0,1,0.034008
2,46603.000000,13397.000000,18,2065.910415,813152.643410,21.990257,14.534430,3,0,1,0.033344
3,49228.000000,10772.000000,17,2195.531474,1460918.275865,20.755885,15.300478,3,0,1,0.035115
