generation,prey_fitness,predator_fitness,num_alive_end,avg_bb_size,var_bb_size,avg_shortest_dist,swarm_density_count,prey_neurons_connected_prey_retina,prey_neurons_connected_predator_retina,predator_neurons_connected_prey_retina,mutual_info
1,45400.000000,14600.000000,15,3243.186732,2374794.441757,29.644565,11.724228,3,3,1,0.028767
1,49351.000000,10649.000000,19,3904.056706,2652862.162062,29.916716,11.183034,3,3,1,0.022433
2,45979.000000,14021.000000,15,3948.916999,2002412.617957,39.132447,10.692255,3,3,1,0.029809
3,52307.000000,7693.000000,21,4486.164607,8326190.602913,28.789218,11.793467,3,3,1,0.030088
