generation,prey_fitness,predator_fitness,num_alive_end,avg_bb_size,var_bb_size,avg_shortest_dist,swarm_density_count,prey_neurons_connected_prey_retina,prey_neurons_connected_predator_retina,predator_neurons_connected_prey_retina,mutual_info
1,27745.000000,32255.000000,2,20988.403905,102090861.870605,6189.904095,1.954687,0,0,1,0.023493
1,26612.000000,33388.000000,2,15873.018138,81251116.947983,2141.422634,2.049235,0,0,1,0.038981
2,26537.000000,33463.000000,2,16176.918811,137554280.254489,2325.038451,1.901911,0,0,1,0.026441
3,27000.000000,33000.000000,2,20197.890783,177884656.974889,3977.964702,1.580798,0,0,1,0.047101
