generation,prey_fitness,predator_fitness,num_alive_end,avg_bb_size,var_bb_size,avg_shortest_dist,swarm_density_count,prey_neurons_connected_prey_retina,prey_neurons_connected_predator_retina,predator_neurons_connected_prey_retina,mutual_info
1,41506.000000,18494.000000,12,152243.362248,4066290094.722944,4471.410433,1.301016,0,1,3,0.024160
1,34804.000000,25196.000000,5,82304.595847,2022881055.575417,3069.810661,1.399583,0,1,3,0.034527
2,34043.000000,25957.000000,8,133579.887098,2675998549.902618,5166.053536,1.181191,0,1,3,0.037144
3,33202.000000,26798.000000,5,119954.316946,3108985301.571305,6803.354174,1.146477,0,1,3,0.019977
