generation,prey_fitness,predator_fitness,num_alive_end,avg_bb_size,var_bb_size,avg_shortest_dist,swarm_density_count,prey_neurons_connected_prey_retina,prey_neurons_connected_predator_retina,predator_neurons_connected_prey_retina,mutual_info
1,40490.000000,19510.000000,8,3401.862299,2464700.850907,53.035538,10.068234,3,1,1,0.021703
1,37585.000000,22415.000000,8,3547.102485,2176344.882366,51.999595,8.684703,3,1,1,0.039807
2,39124.000000,20876.000000,7,4715.222269,6706912.693306,61.567290,8.058320,3,1,1,0.023906
3,48827.000000,11173.000000,18,5476.092986,6754214.563093,44.299530,9.746599,3,1,1,0.046747
