generation,prey_fitness,predator_fitness,num_alive_end,avg_bb_size,var_bb_size,avg_shortest_dist,swarm_density_count,prey_neurons_connected_prey_retina,prey_neurons_connected_predator_retina,predator_neurons_connected_prey_retina,mutual_info
1,42247.000000,17753.000000,7,4743.780084,5349397.195265,103.615104,8.877529,1,0,1,0.018159
1,35111.000000,24889.000000,3,4673.840891,4699228.297359,172.595509,7.102495,1,0,1,0.018990
2,41818.000000,18182.000000,8,4402.423473,3508583.900792,79.119282,9.718583,1,0,1,0.016745
3,40644.000000,19356.000000,10,3288.093091,2520596.336742,65.872221,10.525429,1,0,1,0.013638
