generation,prey_fitness,predator_fitness,num_alive_end,avg_bb_size,var_bb_size,avg_shortest_dist,swarm_density_count,prey_neurons_connected_prey_retina,prey_neurons_connected_predator_retina,predator_neurons_connected_prey_retina,mutual_info
1,48889.000000,11111.000000,19,1925.237709,430964.082528,24.694926,16.283602,2,2,1,0.011788
1,52990.000000,7010.000000,21,1990.755226,260783.407835,21.524085,17.355667,2,2,1,0.012373
2,49905.000000,10095.000000,20,1774.024702,323709.245420,21.112446,16.957099,2,2,1,0.018029
3,49062.000000,10938.000000,19,1929.541736,249325.050425,24.536433,15.764399,2,2,1,0.012889
