generation,prey_fitness,predator_fitness,num_alive_end,avg_bb_size,var_bb_size,avg_shortest_dist,swarm_density_count,prey_neurons_connected_prey_retina,prey_neurons_connected_predator_retina,predator_neurons_connected_prey_retina,mutual_info
1,31014.000000,28986.000000,5,45491.088235,234010428.969123,1984.426305,1.693562,1,3,1,0.036799
1,26180.000000,33820.000000,2,19638.453772,183927163.875516,2405.980342,1.672989,1,3,1,0.051583
2,32364.000000,27636.000000,2,22058.229404,109387133.941511,1218.235817,2.084977,1,3,1,0.018784
3,27108.000000,32892.000000,2,19917.149073,222342646.627671,1447.318735,2.068466,1,3,1,0.040158
