generation,prey_fitness,predator_fitness,num_alive_end,avg_bb_size,var_bb_size,avg_shortest_dist,swarm_density_count,prey_neurons_connected_prey_retina,prey_neurons_connected_predator_retina,predator_neurons_connected_prey_retina,mutual_info
1,23721.000000,36279.000000,2,24761.820137,252325259.989251,3963.426158,1.396595,3,1,1,0.035738
1,32768.000000,27232.000000,3,53670.347292,656665883.364378,3644.981949,1.495666,3,1,1,0.021323
2,32283.000000,27717.000000,5,50301.935464,363305983.700376,2844.317581,1.461744,3,1,1,0.032408
3,32842.000000,27158.000000,5,55374.883718,681235666.261281,2899.173756,1.708042,3,1,1,0.043723
