generation,prey_fitness,predator_fitness,num_alive_end,avg_bb_size,var_bb_size,avg_shortest_dist,swarm_density_count,prey_neurons_connected_prey_retina,prey_neurons_connected_predator_retina,predator_neurons_connected_prey_retina,mutual_info
1,33970.000000,26030.000000,7,43236.132881,248984782.565837,2363.319179,1.713057,1,1,1,0.038523
1,33010.000000,26990.000000,6,74059.686805,1379049427.912515,4485.743291,1.548660,1,1,1,0.034277
2,34969.000000,25031.000000,5,44055.057359,404299947.275720,2220.685891,1.717374,1,1,1,0.023391
3,34593.000000,25407.000000,2,43478.106982,401692343.908385,2751.632268,1.790905,1,1,1,0.024492
