generation,prey_fitness,predator_fitness,num_alive_end,avg_bb_size,var_bb_size,avg_shortest_dist,swarm_density_count,prey_neurons_connected_prey_retina,prey_neurons_connected_predator_retina,predator_neurons_connected_prey_retina,mutual_info
1,36425.000000,23575.000000,6,113572.443441,1931229927.886003,4697.354757,1.132475,1,0,1,0.018685
1,25521.000000,34479.000000,2,66102.645699,1564012641.098024,11696.230905,1.180909,1,0,1,0.025934
2,28152.000000,31848.000000,2,73570.635878,3015949208.913931,3402.247802,1.226106,1,0,1,0.021967
3,35080.000000,24920.000000,6,106951.579272,1857403770.313750,4570.595098,1.294696,1,0,1,0.036148
