generation,prey_fitness,predator_fitness,num_alive_end,avg_bb_size,var_bb_size,avg_shortest_dist,swarm_density_count,prey_neurons_connected_prey_retina,prey_neurons_connected_predator_retina,predator_neurons_connected_prey_retina,mutual_info
1,36230.000000,23770.000000,6,78609.811527,909308263.861640,3344.600237,1.389092,1,0,1,0.056148
1,38681.000000,21319.000000,10,129783.746790,2899764712.819737,3898.834970,1.105859,1,0,1,0.026253
2,34744.000000,25256.000000,7,90404.677890,1029597778.104040,4749.822527,1.180265,1,0,1,0.044751
3,30798.000000,29202.000000,6,106264.314751,2853606579.149609,5932.813435,1.200683,1,0,1,0.027545
