generation,prey_fitness,predator_fitness,num_alive_end,avg_bb_size,var_bb_size,avg_shortest_dist,swarm_density_count,prey_neurons_connected_prey_retina,prey_neurons_connected_predator_retina,predator_neurons_connected_prey_retina,mutual_info
1,30499.000000,29501.000000,2,41416.923967,464453296.706838,2551.537721,1.426290,5,3,1,0.028133
1,23398.000000,36602.000000,2,49162.218844,659278650.755068,15717.365563,1.168715,5,3,1,0.044891
2,31287.000000,28713.000000,2,46436.206175,669157162.572161,2671.472840,1.361455,5,3,1,0.039177
3,32175.000000,27825.000000,3,53554.978243,717352069.267985,3623.310772,1.528412,5,3,1,0.035669
