generation,prey_fitness,predator_fitness,num_alive_end,avg_bb_size,var_bb_size,avg_shortest_dist,swarm_density_count,prey_neurons_connected_prey_retina,prey_neurons_connected_predator_retina,predator_neurons_connected_prey_retina,mutual_info
1,50913.000000,9087.000000,21,2261.836639,1306250.645011,15.510539,14.798773,1,2,1,0.042984
1,56890.000000,3110.000000,26,2583.343200,1316951.275773,12.939078,15.279615,1,2,1,0.065740
2,50404.000000,9596.000000,20,2268.758213,816722.673158,15.642473,14.820903,1,2,1,0.034482
3,54659.000000,5341.000000,23,2009.056213,578169.885081,12.880077,16.479011,1,2,1,0.038078
