generation,prey_fitness,predator_fitness,num_alive_end,avg_bb_size,var_bb_size,avg_shortest_dist,swarm_density_count,prey_neurons_connected_prey_retina,prey_neurons_connected_predator_retina,predator_neurons_connected_prey_retina,mutual_info
1,44721.000000,15279.000000,15,1921.714892,284559.267129,33.039715,13.817976,2,2,1,0.008980
1,48651.000000,11349.000000,18,2498.595903,713378.173934,35.044513,13.623838,2,2,1,0.011752
2,40641.000000,19359.000000,9,2091.751753,434318.531990,46.946078,11.597909,2,2,1,0.011578
3,42648.000000,17352.000000,13,2536.551082,653416.522762,45.836050,11.461082,2,2,1,0.017169
