generation,prey_fitness,predator_fitness,num_alive_end,avg_bb_size,var_bb_size,avg_shortest_dist,swarm_density_count,prey_neurons_connected_prey_retina,prey_neurons_connected_predator_retina,predator_neurons_connected_prey_retina,mutual_info
1,58145.000000,1855.000000,25,1489.820373,366610.812270,10.725463,20.001777,2,5,1,0.032687
1,54908.000000,5092.000000,25,1465.823950,364675.402737,11.193072,19.245409,2,5,1,0.021891
2,56311.000000,3689.000000,26,1448.262112,281784.760739,12.195900,20.119340,2,5,1,0.017006
3,54259.000000,5741.000000,25,1427.031068,318794.365851,11.892610,19.471395,2,5,1,0.015413
