generation,prey_fitness,predator_fitness,num_alive_end,avg_bb_size,var_bb_size,avg_shortest_dist,swarm_density_count,prey_neurons_connected_prey_retina,prey_neurons_connected_predator_retina,predator_neurons_connected_prey_retina,mutual_info
1,53255.000000,6745.000000,22,1153.249316,348216.656963,7.091912,18.834864,3,2,1,0.023432
1,53868.000000,6132.000000,21,1361.402598,482339.953735,7.886225,17.970865,3,2,1,0.031301
2,55327.000000,4673.000000,24,1239.544582,347255.237244,6.746867,19.081708,3,2,1,0.029447
3,58046.000000,1954.000000,26,1190.329247,314821.220461,6.175286,20.284857,3,2,1,0.024355
