generation,prey_fitness,predator_fitness,num_alive_end,avg_bb_size,var_bb_size,avg_shortest_dist,swarm_density_count,prey_neurons_connected_prey_retina,prey_neurons_connected_predator_retina,predator_neurons_connected_prey_retina,mutual_info
1,35420.000000,24580.000000,8,119889.766078,2358900897.583435,4662.460390,1.201179,2,2,1,0.028789
1,44330.000000,15670.000000,14,114841.596309,1731933654.424085,2680.447497,1.475529,2,2,1,0.027935
2,38289.000000,21711.000000,7,178171.974202,6022034900.207088,6775.067772,1.171710,2,2,1,0.027647
3,40551.000000,19449.000000,8,124619.404095,3071780890.322199,3126.265856,1.265790,2,2,1,0.024579
