generation,prey_fitness,predator_fitness,num_alive_end,avg_bb_size,var_bb_size,avg_shortest_dist,swarm_density_count,prey_neurons_connected_prey_retina,prey_neurons_connected_predator_retina,predator_neurons_connected_prey_retina,mutual_info
1,55423.000000,4577.000000,26,687.246517,51572.433118,7.619476,25.193367,2,0,3,0.016138
1,59208.000000,792.000000,28,670.764806,63022.171029,6.604401,26.596272,2,0,3,0.014448
2,54340.000000,5660.000000,25,810.218624,80131.414905,7.851707,23.174351,2,0,3,0.008199
3,53289.000000,6711.000000,24,848.055890,82631.398649,8.903640,22.249483,2,0,3,0.005744
