generation,prey_fitness,predator_fitness,num_alive_end,avg_bb_size,var_bb_size,avg_shortest_dist,swarm_density_count,prey_neurons_connected_prey_retina,prey_neurons_connected_predator_retina,predator_neurons_connected_prey_retina,mutual_info
1,40416.000000,19584.000000,8,3535.265549,1370182.589448,84.526441,10.315903,1,2,4,0.007600
1,38902.000000,21098.000000,5,3146.067291,1322728.894770,79.062839,10.173620,1,2,4,0.015477
2,26111.000000,33889.000000,2,1850.611269,1605442.124596,187.044200,7.543990,1,2,4,0.012675
3,42371.000000,17629.000000,10,3014.288915,1085944.580352,68.735674,11.878956,1,2,4,0.011701
