generation,prey_fitness,predator_fitness,num_alive_end,avg_bb_size,var_bb_size,avg_shortest_dist,swarm_density_count,prey_neurons_connected_prey_retina,prey_neurons_connected_predator_retina,predator_neurons_connected_prey_retina,mutual_info
1,51272.000000,8728.000000,18,2783.185989,551866.709082,34.102584,12.118880,5,3,1,0.010729
1,49901.000000,10099.000000,21,2446.220061,271106.179518,27.989126,11.767271,5,3,1,0.004408
2,46865.000000,13135.000000,16,2532.852565,450702.593818,33.417538,10.763355,5,3,1,0.005610
3,51419.000000,8581.000000,19,2622.688552,528784.157422,28.463394,12.253489,5,3,1,0.007250
