generation,prey_fitness,predator_fitness,num_alive_end,avg_bb_size,var_bb_size,avg_shortest_dist,swarm_density_count,prey_neurons_connected_prey_retina,prey_neurons_connected_predator_retina,predator_neurons_connected_prey_retina,mutual_info
1,28414.000000,31586.000000,2,32967.234717,150798440.714468,11458.101972,1.863375,0,1,1,0.058179
1,31924.000000,28076.000000,2,33100.157804,185198026.736302,2365.292817,1.829196,0,1,1,0.043608
2,31373.000000,28627.000000,3,28694.215758,214166569.817670,1760.249028,1.859973,0,1,1,0.029839
3,32486.000000,27514.000000,2,35964.732711,528016355.937134,2103.600499,1.835680,0,1,1,0.016402
