generation,prey_fitness,predator_fitness,num_alive_end,avg_bb_size,var_bb_size,avg_shortest_dist,swarm_density_count,prey_neurons_connected_prey_retina,prey_neurons_connected_predator_retina,predator_neurons_connected_prey_retina,mutual_info
1,37424.000000,22576.000000,4,30134.051828,119639053.435782,1147.350619,2.424251,1,0,1,0.020407
1,31924.000000,28076.000000,2,24616.678164,113559618.212709,2983.226652,2.248249,1,0,1,0.026179
2,38283.000000,21717.000000,8,49572.155394,551863745.834718,1804.735992,2.096044,1,0,1,0.023688
3,35993.000000,24007.000000,8,31418.284448,138733512.106832,1119.822146,2.327746,1,0,1,0.025931
