generation,prey_fitness,predator_fitness,num_alive_end,avg_bb_size,var_bb_size,avg_shortest_dist,swarm_density_count,prey_neurons_connected_prey_retina,prey_neurons_connected_predator_retina,predator_neurons_connected_prey_retina,mutual_info
1,59301.000000,699.000000,28,872.568326,115119.077535,5.480283,23.605513,2,2,3,0.023148
1,57792.000000,2208.000000,27,904.157880,104887.553103,6.430888,22.978154,2,2,3,0.017097
2,54139.000000,5861.000000,24,892.348957,114515.868468,6.341008,21.619260,2,2,3,0.013805
3,55056.000000,4944.000000,25,863.649505,106262.512611,5.414459,21.989980,2,2,3,0.017624
