generation,prey_fitness,predator_fitness,num_alive_end,avg_bb_size,var_bb_size,avg_shortest_dist,swarm_density_count,prey_neurons_connected_prey_retina,prey_neurons_connected_predator_retina,predator_neurons_connected_prey_retina,mutual_info
1,50343.000000,9657.000000,20,2035.360545,472144.204698,16.305370,15.264927,4,1,2,0.029749
1,47515.000000,12485.000000,19,2090.190080,501734.059588,18.415292,13.975599,4,1,2,0.029802
2,49208.000000,10792.000000,18,2059.575471,505265.551909,17.504338,14.589401,4,1,2,0.036103
3,52075.000000,7925.000000,19,2099.605816,549683.472483,17.401510,16.372207,4,1,2,0.037829
