generation,prey_fitness,predator_fitness,num_alive_end,avg_bb_size,var_bb_size,avg_shortest_dist,swarm_density_count,prey_neurons_connected_prey_retina,prey_neurons_connected_predator_retina,predator_neurons_connected_prey_retina,mutual_info
1,34279.000000,25721.000000,7,133650.882352,2585204760.440235,5771.077746,1.189187,1,2,1,0.046777
1,34586.000000,25414.000000,8,144097.561565,3564130408.733700,5570.243402,1.200392,1,2,1,0.037159
2,34187.000000,25813.000000,5,103546.440143,2743130120.488743,4571.365341,1.241101,1,2,1,0.034014
3,36988.000000,23012.000000,8,134513.595334,2843325278.496581,4858.146336,1.200710,1,2,1,0.035419
