generation,prey_fitness,predator_fitness,num_alive_end,avg_bb_size,var_bb_size,avg_shortest_dist,swarm_density_count,prey_neurons_connected_prey_retina,prey_neurons_connected_predator_retina,predator_neurons_connected_prey_retina,mutual_info
1,46313.000000,13687.000000,13,3470.595086,1071791.419497,47.030598,11.737041,2,2,1,0.034653
1,44967.000000,15033.000000,16,3242.691918,978008.543971,41.911742,11.315378,2,2,1,0.028761
2,51134.000000,8866.000000,18,3445.903664,1158008.548602,35.172496,13.009481,2,2,1,0.048295
3,53429.000000,6571.000000,22,3379.889492,1000549.183099,33.853543,13.643439,2,2,1,0.028942
