generation,prey_fitness,predator_fitness,num_alive_end,avg_bb_size,var_bb_size,avg_shortest_dist,swarm_density_count,prey_neurons_connected_prey_retina,prey_neurons_connected_predator_retina,predator_neurons_connected_prey_retina,mutual_info
1,41976.000000,18024.000000,12,118564.807062,4499398698.669615,1618.774783,1.973452,3,0,2,0.022278
1,30370.000000,29630.000000,3,112379.535294,5403587920.540953,6735.686518,1.567495,3,0,2,0.025768
2,32959.000000,27041.000000,7,83637.531653,1198159528.614533,4329.786838,2.186029,3,0,2,0.059246
3,30753.000000,29247.000000,3,140899.352456,3481308746.719061,22795.108115,1.672462,3,0,2,0.042543
