generation,prey_fitness,predator_fitness,num_alive_end,avg_bb_size,var_bb_size,avg_shortest_dist,swarm_density_count,prey_neurons_connected_prey_retina,prey_neurons_connected_predator_retina,predator_neurons_connected_prey_retina,mutual_info
1,42807.000000,17193.000000,15,136810.354004,3514192958.794673,3922.909767,1.254336,3,1,1,0.027693
1,44138.000000,15862.000000,15,162159.949435,3808127117.137103,4067.475088,1.168873,3,1,1,0.018020
2,44463.000000,15537.000000,15,172573.295559,5113351537.850530,4471.830007,1.276555,3,1,1,0.024308
3,44387.000000,15613.000000,14,169435.384625,5089734422.264785,4184.831117,1.269314,3,1,1,0.020522
