generation,prey_fitness,predator_fitness,num_alive_end,avg_bb_size,var_bb_size,avg_shortest_dist,swarm_density_count,prey_neurons_connected_prey_retina,prey_neurons_connected_predator_retina,predator_neurons_connected_prey_retina,mutual_info
1,36761.000000,23239.000000,6,42472.416072,561445870.022827,2510.144123,2.254883,1,1,1,0.027031
1,28767.000000,31233.000000,2,23636.682809,135664339.492950,2770.193905,2.087589,1,1,1,0.075173
2,29946.000000,30054.000000,2,24532.154303,182538803.606757,3791.203123,1.956775,1,1,1,0.037124
3,36425.000000,23575.000000,4,28531.295111,214973178.069834,1072.817734,2.373435,1,1,1,0.045110
