generation,prey_fitness,predator_fitness,num_alive_end,avg_bb_size,var_bb_size,avg_shortest_dist,swarm_density_count,prey_neurons_connected_prey_retina,prey_neurons_connected_predator_retina,predator_neurons_connected_prey_retina,mutual_info
1,46940.000000,13060.000000,11,5409.088977,3453838.403502,80.630014,9.629886,2,3,1,0.027443
1,34849.000000,25151.000000,5,4151.368998,2177267.448182,114.031994,7.284475,2,3,1,0.022775
2,41562.000000,18438.000000,11,4700.783477,4090510.303885,87.048497,8.837755,2,3,1,0.011246
3,37348.000000,22652.000000,2,4373.204755,6446158.076396,113.478925,7.773795,2,3,1,0.020003
