generation,prey_fitness,predator_fitness,num_alive_end,avg_bb_size,var_bb_size,avg_shortest_dist,swarm_density_count,prey_neurons_connected_prey_retina,prey_neurons_connected_predator_retina,predator_neurons_connected_prey_retina,mutual_info
1,47795.000000,12205.000000,16,3366.395095,844449.360200,70.837598,14.502579,1,2,3,0.097314
1,40442.000000,19558.000000,10,3312.880054,2033146.838919,83.506929,11.639920,1,2,3,0.038556
2,45890.000000,14110.000000,11,3222.875714,1262842.881993,71.726773,13.977667,1,2,3,0.075794
3,48570.000000,11430.000000,14,3759.174988,1492016.623882,72.362101,13.660608,1,2,3,0.045836
