generation,prey_fitness,predator_fitness,num_alive_end,avg_bb_size,var_bb_size,avg_shortest_dist,swarm_density_count,prey_neurons_connected_prey_retina,prey_neurons_connected_predator_retina,predator_neurons_connected_prey_retina,mutual_info
1,56197.000000,3803.000000,23,1324.051441,97427.414205,16.431453,22.895640,2,2,1,0.004675
1,59393.000000,607.000000,29,1354.082278,122416.371014,15.734881,24.316164,2,2,1,0.010311
2,54478.000000,5522.000000,24,1324.272068,93816.066083,16.811262,21.985189,2,2,1,0.008403
3,49645.000000,10355.000000,21,1230.804901,118843.058965,17.946667,20.265392,2,2,1,0.005466
