generation,prey_fitness,predator_fitness,num_alive_end,avg_bb_size,var_bb_size,avg_shortest_dist,swarm_density_count,prey_neurons_connected_prey_retina,prey_neurons_connected_predator_retina,predator_neurons_connected_prey_retina,mutual_info
1,53363.000000,6637.000000,19,2134.276896,473984.890981,26.142669,17.308092,1,2,1,0.010852
1,54225.000000,5775.000000,22,2355.653034,437576.480942,23.899152,16.342473,1,2,1,0.022530
2,52081.000000,7919.000000,21,1978.702698,287033.642402,23.846419,16.976187,1,2,1,0.014656
3,50940.000000,9060.000000,18,2137.245767,527931.058345,25.815516,15.845885,1,2,1,0.016909
