generation,prey_fitness,predator_fitness,num_alive_end,avg_bb_size,var_bb_size,avg_shortest_dist,swarm_density_count,prey_neurons_connected_prey_retina,prey_neurons_connected_predator_retina,predator_neurons_connected_prey_retina,mutual_info
1,48184.000000,11816.000000,17,83974.056490,1130749105.187396,828.619487,2.455841,1,0,1,0.043311
1,40801.000000,19199.000000,9,59717.864691,337924590.548281,1024.137242,1.965362,1,0,1,0.046373
2,42427.000000,17573.000000,10,47188.463062,354154374.926564,757.941453,2.119217,1,0,1,0.022042
3,43032.000000,16968.000000,12,59694.749580,505724874.456138,998.395548,1.964641,1,0,1,0.019655
