generation,prey_fitness,predator_fitness,num_alive_end,avg_bb_size,var_bb_size,avg_shortest_dist,swarm_density_count,prey_neurons_connected_prey_retina,prey_neurons_connected_predator_retina,predator_neurons_connected_prey_retina,mutual_info
1,52318.000000,7682.000000,23,995.348319,88492.770402,12.292423,22.565558,1,1,3,0.010254
1,56118.000000,3882.000000,26,1036.401068,113368.560406,11.446009,24.447353,1,1,3,0.007538
2,57382.000000,2618.000000,23,1044.001380,137325.973613,11.331721,24.627464,1,1,3,0.006708
3,58318.000000,1682.000000,28,955.232320,145003.963875,10.257998,26.133497,1,1,3,0.007914
