generation,prey_fitness,predator_fitness,num_alive_end,avg_bb_size,var_bb_size,avg_shortest_dist,swarm_density_count,prey_neurons_connected_prey_retina,prey_neurons_connected_predator_retina,predator_neurons_connected_prey_retina,mutual_info
1,58259.000000,1741.000000,28,580.522411,59578.437285,2.799640,24.870683,2,1,2,0.012855
1,55427.000000,4573.000000,25,538.105260,49671.768259,2.790512,24.021613,2,1,2,0.009993
2,55221.000000,4779.000000,25,588.728569,59867.763324,2.980347,23.515760,2,1,2,0.012869
3,57612.000000,2388.000000,28,618.996705,63979.691527,2.934601,24.323257,2,1,2,0.011499
