generation,prey_fitness,predator_fitness,num_alive_end,avg_bb_size,var_bb_size,avg_shortest_dist,swarm_density_count,prey_neurons_connected_prey_retina,prey_neurons_connected_predator_retina,predator_neurons_connected_prey_retina,mutual_info
1,54253.000000,5747.000000,22,1236.428154,199586.905607,9.561781,20.085835,1,1,1,0.029708
1,55245.000000,4755.000000,22,1114.455655,130287.473829,8.896062,21.397710,1,1,1,0.019900
2,58820.000000,1180.000000,28,1096.481489,149771.124048,7.903403,22.990556,1,1,1,0.017177
3,57420.000000,2580.000000,27,1159.304942,142334.858810,8.626972,21.735150,1,1,1,0.030425
