generation,prey_fitness,predator_fitness,num_alive_end,avg_bb_size,var_bb_size,avg_shortest_dist,swarm_density_count,prey_neurons_connected_prey_retina,prey_neurons_connected_predator_retina,predator_neurons_connected_prey_retina,mutual_info
1,29492.000000,30508.000000,2,3501.974320,4851781.073566,301.495462,6.512877,1,2,3,0.022205
1,26887.000000,33113.000000,2,3171.856890,3547082.308059,294.884880,5.924531,1,2,3,0.020686
2,30284.000000,29716.000000,2,4125.007835,8803199.794447,335.547149,5.696162,1,2,3,0.030141
3,26748.000000,33252.000000,2,3491.764401,8023476.746545,324.973235,5.598587,1,2,3,0.032489
