generation,prey_fitness,predator_fitness,num_alive_end,avg_bb_size,var_bb_size,avg_shortest_dist,swarm_density_count,prey_neurons_connected_prey_retina,prey_neurons_connected_predator_retina,predator_neurons_connected_prey_retina,mutual_info
1,58783.000000,1217.000000,27,991.125192,221874.103165,3.786463,21.102821,1,1,2,0.014526
1,54839.000000,5161.000000,23,979.075516,227986.508596,4.383712,19.971386,1,1,2,0.013645
2,58216.000000,1784.000000,28,1026.839792,255542.172603,4.024547,21.138816,1,1,2,0.018293
3,58427.000000,1573.000000,25,1249.559132,381504.120670,4.501641,19.895128,1,1,2,0.028196
