generation,prey_fitness,predator_fitness,num_alive_end,avg_bb_size,var_bb_size,avg_shortest_dist,swarm_density_count,prey_neurons_connected_prey_retina,prey_neurons_connected_predator_retina,predator_neurons_connected_prey_retina,mutual_info
1,55733.000000,4267.000000,26,983.506375,82106.444070,8.211727,24.340127,1,1,1,0.020113
1,56192.000000,3808.000000,26,906.269781,69980.223036,7.105128,24.871044,1,1,1,0.030259
2,57831.000000,2169.000000,28,961.225191,95093.715977,7.252475,25.767437,1,1,1,0.038069
3,54606.000000,5394.000000,23,910.603925,57250.824845,7.851319,24.402686,1,1,1,0.028956
