generation,prey_fitness,predator_fitness,num_alive_end,avg_bb_size,var_bb_size,avg_shortest_dist,swarm_density_count,prey_neurons_connected_prey_retina,prey_neurons_connected_predator_retina,predator_neurons_connected_prey_retina,mutual_info
1,55104.000000,4896.000000,22,2481.952656,2254362.644921,13.307291,16.554760,3,3,1,0.019224
1,44211.000000,15789.000000,13,2334.138459,2708204.769919,19.889238,13.599954,3,3,1,0.016942
2,52577.000000,7423.000000,20,2201.544905,1280134.383250,14.297918,16.294626,3,3,1,0.018396
3,51913.000000,8087.000000,21,2391.446192,1274534.669430,15.634060,15.847289,3,3,1,0.017394
