generation,prey_fitness,predator_fitness,num_alive_end,avg_bb_size,var_bb_size,avg_shortest_dist,swarm_density_count,prey_neurons_connected_prey_retina,prey_neurons_connected_predator_retina,predator_neurons_connected_prey_retina,mutual_info
1,54960.000000,5040.000000,24,1859.764428,386369.375091,13.692873,17.805551,2,2,1,0.019075
1,56192.000000,3808.000000,25,1946.884489,389682.123812,13.139806,17.487579,2,2,1,0.026265
2,51378.000000,8622.000000,20,1918.809574,362548.397934,15.424030,16.446703,2,2,1,0.028321
3,56365.000000,3635.000000,25,1949.635153,387468.392901,13.226321,18.431660,2,2,1,0.019041
