generation,prey_fitness,predator_fitness,num_alive_end,avg_bb_size,var_bb_size,avg_shortest_dist,swarm_density_count,prey_neurons_connected_prey_retina,prey_neurons_connected_predator_retina,predator_neurons_connected_prey_retina,mutual_info
1,34082.000000,25918.000000,3,142747.711557,2745422078.074349,6131.348758,1.366561,3,0,2,0.033038
1,37324.000000,22676.000000,10,143818.971232,2595505732.924063,3242.825251,1.314424,3,0,2,0.029314
2,30404.000000,29596.000000,2,56395.860143,2005742552.232181,1936.811611,1.461356,3,0,2,0.047542
3,31741.000000,28259.000000,4,78218.601550,1026450673.024301,3638.802666,1.315862,3,0,2,0.027232
