generation,prey_fitness,predator_fitness,num_alive_end,avg_bb_size,var_bb_size,avg_shortest_dist,swarm_density_count,prey_neurons_connected_prey_retina,prey_neurons_connected_predator_retina,predator_neurons_connected_prey_retina,mutual_info
1,58100.000000,1900.000000,28,1268.945851,343034.161376,8.860868,21.806195,1,1,1,0.021439
1,49601.000000,10399.000000,19,1277.532711,248741.828286,10.221644,17.586912,1,1,1,0.017288
2,54218.000000,5782.000000,23,1357.647080,284119.509543,9.373542,19.138736,1,1,1,0.023784
3,50610.000000,9390.000000,18,1212.505667,203193.528021,10.534501,18.635903,1,1,1,0.014735
