generation,prey_fitness,predator_fitness,num_alive_end,avg_bb_size,var_bb_size,avg_shortest_dist,swarm_density_count,prey_neurons_connected_prey_retina,prey_neurons_connected_predator_retina,predator_neurons_connected_prey_retina,mutual_info
1,36857.000000,23143.000000,7,84434.418491,1347256441.131906,3489.187225,1.268799,1,1,1,0.032553
1,33063.000000,26937.000000,5,99344.847350,1272388090.633749,4621.837352,1.188407,1,1,1,0.047523
2,35463.000000,24537.000000,8,88105.429034,1169469837.845039,4206.891807,1.276286,1,1,1,0.040570
3,43887.000000,16113.000000,13,117541.909295,2282837377.445025,3903.020912,1.369262,1,1,1,0.023224
