generation,prey_fitness,predator_fitness,num_alive_end,avg_bb_size,var_bb_size,avg_shortest_dist,swarm_density_count,prey_neurons_connected_prey_retina,prey_neurons_connected_predator_retina,predator_neurons_connected_prey_retina,mutual_info
1,51315.000000,8685.000000,19,3225.918268,1913927.499263,20.872324,12.650599,1,1,4,0.048965
1,55219.000000,4781.000000,24,3504.773436,2080312.512080,19.683195,12.970169,1,1,4,0.062288
2,51932.000000,8068.000000,20,3359.790218,1718544.782129,20.740784,12.380547,1,1,4,0.048141
3,43980.000000,16020.000000,15,2787.019960,1282277.141427,23.154503,10.915154,1,1,4,0.052163
