generation,prey_fitness,predator_fitness,num_alive_end,avg_bb_size,var_bb_size,avg_shortest_dist,swarm_density_count,prey_neurons_connected_prey_retina,prey_neurons_connected_predator_retina,predator_neurons_connected_prey_retina,mutual_info
1,34994.000000,25006.000000,5,69156.285539,558764988.335095,4045.095094,1.246196,1,1,3,0.029478
1,35754.000000,24246.000000,4,65259.199500,646021225.383543,2789.527595,1.322509,1,1,3,0.042920
2,28918.000000,31082.000000,2,44758.868916,719974076.900260,3667.121672,1.500861,1,1,3,0.041850
3,36834.000000,23166.000000,5,82470.991260,1020499823.326115,3683.037314,1.302207,1,1,3,0.024547
