generation,prey_fitness,predator_fitness,num_alive_end,avg_bb_size,var_bb_size,avg_shortest_dist,swarm_density_count,prey_neurons_connected_prey_retina,prey_neurons_connected_predator_retina,predator_neurons_connected_prey_retina,mutual_info
1,35516.000000,24484.000000,8,150414.943694,3886592461.720443,5176.629766,1.179579,0,0,1,0.017105
1,32567.000000,27433.000000,5,109366.331163,2172842524.765642,5780.766454,1.214445,0,0,1,0.039203
2,34933.000000,25067.000000,7,102416.255479,2122821664.361315,3839.657410,1.381370,0,0,1,0.034050
3,35428.000000,24572.000000,7,154644.889848,3709838285.274896,5655.177909,1.229348,0,0,1,0.019576
