generation,prey_fitness,predator_fitness,num_alive_end,avg_bb_size,var_bb_size,avg_shortest_dist,swarm_density_count,prey_neurons_connected_prey_retina,prey_neurons_connected_predator_retina,predator_neurons_connected_prey_retina,mutual_info
1,35204.000000,24796.000000,10,100885.422780,2183457482.016170,4661.718431,1.345219,0,0,4,0.028498
1,36273.000000,23727.000000,6,69549.899270,807623751.353112,2693.304678,1.421896,0,0,4,0.043858
2,36964.000000,23036.000000,7,72453.275635,1233038705.630365,3867.105191,1.507592,0,0,4,0.034194
3,38170.000000,21830.000000,10,91406.268283,1515059455.305089,3017.371545,1.447148,0,0,4,0.024541
