generation,prey_fitness,predator_fitness,num_alive_end,avg_bb_size,var_bb_size,avg_shortest_dist,swarm_density_count,prey_neurons_connected_prey_retina,prey_neurons_connected_predator_retina,predator_neurons_connected_prey_retina,mutual_info
1,29876.000000,30124.000000,2,18049.813923,87695917.198979,1458.115106,2.360208,0,4,1,0.022755
1,34019.000000,25981.000000,4,20694.972567,61644647.405272,989.132943,2.631222,0,4,1,0.024612
2,31666.000000,28334.000000,2,13283.789923,43157539.266515,880.981913,2.801762,0,4,1,0.037523
3,29477.000000,30523.000000,3,14464.430461,42951096.206514,1459.516701,2.585930,0,4,1,0.035739
