generation,prey_fitness,predator_fitness,num_alive_end,avg_bb_size,var_bb_size,avg_shortest_dist,swarm_density_count,prey_neurons_connected_prey_retina,prey_neurons_connected_predator_retina,predator_neurons_connected_prey_retina,mutual_info
1,33259.000000,26741.000000,3,53680.727973,507548079.152796,3544.435198,1.624395,1,1,1,0.034382
1,39840.000000,20160.000000,7,51270.787372,514030920.183663,1433.745056,1.736788,1,1,1,0.019365
2,27720.000000,32280.000000,2,38796.794026,255797547.611277,8248.032302,1.611699,1,1,1,0.047482
3,30703.000000,29297.000000,2,39552.238901,572539016.749342,2897.628408,1.513485,1,1,1,0.041048
