generation,prey_fitness,predator_fitness,num_alive_end,avg_bb_size,var_bb_size,avg_shortest_dist,swarm_density_count,prey_neurons_connected_prey_retina,prey_neurons_connected_predator_retina,predator_neurons_connected_prey_retina,mutual_info
1,35756.000000,24244.000000,7,56126.527503,506354514.763586,1919.443942,1.544248,2,1,1,0.040510
1,30847.000000,29153.000000,2,36301.922648,545641087.952133,2318.959281,1.751266,2,1,1,0.041301
2,32847.000000,27153.000000,6,47853.688941,324701825.359805,1935.663830,1.687601,2,1,1,0.033594
3,35233.000000,24767.000000,7,59394.681010,665212890.119749,2120.587685,1.452343,2,1,1,0.026751
