generation,prey_fitness,predator_fitness,num_alive_end,avg_bb_size,var_bb_size,avg_shortest_dist,swarm_density_count,prey_neurons_connected_prey_retina,prey_neurons_connected_predator_retina,predator_neurons_connected_prey_retina,mutual_info
1,56445.000000,3555.000000,26,793.053447,68019.744384,7.640023,25.032294,1,0,1,0.008761
1,54923.000000,5077.000000,26,776.025722,65587.081273,7.816913,24.383406,1,0,1,0.010263
2,54561.000000,5439.000000,22,768.781941,48631.670926,7.883594,24.045085,1,0,1,0.016186
3,57008.000000,2992.000000,28,798.628940,85558.751765,7.246403,25.201336,1,0,1,0.006677
