generation,prey_fitness,predator_fitness,num_alive_end,avg_bb_size,var_bb_size,avg_shortest_dist,swarm_density_count,prey_neurons_connected_prey_retina,prey_neurons_connected_predator_retina,predator_neurons_connected_prey_retina,mutual_info
1,44213.000000,15787.000000,14,4342.272886,2550767.111930,51.812705,9.589519,2,0,2,0.024832
1,51473.000000,8527.000000,22,5033.263750,3517740.530931,48.437286,10.985289,2,0,2,0.047902
2,49977.000000,10023.000000,20,4502.411840,1829943.701346,41.548161,10.813836,2,0,2,0.027601
3,38758.000000,21242.000000,8,3685.871715,3201378.792814,62.403318,8.967119,2,0,2,0.030139
