generation,prey_fitness,predator_fitness,num_alive_end,avg_bb_size,var_bb_size,avg_shortest_dist,swarm_density_count,prey_neurons_connected_prey_retina,prey_neurons_connected_predator_retina,predator_neurons_connected_prey_retina,mutual_info
1,39474.000000,20526.000000,8,2337.660906,561462.368747,61.903086,11.828345,4,1,1,0.007725
1,41920.000000,18080.000000,10,2073.194047,497595.629834,46.757916,13.548326,4,1,1,0.007325
2,50767.000000,9233.000000,18,2242.357993,336541.841084,33.467060,16.463233,4,1,1,0.007907
3,42300.000000,17700.000000,13,2456.517845,1101195.437760,52.665403,12.972202,4,1,1,0.011703
