generation,prey_fitness,predator_fitness,num_alive_end,avg_bb_size,var_bb_size,avg_shortest_dist,swarm_density_count,prey_neurons_connected_prey_retina,prey_neurons_connected_predator_retina,predator_neurons_connected_prey_retina,mutual_info
1,31245.000000,28755.000000,2,6030.157796,20085488.148277,474.761333,5.058279,1,0,2,0.026381
1,41002.000000,18998.000000,9,6828.408272,4802731.475161,126.681073,7.000949,1,0,2,0.030478
2,37476.000000,22524.000000,5,6215.029042,10727137.186058,166.411805,6.650011,1,0,2,0.026618
3,36701.000000,23299.000000,8,5070.836217,5659397.766967,132.092731,7.556189,1,0,2,0.032029
