generation,prey_fitness,predator_fitness,num_alive_end,avg_bb_size,var_bb_size,avg_shortest_dist,swarm_density_count,prey_neurons_connected_prey_retina,prey_neurons_connected_predator_retina,predator_neurons_connected_prey_retina,mutual_info
1,26044.000000,33956.000000,2,21335.228744,109744002.806551,5994.919363,1.682715,0,0,1,0.045965
1,24471.000000,35529.000000,2,19825.925906,125094887.190666,3509.006816,1.723929,0,0,1,0.030075
2,29044.000000,30956.000000,2,21455.697564,182195384.829629,2856.712039,1.973656,0,0,1,0.020221
3,30064.000000,29936.000000,2,24322.737875,196784075.560265,1488.867126,1.854714,0,0,1,0.049280
