generation,prey_fitness,predator_fitness,num_alive_end,avg_bb_size,var_bb_size,avg_shortest_dist,swarm_density_count,prey_neurons_connected_prey_retina,prey_neurons_connected_predator_retina,predator_neurons_connected_prey_retina,mutual_info
1,47986.000000,12014.000000,14,4116.176760,1862273.156142,63.872661,11.752278,2,1,2,0.022196
1,42817.000000,17183.000000,12,3223.484978,1438493.107338,59.921448,11.706085,2,1,2,0.020429
2,41190.000000,18810.000000,10,3335.645488,3676838.851822,58.424254,10.917203,2,1,2,0.023295
3,43145.000000,16855.000000,9,3220.677527,2726247.600132,57.549636,11.831241,2,1,2,0.018348
