generation,prey_fitness,predator_fitness,num_alive_end,avg_bb_size,var_bb_size,avg_shortest_dist,swarm_density_count,prey_neurons_connected_prey_retina,prey_neurons_connected_predator_retina,predator_neurons_connected_prey_retina,mutual_info
1,53361.000000,6639.000000,23,1588.707640,470139.652249,9.768980,17.314544,2,2,1,0.021326
1,56719.000000,3281.000000,23,1644.850314,442326.440293,9.534640,18.826107,2,2,1,0.027793
2,53054.000000,6946.000000,21,1504.587834,387016.789487,9.933001,17.977542,2,2,1,0.019045
3,52948.000000,7052.000000,24,1582.724147,415033.745679,10.487075,17.362990,2,2,1,0.025506
