generation,prey_fitness,predator_fitness,num_alive_end,avg_bb_size,var_bb_size,avg_shortest_dist,swarm_density_count,prey_neurons_connected_prey_retina,prey_neurons_connected_predator_retina,predator_neurons_connected_prey_retina,mutual_info
1,51455.000000,8545.000000,21,1874.537407,380346.372968,17.741017,16.557227,1,0,3,0.025213
1,53304.000000,6696.000000,21,2057.659226,645354.033861,17.259185,16.754589,1,0,3,0.021074
2,50740.000000,9260.000000,19,1750.454745,356757.942474,18.142338,16.969693,1,0,3,0.025920
3,49615.000000,10385.000000,20,1638.697526,508283.434314,17.855762,17.266944,1,0,3,0.014016
