generation,prey_fitness,predator_fitness,num_alive_end,avg_bb_size,var_bb_size,avg_shortest_dist,swarm_density_count,prey_neurons_connected_prey_retina,prey_neurons_connected_predator_retina,predator_neurons_connected_prey_retina,mutual_info
1,38343.000000,21657.000000,9,32695.595390,321393968.856221,1402.115642,2.441758,1,5,1,0.032884
1,46897.000000,13103.000000,16,45246.100893,337261910.636666,1039.419898,2.595341,1,5,1,0.011884
2,44338.000000,15662.000000,14,51527.239666,318103426.941306,1168.732679,2.186860,1,5,1,0.020407
3,39989.000000,20011.000000,11,32646.193968,95055717.119275,1081.171125,2.422537,1,5,1,0.012108
