generation,prey_fitness,predator_fitness,num_alive_end,avg_bb_size,var_bb_size,avg_shortest_dist,swarm_density_count,prey_neurons_connected_prey_retina,prey_neurons_connected_predator_retina,predator_neurons_connected_prey_retina,mutual_info
1,53307.000000,6693.000000,22,649.025192,46349.834424,5.654626,23.343298,2,1,1,0.012555
1,54396.000000,5604.000000,25,700.365726,68846.494502,5.691147,23.795181,2,1,1,0.011942
2,57902.000000,2098.000000,28,842.568037,112420.293210,6.010680,24.013462,2,1,1,0.012909
3,57861.000000,2139.000000,28,809.583577,79122.058202,5.896823,24.430938,2,1,1,0.015407
