generation,prey_fitness,predator_fitness,num_alive_end,avg_bb_size,var_bb_size,avg_shortest_dist,swarm_density_count,prey_neurons_connected_prey_retina,prey_neurons_connected_predator_retina,predator_neurons_connected_prey_retina,mutual_info
1,51219.000000,8781.000000,22,1693.906085,356810.967248,16.634629,16.951777,2,0,1,0.018635
1,55315.000000,4685.000000,23,1887.116871,407949.355184,15.168608,17.494906,2,0,1,0.035312
2,48418.000000,11582.000000,14,1689.515371,298466.997130,19.568380,15.966027,2,0,1,0.029389
3,46310.000000,13690.000000,15,1777.347144,498464.261224,20.804035,14.788604,2,0,1,0.030188
