generation,prey_fitness,predator_fitness,num_alive_end,avg_bb_size,var_bb_size,avg_shortest_dist,swarm_density_count,prey_neurons_connected_prey_retina,prey_neurons_connected_predator_retina,predator_neurons_connected_prey_retina,mutual_info
1,27461.000000,32539.000000,2,12146.408676,88839312.785493,2119.113662,2.415218,1,2,1,0.033247
1,34499.000000,25501.000000,6,23207.666876,122395876.352223,770.320546,2.693458,1,2,1,0.033800
2,22936.000000,37064.000000,2,10016.803127,115254466.387562,818.647657,2.149604,1,2,1,0.041724
3,25068.000000,34932.000000,2,14048.667865,79609146.535977,2191.990511,2.081337,1,2,1,0.036360
