generation,prey_fitness,predator_fitness,num_alive_end,avg_bb_size,var_bb_size,avg_shortest_dist,swarm_density_count,prey_neurons_connected_prey_retina,prey_neurons_connected_predator_retina,predator_neurons_connected_prey_retina,mutual_info
1,32631.000000,27369.000000,2,4685.538237,9378763.429216,212.544423,6.069257,1,0,1,0.014995
1,37548.000000,22452.000000,2,4557.345040,4940649.632616,195.943451,7.554785,1,0,1,0.011928
2,32856.000000,27144.000000,2,5012.569590,7222168.302616,836.763835,5.808850,1,0,1,0.012136
3,38891.000000,21109.000000,8,5496.753163,5097498.775530,146.313478,7.494531,1,0,1,0.018789
