generation,prey_fitness,predator_fitness,num_alive_end,avg_bb_size,var_bb_size,avg_shortest_dist,swarm_density_count,prey_neurons_connected_prey_retina,prey_neurons_connected_predator_retina,predator_neurons_connected_prey_retina,mutual_info
1,34021.000000,25979.000000,3,27989.990566,260868881.978757,1049.186775,2.053596,2,0,1,0.018564
1,37395.000000,22605.000000,7,50457.169893,316538383.338831,2188.833268,1.853210,2,0,1,0.043342
2,29483.000000,30517.000000,2,37733.005736,328683548.992201,2000.826096,1.531266,2,0,1,0.037286
3,33831.000000,26169.000000,5,71434.960212,937542254.612941,2378.978876,1.605210,2,0,1,0.035652
