generation,prey_fitness,predator_fitness,num_alive_end,avg_bb_size,var_bb_size,avg_shortest_dist,swarm_density_count,prey_neurons_connected_prey_retina,prey_neurons_connected_predator_retina,predator_neurons_connected_prey_retina,mutual_info
1,33188.000000,26812.000000,5,167525.060111,4871974442.557096,8836.510176,1.257930,3,1,1,0.027760
1,26966.000000,33034.000000,5,116973.226487,2037945655.978446,7644.847894,1.122795,3,1,1,0.038074
2,25867.000000,34133.000000,3,136600.111586,5287178782.897533,25192.688495,1.048097,3,1,1,0.039343
3,30807.000000,29193.000000,7,141467.518672,7551792131.408786,6882.190930,1.126675,3,1,1,0.034468
