generation,prey_fitness,predator_fitness,num_alive_end,avg_bb_size,var_bb_size,avg_shortest_dist,swarm_density_count,prey_neurons_connected_prey_retina,prey_neurons_connected_predator_retina,predator_neurons_connected_prey_retina,mutual_info
1,35530.000000,24470.000000,6,3329.487531,3129183.864463,109.765074,8.482017,1,1,1,0.032392
1,30287.000000,29713.000000,2,3151.971191,3663689.992946,228.057971,6.422181,1,1,1,0.017122
2,26554.000000,33446.000000,2,2817.981461,2488161.259352,340.750724,5.832871,1,1,1,0.016689
3,38433.000000,21567.000000,7,3784.355803,1556693.887122,114.357225,8.769479,1,1,1,0.021915
