generation,prey_fitness,predator_fitness,num_alive_end,avg_bb_size,var_bb_size,avg_shortest_dist,swarm_density_count,prey_neurons_connected_prey_retina,prey_neurons_connected_predator_retina,predator_neurons_connected_prey_retina,mutual_info
1,32768.000000,27232.000000,5,87312.834636,2225691473.646668,4415.440728,1.130974,1,1,1,0.041651
1,34551.000000,25449.000000,6,120449.714257,2152057498.033350,4679.534924,1.078900,1,1,1,0.024265
2,37395.000000,22605.000000,9,114629.387002,2303283500.887721,3269.720021,1.152358,1,1,1,0.034834
3,45893.000000,14107.000000,14,147573.687981,3195556999.939287,4202.718237,1.478801,1,1,1,0.029374
