generation,prey_fitness,predator_fitness,num_alive_end,avg_bb_size,var_bb_size,avg_shortest_dist,swarm_density_count,prey_neurons_connected_prey_retina,prey_neurons_connected_predator_retina,predator_neurons_connected_prey_retina,mutual_info
1,36475.000000,23525.000000,6,92747.071067,987828436.168133,3939.393850,1.151792,3,2,1,0.022380
1,29393.000000,30607.000000,3,68295.798565,830435879.611832,4009.397526,1.088914,3,2,1,0.026512
2,28374.000000,31626.000000,3,84998.170319,1688961038.267753,6900.086891,1.093909,3,2,1,0.035435
3,28030.000000,31970.000000,2,58940.599966,1465588408.947178,5637.542820,1.065035,3,2,1,0.044011
