generation,prey_fitness,predator_fitness,num_alive_end,avg_bb_size,var_bb_size,avg_shortest_dist,swarm_density_count,prey_neurons_connected_prey_retina,prey_neurons_connected_predator_retina,predator_neurons_connected_prey_retina,mutual_info
1,53912.000000,6088.000000,23,1083.729469,265713.367855,5.584931,19.256305,3,0,1,0.036054
1,56287.000000,3713.000000,25,1124.429863,239677.289153,5.548933,20.609279,3,0,1,0.032739
2,55946.000000,4054.000000,26,1088.268223,216574.357783,5.511986,20.253596,3,0,1,0.036155
3,53997.000000,6003.000000,23,1118.327918,256866.966655,5.981808,19.965583,3,0,1,0.018507
