generation,prey_fitness,predator_fitness,num_alive_end,avg_bb_size,var_bb_size,avg_shortest_dist,swarm_density_count,prey_neurons_connected_prey_retina,prey_neurons_connected_predator_retina,predator_neurons_connected_prey_retina,mutual_info
1,57677.000000,2323.000000,25,1693.570122,215516.260760,24.095712,23.164692,4,0,1,0.004074
1,49086.000000,10914.000000,18,1264.810514,134387.542634,22.475328,20.963723,4,0,1,0.005727
2,53132.000000,6868.000000,23,1319.091700,128845.722811,22.548040,22.678956,4,0,1,0.002641
3,53140.000000,6860.000000,22,1309.876599,87366.201996,21.008468,22.433749,4,0,1,0.004180
