generation,prey_fitness,predator_fitness,num_alive_end,avg_bb_size,var_bb_size,avg_shortest_dist,swarm_density_count,prey_neurons_connected_prey_retina,prey_neurons_connected_predator_retina,predator_neurons_connected_prey_retina,mutual_info
1,30107.000000,29893.000000,2,36494.018260,374178586.271520,1749.397909,1.659652,0,2,1,0.051650
1,28709.000000,31291.000000,2,19608.706177,215443785.964940,1216.711627,1.840631,0,2,1,0.032130
2,30905.000000,29095.000000,2,36421.691132,371598196.791296,2119.761994,1.595112,0,2,1,0.022543
3,35417.000000,24583.000000,7,47553.211144,396467497.878730,2268.259951,1.699102,0,2,1,0.035647
