generation,prey_fitness,predator_fitness,num_alive_end,avg_bb_size,var_bb_size,avg_shortest_dist,swarm_density_count,prey_neurons_connected_prey_retina,prey_neurons_connected_predator_retina,predator_neurons_connected_prey_retina,mutual_info
1,30262.000000,29738.000000,2,60783.066347,755786859.708004,6195.444631,1.494123,1,4,1,0.033392
1,28002.000000,31998.000000,2,85759.901809,1942530741.677448,15451.223622,1.303104,1,4,1,0.045822
2,29472.000000,30528.000000,2,58736.334873,910917973.756463,4822.081139,1.474395,1,4,1,0.042335
3,28845.000000,31155.000000,2,61156.119477,797679886.832275,5173.871540,1.278488,1,4,1,0.034918
