generation,prey_fitness,predator_fitness,num_alive_end,avg_bb_size,var_bb_size,avg_shortest_dist,swarm_density_count,prey_neurons_connected_prey_retina,prey_neurons_connected_predator_retina,predator_neurons_connected_prey_retina,mutual_info
1,57432.000000,2568.000000,26,1400.715024,90363.931655,16.535117,22.306182,2,1,1,0.004575
1,54871.000000,5129.000000,24,1311.777097,65267.674431,17.099823,21.675283,2,1,1,0.002986
2,54749.000000,5251.000000,25,1264.650404,80581.019286,16.077109,21.948142,2,1,1,0.005051
3,53583.000000,6417.000000,22,1350.178695,99219.352381,18.186148,20.920747,2,1,1,0.004533
