generation,prey_fitness,predator_fitness,num_alive_end,avg_bb_size,var_bb_size,avg_shortest_dist,swarm_density_count,prey_neurons_connected_prey_retina,prey_neurons_connected_predator_retina,predator_neurons_connected_prey_retina,mutual_info
1,46530.000000,13470.000000,14,4361.084644,3823628.010684,39.122907,10.372799,3,3,1,0.024320
1,42454.000000,17546.000000,11,4735.339478,5725512.336227,50.191792,8.990522,3,3,1,0.020061
2,52978.000000,7022.000000,21,4829.121027,3567990.552790,31.006786,10.576251,3,3,1,0.017995
3,53150.000000,6850.000000,18,5780.513526,4966039.355386,38.579249,10.589917,3,3,1,0.025221
