generation,prey_fitness,predator_fitness,num_alive_end,avg_bb_size,var_bb_size,avg_shortest_dist,swarm_density_count,prey_neurons_connected_prey_retina,prey_neurons_connected_predator_retina,predator_neurons_connected_prey_retina,mutual_info
1,52127.000000,7873.000000,22,4351.603467,4020097.373670,24.288714,11.020547,5,3,3,0.061741
1,43326.000000,16674.000000,17,3094.979406,1181067.519719,29.956065,10.567063,5,3,3,0.064790
2,52316.000000,7684.000000,21,3828.404835,1456664.815610,26.682077,11.491804,5,3,3,0.056958
3,56655.000000,3345.000000,27,4586.832965,3447020.726365,23.468609,12.042244,5,3,3,0.083142
