generation,prey_fitness,predator_fitness,num_alive_end,avg_bb_size,var_bb_size,avg_shortest_dist,swarm_density_count,prey_neurons_connected_prey_retina,prey_neurons_connected_predator_retina,predator_neurons_connected_prey_retina,mutual_info
1,31560.000000,28440.000000,2,95784.121229,2217544132.211147,11158.623339,1.419355,1,0,2,0.025976
1,33025.000000,26975.000000,4,120618.945571,2667199057.403684,6534.554069,1.260589,1,0,2,0.031748
2,31000.000000,29000.000000,2,77341.376775,3140730631.049845,3794.248635,1.512795,1,0,2,0.036604
3,25447.000000,34553.000000,2,69769.814139,2284277019.599814,13222.922076,1.206320,1,0,2,0.040921
