generation,prey_fitness,predator_fitness,num_alive_end,avg_bb_size,var_bb_size,avg_shortest_dist,swarm_density_count,prey_neurons_connected_prey_retina,prey_neurons_connected_predator_retina,predator_neurons_connected_prey_retina,mutual_info
1,58121.000000,1879.000000,27,1014.387691,82771.493726,11.087356,25.547234,2,0,1,0.005474
1,58534.000000,1466.000000,28,999.822242,101893.483328,10.420678,25.608392,2,0,1,0.007216
2,51409.000000,8591.000000,21,978.661492,105247.111523,12.993058,21.860781,2,0,1,0.004445
3,59207.000000,793.000000,27,1039.048262,148314.636346,10.785099,25.663164,2,0,1,0.007460
