generation,prey_fitness,predator_fitness,num_alive_end,avg_bb_size,var_bb_size,avg_shortest_dist,swarm_density_count,prey_neurons_connected_prey_retina,prey_neurons_connected_predator_retina,predator_neurons_connected_prey_retina,mutual_info
1,37216.000000,22784.000000,9,194321.773822,5913566319.495858,7748.847155,1.152552,0,1,2,0.027816
1,38995.000000,21005.000000,8,170670.396134,4504969619.735141,5672.062369,1.178405,0,1,2,0.024455
2,35107.000000,24893.000000,9,189598.723714,6034091608.169310,8078.662710,1.249922,0,1,2,0.030371
3,32853.000000,27147.000000,6,182805.827768,4778817504.722394,10206.423412,1.141834,0,1,2,0.036875
