generation,prey_fitness,predator_fitness,num_alive_end,avg_bb_size,var_bb_size,avg_shortest_dist,swarm_density_count,prey_neurons_connected_prey_retina,prey_neurons_connected_predator_retina,predator_neurons_connected_prey_retina,mutual_info
1,35716.000000,24284.000000,6,25322.491611,107036168.664136,878.153974,3.114874,4,0,3,0.023562
1,37446.000000,22554.000000,4,23066.232379,65401168.872244,789.361302,3.373599,4,0,3,0.019306
2,35808.000000,24192.000000,8,30848.621960,180367963.767463,1267.481889,3.422637,4,0,3,0.043302
3,36797.000000,23203.000000,4,20312.433780,87289726.350392,904.136363,4.028369,4,0,3,0.049829
