generation,prey_fitness,predator_fitness,num_alive_end,avg_bb_size,var_bb_size,avg_shortest_dist,swarm_density_count,prey_neurons_connected_prey_retina,prey_neurons_connected_predator_retina,predator_neurons_connected_prey_retina,mutual_info
1,47390.000000,12610.000000,15,4791.180844,3908665.141273,44.206536,9.385251,1,1,1,0.032670
1,38826.000000,21174.000000,9,4763.976720,3185429.611419,67.273011,7.428179,1,1,1,0.024320
2,49023.000000,10977.000000,19,5455.598463,5218910.777196,51.026195,9.491112,1,1,1,0.026244
3,51688.000000,8312.000000,22,7192.221414,9702523.456961,51.054513,8.514124,1,1,1,0.039610
