generation,prey_fitness,predator_fitness,num_alive_end,avg_bb_size,var_bb_size,avg_shortest_dist,swarm_density_count,prey_neurons_connected_prey_retina,prey_neurons_connected_predator_retina,predator_neurons_connected_prey_retina,mutual_info
1,55935.000000,4065.000000,24,1170.430235,187161.746179,9.258053,21.234253,2,1,1,0.017742
1,51142.000000,8858.000000,23,967.547437,76956.387752,8.187824,20.515358,2,1,1,0.015119
2,55747.000000,4253.000000,26,981.476491,118242.288174,7.770313,21.977926,2,1,1,0.016136
3,53860.000000,6140.000000,24,1037.992206,184760.478114,8.758467,20.633258,2,1,1,0.018806
