generation,prey_fitness,predator_fitness,num_alive_end,avg_bb_size,var_bb_size,avg_shortest_dist,swarm_density_count,prey_neurons_connected_prey_retina,prey_neurons_connected_predator_retina,predator_neurons_connected_prey_retina,mutual_info
1,45687.000000,14313.000000,16,2531.947952,947194.423848,23.831817,12.718096,4,1,1,0.025623
1,45481.000000,14519.000000,16,2435.197150,1035917.653439,22.507811,13.123777,4,1,1,0.024359
2,52594.000000,7406.000000,24,2721.883718,753323.234493,19.570826,14.247837,4,1,1,0.033463
3,42877.000000,17123.000000,12,2382.288312,775207.884219,25.180237,11.836147,4,1,1,0.030637
