generation,prey_fitness,predator_fitness,num_alive_end,avg_bb_size,var_bb_size,avg_shortest_dist,swarm_density_count,prey_neurons_connected_prey_retina,prey_neurons_connected_predator_retina,predator_neurons_connected_prey_retina,mutual_info
1,55458.000000,4542.000000,25,1157.606211,193999.674672,6.375613,19.558021,3,1,1,0.030425
1,53554.000000,6446.000000,24,1107.561639,226394.192450,6.376770,19.580688,3,1,1,0.026222
2,53319.000000,6681.000000,22,1075.783038,169315.714824,6.731962,19.551528,3,1,1,0.017980
3,54278.000000,5722.000000,23,1080.213430,165600.921830,6.142000,19.944679,3,1,1,0.024264
