generation,prey_fitness,predator_fitness,num_alive_end,avg_bb_size,var_bb_size,avg_shortest_dist,swarm_density_count,prey_neurons_connected_prey_retina,prey_neurons_connected_predator_retina,predator_neurons_connected_prey_retina,mutual_info
1,50289.000000,9711.000000,20,1353.937808,231969.920733,18.953273,19.834116,3,2,1,0.009063
1,49791.000000,10209.000000,21,1377.271635,211015.939327,19.846616,19.495391,3,2,1,0.010039
2,54164.000000,5836.000000,25,1171.645289,175620.056987,14.611345,22.481076,3,2,1,0.006684
3,52315.000000,7685.000000,21,1414.964673,282200.731722,19.450198,20.440814,3,2,1,0.009336
