generation,prey_fitness,predator_fitness,num_alive_end,avg_bb_size,var_bb_size,avg_shortest_dist,swarm_density_count,prey_neurons_connected_prey_retina,prey_neurons_connected_predator_retina,predator_neurons_connected_prey_retina,mutual_info
1,37833.000000,22167.000000,10,123184.793937,2373748621.254136,4357.000729,1.170897,1,1,1,0.035890
1,32559.000000,27441.000000,4,99521.188519,2377209364.290856,5443.206690,1.094486,1,1,1,0.031021
2,32675.000000,27325.000000,3,108870.789749,2808601861.555077,6906.397496,1.020829,1,1,1,0.027494
3,37392.000000,22608.000000,8,123847.784856,2623057406.009578,4559.638247,1.058791,1,1,1,0.033643
