generation,prey_fitness,predator_fitness,num_alive_end,avg_bb_size,var_bb_size,avg_shortest_dist,swarm_density_count,prey_neurons_connected_prey_retina,prey_neurons_connected_predator_retina,predator_neurons_connected_prey_retina,mutual_info
1,38504.000000,21496.000000,8,13793.644820,55256418.475268,209.996631,3.867629,4,1,5,0.035411
1,42370.000000,17630.000000,13,18730.187887,35847384.341419,228.361970,4.007053,4,1,5,0.047538
2,39180.000000,20820.000000,6,14714.180468,35898887.447938,372.477298,3.757401,4,1,5,0.032312
3,36316.000000,23684.000000,9,14605.759160,53787861.831530,248.379761,3.635003,4,1,5,0.053157
