generation,prey_fitness,predator_fitness,num_alive_end,avg_bb_size,var_bb_size,avg_shortest_dist,swarm_density_count,prey_neurons_connected_prey_retina,prey_neurons_connected_predator_retina,predator_neurons_connected_prey_retina,mutual_info
1,40533.000000,19467.000000,12,1973.355665,507526.465470,46.584505,13.968071,4,3,1,0.011663
1,49848.000000,10152.000000,21,2245.133776,469451.633090,29.734139,16.175062,4,3,1,0.015097
2,49669.000000,10331.000000,15,2474.065641,655646.453671,32.335247,15.673727,4,3,1,0.016269
3,41921.000000,18079.000000,14,2270.027860,717031.855935,42.153331,13.381269,4,3,1,0.016622
