generation,prey_fitness,predator_fitness,num_alive_end,avg_bb_size,var_bb_size,avg_shortest_dist,swarm_density_count,prey_neurons_connected_prey_retina,prey_neurons_connected_predator_retina,predator_neurons_connected_prey_retina,mutual_info
1,30101.000000,29899.000000,2,17639.173835,93829410.391948,1421.934746,2.338846,1,1,1,0.038633
1,30259.000000,29741.000000,2,14664.614592,57982109.796729,3429.976994,2.745068,1,1,1,0.029607
2,28241.000000,31759.000000,2,16178.564519,103061899.241818,1576.539181,2.316693,1,1,1,0.029384
3,32398.000000,27602.000000,2,15940.037845,70237367.937583,1271.941238,2.661173,1,1,1,0.020699
