generation,prey_fitness,predator_fitness,num_alive_end,avg_bb_size,var_bb_size,avg_shortest_dist,swarm_density_count,prey_neurons_connected_prey_retina,prey_neurons_connected_predator_retina,predator_neurons_connected_prey_retina,mutual_info
1,53220.000000,6780.000000,20,3471.531643,1458644.619607,41.542593,14.597884,1,0,1,0.010082
1,43475.000000,16525.000000,13,2772.876958,535732.496287,51.181025,12.447853,1,0,1,0.011649
2,41510.000000,18490.000000,10,2553.798127,618781.118414,51.127362,12.189409,1,0,1,0.012213
3,39517.000000,20483.000000,6,2940.771964,1516121.244362,69.400277,10.742216,1,0,1,0.010973
