generation,prey_fitness,predator_fitness,num_alive_end,avg_bb_size,var_bb_size,avg_shortest_dist,swarm_density_count,prey_neurons_connected_prey_retina,prey_neurons_connected_predator_retina,predator_neurons_connected_prey_retina,mutual_info
1,58708.000000,1292.000000,29,495.987497,23406.977595,6.176999,28.268136,3,6,1,0.256635
1,56837.000000,3163.000000,24,447.718790,20226.274000,6.091649,27.381402,3,6,1,0.346449
2,55831.000000,4169.000000,27,508.611410,23300.561715,7.469233,26.834695,3,6,1,0.243375
3,58626.000000,1374.000000,29,518.221181,23089.776085,6.880601,28.235736,3,6,1,0.215865
