generation,prey_fitness,predator_fitness,num_alive_end,avg_bb_size,var_bb_size,avg_shortest_dist,swarm_density_count,prey_neurons_connected_prey_retina,prey_neurons_connected_predator_retina,predator_neurons_connected_prey_retina,mutual_info
1,49453.000000,10547.000000,15,1186.631602,318575.404657,9.528446,17.518064,1,4,1,0.032936
1,55255.000000,4745.000000,26,1218.142569,259961.701929,7.310161,18.770608,1,4,1,0.031159
2,55320.000000,4680.000000,24,1395.147882,439556.064378,8.283280,18.620402,1,4,1,0.026141
3,49751.000000,10249.000000,19,1373.922748,634867.040310,9.325011,16.979883,1,4,1,0.022025
