generation,prey_fitness,predator_fitness,num_alive_end,avg_bb_size,var_bb_size,avg_shortest_dist,swarm_density_count,prey_neurons_connected_prey_retina,prey_neurons_connected_predator_retina,predator_neurons_connected_prey_retina,mutual_info
1,25299.000000,34701.000000,2,7329.221327,26346092.500478,1048.753224,3.082417,0,1,1,0.018164
1,28996.000000,31004.000000,2,10413.307626,45805565.582458,636.515111,2.980229,0,1,1,0.023043
2,29232.000000,30768.000000,2,11713.739664,44133788.298741,2346.387144,2.959411,0,1,1,0.035167
3,23987.000000,36013.000000,2,9241.115854,31350843.247783,3561.149917,2.269690,0,1,1,0.045388
