generation,prey_fitness,predator_fitness,num_alive_end,avg_bb_size,var_bb_size,avg_shortest_dist,swarm_density_count,prey_neurons_connected_prey_retina,prey_neurons_connected_predator_retina,predator_neurons_connected_prey_retina,mutual_info
1,58131.000000,1869.000000,28,767.668338,19603.900820,10.093455,27.844691,2,0,1,0.003341
1,58033.000000,1967.000000,28,735.673026,20474.629414,9.506888,27.887114,2,0,1,0.003514
2,56890.000000,3110.000000,27,742.603939,27057.434663,9.743212,27.238542,2,0,1,0.003806
3,58630.000000,1370.000000,29,744.349663,20047.850716,9.368979,28.132867,2,0,1,0.005123
