generation,prey_fitness,predator_fitness,num_alive_end,avg_bb_size,var_bb_size,avg_shortest_dist,swarm_density_count,prey_neurons_connected_prey_retina,prey_neurons_connected_predator_retina,predator_neurons_connected_prey_retina,mutual_info
1,55040.000000,4960.000000,22,1287.121963,189052.661040,12.669148,20.695414,2,0,1,0.022537
1,56573.000000,3427.000000,27,1353.783193,247727.230908,12.267291,21.379386,2,0,1,0.016901
2,56398.000000,3602.000000,25,1231.400289,134177.553272,12.047487,21.952854,2,0,1,0.013250
3,55542.000000,4458.000000,25,1318.294213,209905.859991,13.357932,20.907858,2,0,1,0.021605
