generation,prey_fitness,predator_fitness,num_alive_end,avg_bb_size,var_bb_size,avg_shortest_dist,swarm_density_count,prey_neurons_connected_prey_retina,prey_neurons_connected_predator_retina,predator_neurons_connected_prey_retina,mutual_info
1,37906.000000,22094.000000,8,61479.482297,611021576.044571,1720.602149,1.408449,1,1,1,0.027093
1,27339.000000,32661.000000,2,72922.409197,1483944861.337233,10957.051423,1.108317,1,1,1,0.027916
2,30513.000000,29487.000000,4,70249.138211,733268514.568505,3913.390100,1.242413,1,1,1,0.026142
3,36855.000000,23145.000000,10,134014.822300,2343970230.502954,4134.043803,1.279132,1,1,1,0.033490
