generation,prey_fitness,predator_fitness,num_alive_end,avg_bb_size,var_bb_size,avg_shortest_dist,swarm_density_count,prey_neurons_connected_prey_retina,prey_neurons_connected_predator_retina,predator_neurons_connected_prey_retina,mutual_info
1,54587.000000,5413.000000,25,566.350937,23436.866934,6.307155,25.763879,1,1,1,0.006380
1,58310.000000,1690.000000,27,595.179819,40194.418622,6.011226,27.453442,1,1,1,0.006503
2,59234.000000,766.000000,29,605.226591,37456.683152,6.273097,27.704270,1,1,1,0.006669
3,50679.000000,9321.000000,22,559.639819,23843.348759,6.517144,23.878583,1,1,1,0.013881
