generation,prey_fitness,predator_fitness,num_alive_end,avg_bb_size,var_bb_size,avg_shortest_dist,swarm_density_count,prey_neurons_connected_prey_retina,prey_neurons_connected_predator_retina,predator_neurons_connected_prey_retina,mutual_info
1,58476.000000,1524.000000,25,1585.637269,674826.231342,10.569515,19.498775,2,1,2,0.030048
1,57760.000000,2240.000000,25,1412.485832,407916.183774,9.464238,19.294831,2,1,2,0.031407
2,54059.000000,5941.000000,25,1361.115186,353178.308463,10.769502,18.533855,2,1,2,0.027007
3,56003.000000,3997.000000,22,1313.369847,425944.926821,9.434658,19.769412,2,1,2,0.029144
