generation,prey_fitness,predator_fitness,num_alive_end,avg_bb_size,var_bb_size,avg_shortest_dist,swarm_density_count,prey_neurons_connected_prey_retina,prey_neurons_connected_predator_retina,predator_neurons_connected_prey_retina,mutual_info
1,58365.000000,1635.000000,28,535.663320,14426.617664,6.390127,28.112479,1,2,1,0.011955
1,58293.000000,1707.000000,28,527.998554,14547.873413,6.496992,28.055995,1,2,1,0.013731
2,56721.000000,3279.000000,27,573.972953,25063.337083,7.050787,27.166400,1,2,1,0.010851
3,59147.000000,853.000000,29,578.204579,22003.760041,7.016839,28.431626,1,2,1,0.011870
