generation,prey_fitness,predator_fitness,num_alive_end,avg_bb_size,var_bb_size,avg_shortest_dist,swarm_density_count,prey_neurons_connected_prey_retina,prey_neurons_connected_predator_retina,predator_neurons_connected_prey_retina,mutual_info
1,49312.000000,10688.000000,20,3229.131556,1852828.808599,28.793296,12.658460,1,0,1,0.051214
1,51092.000000,8908.000000,21,3392.510429,1282364.723005,25.880708,12.255634,1,0,1,0.053147
2,53175.000000,6825.000000,22,3786.482605,1572644.223428,29.503749,12.193750,1,0,1,0.071605
3,43508.000000,16492.000000,14,2906.411953,1122813.732291,30.973645,11.003818,1,0,1,0.050689
