generation,prey_fitness,predator_fitness,num_alive_end,avg_bb_size,var_bb_size,avg_shortest_dist,swarm_density_count,prey_neurons_connected_prey_retina,prey_neurons_connected_predator_retina,predator_neurons_connected_prey_retina,mutual_info
1,39845.000000,20155.000000,9,9702.909267,12921122.880075,176.000895,5.858774,2,1,2,0.044728
1,48110.000000,11890.000000,16,11040.258813,19347142.119338,87.476753,6.733871,2,1,2,0.072694
2,41076.000000,18924.000000,10,8346.705237,18733021.852532,102.973380,6.405910,2,1,2,0.016493
3,37521.000000,22479.000000,4,7829.255489,24648452.876034,123.213586,5.840783,2,1,2,0.025330
