generation,prey_fitness,predator_fitness,num_alive_end,avg_bb_size,var_bb_size,avg_shortest_dist,swarm_density_count,prey_neurons_connected_prey_retina,prey_neurons_connected_predator_retina,predator_neurons_connected_prey_retina,mutual_info
1,31964.000000,28036.000000,8,187936.840269,5675750589.147864,8470.027487,1.029982,3,1,1,0.028789
1,34474.000000,25526.000000,8,151961.596551,4547189681.129528,8205.582499,1.467212,3,1,1,0.035276
2,33426.000000,26574.000000,6,172372.228702,5979393792.301394,11329.088026,1.193000,3,1,1,0.039730
3,36574.000000,23426.000000,10,190043.309448,5799429903.640289,7096.091380,1.193334,3,1,1,0.045608
