generation,prey_fitness,predator_fitness,num_alive_end,avg_bb_size,var_bb_size,avg_shortest_dist,swarm_density_count,prey_neurons_connected_prey_retina,prey_neurons_connected_predator_retina,predator_neurons_connected_prey_retina,mutual_info
1,37980.000000,22020.000000,5,41312.348080,192708707.910899,1682.638292,2.307026,0,5,1,0.048435
1,30189.000000,29811.000000,2,39819.016707,297399196.875684,4245.654073,1.677352,0,5,1,0.034737
2,32259.000000,27741.000000,2,50313.039596,738834006.562754,2854.924395,1.834699,0,5,1,0.021130
3,30401.000000,29599.000000,2,18692.880807,171662330.089180,1983.261491,2.444217,0,5,1,0.045921
