generation,prey_fitness,predator_fitness,num_alive_end,avg_bb_size,var_bb_size,avg_shortest_dist,swarm_density_count,prey_neurons_connected_prey_retina,prey_neurons_connected_predator_retina,predator_neurons_connected_prey_retina,mutual_info
1,51557.000000,8443.000000,21,2080.371143,499933.386196,18.211852,16.398387,3,1,1,0.031139
1,50055.000000,9945.000000,19,2087.013490,570140.080553,18.541005,15.521754,3,1,1,0.026052
2,49219.000000,10781.000000,19,1847.374157,425480.520647,18.165534,16.252070,3,1,1,0.027392
3,47922.000000,12078.000000,19,2062.765191,511171.777160,19.287875,14.351240,3,1,1,0.038768
