generation,prey_fitness,predator_fitness,num_alive_end,avg_bb_size,var_bb_size,avg_shortest_dist,swarm_density_count,prey_neurons_connected_prey_retina,prey_neurons_connected_predator_retina,predator_neurons_connected_prey_retina,mutual_info
1,50892.000000,9108.000000,22,1964.612705,548100.311114,15.347043,15.564823,2,0,4,0.035753
1,54430.000000,5570.000000,22,2109.517597,617632.677084,14.020654,16.148336,2,0,4,0.039160
2,48412.000000,11588.000000,18,2156.199594,739839.288790,17.668924,14.197130,2,0,4,0.037599
3,51940.000000,8060.000000,18,2207.849444,1020941.688182,17.383666,15.297900,2,0,4,0.038552
