generation,prey_fitness,predator_fitness,num_alive_end,avg_bb_size,var_bb_size,avg_shortest_dist,swarm_density_count,prey_neurons_connected_prey_retina,prey_neurons_connected_predator_retina,predator_neurons_connected_prey_retina,mutual_info
1,30084.000000,29916.000000,2,12097.550095,45462995.299701,1374.112537,3.085391,1,4,1,0.062351
1,26498.000000,33502.000000,2,7635.365748,23605747.283610,1907.812615,3.317120,1,4,1,0.049315
2,32686.000000,27314.000000,2,12981.041831,72129243.728955,1235.768836,3.198451,1,4,1,0.025558
3,37483.000000,22517.000000,3,12069.799325,32118380.554472,400.960972,4.021524,1,4,1,0.127495
