generation,prey_fitness,predator_fitness,num_alive_end,avg_bb_size,var_bb_size,avg_shortest_dist,swarm_density_count,prey_neurons_connected_prey_retina,prey_neurons_connected_predator_retina,predator_neurons_connected_prey_retina,mutual_info
1,55167.000000,4833.000000,25,1104.869910,107146.241411,13.666039,24.306958,3,4,1,0.005183
1,48776.000000,11224.000000,22,1086.756335,86744.488677,15.940738,21.638762,3,4,1,0.006103
2,51434.000000,8566.000000,19,1005.810479,74926.144296,14.536311,23.275252,3,4,1,0.012795
3,55619.000000,4381.000000,24,1059.819287,65487.699985,13.142019,25.149012,3,4,1,0.010855
