generation,prey_fitness,predator_fitness,num_alive_end,avg_bb_size,var_bb_size,avg_shortest_dist,swarm_density_count,prey_neurons_connected_prey_retina,prey_neurons_connected_predator_retina,predator_neurons_connected_prey_retina,mutual_info
1,33560.000000,26440.000000,2,2455.699987,1630512.275861,129.642103,9.126414,3,1,2,0.011433
1,38443.000000,21557.000000,5,2428.326782,1057453.420657,71.247127,10.744370,3,1,2,0.008517
2,41358.000000,18642.000000,9,2822.537982,1058861.599300,66.620397,11.377943,3,1,2,0.006217
3,35610.000000,24390.000000,6,2305.229580,1147985.441778,74.377113,10.359794,3,1,2,0.006973
