generation,prey_fitness,predator_fitness,num_alive_end,avg_bb_size,var_bb_size,avg_shortest_dist,swarm_density_count,prey_neurons_connected_prey_retina,prey_neurons_connected_predator_retina,predator_neurons_connected_prey_retina,mutual_info
1,50200.000000,9800.000000,19,2218.509304,695356.057247,22.488482,15.053576,1,3,1,0.018590
1,52150.000000,7850.000000,20,2048.696565,478458.662147,19.920093,16.170268,1,3,1,0.012317
2,54304.000000,5696.000000,23,2557.523512,583263.312203,21.126594,15.149621,1,3,1,0.025575
3,48498.000000,11502.000000,17,2689.226212,971679.788246,27.355898,13.475300,1,3,1,0.017780
