generation,prey_fitness,predator_fitness,num_alive_end,avg_bb_size,var_bb_size,avg_shortest_dist,swarm_density_count,prey_neurons_connected_prey_retina,prey_neurons_connected_predator_retina,predator_neurons_connected_prey_retina,mutual_info
1,41491.000000,18509.000000,9,112524.419718,2754309066.041435,3665.585830,1.401702,2,3,1,0.030297
1,42206.000000,17794.000000,12,175571.392780,6316997878.832541,6531.110212,1.479162,2,3,1,0.028456
2,38514.000000,21486.000000,10,176489.182439,5206982860.427602,6076.077405,1.158121,2,3,1,0.102777
3,33360.000000,26640.000000,6,107680.501880,1542363422.948233,5328.158140,1.307850,2,3,1,0.083887
