generation,prey_fitness,predator_fitness,num_alive_end,avg_bb_size,var_bb_size,avg_shortest_dist,swarm_density_count,prey_neurons_connected_prey_retina,prey_neurons_connected_predator_retina,predator_neurons_connected_prey_retina,mutual_info
1,55023.000000,4977.000000,26,767.682456,86755.634878,6.218297,23.030498,2,2,2,0.016434
1,49274.000000,10726.000000,21,766.044913,84409.706358,7.092887,20.205986,2,2,2,0.026664
2,54397.000000,5603.000000,24,779.288666,72899.415764,6.047439,22.904087,2,2,2,0.016403
3,58324.000000,1676.000000,27,797.753417,107264.223969,4.953107,24.023267,2,2,2,0.017337
