generation,prey_fitness,predator_fitness,num_alive_end,avg_bb_size,var_bb_size,avg_shortest_dist,swarm_density_count,prey_neurons_connected_prey_retina,prey_neurons_connected_predator_retina,predator_neurons_connected_prey_retina,mutual_info
1,23805.000000,36195.000000,2,7836.959913,32021297.835774,950.109736,2.655631,2,3,5,0.023857
1,24674.000000,35326.000000,2,6262.498869,15856739.054993,1431.077024,3.526558,2,3,5,0.022706
2,28588.000000,31412.000000,2,11995.416464,57932294.438383,995.829770,3.016034,2,3,5,0.023844
3,27407.000000,32593.000000,2,6805.494003,19469643.484899,1593.285611,3.586739,2,3,5,0.022995
