generation,prey_fitness,predator_fitness,num_alive_end,avg_bb_size,var_bb_size,avg_shortest_dist,swarm_density_count,prey_neurons_connected_prey_retina,prey_neurons_connected_predator_retina,predator_neurons_connected_prey_retina,mutual_info
1,27732.000000,32268.000000,5,153367.927379,4517545611.860130,12301.893137,1.151741,1,1,1,0.028546
1,30603.000000,29397.000000,4,141275.638887,3268536511.417305,8596.156658,1.209806,1,1,1,0.039418
2,35988.000000,24012.000000,9,165106.767541,6058350707.151361,7214.722712,1.262071,1,1,1,0.025163
3,39159.000000,20841.000000,8,180497.262573,5641838862.242934,6450.555013,1.183758,1,1,1,0.047974
