generation,prey_fitness,predator_fitness,num_alive_end,avg_bb_size,var_bb_size,avg_shortest_dist,swarm_density_count,prey_neurons_connected_prey_retina,prey_neurons_connected_predator_retina,predator_neurons_connected_prey_retina,mutual_info
1,50840.000000,9160.000000,21,2725.012620,411721.328948,30.934481,10.997793,2,0,1,0.003834
1,46205.000000,13795.000000,18,2412.996111,605790.342943,32.213658,10.915334,2,0,1,0.004570
2,46025.000000,13975.000000,19,2330.891833,433050.476645,32.483705,11.080303,2,0,1,0.004079
3,45950.000000,14050.000000,14,2505.926753,989268.778377,32.806902,10.642072,2,0,1,0.004019
