generation,prey_fitness,predator_fitness,num_alive_end,avg_bb_size,var_bb_size,avg_shortest_dist,swarm_density_count,prey_neurons_connected_prey_retina,prey_neurons_connected_predator_retina,predator_neurons_connected_prey_retina,mutual_info
1,35742.000000,24258.000000,2,2512.372621,1617032.107698,112.584157,11.076152,3,3,3,0.011216
1,36315.000000,23685.000000,4,2626.413069,925484.494836,110.156057,11.323508,3,3,3,0.011582
2,37892.000000,22108.000000,4,3055.075154,1181348.849074,114.839157,11.446509,3,3,3,0.021831
3,39925.000000,20075.000000,9,2734.608837,1098118.193044,73.713784,12.059541,3,3,3,0.008126
