generation,prey_fitness,predator_fitness,num_alive_end,avg_bb_size,var_bb_size,avg_shortest_dist,swarm_density_count,prey_neurons_connected_prey_retina,prey_neurons_connected_predator_retina,predator_neurons_connected_prey_retina,mutual_info
1,63723.000000,26277.000000,19,88197.516313,1560518962.905957,1429.711103,2.529465,1,1,1,0.023576
1,64433.000000,25567.000000,22,83675.731894,1497400587.693196,1294.169455,2.526144,1,1,1,0.025636
2,67748.000000,22252.000000,20,79180.032582,932325159.393097,1096.488476,2.542772,1,1,1,0.012823
3,64486.000000,25514.000000,21,70548.292715,1039556152.745082,1072.187897,2.831580,1,1,1,0.017708
