generation,prey_fitness,predator_fitness,num_alive_end,avg_bb_size,var_bb_size,avg_shortest_dist,swarm_density_count,prey_neurons_connected_prey_retina,prey_neurons_connected_predator_retina,predator_neurons_connected_prey_retina,mutual_info
1,65314.000000,24686.000000,20,193441.808741,5530628092.963017,2766.765808,1.773082,0,0,1,0.020592
1,58819.000000,31181.000000,16,182536.075055,5175877760.331052,2694.421258,1.908427,0,0,1,0.023576
2,63397.000000,26603.000000,17,181794.181376,4765234469.117512,2905.334612,1.814263,0,0,1,0.021504
3,62270.000000,27730.000000,20,191867.176715,5977965785.580565,2988.907152,1.937475,0,0,1,0.040807
