generation,prey_fitness,predator_fitness,num_alive_end,avg_bb_size,var_bb_size,avg_shortest_dist,swarm_density_count,prey_neurons_connected_prey_retina,prey_neurons_connected_predator_retina,predator_neurons_connected_prey_retina,mutual_info
1,58275.000000,31725.000000,14,38888.864563,401046671.811019,949.389013,5.700834,1,2,2,0.018361
1,58012.000000,31988.000000,16,42861.801125,444303884.847557,789.671745,5.522911,1,2,2,0.020769
2,62745.000000,27255.000000,19,53199.051029,760814636.009591,793.951617,5.342480,1,2,2,0.010955
3,62662.000000,27338.000000,18,47605.769746,500992232.152126,763.517252,5.065646,1,2,2,0.020852
