generation,prey_fitness,predator_fitness,num_alive_end,avg_bb_size,var_bb_size,avg_shortest_dist,swarm_density_count,prey_neurons_connected_prey_retina,prey_neurons_connected_predator_retina,predator_neurons_connected_prey_retina,mutual_info
1,60186.000000,29814.000000,16,193383.422053,6088959248.291677,3120.831660,1.768436,4,2,2,0.021775
1,61263.000000,28737.000000,16,179977.975957,4917953955.037952,3512.669116,1.886293,4,2,2,0.018385
2,66771.000000,23229.000000,20,201037.494083,6371028444.183974,2609.837115,1.902432,4,2,2,0.018860
3,63497.000000,26503.000000,21,196029.908948,5616984688.401872,3022.901197,1.851623,4,2,2,0.025519
