generation,prey_fitness,predator_fitness,num_alive_end,avg_bb_size,var_bb_size,avg_shortest_dist,swarm_density_count,prey_neurons_connected_prey_retina,prey_neurons_connected_predator_retina,predator_neurons_connected_prey_retina,mutual_info
1,53627.000000,36373.000000,5,20833.695721,58658334.597351,530.560920,4.980880,2,4,1,0.042797
1,59253.000000,30747.000000,13,21660.140762,38955086.037329,406.622017,5.082491,2,4,1,0.018554
2,52725.000000,37275.000000,5,18944.552978,47902294.638226,465.596606,4.809593,2,4,1,0.030910
3,61498.000000,28502.000000,17,32633.159502,153864370.630709,524.483163,4.375563,2,4,1,0.017557
