generation,prey_fitness,predator_fitness,num_alive_end,avg_bb_size,var_bb_size,avg_shortest_dist,swarm_density_count,prey_neurons_connected_prey_retina,prey_neurons_connected_predator_retina,predator_neurons_connected_prey_retina,mutual_info
1,63105.000000,26895.000000,19,66702.583583,626521018.903561,1083.197642,2.920257,1,4,1,0.020010
1,62074.000000,27926.000000,16,76392.133172,956470316.287535,1304.572606,2.674749,1,4,1,0.033597
2,57387.000000,32613.000000,15,72088.157126,844247840.057670,1518.701888,2.489559,1,4,1,0.031774
3,66388.000000,23612.000000,20,77347.619478,1001578622.668484,1333.519022,2.841675,1,4,1,0.025891
