generation,prey_fitness,predator_fitness,num_alive_end,avg_bb_size,var_bb_size,avg_shortest_dist,swarm_density_count,prey_neurons_connected_prey_retina,prey_neurons_connected_predator_retina,predator_neurons_connected_prey_retina,mutual_info
1,70563.000000,19437.000000,23,185260.670621,5178840204.022264,2350.252142,2.061473,0,1,1,0.011165
1,59561.000000,30439.000000,18,148437.911255,4493604451.637739,2859.334754,2.043596,0,1,1,0.016477
2,53838.000000,36162.000000,13,106626.499677,2098825067.627750,2011.019300,1.852497,0,1,1,0.023292
3,69367.000000,20633.000000,22,179011.465826,5091386428.251074,2325.405526,1.922290,0,1,1,0.014509
