generation,prey_fitness,predator_fitness,num_alive_end,avg_bb_size,var_bb_size,avg_shortest_dist,swarm_density_count,prey_neurons_connected_prey_retina,prey_neurons_connected_predator_retina,predator_neurons_connected_prey_retina,mutual_info
1,69939.000000,20061.000000,27,147307.700259,4064936445.325115,2051.203065,1.861569,0,3,1,0.015505
1,66637.000000,23363.000000,23,109208.870403,2108242176.435869,1864.033287,2.165020,0,3,1,0.024999
2,66058.000000,23942.000000,23,134776.034189,2747615416.902368,1884.202258,1.909061,0,3,1,0.012206
3,62949.000000,27051.000000,20,113604.721520,2024319404.218682,1727.368945,1.960029,0,3,1,0.010797
