generation,prey_fitness,predator_fitness,num_alive_end,avg_bb_size,var_bb_size,avg_shortest_dist,swarm_density_count,prey_neurons_connected_prey_retina,prey_neurons_connected_predator_retina,predator_neurons_connected_prey_retina,mutual_info
1,71668.000000,18332.000000,28,182044.410594,4612353409.766877,1791.538170,1.784777,1,2,1,0.014766
1,68910.000000,21090.000000,22,142994.677546,2676524372.090222,1808.176689,2.067789,1,2,1,0.019033
2,65661.000000,24339.000000,20,138994.534532,2805415451.137077,1833.830186,1.863635,1,2,1,0.025116
3,72269.000000,17731.000000,27,176819.383030,3953955558.108606,1912.219003,1.902451,1,2,1,0.018747
