generation,prey_fitness,predator_fitness,num_alive_end,avg_bb_size,var_bb_size,avg_shortest_dist,swarm_density_count,prey_neurons_connected_prey_retina,prey_neurons_connected_predator_retina,predator_neurons_connected_prey_retina,mutual_info
1,66257.000000,23743.000000,22,166359.275403,4422560645.243989,2202.108012,2.088124,2,1,1,0.040070
1,63910.000000,26090.000000,21,125427.168691,3612688877.717590,1755.023514,2.499458,2,1,1,0.020839
2,66960.000000,23040.000000,23,185448.212408,4936577107.039330,2604.531248,2.014009,2,1,1,0.024959
3,67661.000000,22339.000000,23,171323.309050,5463119390.857765,2332.862542,2.073701,2,1,1,0.020504
