generation,prey_fitness,predator_fitness,num_alive_end,avg_bb_size,var_bb_size,avg_shortest_dist,swarm_density_count,prey_neurons_connected_prey_retina,prey_neurons_connected_predator_retina,predator_neurons_connected_prey_retina,mutual_info
1,50637.000000,39363.000000,8,19569.672131,69254746.217512,526.163389,4.375958,3,3,1,0.014816
1,51945.000000,38055.000000,8,22820.906848,46867936.806683,720.658915,4.237128,3,3,1,0.015820
2,53530.000000,36470.000000,5,24120.880350,79071106.373259,636.676750,3.892246,3,3,1,0.019566
3,49939.000000,40061.000000,6,19345.175763,40794565.649196,657.633732,4.285144,3,3,1,0.022285
