generation,prey_fitness,predator_fitness,num_alive_end,avg_bb_size,var_bb_size,avg_shortest_dist,swarm_density_count,prey_neurons_connected_prey_retina,prey_neurons_connected_predator_retina,predator_neurons_connected_prey_retina,mutual_info
1,63895.000000,26105.000000,21,26110.453794,72984172.307045,443.085266,6.491633,7,2,1,0.015554
1,62516.000000,27484.000000,16,23502.647852,80842837.409947,403.670342,6.457614,7,2,1,0.016134
2,64069.000000,25931.000000,18,22660.019102,70164208.151898,365.953689,6.763306,7,2,1,0.020305
3,56406.000000,33594.000000,11,23552.189304,93229324.660047,474.091577,5.337180,7,2,1,0.024306
