generation,prey_fitness,predator_fitness,num_alive_end,avg_bb_size,var_bb_size,avg_shortest_dist,swarm_density_count,prey_neurons_connected_prey_retina,prey_neurons_connected_predator_retina,predator_neurons_connected_prey_retina,mutual_info
1,66535.000000,23465.000000,23,161281.235910,3862612878.704048,2272.473773,1.945427,1,2,1,0.029392
1,61547.000000,28453.000000,20,154043.159526,5291627938.508124,2569.944111,2.040280,1,2,1,0.027656
2,66629.000000,23371.000000,23,152528.744040,3418309012.513968,2061.840441,1.916950,1,2,1,0.020626
3,62378.000000,27622.000000,19,144975.913923,4770648538.860658,2635.851615,1.958868,1,2,1,0.018170
