generation,prey_fitness,predator_fitness,num_alive_end,avg_bb_size,var_bb_size,avg_shortest_dist,swarm_density_count,prey_neurons_connected_prey_retina,prey_neurons_connected_predator_retina,predator_neurons_connected_prey_retina,mutual_info
1,53569.000000,36431.000000,10,48249.119976,280340237.753059,1223.625068,2.645842,1,1,1,0.017936
1,58998.000000,31002.000000,16,64263.275642,746993909.740237,1294.091091,2.868287,1,1,1,0.027150
2,59917.000000,30083.000000,18,78668.484730,843349729.164466,1406.259044,2.507272,1,1,1,0.024222
3,62448.000000,27552.000000,18,55319.475339,303257908.747546,978.425849,2.944173,1,1,1,0.019466
