generation,prey_fitness,predator_fitness,num_alive_end,avg_bb_size,var_bb_size,avg_shortest_dist,swarm_density_count,prey_neurons_connected_prey_retina,prey_neurons_connected_predator_retina,predator_neurons_connected_prey_retina,mutual_info
1,68502.000000,21498.000000,20,185320.050650,4637926334.181561,2684.965852,2.101821,1,1,1,0.036650
1,55494.000000,34506.000000,14,182195.750146,4906650653.984893,3845.889811,1.921598,1,1,1,0.018633
2,63832.000000,26168.000000,17,201139.111984,6074155610.158569,2994.429226,1.987258,1,1,1,0.027833
3,61762.000000,28238.000000,19,185542.048237,5620661044.590731,2561.088090,2.041642,1,1,1,0.019029
