generation,prey_fitness,predator_fitness,num_alive_end,avg_bb_size,var_bb_size,avg_shortest_dist,swarm_density_count,prey_neurons_connected_prey_retina,prey_neurons_connected_predator_retina,predator_neurons_connected_prey_retina,mutual_info
1,61951.000000,28049.000000,18,74220.174309,857900614.631335,1303.140201,2.633180,3,3,1,0.023832
1,63310.000000,26690.000000,19,82993.412830,1443603315.764726,1433.193579,2.406402,3,3,1,0.018606
2,64512.000000,25488.000000,19,73451.505010,678037379.490496,1209.236456,2.611348,3,3,1,0.018837
3,72775.000000,17225.000000,26,109042.861957,2198600925.729100,1254.579243,2.387019,3,3,1,0.014071
