generation,prey_fitness,predator_fitness,num_alive_end,avg_bb_size,var_bb_size,avg_shortest_dist,swarm_density_count,prey_neurons_connected_prey_retina,prey_neurons_connected_predator_retina,predator_neurons_connected_prey_retina,mutual_info
1,64832.000000,25168.000000,23,159595.283893,4188985448.543452,2349.250797,2.042325,1,0,1,0.016193
1,60069.000000,29931.000000,17,170617.649649,5702951099.896573,2341.416161,1.964090,1,0,1,0.017969
2,50384.000000,39616.000000,8,156019.834508,3608973692.093965,4174.243529,1.972265,1,0,1,0.030203
3,67474.000000,22526.000000,22,185952.937336,5291195031.607622,2382.351453,1.966716,1,0,1,0.036354
