generation,prey_fitness,predator_fitness,num_alive_end,avg_bb_size,var_bb_size,avg_shortest_dist,swarm_density_count,prey_neurons_connected_prey_retina,prey_neurons_connected_predator_retina,predator_neurons_connected_prey_retina,mutual_info
1,66224.000000,23776.000000,19,12289.511438,15829902.640512,174.868852,9.742430,0,4,5,0.007533
1,65176.000000,24824.000000,19,11757.247603,15045192.257781,175.510374,9.597960,0,4,5,0.012210
2,72130.000000,17870.000000,25,11615.864972,18451990.058300,151.939101,11.980609,0,4,5,0.006480
3,70537.000000,19463.000000,26,9236.053765,11467109.784121,129.595033,12.573045,0,4,5,0.007584
