generation,prey_fitness,predator_fitness,num_alive_end,avg_bb_size,var_bb_size,avg_shortest_dist,swarm_density_count,prey_neurons_connected_prey_retina,prey_neurons_connected_predator_retina,predator_neurons_connected_prey_retina,mutual_info
1,60660.000000,29340.000000,16,71128.481153,579636402.905568,1245.219631,2.472410,2,3,2,0.017011
1,58699.000000,31301.000000,14,75494.784073,744281405.430383,1379.457215,2.498359,2,3,2,0.046419
2,57149.000000,32851.000000,13,72144.964602,1085417344.008177,1476.300405,2.384869,2,3,2,0.017179
3,63802.000000,26198.000000,20,77616.292760,754978497.769422,1367.204518,2.705326,2,3,2,0.024950
