generation,prey_fitness,predator_fitness,num_alive_end,avg_bb_size,var_bb_size,avg_shortest_dist,swarm_density_count,prey_neurons_connected_prey_retina,prey_neurons_connected_predator_retina,predator_neurons_connected_prey_retina,mutual_info
1,59137.000000,30863.000000,17,172545.851856,4109366061.578497,3091.776374,1.707712,2,0,1,0.015004
1,64110.000000,25890.000000,19,172467.439762,4150065622.684142,2623.294364,1.685209,2,0,1,0.023740
2,57009.000000,32991.000000,16,166678.319051,4073421869.377175,3195.078882,1.704158,2,0,1,0.022282
3,63590.000000,26410.000000,20,180920.456826,4625835948.277209,2981.239815,1.734161,2,0,1,0.024906
