generation,prey_fitness,predator_fitness,num_alive_end,avg_bb_size,var_bb_size,avg_shortest_dist,swarm_density_count,prey_neurons_connected_prey_retina,prey_neurons_connected_predator_retina,predator_neurons_connected_prey_retina,mutual_info
1,63265.000000,26735.000000,18,84403.003505,1877882508.460621,1297.068630,2.700454,1,2,2,0.022473
1,62841.000000,27159.000000,18,78221.308745,1168228550.934935,1706.595935,2.979740,1,2,2,0.010882
2,61092.000000,28908.000000,18,61335.125752,563378185.135977,1125.599041,3.329771,1,2,2,0.022436
3,62616.000000,27384.000000,19,76902.848770,920434778.678792,1396.615869,2.877389,1,2,2,0.041596
