generation,prey_fitness,predator_fitness,num_alive_end,avg_bb_size,var_bb_size,avg_shortest_dist,swarm_density_count,prey_neurons_connected_prey_retina,prey_neurons_connected_predator_retina,predator_neurons_connected_prey_retina,mutual_info
1,66277.000000,23723.000000,22,101682.465563,1737566350.232321,1400.370681,2.429293,0,1,2,0.018965
1,67624.000000,22376.000000,22,92653.447373,1253415702.202635,1492.094895,2.469281,0,1,2,0.017942
2,63960.000000,26040.000000,17,87905.588634,1412132959.937422,1506.750355,2.451261,0,1,2,0.026013
3,63515.000000,26485.000000,21,85632.944024,1050394744.794814,1398.575114,2.527253,0,1,2,0.043486
