generation,prey_fitness,predator_fitness,num_alive_end,avg_bb_size,var_bb_size,avg_shortest_dist,swarm_density_count,prey_neurons_connected_prey_retina,prey_neurons_connected_predator_retina,predator_neurons_connected_prey_retina,mutual_info
1,64837.000000,25163.000000,21,77582.395228,607112610.206237,1089.478783,2.365664,1,5,1,0.019157
1,63055.000000,26945.000000,20,102430.635754,2422614770.109419,1812.222802,2.475211,1,5,1,0.020961
2,62992.000000,27008.000000,16,62323.060704,568002359.543946,1224.811036,3.065013,1,5,1,0.046334
3,65107.000000,24893.000000,22,102803.513871,2677354321.535391,1508.424559,2.323990,1,5,1,0.018671
