generation,prey_fitness,predator_fitness,num_alive_end,avg_bb_size,var_bb_size,avg_shortest_dist,swarm_density_count,prey_neurons_connected_prey_retina,prey_neurons_connected_predator_retina,predator_neurons_connected_prey_retina,mutual_info
1,65886.000000,24114.000000,23,104341.799601,3239154412.962694,1262.080093,4.053013,2,1,1,0.021878
1,67303.000000,22697.000000,22,149449.576225,5165755193.722866,2123.894595,3.185125,2,1,1,0.022757
2,68071.000000,21929.000000,25,146141.580925,4820277695.625296,1671.437138,3.488722,2,1,1,0.021977
3,63052.000000,26948.000000,21,165537.499655,5443198707.367576,1777.221945,2.968652,2,1,1,0.025181
