generation,prey_fitness,predator_fitness,num_alive_end,avg_bb_size,var_bb_size,avg_shortest_dist,swarm_density_count,prey_neurons_connected_prey_retina,prey_neurons_connected_predator_retina,predator_neurons_connected_prey_retina,mutual_info
1,53269.000000,36731.000000,5,19410.071758,54665826.974923,516.257219,4.845130,0,5,1,0.012399
1,55628.000000,34372.000000,11,18976.989720,31534199.887356,461.559054,5.180702,0,5,1,0.009522
2,61874.000000,28126.000000,18,30031.446494,160011531.786316,592.744325,4.586250,0,5,1,0.008954
3,58353.000000,31647.000000,15,25063.078147,60058121.263648,450.710713,4.784414,0,5,1,0.011559
