generation,prey_fitness,predator_fitness,num_alive_end,avg_bb_size,var_bb_size,avg_shortest_dist,swarm_density_count,prey_neurons_connected_prey_retina,prey_neurons_connected_predator_retina,predator_neurons_connected_prey_retina,mutual_info
1,60936.000000,29064.000000,15,92793.067124,1276751442.813504,1457.963747,2.220594,4,5,1,0.012407
1,59264.000000,30736.000000,16,61701.462571,373290399.001238,1150.645676,2.496362,4,5,1,0.014201
2,61921.000000,28079.000000,18,92374.730547,1080161434.758906,1997.384678,2.383254,4,5,1,0.028176
3,59699.000000,30301.000000,18,75179.249592,742759628.579893,1249.734530,2.335589,4,5,1,0.026770
