generation,prey_fitness,predator_fitness,num_alive_end,avg_bb_size,var_bb_size,avg_shortest_dist,swarm_density_count,prey_neurons_connected_prey_retina,prey_neurons_connected_predator_retina,predator_neurons_connected_prey_retina,mutual_info
1,56378.000000,33622.000000,14,58106.847774,348353221.871667,1200.617681,2.160350,1,1,1,0.014375
1,60412.000000,29588.000000,15,68555.727378,485588223.222772,1186.674040,2.247185,1,1,1,0.014132
2,65455.000000,24545.000000,23,85213.990613,1123227405.958180,1185.219451,2.253351,1,1,1,0.017363
3,62065.000000,27935.000000,19,69901.150347,578195473.609124,1315.127937,2.284279,1,1,1,0.014407
