generation,prey_fitness,predator_fitness,num_alive_end,avg_bb_size,var_bb_size,avg_shortest_dist,swarm_density_count,prey_neurons_connected_prey_retina,prey_neurons_connected_predator_retina,predator_neurons_connected_prey_retina,mutual_info
1,59661.000000,30339.000000,19,179639.323907,4735116192.031114,3239.741026,1.623747,1,2,2,0.026711
1,69973.000000,20027.000000,25,193773.161880,5330136834.548538,2688.377481,1.712798,1,2,2,0.022752
2,69804.000000,20196.000000,26,194822.642838,5209568055.931455,2724.792929,1.796048,1,2,2,0.013734
3,60103.000000,29897.000000,17,187929.848718,5472075225.024860,2982.381277,1.796179,1,2,2,0.039627
