generation,prey_fitness,predator_fitness,num_alive_end,avg_bb_size,var_bb_size,avg_shortest_dist,swarm_density_count,prey_neurons_connected_prey_retina,prey_neurons_connected_predator_retina,predator_neurons_connected_prey_retina,mutual_info
1,69928.000000,20072.000000,24,209150.874635,4594894203.657384,2739.232902,1.428007,5,4,3,0.015492
1,65223.000000,24777.000000,21,156186.099171,2410049577.207263,2578.092994,1.457000,5,4,3,0.025632
2,74637.000000,15363.000000,28,197160.114470,4085611907.075451,2669.169880,1.508436,5,4,3,0.013440
3,59054.000000,30946.000000,17,160508.869963,3041778162.785028,3164.068968,1.402030,5,4,3,0.015751
