generation,prey_fitness,predator_fitness,num_alive_end,avg_bb_size,var_bb_size,avg_shortest_dist,swarm_density_count,prey_neurons_connected_prey_retina,prey_neurons_connected_predator_retina,predator_neurons_connected_prey_retina,mutual_info
1,66857.000000,23143.000000,24,125862.241725,2719877585.677985,1815.928228,2.184720,1,3,3,0.023382
1,64821.000000,25179.000000,23,136214.723849,3842772421.432263,2015.222230,2.115063,1,3,3,0.021945
2,63731.000000,26269.000000,19,118015.729018,2945634026.087148,1923.181525,2.235263,1,3,3,0.019093
3,72162.000000,17838.000000,26,145314.683677,3793874804.373138,1729.148797,2.128703,1,3,3,0.020984
