generation,prey_fitness,predator_fitness,num_alive_end,avg_bb_size,var_bb_size,avg_shortest_dist,swarm_density_count,prey_neurons_connected_prey_retina,prey_neurons_connected_predator_retina,predator_neurons_connected_prey_retina,mutual_info
1,67879.000000,22121.000000,24,179590.445422,5618597386.597700,2537.872301,1.749893,1,1,1,0.014336
1,63906.000000,26094.000000,21,163610.112347,3836045066.566413,2425.475440,1.781009,1,1,1,0.011831
2,71196.000000,18804.000000,25,178281.386863,4820382223.335961,2411.557967,1.886399,1,1,1,0.020799
3,62122.000000,27878.000000,22,183284.465946,4439939329.732057,3176.504204,1.793145,1,1,1,0.031272
