generation,prey_fitness,predator_fitness,num_alive_end,avg_bb_size,var_bb_size,avg_shortest_dist,swarm_density_count,prey_neurons_connected_prey_retina,prey_neurons_connected_predator_retina,predator_neurons_connected_prey_retina,mutual_info
1,53186.000000,36814.000000,11,35219.884810,215955989.625391,1004.721400,4.383114,3,3,1,0.043932
1,62473.000000,27527.000000,18,40301.359345,381637473.211447,723.020550,5.156893,3,3,1,0.026423
2,59286.000000,30714.000000,16,51843.943030,484885903.625812,1226.745803,5.027658,3,3,1,0.034037
3,62590.000000,27410.000000,18,47008.934384,433280885.741569,877.472531,5.095833,3,3,1,0.027355
