generation,prey_fitness,predator_fitness,num_alive_end,avg_bb_size,var_bb_size,avg_shortest_dist,swarm_density_count,prey_neurons_connected_prey_retina,prey_neurons_connected_predator_retina,predator_neurons_connected_prey_retina,mutual_info
1,67819.000000,22181.000000,23,157161.617190,4064091858.359278,2180.202785,2.019443,1,1,1,0.019303
1,70969.000000,19031.000000,26,144481.623487,3758078829.681595,1891.095065,2.173778,1,1,1,0.034930
2,69378.000000,20622.000000,26,160589.542045,3676747901.500722,2229.154215,2.073003,1,1,1,0.039192
3,63014.000000,26986.000000,20,153124.991927,3555262301.393923,2904.900801,1.995506,1,1,1,0.022360
