generation,prey_fitness,predator_fitness,num_alive_end,avg_bb_size,var_bb_size,avg_shortest_dist,swarm_density_count,prey_neurons_connected_prey_retina,prey_neurons_connected_predator_retina,predator_neurons_connected_prey_retina,mutual_info
1,63182.000000,26818.000000,20,192386.057736,5413619850.074331,3378.357448,1.857343,1,0,1,0.016221
1,66470.000000,23530.000000,22,180503.334907,4822114792.065686,2935.629140,1.825376,1,0,1,0.017854
2,63054.000000,26946.000000,21,180830.194157,4855338008.195074,2742.566278,1.774372,1,0,1,0.024837
3,64037.000000,25963.000000,20,175532.494512,4793075565.611954,2821.900060,1.910926,1,0,1,0.024995
