generation,prey_fitness,predator_fitness,num_alive_end,avg_bb_size,var_bb_size,avg_shortest_dist,swarm_density_count,prey_neurons_connected_prey_retina,prey_neurons_connected_predator_retina,predator_neurons_connected_prey_retina,mutual_info
1,59294.000000,30706.000000,17,184053.844614,4588224494.250198,3502.464960,1.710792,0,2,1,0.027152
1,59809.000000,30191.000000,18,175596.736162,4713996812.529149,3316.497122,1.774219,0,2,1,0.030635
2,66033.000000,23967.000000,23,185693.594263,4761983078.117623,2811.207578,1.820631,0,2,1,0.028692
3,69522.000000,20478.000000,25,202385.975390,6105235633.105247,2772.207931,1.771306,0,2,1,0.015002
