generation,prey_fitness,predator_fitness,num_alive_end,avg_bb_size,var_bb_size,avg_shortest_dist,swarm_density_count,prey_neurons_connected_prey_retina,prey_neurons_connected_predator_retina,predator_neurons_connected_prey_retina,mutual_info
1,67306.000000,22694.000000,23,94248.579804,1224874783.608715,1384.985965,2.445063,0,0,1,0.012437
1,64057.000000,25943.000000,21,87331.797404,999889982.715116,1259.671963,2.408207,0,0,1,0.013557
2,64506.000000,25494.000000,21,103307.311879,2475304592.047093,1741.102350,2.411193,0,0,1,0.015267
3,60619.000000,29381.000000,18,100225.186017,1768345640.891666,2014.495379,2.210184,0,0,1,0.027478
