generation,prey_fitness,predator_fitness,num_alive_end,avg_bb_size,var_bb_size,avg_shortest_dist,swarm_density_count,prey_neurons_connected_prey_retina,prey_neurons_connected_predator_retina,predator_neurons_connected_prey_retina,mutual_info
1,68511.000000,21489.000000,25,172413.859209,4389310594.063799,2321.972497,2.075056,2,0,1,0.023715
1,64845.000000,25155.000000,21,128645.173199,3370513419.492735,2210.015176,2.500833,2,0,1,0.030993
2,63298.000000,26702.000000,20,131271.473411,2109086203.445102,2013.310181,2.238183,2,0,1,0.023233
3,62207.000000,27793.000000,19,162017.829554,3753888743.622199,2839.931019,1.983282,2,0,1,0.016645
