generation,prey_fitness,predator_fitness,num_alive_end,avg_bb_size,var_bb_size,avg_shortest_dist,swarm_density_count,prey_neurons_connected_prey_retina,prey_neurons_connected_predator_retina,predator_neurons_connected_prey_retina,mutual_info
1,56562.000000,33438.000000,12,193961.882497,6824531529.412823,4745.767649,2.158299,0,2,2,0.021735
1,66941.000000,23059.000000,19,194942.764084,6371371749.883368,3055.623333,2.280663,0,2,2,0.019622
2,60926.000000,29074.000000,16,194909.745985,6411148274.541919,3098.497425,1.989663,0,2,2,0.019982
3,62745.000000,27255.000000,20,202735.004126,6746563742.730952,3407.575449,2.017459,0,2,2,0.014686
