generation,prey_fitness,predator_fitness,num_alive_end,avg_bb_size,var_bb_size,avg_shortest_dist,swarm_density_count,prey_neurons_connected_prey_retina,prey_neurons_connected_predator_retina,predator_neurons_connected_prey_retina,mutual_info
1,71950.000000,18050.000000,25,102819.784989,2531102236.954836,1363.623506,2.746686,0,2,1,0.013097
1,69631.000000,20369.000000,26,90043.343792,1903811042.700114,1293.817184,2.787231,0,2,1,0.011196
2,69686.000000,20314.000000,25,109705.036322,2548298686.933465,1252.145912,2.369564,0,2,1,0.019593
3,65565.000000,24435.000000,19,72987.537344,666191396.190214,1155.329368,2.671095,0,2,1,0.027784
