generation,prey_fitness,predator_fitness,num_alive_end,avg_bb_size,var_bb_size,avg_shortest_dist,swarm_density_count,prey_neurons_connected_prey_retina,prey_neurons_connected_predator_retina,predator_neurons_connected_prey_retina,mutual_info
1,59539.000000,30461.000000,15,62490.427520,716065509.661544,1106.821542,2.920290,0,6,1,0.012975
1,57138.000000,32862.000000,11,66806.729927,496700744.379930,1413.847050,2.258048,0,6,1,0.012866
2,62814.000000,27186.000000,19,77086.666081,939454737.497398,1355.669205,2.560201,0,6,1,0.031165
3,61480.000000,28520.000000,15,71793.782414,711456160.050806,1103.063174,2.794969,0,6,1,0.019940
