generation,prey_fitness,predator_fitness,num_alive_end,avg_bb_size,var_bb_size,avg_shortest_dist,swarm_density_count,prey_neurons_connected_prey_retina,prey_neurons_connected_predator_retina,predator_neurons_connected_prey_retina,mutual_info
1,65981.000000,24019.000000,19,119305.815911,2375115484.826829,2184.319255,2.293473,1,2,3,0.011869
1,65171.000000,24829.000000,22,107096.851608,2614669878.264221,1751.510875,2.327007,1,2,3,0.018859
2,67145.000000,22855.000000,23,142907.813471,4228991547.319199,1964.369997,2.067918,1,2,3,0.024775
3,68670.000000,21330.000000,22,152076.045315,4819015206.630471,2199.182428,2.313585,1,2,3,0.027971
