generation,prey_fitness,predator_fitness,num_alive_end,avg_bb_size,var_bb_size,avg_shortest_dist,swarm_density_count,prey_neurons_connected_prey_retina,prey_neurons_connected_predator_retina,predator_neurons_connected_prey_retina,mutual_info
1,74727.000000,15273.000000,29,208656.197872,6018236966.164916,2740.141141,1.715294,1,3,1,0.014120
1,68234.000000,21766.000000,22,209985.041997,5972298193.300380,3148.441648,1.756052,1,3,1,0.020811
2,68030.000000,21970.000000,22,209569.412796,5647665084.261870,2864.656973,1.759851,1,3,1,0.020127
3,67862.000000,22138.000000,26,209749.775793,6012001547.087655,2618.453577,1.805330,1,3,1,0.018019
