generation,prey_fitness,predator_fitness,num_alive_end,avg_bb_size,var_bb_size,avg_shortest_dist,swarm_density_count,prey_neurons_connected_prey_retina,prey_neurons_connected_predator_retina,predator_neurons_connected_prey_retina,mutual_info
1,62057.000000,27943.000000,18,131062.475868,2586861406.441871,1956.064630,1.723307,3,0,1,0.034794
1,61782.000000,28218.000000,21,124895.170544,2128396359.350149,1978.995393,1.953436,3,0,1,0.018193
2,62198.000000,27802.000000,19,132984.513782,2159790535.595416,1999.121834,1.801754,3,0,1,0.019068
3,60914.000000,29086.000000,16,147806.500067,2527950862.397347,2467.096757,1.873209,3,0,1,0.014875
