generation,prey_fitness,predator_fitness,num_alive_end,avg_bb_size,var_bb_size,avg_shortest_dist,swarm_density_count,prey_neurons_connected_prey_retina,prey_neurons_connected_predator_retina,predator_neurons_connected_prey_retina,mutual_info
1,65127.000000,24873.000000,20,199171.157977,5918303808.099664,3256.895510,1.768895,5,0,1,0.017922
1,68721.000000,21279.000000,22,204754.075566,6197154308.070830,3514.979646,1.745662,5,0,1,0.019403
2,60544.000000,29456.000000,13,199956.870093,6144710723.522615,3997.196988,1.709693,5,0,1,0.019146
3,59597.000000,30403.000000,16,205948.970058,6034015519.974994,4345.191315,1.807065,5,0,1,0.019813
