generation,prey_fitness,predator_fitness,num_alive_end,avg_bb_size,var_bb_size,avg_shortest_dist,swarm_density_count,prey_neurons_connected_prey_retina,prey_neurons_connected_predator_retina,predator_neurons_connected_prey_retina,mutual_info
1,65843.000000,24157.000000,22,61512.364337,578776768.596354,572.477858,3.903150,1,1,1,0.024702
1,63414.000000,26586.000000,18,39368.609599,412811240.028644,375.381200,4.310042,1,1,1,0.027921
2,73466.000000,16534.000000,28,52183.413979,365830449.719402,337.360958,4.226366,1,1,1,0.024526
3,66318.000000,23682.000000,19,68747.840785,650310618.332191,454.474678,3.749440,1,1,1,0.021994
