generation,prey_fitness,predator_fitness,num_alive_end,avg_bb_size,var_bb_size,avg_shortest_dist,swarm_density_count,prey_neurons_connected_prey_retina,prey_neurons_connected_predator_retina,predator_neurons_connected_prey_retina,mutual_info
1,60609.000000,29391.000000,18,198562.629776,5391954049.520566,3493.532907,1.621440,1,1,1,0.025989
1,59508.000000,30492.000000,16,203819.288491,5308423638.351700,3871.954696,1.609096,1,1,1,0.028264
2,65098.000000,24902.000000,17,201592.229872,5186216628.738853,3009.311329,1.639060,1,1,1,0.034895
3,67653.000000,22347.000000,22,206725.602011,5587799754.851062,3045.330216,1.727105,1,1,1,0.013069
