generation,prey_fitness,predator_fitness,num_alive_end,avg_bb_size,var_bb_size,avg_shortest_dist,swarm_density_count,prey_neurons_connected_prey_retina,prey_neurons_connected_predator_retina,predator_neurons_connected_prey_retina,mutual_info
1,74023.000000,15977.000000,29,94728.962273,1018224540.284883,1134.875970,2.369546,1,1,1,0.013064
1,71081.000000,18919.000000,26,129502.978441,2622554481.103644,1801.256815,2.245365,1,1,1,0.014754
2,66517.000000,23483.000000,24,129580.770931,3061017183.262676,1984.797288,1.992594,1,1,1,0.018291
3,65769.000000,24231.000000,23,97731.763563,1824737519.901439,1563.752750,2.206813,1,1,1,0.011122
