generation,prey_fitness,predator_fitness,num_alive_end,avg_bb_size,var_bb_size,avg_shortest_dist,swarm_density_count,prey_neurons_connected_prey_retina,prey_neurons_connected_predator_retina,predator_neurons_connected_prey_retina,mutual_info
1,61266.000000,28734.000000,16,192484.976025,5750081002.344143,2357.314905,1.944993,2,2,2,0.023427
1,64461.000000,25539.000000,23,179464.028708,5959453522.763998,1904.756889,2.247439,2,2,2,0.024407
2,62758.000000,27242.000000,18,189063.266977,5331753624.233347,3664.271427,2.065055,2,2,2,0.030779
3,60564.000000,29436.000000,17,192470.903830,4944407658.070847,2529.422155,1.863467,2,2,2,0.017821
