generation,prey_fitness,predator_fitness,num_alive_end,avg_bb_size,var_bb_size,avg_shortest_dist,swarm_density_count,prey_neurons_connected_prey_retina,prey_neurons_connected_predator_retina,predator_neurons_connected_prey_retina,mutual_info
1,51764.000000,38236.000000,7,20349.650720,38264096.821247,555.979028,5.393162,2,0,1,0.012634
1,57430.000000,32570.000000,12,24667.968201,84288982.097997,615.147344,5.712068,2,0,1,0.013693
2,51046.000000,38954.000000,6,21253.130905,75167633.473064,768.387506,5.706914,2,0,1,0.016267
3,55929.000000,34071.000000,11,20136.876942,62070542.042123,488.451634,6.287150,2,0,1,0.011749
