generation,prey_fitness,predator_fitness,num_alive_end,avg_bb_size,var_bb_size,avg_shortest_dist,swarm_density_count,prey_neurons_connected_prey_retina,prey_neurons_connected_predator_retina,predator_neurons_connected_prey_retina,mutual_info
1,57277.000000,32723.000000,15,50932.748109,420287577.886713,1026.880506,2.965383,1,0,3,0.014154
1,67988.000000,22012.000000,20,69482.985480,772137196.205228,1170.578605,3.106364,1,0,3,0.009910
2,64984.000000,25016.000000,22,102406.512249,2483627372.866272,1936.116364,2.652410,1,0,3,0.018965
3,65833.000000,24167.000000,20,73290.162330,833625998.912388,1148.918962,2.686953,1,0,3,0.014847
