generation,prey_fitness,predator_fitness,num_alive_end,avg_bb_size,var_bb_size,avg_shortest_dist,swarm_density_count,prey_neurons_connected_prey_retina,prey_neurons_connected_predator_retina,predator_neurons_connected_prey_retina,mutual_info
1,60665.000000,29335.000000,19,125088.018104,2524589534.964341,2531.016322,2.347455,2,1,2,0.013296
1,63752.000000,26248.000000,21,103428.837182,1429460704.306600,1958.787185,2.363556,2,1,2,0.014491
2,60625.000000,29375.000000,19,82565.991715,824037857.880575,1320.606298,2.469047,2,1,2,0.016046
3,65731.000000,24269.000000,19,98652.375184,1122098467.426260,1513.266112,2.266942,2,1,2,0.019589
