generation,prey_fitness,predator_fitness,num_alive_end,avg_bb_size,var_bb_size,avg_shortest_dist,swarm_density_count,prey_neurons_connected_prey_retina,prey_neurons_connected_predator_retina,predator_neurons_connected_prey_retina,mutual_info
1,58791.000000,31209.000000,15,66904.279248,1738382296.269632,900.616322,5.147027,2,1,1,0.020720
1,53168.000000,36832.000000,13,37167.713910,314683903.535985,1010.438171,5.351614,2,1,1,0.019422
2,63748.000000,26252.000000,16,34573.202319,178198592.268173,613.049760,6.896270,2,1,1,0.037120
3,63668.000000,26332.000000,15,54119.182609,601404020.680751,1019.157160,5.012288,2,1,1,0.030600
