generation,prey_fitness,predator_fitness,num_alive_end,avg_bb_size,var_bb_size,avg_shortest_dist,swarm_density_count,prey_neurons_connected_prey_retina,prey_neurons_connected_predator_retina,predator_neurons_connected_prey_retina,mutual_info
1,63014.000000,26986.000000,16,44009.571737,219151279.561632,688.283458,3.501401,1,1,2,0.019044
1,56492.000000,33508.000000,12,39529.737072,176051351.273206,934.642326,3.440891,1,1,2,0.010032
2,52673.000000,37327.000000,10,38653.111623,232811264.702101,866.685576,3.109365,1,1,2,0.014230
3,60024.000000,29976.000000,17,43727.623017,337800251.481647,755.300849,3.311811,1,1,2,0.008829
