generation,prey_fitness,predator_fitness,num_alive_end,avg_bb_size,var_bb_size,avg_shortest_dist,swarm_density_count,prey_neurons_connected_prey_retina,prey_neurons_connected_predator_retina,predator_neurons_connected_prey_retina,mutual_info
1,60769.000000,29231.000000,19,54406.044084,649547548.179739,1014.955519,4.170776,2,0,3,0.013186
1,67487.000000,22513.000000,22,109559.568146,2115236544.069362,1698.637474,3.215372,2,0,3,0.017988
2,55396.000000,34604.000000,12,56405.331177,756026622.405158,1147.371502,3.815403,2,0,3,0.020822
3,66596.000000,23404.000000,23,107434.824517,3265799078.133282,1845.383027,3.626208,2,0,3,0.016659
