generation,prey_fitness,predator_fitness,num_alive_end,avg_bb_size,var_bb_size,avg_shortest_dist,swarm_density_count,prey_neurons_connected_prey_retina,prey_neurons_connected_predator_retina,predator_neurons_connected_prey_retina,mutual_info
1,62705.000000,27295.000000,18,56662.637140,418805642.249427,1005.512339,2.991018,1,1,1,0.015373
1,64715.000000,25285.000000,22,91005.528462,1928179141.512921,1393.164660,2.775776,1,1,1,0.024065
2,66338.000000,23662.000000,17,75964.336393,803500431.268788,1166.433827,2.801000,1,1,1,0.031736
3,60022.000000,29978.000000,16,59391.957204,597878553.412118,1086.308310,2.663463,1,1,1,0.036722
