generation,prey_fitness,predator_fitness,num_alive_end,avg_bb_size,var_bb_size,avg_shortest_dist,swarm_density_count,prey_neurons_connected_prey_retina,prey_neurons_connected_predator_retina,predator_neurons_connected_prey_retina,mutual_info
1,62475.000000,27525.000000,18,175585.651426,4593230087.467332,2955.807634,1.652486,1,0,1,0.027984
1,56362.000000,33638.000000,15,188412.563372,5712561626.548040,3626.626789,1.653160,1,0,1,0.022810
2,62329.000000,27671.000000,21,189687.587111,5181797993.549596,3170.231587,1.690251,1,0,1,0.018413
3,63755.000000,26245.000000,21,194268.659262,5474344421.514508,3737.713923,1.682447,1,0,1,0.012789
