generation,prey_fitness,predator_fitness,num_alive_end,avg_bb_size,var_bb_size,avg_shortest_dist,swarm_density_count,prey_neurons_connected_prey_retina,prey_neurons_connected_predator_retina,predator_neurons_connected_prey_retina,mutual_info
1,59675.000000,30325.000000,10,25831.872010,91553132.932480,496.225117,4.726083,0,1,1,0.024027
1,60281.000000,29719.000000,12,33284.200642,183032243.540986,613.823183,4.103963,0,1,1,0.017140
2,53407.000000,36593.000000,10,24703.224622,77378502.350877,575.028346,4.318349,0,1,1,0.020557
3,55218.000000,34782.000000,11,28258.002462,104752320.564616,589.593522,4.518775,0,1,1,0.020551
