generation,prey_fitness,predator_fitness,num_alive_end,avg_bb_size,var_bb_size,avg_shortest_dist,swarm_density_count,prey_neurons_connected_prey_retina,prey_neurons_connected_predator_retina,predator_neurons_connected_prey_retina,mutual_info
1,62022.000000,27978.000000,16,48502.784926,487594561.393782,900.376434,3.902235,0,1,1,0.010641
1,61369.000000,28631.000000,19,41630.919930,186985458.145211,787.808984,3.695202,0,1,1,0.027895
2,57000.000000,33000.000000,16,40954.161173,285523372.778226,838.687486,3.348946,0,1,1,0.027841
3,64185.000000,25815.000000,17,54327.236547,320717111.400545,788.104859,3.334902,0,1,1,0.021503
