generation,prey_fitness,predator_fitness,num_alive_end,avg_bb_size,var_bb_size,avg_shortest_dist,swarm_density_count,prey_neurons_connected_prey_retina,prey_neurons_connected_predator_retina,predator_neurons_connected_prey_retina,mutual_info
1,52930.000000,37070.000000,5,22413.194553,60190172.515934,616.655158,3.656904,3,1,1,0.022685
1,56181.000000,33819.000000,10,28459.210220,104673523.281257,484.075333,3.814301,3,1,1,0.014906
2,57087.000000,32913.000000,12,30793.844618,140756044.288255,553.115691,3.421559,3,1,1,0.009886
3,47349.000000,42651.000000,3,16010.777117,93250150.989582,383.639935,4.074850,3,1,1,0.016708
