generation,prey_fitness,predator_fitness,num_alive_end,avg_bb_size,var_bb_size,avg_shortest_dist,swarm_density_count,prey_neurons_connected_prey_retina,prey_neurons_connected_predator_retina,predator_neurons_connected_prey_retina,mutual_info
1,54147.000000,35853.000000,11,214635.157613,4961864921.482588,5371.700365,1.545020,6,1,1,0.028650
1,53107.000000,36893.000000,12,207381.053729,4718724959.967642,4729.419197,1.615690,6,1,1,0.051348
2,57758.000000,32242.000000,19,216200.061741,4819453949.049982,3650.472095,1.698333,6,1,1,0.046225
3,53112.000000,36888.000000,14,209528.781452,4965217809.351355,4024.123641,1.627131,6,1,1,0.044442
