generation,prey_fitness,predator_fitness,num_alive_end,avg_bb_size,var_bb_size,avg_shortest_dist,swarm_density_count,prey_neurons_connected_prey_retina,prey_neurons_connected_predator_retina,predator_neurons_connected_prey_retina,mutual_info
1,61301.000000,28699.000000,13,28989.620181,81337733.997138,540.875567,4.812447,0,0,3,0.009898
1,61894.000000,28106.000000,18,41033.406053,308767682.078180,670.869751,3.846879,0,0,3,0.011411
2,60948.000000,29052.000000,17,38297.823714,301778024.898010,800.301684,3.841728,0,0,3,0.011870
3,61631.000000,28369.000000,17,31772.573493,121723538.342948,547.523415,4.142389,0,0,3,0.009393
