generation,prey_fitness,predator_fitness,num_alive_end,avg_bb_size,var_bb_size,avg_shortest_dist,swarm_density_count,prey_neurons_connected_prey_retina,prey_neurons_connected_predator_retina,predator_neurons_connected_prey_retina,mutual_info
1,59280.000000,30720.000000,16,79688.009284,1009481618.949699,1310.390488,2.631990,0,1,1,0.016373
1,60404.000000,29596.000000,18,89633.465054,1290772723.341851,1980.724767,2.737839,0,1,1,0.017901
2,54891.000000,35109.000000,11,48723.781194,244903617.993092,1039.497947,2.768623,0,1,1,0.021542
3,54097.000000,35903.000000,11,51041.261954,331201436.850513,1336.719077,2.679047,0,1,1,0.019292
