generation,prey_fitness,predator_fitness,num_alive_end,avg_bb_size,var_bb_size,avg_shortest_dist,swarm_density_count,prey_neurons_connected_prey_retina,prey_neurons_connected_predator_retina,predator_neurons_connected_prey_retina,mutual_info
1,65175.000000,24825.000000,20,167181.968986,4311404860.810852,2519.210730,1.878358,3,0,1,0.024457
1,62243.000000,27757.000000,19,171234.919060,5244274741.499216,2569.974621,2.045642,3,0,1,0.022893
2,61935.000000,28065.000000,20,159148.995733,4544455447.272590,2650.881404,2.032787,3,0,1,0.019531
3,70149.000000,19851.000000,24,170058.957266,5049521530.413278,2348.671563,2.174333,3,0,1,0.013847
