generation,prey_fitness,predator_fitness,num_alive_end,avg_bb_size,var_bb_size,avg_shortest_dist,swarm_density_count,prey_neurons_connected_prey_retina,prey_neurons_connected_predator_retina,predator_neurons_connected_prey_retina,mutual_info
1,69549.000000,20451.000000,24,144342.777737,3160585861.654074,1762.443979,2.077078,0,1,4,0.017810
1,66533.000000,23467.000000,20,123459.574450,2204499731.330028,2061.578581,2.471458,0,1,4,0.025277
2,59543.000000,30457.000000,21,128223.513058,3033821705.981141,2295.955374,2.313146,0,1,4,0.021436
3,64535.000000,25465.000000,20,133915.200073,3030436897.681785,1924.030919,2.138538,0,1,4,0.031711
