generation,prey_fitness,predator_fitness,num_alive_end,avg_bb_size,var_bb_size,avg_shortest_dist,swarm_density_count,prey_neurons_connected_prey_retina,prey_neurons_connected_predator_retina,predator_neurons_connected_prey_retina,mutual_info
1,67750.000000,22250.000000,23,116354.133304,1971681146.530650,1722.419301,2.233941,3,1,1,0.019662
1,59459.000000,30541.000000,16,86527.830479,1198494133.383556,1326.724208,2.235122,3,1,1,0.024269
2,58169.000000,31831.000000,19,92843.155070,1125192251.015319,1573.114235,2.206531,3,1,1,0.020305
3,67132.000000,22868.000000,21,78923.426219,995801078.770774,1108.707695,2.554196,3,1,1,0.015503
