generation,prey_fitness,predator_fitness,num_alive_end,avg_bb_size,var_bb_size,avg_shortest_dist,swarm_density_count,prey_neurons_connected_prey_retina,prey_neurons_connected_predator_retina,predator_neurons_connected_prey_retina,mutual_info
1,67310.000000,22690.000000,27,119114.230498,2140653641.173048,2049.777959,2.058288,2,1,3,0.014165
1,73792.000000,16208.000000,26,125210.997790,2778097218.194705,1535.194124,2.277454,2,1,3,0.014927
2,64669.000000,25331.000000,25,112195.750417,2932427294.409352,1829.492817,2.039743,2,1,3,0.009741
3,67947.000000,22053.000000,25,123962.857226,3611921339.224558,1779.689964,2.185481,2,1,3,0.007413
