generation,prey_fitness,predator_fitness,num_alive_end,avg_bb_size,var_bb_size,avg_shortest_dist,swarm_density_count,prey_neurons_connected_prey_retina,prey_neurons_connected_predator_retina,predator_neurons_connected_prey_retina,mutual_info
1,74097.000000,15903.000000,26,12083.953229,26323816.174219,141.647752,11.364141,0,0,1,0.008094
1,71714.000000,18286.000000,26,9113.968254,9089625.229052,116.087962,12.496375,0,0,1,0.005317
2,75462.000000,14538.000000,30,11563.689097,16121842.196679,135.929255,11.741078,0,0,1,0.006715
3,72707.000000,17293.000000,23,11612.598509,15743435.311795,139.873148,11.263540,0,0,1,0.006978
