generation,prey_fitness,predator_fitness,num_alive_end,avg_bb_size,var_bb_size,avg_shortest_dist,swarm_density_count,prey_neurons_connected_prey_retina,prey_neurons_connected_predator_retina,predator_neurons_connected_prey_retina,mutual_info
1,57922.000000,32078.000000,13,56702.405561,501099399.251085,1266.629018,2.872822,0,2,1,0.054457
1,59444.000000,30556.000000,16,65235.812624,633838334.930691,1229.902268,2.935350,0,2,1,0.028249
2,62868.000000,27132.000000,16,55689.914008,448866597.983417,869.305942,3.024926,0,2,1,0.027364
3,65825.000000,24175.000000,20,59244.363627,477641683.503702,870.756963,3.072410,0,2,1,0.034341
