generation,prey_fitness,predator_fitness,num_alive_end,avg_bb_size,var_bb_size,avg_shortest_dist,swarm_density_count,prey_neurons_connected_prey_retina,prey_neurons_connected_predator_retina,predator_neurons_connected_prey_retina,mutual_info
1,60282.000000,29718.000000,20,51815.049922,419266397.270450,963.307751,3.473224,4,4,1,0.021138
1,66724.000000,23276.000000,21,56724.114594,496506730.085648,1005.627501,3.366153,4,4,1,0.023634
2,57795.000000,32205.000000,16,56890.150187,623430306.849849,1461.220087,3.181532,4,4,1,0.051278
3,66929.000000,23071.000000,21,54682.000511,399792147.934071,787.124379,3.290869,4,4,1,0.024372
