generation,prey_fitness,predator_fitness,num_alive_end,avg_bb_size,var_bb_size,avg_shortest_dist,swarm_density_count,prey_neurons_connected_prey_retina,prey_neurons_connected_predator_retina,predator_neurons_connected_prey_retina,mutual_info
1,70082.000000,19918.000000,25,144174.182117,3466061781.602344,2176.307169,2.119063,0,2,2,0.016280
1,65973.000000,24027.000000,20,113540.322132,1700036383.093415,1877.648605,2.222255,0,2,2,0.031096
2,55185.000000,34815.000000,15,88453.357732,1063574140.498479,2062.481035,2.151156,0,2,2,0.050771
3,63509.000000,26491.000000,23,128530.515500,2871226090.742434,1882.505480,1.913731,0,2,2,0.031246
