generation,prey_fitness,predator_fitness,num_alive_end,avg_bb_size,var_bb_size,avg_shortest_dist,swarm_density_count,prey_neurons_connected_prey_retina,prey_neurons_connected_predator_retina,predator_neurons_connected_prey_retina,mutual_info
1,64670.000000,25330.000000,17,191326.161583,5048240790.653438,3041.577295,1.770055,1,0,5,0.011133
1,64879.000000,25121.000000,23,188090.363002,4789160864.148112,2879.835336,1.749290,1,0,5,0.019860
2,67696.000000,22304.000000,23,198038.022738,5477962193.595627,2874.433849,1.775354,1,0,5,0.020970
3,58727.000000,31273.000000,17,187548.589361,4989688415.735107,3434.271941,1.675614,1,0,5,0.037809
