generation,prey_fitness,predator_fitness,num_alive_end,avg_bb_size,var_bb_size,avg_shortest_dist,swarm_density_count,prey_neurons_connected_prey_retina,prey_neurons_connected_predator_retina,predator_neurons_connected_prey_retina,mutual_info
1,67468.000000,22532.000000,24,144944.654946,3777811542.510125,1999.060405,2.048393,0,0,1,0.014887
1,64850.000000,25150.000000,21,161592.734397,5020464398.637313,2477.398184,1.856152,0,0,1,0.014900
2,65951.000000,24049.000000,23,160856.066034,3719363107.946030,2432.853085,1.990668,0,0,1,0.021401
3,68949.000000,21051.000000,22,147896.663576,3866464581.279874,1967.227053,1.906901,0,0,1,0.011999
