generation,prey_fitness,predator_fitness,num_alive_end,avg_bb_size,var_bb_size,avg_shortest_dist,swarm_density_count,prey_neurons_connected_prey_retina,prey_neurons_connected_predator_retina,predator_neurons_connected_prey_retina,mutual_info
1,70867.000000,19133.000000,24,129522.906468,2668870366.683659,1859.325356,2.339497,1,0,2,0.022730
1,64366.000000,25634.000000,20,132138.368171,2657019501.712361,1896.939358,2.060037,1,0,2,0.033041
2,62668.000000,27332.000000,21,132990.807597,2619680396.921586,2267.381274,2.174033,1,0,2,0.013032
3,63123.000000,26877.000000,18,124574.238903,2844787686.739708,2251.070724,2.303822,1,0,2,0.012891
