generation,prey_fitness,predator_fitness,num_alive_end,avg_bb_size,var_bb_size,avg_shortest_dist,swarm_density_count,prey_neurons_connected_prey_retina,prey_neurons_connected_predator_retina,predator_neurons_connected_prey_retina,mutual_info
1,69493.000000,20507.000000,25,146174.773273,3593722243.558004,1971.315177,2.414973,0,2,1,0.014957
1,73815.000000,16185.000000,29,124940.008680,4118199464.256926,1643.805774,2.622186,0,2,1,0.028048
2,69810.000000,20190.000000,25,107178.088019,2603877603.157285,1641.324995,2.660090,0,2,1,0.011319
3,64721.000000,25279.000000,22,99318.664796,1841054953.675050,1606.517301,2.561183,0,2,1,0.012312
