generation,prey_fitness,predator_fitness,num_alive_end,avg_bb_size,var_bb_size,avg_shortest_dist,swarm_density_count,prey_neurons_connected_prey_retina,prey_neurons_connected_predator_retina,predator_neurons_connected_prey_retina,mutual_info
1,57920.000000,32080.000000,14,73883.423977,1344568595.022771,1641.436703,2.670760,1,0,3,0.023119
1,61296.000000,28704.000000,21,64273.078288,1071468561.417666,1132.020886,3.053065,1,0,3,0.013108
2,72156.000000,17844.000000,27,79866.662583,663865694.056639,1083.642790,3.087805,1,0,3,0.034643
3,61796.000000,28204.000000,20,71417.135067,1287109905.597863,1182.452800,2.920493,1,0,3,0.010652
