generation,prey_fitness,predator_fitness,num_alive_end,avg_bb_size,var_bb_size,avg_shortest_dist,swarm_density_count,prey_neurons_connected_prey_retina,prey_neurons_connected_predator_retina,predator_neurons_connected_prey_retina,mutual_info
1,90000.000000,1.000000,45,0.000000,0.000000,0.000000,44.000000,0,0,1,-0.000000
1,89992.000000,8.000000,44,0.000000,0.000000,0.000000,43.996500,0,0,1,0.000000
2,88329.000000,1671.000000,44,0.000000,0.000000,0.000000,43.165000,0,0,1,0.000007
3,90000.000000,1.000000,45,0.000000,0.000000,0.000000,44.000000,0,0,1,-0.000000
