generation,prey_fitness,predator_fitness,num_alive_end,avg_bb_size,var_bb_size,avg_shortest_dist,swarm_density_count,prey_neurons_connected_prey_retina,prey_neurons_connected_predator_retina,predator_neurons_connected_prey_retina,mutual_info
1,65009.000000,24991.000000,22,194785.930795,5739249085.411080,2818.371771,1.744869,1,4,1,0.018983
1,67137.000000,22863.000000,21,189237.066776,5077077578.822180,2743.184007,1.806663,1,4,1,0.020070
2,65575.000000,24425.000000,21,175764.293428,4726423631.806757,2844.513396,1.759297,1,4,1,0.025422
3,68113.000000,21887.000000,22,180153.151707,4740050519.709047,2702.367077,1.826877,1,4,1,0.020144
