generation,prey_fitness,predator_fitness,num_alive_end,avg_bb_size,var_bb_size,avg_shortest_dist,swarm_density_count,prey_neurons_connected_prey_retina,prey_neurons_connected_predator_retina,predator_neurons_connected_prey_retina,mutual_info
1,70553.000000,19447.000000,26,123680.364063,2388892586.645730,1537.717781,2.210905,0,1,1,0.017698
1,65079.000000,24921.000000,20,98472.037259,1275377796.912335,1530.460660,2.148730,0,1,1,0.014318
2,65747.000000,24253.000000,21,130699.017384,2722938241.803188,1994.602442,2.301907,0,1,1,0.028490
3,69093.000000,20907.000000,23,124467.459113,2861244967.070388,1616.309020,2.343450,0,1,1,0.019418
