generation,prey_fitness,predator_fitness,num_alive_end,avg_bb_size,var_bb_size,avg_shortest_dist,swarm_density_count,prey_neurons_connected_prey_retina,prey_neurons_connected_predator_retina,predator_neurons_connected_prey_retina,mutual_info
1,59952.000000,30048.000000,16,106923.667908,2048568884.769765,1801.433849,2.335858,2,1,3,0.018328
1,67740.000000,22260.000000,22,120723.650596,2934174295.451257,1628.868275,2.438827,2,1,3,0.019598
2,69258.000000,20742.000000,25,144859.082352,4173095129.981695,2174.510105,2.448672,2,1,3,0.015756
3,54464.000000,35536.000000,10,102580.058850,2817284436.274553,2606.458218,2.233519,2,1,3,0.048233
