generation,prey_fitness,predator_fitness,num_alive_end,avg_bb_size,var_bb_size,avg_shortest_dist,swarm_density_count,prey_neurons_connected_prey_retina,prey_neurons_connected_predator_retina,predator_neurons_connected_prey_retina,mutual_info
1,66654.000000,23346.000000,25,201879.102317,6318945478.519979,2784.736444,1.986649,1,0,1,0.014727
1,62000.000000,28000.000000,20,195384.031285,5720709375.784427,3460.223666,1.843388,1,0,1,0.024792
2,62377.000000,27623.000000,18,194532.154131,5439781773.769972,3066.768611,1.846879,1,0,1,0.026770
3,66612.000000,23388.000000,25,200795.238368,5777191041.231737,3105.010970,1.776494,1,0,1,0.021109
