generation,prey_fitness,predator_fitness,num_alive_end,avg_bb_size,var_bb_size,avg_shortest_dist,swarm_density_count,prey_neurons_connected_prey_retina,prey_neurons_connected_predator_retina,predator_neurons_connected_prey_retina,mutual_info
1,70617.000000,19383.000000,24,138341.982729,2277393600.327925,1670.025184,1.860848,0,1,1,0.017041
1,60771.000000,29229.000000,19,136811.639403,2557039660.278197,2420.926081,1.812887,0,1,1,0.026779
2,61912.000000,28088.000000,19,163584.958221,3273589846.655125,2667.945077,1.625034,0,1,1,0.019413
3,71537.000000,18463.000000,28,183384.319176,4056907480.990155,2292.702568,1.681682,0,1,1,0.021763
