generation,prey_fitness,predator_fitness,num_alive_end,avg_bb_size,var_bb_size,avg_shortest_dist,swarm_density_count,prey_neurons_connected_prey_retina,prey_neurons_connected_predator_retina,predator_neurons_connected_prey_retina,mutual_info
1,64371.000000,25629.000000,22,176592.771550,5766685675.714461,2017.409039,2.438537,2,1,3,0.018455
1,66172.000000,23828.000000,19,157418.667854,4346648919.582243,1842.447187,2.516854,2,1,3,0.024164
2,70012.000000,19988.000000,24,173587.347071,4131191812.183124,1879.795296,2.497161,2,1,3,0.026374
3,67889.000000,22111.000000,25,194479.839639,5119332844.792527,2179.759784,2.026901,2,1,3,0.027918
