generation,prey_fitness,predator_fitness,num_alive_end,avg_bb_size,var_bb_size,avg_shortest_dist,swarm_density_count,prey_neurons_connected_prey_retina,prey_neurons_connected_predator_retina,predator_neurons_connected_prey_retina,mutual_info
1,69467.000000,20533.000000,23,187489.162131,4542653479.135996,2664.564037,1.629870,0,1,2,0.023439
1,63319.000000,26681.000000,20,188062.057632,4474196988.679131,2676.470383,1.629167,0,1,2,0.022043
2,66902.000000,23098.000000,24,181937.915077,4115052996.005225,2762.643114,1.605982,0,1,2,0.016006
3,68599.000000,21401.000000,25,183288.979530,4124453808.753904,2716.262047,1.694093,0,1,2,0.018020
