generation,prey_fitness,predator_fitness,num_alive_end,avg_bb_size,var_bb_size,avg_shortest_dist,swarm_density_count,prey_neurons_connected_prey_retina,prey_neurons_connected_predator_retina,predator_neurons_connected_prey_retina,mutual_info
1,68077.000000,21923.000000,24,114458.283317,4853065260.782111,1462.846737,3.566495,2,1,1,0.021836
1,63541.000000,26459.000000,22,114594.964232,3543413181.300916,1866.206183,3.362294,2,1,1,0.018297
2,64189.000000,25811.000000,22,117690.513593,4036555081.553833,1894.793811,2.939438,2,1,1,0.014964
3,68464.000000,21536.000000,25,128086.004005,3545436100.965410,1844.021575,2.740174,2,1,1,0.017103
