generation,prey_fitness,predator_fitness,num_alive_end,avg_bb_size,var_bb_size,avg_shortest_dist,swarm_density_count,prey_neurons_connected_prey_retina,prey_neurons_connected_predator_retina,predator_neurons_connected_prey_retina,mutual_info
1,63022.000000,26978.000000,19,117328.447515,2414372025.193876,1633.165845,1.960979,1,1,4,0.013771
1,61624.000000,28376.000000,18,151731.415643,3010022006.546301,2748.050418,1.717962,1,1,4,0.015181
2,71705.000000,18295.000000,24,147606.829066,2606204959.903386,1873.854403,1.977903,1,1,4,0.019326
3,62783.000000,27217.000000,19,137292.256878,2954161244.930291,2665.322878,1.952352,1,1,4,0.031770
