generation,prey_fitness,predator_fitness,num_alive_end,avg_bb_size,var_bb_size,avg_shortest_dist,swarm_density_count,prey_neurons_connected_prey_retina,prey_neurons_connected_predator_retina,predator_neurons_connected_prey_retina,mutual_info
1,62323.000000,27677.000000,19,204266.364440,4714135743.631835,3325.834302,1.638675,1,2,1,0.032891
1,68189.000000,21811.000000,23,211713.955509,5115721515.183584,3492.820682,1.683765,1,2,1,0.036948
2,66665.000000,23335.000000,22,213256.937652,5230320467.318879,3153.339845,1.615238,1,2,1,0.014579
3,69553.000000,20447.000000,23,203293.530542,4945298907.577954,2717.943980,1.707217,1,2,1,0.020605
