generation,prey_fitness,predator_fitness,num_alive_end,avg_bb_size,var_bb_size,avg_shortest_dist,swarm_density_count,prey_neurons_connected_prey_retina,prey_neurons_connected_predator_retina,predator_neurons_connected_prey_retina,mutual_info
1,71544.000000,18456.000000,24,81045.350676,830989011.043130,1009.443600,2.667953,0,2,1,0.013317
1,64098.000000,25902.000000,20,76070.424694,1317019074.807564,1309.954607,2.726445,0,2,1,0.024219
2,63861.000000,26139.000000,18,60789.948952,469603306.069571,1115.701596,2.959240,0,2,1,0.030065
3,65800.000000,24200.000000,17,60316.560716,495191412.685207,992.302627,3.088967,0,2,1,0.022630
