generation,prey_fitness,predator_fitness,num_alive_end,avg_bb_size,var_bb_size,avg_shortest_dist,swarm_density_count,prey_neurons_connected_prey_retina,prey_neurons_connected_predator_retina,predator_neurons_connected_prey_retina,mutual_info
1,64895.000000,25105.000000,22,175474.811854,4634579938.586564,2872.256525,1.908628,0,2,2,0.025983
1,67398.000000,22602.000000,23,181272.893167,5364806041.577994,2814.153447,1.917751,0,2,2,0.023977
2,66794.000000,23206.000000,22,163182.955939,4099574187.801774,2127.632562,1.928212,0,2,2,0.023518
3,69137.000000,20863.000000,25,163531.499317,3654184602.639424,2295.277438,1.911577,0,2,2,0.015344
