generation,prey_fitness,predator_fitness,num_alive_end,avg_bb_size,var_bb_size,avg_shortest_dist,swarm_density_count,prey_neurons_connected_prey_retina,prey_neurons_connected_predator_retina,predator_neurons_connected_prey_retina,mutual_info
1,64124.000000,25876.000000,17,165019.665402,5350675781.784778,2873.486637,2.238316,1,1,1,0.011419
1,74508.000000,15492.000000,26,176019.094579,4745751992.217711,2056.247319,2.185610,1,1,1,0.023469
2,69488.000000,20512.000000,23,164791.134727,4940720321.930752,2565.474632,2.320481,1,1,1,0.008923
3,71391.000000,18609.000000,25,179697.263842,4924406622.183280,2141.719560,2.197932,1,1,1,0.013049
