generation,prey_fitness,predator_fitness,num_alive_end,avg_bb_size,var_bb_size,avg_shortest_dist,swarm_density_count,prey_neurons_connected_prey_retina,prey_neurons_connected_predator_retina,predator_neurons_connected_prey_retina,mutual_info
1,58827.000000,31173.000000,16,46153.909482,412542751.440711,732.419239,3.202258,2,3,2,0.017906
1,65697.000000,24303.000000,19,70978.323967,713809259.639573,1193.626987,2.983079,2,3,2,0.013156
2,53094.000000,36906.000000,11,43601.571587,240395613.673508,942.016730,3.050071,2,3,2,0.024976
3,62370.000000,27630.000000,16,49330.177408,436740877.712106,800.342312,3.402640,2,3,2,0.028945
