generation,prey_fitness,predator_fitness,num_alive_end,avg_bb_size,var_bb_size,avg_shortest_dist,swarm_density_count,prey_neurons_connected_prey_retina,prey_neurons_connected_predator_retina,predator_neurons_connected_prey_retina,mutual_info
1,61431.000000,28569.000000,17,170737.354580,3821002885.092625,2708.281394,1.723322,0,1,1,0.025138
1,61551.000000,28449.000000,19,153842.911432,3702882550.867032,2367.026238,1.801647,0,1,1,0.020551
2,58914.000000,31086.000000,16,118607.420384,2692230747.041121,2489.815045,1.950448,0,1,1,0.021656
3,61622.000000,28378.000000,16,157934.227609,3532866746.053118,3196.609947,1.837468,0,1,1,0.012430
