generation,prey_fitness,predator_fitness,num_alive_end,avg_bb_size,var_bb_size,avg_shortest_dist,swarm_density_count,prey_neurons_connected_prey_retina,prey_neurons_connected_predator_retina,predator_neurons_connected_prey_retina,mutual_info
1,64146.000000,25854.000000,22,203226.390554,5801520470.424733,2745.543460,1.777525,1,0,1,0.014758
1,69417.000000,20583.000000,24,197718.145893,5698935943.401094,2742.239848,1.871608,1,0,1,0.015042
2,68654.000000,21346.000000,26,193324.889713,5960173137.484398,3287.456085,1.716490,1,0,1,0.009925
3,66147.000000,23853.000000,22,172388.761104,5098933988.481032,2515.873763,1.839825,1,0,1,0.018341
