generation,prey_fitness,predator_fitness,num_alive_end,avg_bb_size,var_bb_size,avg_shortest_dist,swarm_density_count,prey_neurons_connected_prey_retina,prey_neurons_connected_predator_retina,predator_neurons_connected_prey_retina,mutual_info
1,62478.000000,27522.000000,13,60880.300319,369456693.609533,1028.598280,2.989921,3,0,1,0.015357
1,53557.000000,36443.000000,8,60305.640572,1158046874.653828,1388.805711,2.970064,3,0,1,0.018272
2,64779.000000,25221.000000,19,70842.100003,566609738.575906,989.649634,2.684553,3,0,1,0.017249
3,61325.000000,28675.000000,16,65161.631204,648208240.051392,1010.151765,2.824778,3,0,1,0.016398
