generation,prey_fitness,predator_fitness,num_alive_end,avg_bb_size,var_bb_size,avg_shortest_dist,swarm_density_count,prey_neurons_connected_prey_retina,prey_neurons_connected_predator_retina,predator_neurons_connected_prey_retina,mutual_info
1,61627.000000,28373.000000,20,177228.614389,4600607740.278187,3286.328309,1.692549,0,1,3,0.028650
1,60360.000000,29640.000000,17,166279.910970,4133030276.114263,2436.259616,1.817593,0,1,3,0.027723
2,64178.000000,25822.000000,21,179451.986385,5818781626.772501,2854.921441,1.846596,0,1,3,0.017502
3,62080.000000,27920.000000,19,179728.921531,4937264731.049135,3165.047426,1.698348,0,1,3,0.029017
