generation,prey_fitness,predator_fitness,num_alive_end,avg_bb_size,var_bb_size,avg_shortest_dist,swarm_density_count,prey_neurons_connected_prey_retina,prey_neurons_connected_predator_retina,predator_neurons_connected_prey_retina,mutual_info
1,66210.000000,23790.000000,20,72766.952558,887177308.864441,1022.655738,2.810210,0,3,1,0.015192
1,63763.000000,26237.000000,17,66639.912713,777891601.750015,1071.643831,2.728337,0,3,1,0.012238
2,61515.000000,28485.000000,20,79447.017739,890556800.918167,1375.464813,2.558646,0,3,1,0.028203
3,63710.000000,26290.000000,19,65173.803744,574303504.875081,1073.403323,2.783686,0,3,1,0.013781
