generation,prey_fitness,predator_fitness,num_alive_end,avg_bb_size,var_bb_size,avg_shortest_dist,swarm_density_count,prey_neurons_connected_prey_retina,prey_neurons_connected_predator_retina,predator_neurons_connected_prey_retina,mutual_info
1,52341.000000,37659.000000,6,11389.924348,19483706.885769,262.073726,8.187550,1,2,1,0.011183
1,56846.000000,33154.000000,10,12634.726900,21208016.839211,239.494110,8.383813,1,2,1,0.016221
2,52226.000000,37774.000000,5,14279.484278,56415170.785205,423.643245,8.416713,1,2,1,0.016466
3,53968.000000,36032.000000,7,11290.500451,20635675.488703,347.756625,8.808323,1,2,1,0.043911
