generation,prey_fitness,predator_fitness,num_alive_end,avg_bb_size,var_bb_size,avg_shortest_dist,swarm_density_count,prey_neurons_connected_prey_retina,prey_neurons_connected_predator_retina,predator_neurons_connected_prey_retina,mutual_info
1,69374.000000,20626.000000,24,131630.984762,3994689359.178945,1888.962870,2.369452,0,0,1,0.018539
1,62518.000000,27482.000000,18,113119.336295,1746242792.593572,2081.261882,2.136856,0,0,1,0.019923
2,73561.000000,16439.000000,26,125294.936858,2273462578.605061,1500.301772,2.350687,0,0,1,0.023422
3,59506.000000,30494.000000,18,119011.298645,2974056476.594233,2043.331247,2.137685,0,0,1,0.016555
