generation,prey_fitness,predator_fitness,num_alive_end,avg_bb_size,var_bb_size,avg_shortest_dist,swarm_density_count,prey_neurons_connected_prey_retina,prey_neurons_connected_predator_retina,predator_neurons_connected_prey_retina,mutual_info
1,60699.000000,29301.000000,18,152806.666821,3347876386.943220,3060.578369,1.819060,0,3,1,0.013977
1,57195.000000,32805.000000,17,153083.340451,3882421734.432539,2879.431502,1.965046,0,3,1,0.048909
2,66434.000000,23566.000000,21,151571.863801,3411432165.603305,2126.141712,2.001846,0,3,1,0.019033
3,72443.000000,17557.000000,28,156243.813010,4029040964.989641,2107.410575,2.031723,0,3,1,0.011544
