generation,prey_fitness,predator_fitness,num_alive_end,avg_bb_size,var_bb_size,avg_shortest_dist,swarm_density_count,prey_neurons_connected_prey_retina,prey_neurons_connected_predator_retina,predator_neurons_connected_prey_retina,mutual_info
1,62798.000000,27202.000000,16,63399.728672,484059623.846946,972.283683,2.460030,2,0,1,0.022011
1,61922.000000,28078.000000,19,67323.445794,588467400.110231,864.200393,2.662805,2,0,1,0.015948
2,64280.000000,25720.000000,20,63899.850009,549329011.293280,914.973085,2.651674,2,0,1,0.015412
3,61389.000000,28611.000000,15,70658.396689,809982814.903270,1004.696810,2.397982,2,0,1,0.014938
