generation,prey_fitness,predator_fitness,num_alive_end,avg_bb_size,var_bb_size,avg_shortest_dist,swarm_density_count,prey_neurons_connected_prey_retina,prey_neurons_connected_predator_retina,predator_neurons_connected_prey_retina,mutual_info
1,72907.000000,17093.000000,29,174921.781851,5125708855.779695,2093.324346,2.040799,2,1,1,0.011525
1,76370.000000,13630.000000,28,142095.878817,3242010112.652556,1505.636461,2.319628,2,1,1,0.014921
2,68567.000000,21433.000000,23,145337.317442,3577170854.982974,1904.935561,2.389530,2,1,1,0.026841
3,74927.000000,15073.000000,29,152200.901145,3942254132.466638,1820.219839,2.288826,2,1,1,0.021720
