generation,prey_fitness,predator_fitness,num_alive_end,avg_bb_size,var_bb_size,avg_shortest_dist,swarm_density_count,prey_neurons_connected_prey_retina,prey_neurons_connected_predator_retina,predator_neurons_connected_prey_retina,mutual_info
1,59560.000000,30440.000000,16,70270.237801,848219445.729763,1403.465146,3.044343,3,2,1,0.012824
1,63262.000000,26738.000000,19,77656.937793,1521009344.876116,1407.974576,3.241180,3,2,1,0.015388
2,65618.000000,24382.000000,20,87548.120862,2065444859.850564,1178.954021,2.934248,3,2,1,0.014158
3,58628.000000,31372.000000,16,56486.612498,484556539.967788,1174.050694,3.224392,3,2,1,0.017839
