generation,prey_fitness,predator_fitness,num_alive_end,avg_bb_size,var_bb_size,avg_shortest_dist,swarm_density_count,prey_neurons_connected_prey_retina,prey_neurons_connected_predator_retina,predator_neurons_connected_prey_retina,mutual_info
1,59704.000000,30296.000000,14,64244.288099,892562488.469430,1746.126582,3.527897,3,1,1,0.022832
1,68892.000000,21108.000000,24,89233.367391,1716176277.346103,1247.066741,3.312044,3,1,1,0.017495
2,64541.000000,25459.000000,21,78584.993152,827340770.131418,1274.658179,3.219560,3,1,1,0.014529
3,63821.000000,26179.000000,19,76196.926512,1520735752.131284,1202.458115,3.665259,3,1,1,0.010186
