generation,prey_fitness,predator_fitness,num_alive_end,avg_bb_size,var_bb_size,avg_shortest_dist,swarm_density_count,prey_neurons_connected_prey_retina,prey_neurons_connected_predator_retina,predator_neurons_connected_prey_retina,mutual_info
1,59332.000000,30668.000000,15,110892.873653,1438725373.861909,1767.806993,1.783573,0,2,1,0.022363
1,64062.000000,25938.000000,21,106048.863756,1806673017.989100,1538.620076,1.952014,0,2,1,0.018887
2,62200.000000,27800.000000,19,106505.184903,1781674461.877924,1863.104047,2.131702,0,2,1,0.038153
3,69231.000000,20769.000000,25,111070.258999,1760682366.574066,1570.469861,2.097149,0,2,1,0.015912
