generation,prey_fitness,predator_fitness,num_alive_end,avg_bb_size,var_bb_size,avg_shortest_dist,swarm_density_count,prey_neurons_connected_prey_retina,prey_neurons_connected_predator_retina,predator_neurons_connected_prey_retina,mutual_info
1,69585.000000,20415.000000,21,7732.756741,4785861.667974,94.346549,13.133907,1,1,1,0.005374
1,58873.000000,31127.000000,8,6592.035982,4650203.566979,130.252694,12.117217,1,1,1,0.007646
2,61538.000000,28462.000000,15,6339.068087,2301847.457481,102.873575,13.025382,1,1,1,0.005552
3,64034.000000,25966.000000,16,7188.012737,4377784.001472,101.607745,12.398343,1,1,1,0.008119
