generation,prey_fitness,predator_fitness,num_alive_end,avg_bb_size,var_bb_size,avg_shortest_dist,swarm_density_count,prey_neurons_connected_prey_retina,prey_neurons_connected_predator_retina,predator_neurons_connected_prey_retina,mutual_info
1,63011.000000,26989.000000,19,67224.069887,972247555.892943,1107.026336,3.133067,1,2,1,0.019217
1,60674.000000,29326.000000,20,71389.171947,899626669.043620,1324.878144,2.878397,1,2,1,0.019295
2,62772.000000,27228.000000,20,49735.739996,391126181.493349,817.892418,3.369391,1,2,1,0.020340
3,63090.000000,26910.000000,18,69665.863764,933067827.163054,1088.460335,2.818671,1,2,1,0.019730
