generation,prey_fitness,predator_fitness,num_alive_end,avg_bb_size,var_bb_size,avg_shortest_dist,swarm_density_count,prey_neurons_connected_prey_retina,prey_neurons_connected_predator_retina,predator_neurons_connected_prey_retina,mutual_info
1,66068.000000,23932.000000,23,197570.688090,5273937096.854712,3336.876152,1.689792,0,0,1,0.009440
1,63593.000000,26407.000000,18,188688.528399,5219546958.309500,3186.185007,1.663190,0,0,1,0.018841
2,57319.000000,32681.000000,15,198561.793591,5298572515.485385,3738.011857,1.536881,0,0,1,0.022224
3,57681.000000,32319.000000,13,193876.276998,4977278832.727491,4896.435750,1.660425,0,0,1,0.026900
