generation,prey_fitness,predator_fitness,num_alive_end,avg_bb_size,var_bb_size,avg_shortest_dist,swarm_density_count,prey_neurons_connected_prey_retina,prey_neurons_connected_predator_retina,predator_neurons_connected_prey_retina,mutual_info
1,59619.000000,30381.000000,13,12412.622449,13195047.232402,232.894758,7.658027,1,4,1,0.022927
1,69088.000000,20912.000000,19,14614.193216,25168634.555460,189.506817,8.019096,1,4,1,0.009483
2,55591.000000,34409.000000,5,9594.374001,14245394.909230,218.545426,8.114355,1,4,1,0.011256
3,58113.000000,31887.000000,12,12432.527996,16427536.346768,231.951392,7.855176,1,4,1,0.009745
