generation,prey_fitness,predator_fitness,num_alive_end,avg_bb_size,var_bb_size,avg_shortest_dist,swarm_density_count,prey_neurons_connected_prey_retina,prey_neurons_connected_predator_retina,predator_neurons_connected_prey_retina,mutual_info
1,63806.000000,26194.000000,20,140997.104015,3245966304.155250,2092.533265,2.035973,2,3,1,0.022129
1,62387.000000,27613.000000,20,164998.044169,4720563883.462068,2782.148462,1.994339,2,3,1,0.015657
2,64172.000000,25828.000000,21,142616.625039,3320451988.300817,2239.982088,2.149680,2,3,1,0.025052
3,59965.000000,30035.000000,16,146018.525231,3580789822.492360,2378.382164,2.066520,2,3,1,0.021445
