generation,prey_fitness,predator_fitness,num_alive_end,avg_bb_size,var_bb_size,avg_shortest_dist,swarm_density_count,prey_neurons_connected_prey_retina,prey_neurons_connected_predator_retina,predator_neurons_connected_prey_retina,mutual_info
1,68037.000000,21963.000000,25,174381.241590,6037585522.010436,1921.440202,2.389075,3,2,1,0.019598
1,70712.000000,19288.000000,24,194513.756301,6600289585.836385,2026.838404,2.112375,3,2,1,0.013664
2,70647.000000,19353.000000,23,172017.766614,7308824928.337533,1888.159948,2.420942,3,2,1,0.022629
3,71608.000000,18392.000000,24,173802.494574,7137246378.681779,1626.076381,2.578325,3,2,1,0.023203
