generation,prey_fitness,predator_fitness,num_alive_end,avg_bb_size,var_bb_size,avg_shortest_dist,swarm_density_count,prey_neurons_connected_prey_retina,prey_neurons_connected_predator_retina,predator_neurons_connected_prey_retina,mutual_info
1,69544.000000,20456.000000,23,74771.076311,916082861.575846,480.585684,3.610722,3,0,1,0.022170
1,65273.000000,24727.000000,22,99777.445215,2011335205.254854,1333.381764,3.251903,3,0,1,0.018667
2,69525.000000,20475.000000,23,80662.429472,1135223376.740891,805.425730,3.573579,3,0,1,0.025915
3,64308.000000,25692.000000,21,68680.778999,838094401.784270,704.644321,3.977188,3,0,1,0.030458
