generation,prey_fitness,predator_fitness,num_alive_end,avg_bb_size,var_bb_size,avg_shortest_dist,swarm_density_count,prey_neurons_connected_prey_retina,prey_neurons_connected_predator_retina,predator_neurons_connected_prey_retina,mutual_info
1,64641.000000,25359.000000,23,158126.920052,4450296358.796366,2436.014773,1.933298,3,0,3,0.013997
1,68197.000000,21803.000000,23,153323.570591,4208246634.930558,2349.108990,2.098135,3,0,3,0.018114
2,63363.000000,26637.000000,23,141896.717746,3000704571.672969,2292.888291,2.129920,3,0,3,0.039231
3,61778.000000,28222.000000,18,166464.451043,4175008538.747928,3152.583280,1.812607,3,0,3,0.019626
