generation,prey_fitness,predator_fitness,num_alive_end,avg_bb_size,var_bb_size,avg_shortest_dist,swarm_density_count,prey_neurons_connected_prey_retina,prey_neurons_connected_predator_retina,predator_neurons_connected_prey_retina,mutual_info
1,69629.000000,20371.000000,24,151010.507988,4812708607.251301,2495.885873,2.129629,2,0,3,0.016685
1,63950.000000,26050.000000,21,143966.774996,3629303255.453942,2445.911287,2.142894,2,0,3,0.015447
2,65564.000000,24436.000000,18,122842.664500,2988900566.351674,2056.997912,2.252096,2,0,3,0.015967
3,63636.000000,26364.000000,20,112721.540241,3079950351.753276,2101.230548,2.361765,2,0,3,0.021670
