generation,prey_fitness,predator_fitness,num_alive_end,avg_bb_size,var_bb_size,avg_shortest_dist,swarm_density_count,prey_neurons_connected_prey_retina,prey_neurons_connected_predator_retina,predator_neurons_connected_prey_retina,mutual_info
1,73033.000000,16967.000000,26,104843.675005,2136994212.272159,950.800674,3.003460,1,0,6,0.012721
1,75900.000000,14100.000000,29,85874.269901,1189700381.619131,708.788398,3.335736,1,0,6,0.018885
2,76443.000000,13557.000000,29,116594.836550,2659132617.208414,817.220751,2.993890,1,0,6,0.016698
3,69985.000000,20015.000000,26,71853.527343,596061093.027717,680.206261,3.540937,1,0,6,0.020515
