generation,prey_fitness,predator_fitness,num_alive_end,avg_bb_size,var_bb_size,avg_shortest_dist,swarm_density_count,prey_neurons_connected_prey_retina,prey_neurons_connected_predator_retina,predator_neurons_connected_prey_retina,mutual_info
1,64622.000000,25378.000000,19,207164.392491,6351249304.951440,3784.690300,1.870048,3,0,1,0.021975
1,65863.000000,24137.000000,19,205920.820808,6203717013.583249,2387.499012,2.068390,3,0,1,0.024501
2,62895.000000,27105.000000,19,205408.167423,6229789287.896107,3189.196595,1.861598,3,0,1,0.023669
3,56299.000000,33701.000000,11,199633.240604,5742935043.857643,4237.182930,1.814528,3,0,1,0.027548
