generation,prey_fitness,predator_fitness,num_alive_end,avg_bb_size,var_bb_size,avg_shortest_dist,swarm_density_count,prey_neurons_connected_prey_retina,prey_neurons_connected_predator_retina,predator_neurons_connected_prey_retina,mutual_info
1,64213.000000,25787.000000,21,182129.368273,4603662731.170759,2340.127762,1.778104,1,1,1,0.019291
1,66469.000000,23531.000000,23,197251.613884,5311444149.043136,3020.574646,1.732311,1,1,1,0.022337
2,57738.000000,32262.000000,14,172882.963873,4165403800.960628,2852.461436,1.735733,1,1,1,0.028827
3,59618.000000,30382.000000,18,172239.805020,4705735803.104894,3280.878416,1.693729,1,1,1,0.018167
