generation,prey_fitness,predator_fitness,num_alive_end,avg_bb_size,var_bb_size,avg_shortest_dist,swarm_density_count,prey_neurons_connected_prey_retina,prey_neurons_connected_predator_retina,predator_neurons_connected_prey_retina,mutual_info
1,66901.000000,23099.000000,23,127276.969762,2534361511.254705,1629.953240,2.208503,2,1,1,0.023056
1,55410.000000,34590.000000,14,90888.828875,1055991569.887308,1802.283918,2.137665,2,1,1,0.018212
2,67522.000000,22478.000000,21,155915.711034,4526160783.276815,2249.092662,2.060139,2,1,1,0.020451
3,66593.000000,23407.000000,20,144772.576560,3427874725.977387,2362.529157,1.990605,2,1,1,0.021064
