generation,prey_fitness,predator_fitness,num_alive_end,avg_bb_size,var_bb_size,avg_shortest_dist,swarm_density_count,prey_neurons_connected_prey_retina,prey_neurons_connected_predator_retina,predator_neurons_connected_prey_retina,mutual_info
1,65238.000000,24762.000000,23,108483.280607,2072575877.639179,1873.300431,2.158901,6,1,2,0.011285
1,68368.000000,21632.000000,23,124466.115895,2605007481.313612,2068.165981,2.181679,6,1,2,0.010555
2,64446.000000,25554.000000,20,113481.120479,2448223274.166405,1915.698689,2.180998,6,1,2,0.008381
3,69597.000000,20403.000000,22,124036.499846,2841273679.527695,1650.638900,2.213605,6,1,2,0.012445
