generation,prey_fitness,predator_fitness,num_alive_end,avg_bb_size,var_bb_size,avg_shortest_dist,swarm_density_count,prey_neurons_connected_prey_retina,prey_neurons_connected_predator_retina,predator_neurons_connected_prey_retina,mutual_info
1,50379.000000,39621.000000,8,32333.521675,222952303.061178,764.106776,3.310242,0,0,1,0.017034
1,61617.000000,28383.000000,14,46962.032464,249800900.674383,796.645926,3.299689,0,0,1,0.008486
2,58352.000000,31648.000000,8,33476.461083,213758768.965692,568.201275,3.888430,0,0,1,0.016354
3,55662.000000,34338.000000,11,29936.127003,109031751.953932,659.388679,3.688790,0,0,1,0.009468
