generation,prey_fitness,predator_fitness,num_alive_end,avg_bb_size,var_bb_size,avg_shortest_dist,swarm_density_count,prey_neurons_connected_prey_retina,prey_neurons_connected_predator_retina,predator_neurons_connected_prey_retina,mutual_info
1,66445.000000,23555.000000,21,129371.040213,2241847191.762564,1590.563581,2.243791,1,3,1,0.016148
1,64455.000000,25545.000000,18,157866.493984,3891387622.774972,2260.718970,2.094710,1,3,1,0.019423
2,63596.000000,26404.000000,20,169814.436237,4600147187.218843,3236.814594,2.059287,1,3,1,0.029641
3,65864.000000,24136.000000,21,121357.507703,2276119076.411498,1851.802361,2.081052,1,3,1,0.014774
