generation,prey_fitness,predator_fitness,num_alive_end,avg_bb_size,var_bb_size,avg_shortest_dist,swarm_density_count,prey_neurons_connected_prey_retina,prey_neurons_connected_predator_retina,predator_neurons_connected_prey_retina,mutual_info
1,69805.000000,20195.000000,22,110010.575091,1739794562.542860,1395.970786,2.210856,1,2,2,0.008436
1,73268.000000,16732.000000,27,106398.539065,1539369129.139310,1146.636510,2.662833,1,2,2,0.027253
2,73818.000000,16182.000000,29,127217.574195,2977183606.268971,1433.159924,2.478903,1,2,2,0.033237
3,73820.000000,16180.000000,29,128925.838798,2365535539.856746,1423.004038,2.253456,1,2,2,0.028943
