generation,prey_fitness,predator_fitness,num_alive_end,avg_bb_size,var_bb_size,avg_shortest_dist,swarm_density_count,prey_neurons_connected_prey_retina,prey_neurons_connected_predator_retina,predator_neurons_connected_prey_retina,mutual_info
1,58895.000000,31105.000000,17,174834.074940,5430374386.554631,2976.390747,2.008323,1,2,1,0.023391
1,62686.000000,27314.000000,20,182423.024493,5466806718.538033,3061.139937,1.921129,1,2,1,0.024071
2,60693.000000,29307.000000,16,167658.209036,4447695412.477380,3136.625077,1.953917,1,2,1,0.027498
3,69208.000000,20792.000000,23,183469.205905,5807535811.314458,2765.914441,2.018696,1,2,1,0.034518
