generation,prey_fitness,predator_fitness,num_alive_end,avg_bb_size,var_bb_size,avg_shortest_dist,swarm_density_count,prey_neurons_connected_prey_retina,prey_neurons_connected_predator_retina,predator_neurons_connected_prey_retina,mutual_info
1,70952.000000,19048.000000,27,136853.637140,3786718177.600958,2058.064704,2.188500,0,0,1,0.015811
1,70190.000000,19810.000000,27,141474.380645,3003861463.747288,1756.729890,1.999550,0,0,1,0.018708
2,65152.000000,24848.000000,23,134012.498617,2373809888.829777,1815.786182,1.910355,0,0,1,0.019255
3,66800.000000,23200.000000,23,149076.948422,4198279811.778639,2201.081470,1.895522,0,0,1,0.013407
