generation,prey_fitness,predator_fitness,num_alive_end,avg_bb_size,var_bb_size,avg_shortest_dist,swarm_density_count,prey_neurons_connected_prey_retina,prey_neurons_connected_predator_retina,predator_neurons_connected_prey_retina,mutual_info
1,71878.000000,18122.000000,28,158333.564349,4350502518.909421,1969.264412,2.075623,0,0,1,0.020748
1,73651.000000,16349.000000,29,175727.700067,4497429250.139408,2100.802176,2.071464,0,0,1,0.031650
2,77566.000000,12434.000000,32,189391.492584,5859687705.691848,2352.425143,2.019735,0,0,1,0.021552
3,70936.000000,19064.000000,24,171886.018476,4456107809.494376,2271.921977,1.917080,0,0,1,0.016154
