generation,prey_fitness,predator_fitness,num_alive_end,avg_bb_size,var_bb_size,avg_shortest_dist,swarm_density_count,prey_neurons_connected_prey_retina,prey_neurons_connected_predator_retina,predator_neurons_connected_prey_retina,mutual_info
1,70967.000000,19033.000000,26,46982.795484,391046790.977161,667.207761,4.533870,0,1,3,0.055804
1,69555.000000,20445.000000,23,50136.110753,402025414.228744,654.442786,3.625361,0,1,3,0.019187
2,67725.000000,22275.000000,23,44544.796767,301708215.646537,668.954564,3.711682,0,1,3,0.013192
3,63002.000000,26998.000000,16,34201.432722,126320561.289803,555.684737,4.322582,0,1,3,0.052011
