generation,prey_fitness,predator_fitness,num_alive_end,avg_bb_size,var_bb_size,avg_shortest_dist,swarm_density_count,prey_neurons_connected_prey_retina,prey_neurons_connected_predator_retina,predator_neurons_connected_prey_retina,mutual_info
1,55248.000000,34752.000000,11,200537.972056,5095416178.760443,5060.239607,1.521461,3,1,5,0.023561
1,62174.000000,27826.000000,19,211845.844670,5589342209.186337,4074.935458,1.606121,3,1,5,0.036606
2,57431.000000,32569.000000,13,209358.810112,5125331559.346856,4577.475441,1.501125,3,1,5,0.022072
3,52637.000000,37363.000000,13,214373.998577,5238786944.076062,5907.847524,1.462675,3,1,5,0.013850
