generation,prey_fitness,predator_fitness,num_alive_end,avg_bb_size,var_bb_size,avg_shortest_dist,swarm_density_count,prey_neurons_connected_prey_retina,prey_neurons_connected_predator_retina,predator_neurons_connected_prey_retina,mutual_info
1,65664.000000,24336.000000,24,101337.439756,1876712084.236167,1669.909817,2.411302,0,2,1,0.019548
1,68372.000000,21628.000000,24,106080.499474,1735999327.415446,1387.308418,2.200688,0,2,1,0.014669
2,59752.000000,30248.000000,17,106139.144458,2121007418.750747,2219.947983,2.263193,0,2,1,0.024147
3,63489.000000,26511.000000,19,99776.655766,1508781488.522679,1646.077452,2.211774,0,2,1,0.016305
