generation,prey_fitness,predator_fitness,num_alive_end,avg_bb_size,var_bb_size,avg_shortest_dist,swarm_density_count,prey_neurons_connected_prey_retina,prey_neurons_connected_predator_retina,predator_neurons_connected_prey_retina,mutual_info
1,53770.000000,36230.000000,14,202321.126824,5839116428.075468,4261.687024,1.744363,2,1,1,0.029261
1,58020.000000,31980.000000,14,203376.779043,6072784235.877224,5016.963049,1.775684,2,1,1,0.016125
2,61717.000000,28283.000000,18,200424.180366,5651865529.606766,3814.099340,1.812283,2,1,1,0.016490
3,60919.000000,29081.000000,16,205703.590212,5815840061.772152,3358.420551,1.892685,2,1,1,0.027014
