generation,prey_fitness,predator_fitness,num_alive_end,avg_bb_size,var_bb_size,avg_shortest_dist,swarm_density_count,prey_neurons_connected_prey_retina,prey_neurons_connected_predator_retina,predator_neurons_connected_prey_retina,mutual_info
1,53897.000000,36103.000000,14,128016.751541,2421945778.694995,2588.856688,2.063722,2,1,1,0.017850
1,62984.000000,27016.000000,21,164403.856150,5926353909.491902,2300.339659,2.249876,2,1,1,0.022003
2,67879.000000,22121.000000,20,123405.602612,2585651314.660186,1898.549243,2.357650,2,1,1,0.022507
3,64659.000000,25341.000000,20,127450.661969,3087948097.094146,1814.125046,2.307129,2,1,1,0.015379
