generation,prey_fitness,predator_fitness,num_alive_end,avg_bb_size,var_bb_size,avg_shortest_dist,swarm_density_count,prey_neurons_connected_prey_retina,prey_neurons_connected_predator_retina,predator_neurons_connected_prey_retina,mutual_info
1,53718.000000,36282.000000,11,192089.872008,6742741280.614076,4633.299465,1.971058,3,0,1,0.023484
1,63206.000000,26794.000000,21,201649.463067,7025601996.007932,3115.353001,2.167898,3,0,1,0.024646
2,52436.000000,37564.000000,12,177711.095981,5491220457.856516,4737.575066,2.048661,3,0,1,0.014296
3,51958.000000,38042.000000,10,199829.839850,6776161824.278076,6268.336917,1.920112,3,0,1,0.023494
