generation,prey_fitness,predator_fitness,num_alive_end,avg_bb_size,var_bb_size,avg_shortest_dist,swarm_density_count,prey_neurons_connected_prey_retina,prey_neurons_connected_predator_retina,predator_neurons_connected_prey_retina,mutual_info
1,63392.000000,26608.000000,19,80469.310797,1579237269.726985,1577.699022,4.235570,2,1,2,0.012577
1,69208.000000,20792.000000,24,82390.780938,1596122579.179177,1353.404290,3.903743,2,1,2,0.010048
2,55045.000000,34955.000000,15,61715.208909,1245122294.529952,1480.903888,4.222137,2,1,2,0.016555
3,69473.000000,20527.000000,25,82655.177657,2552851206.156229,1167.754095,4.389750,2,1,2,0.007033
