generation,prey_fitness,predator_fitness,num_alive_end,avg_bb_size,var_bb_size,avg_shortest_dist,swarm_density_count,prey_neurons_connected_prey_retina,prey_neurons_connected_predator_retina,predator_neurons_connected_prey_retina,mutual_info
1,70323.000000,19677.000000,25,101379.883387,1150597715.590508,1239.909599,2.380635,0,1,1,0.021027
1,61965.000000,28035.000000,20,104510.490057,1628947161.025137,1815.289237,2.351845,0,1,1,0.020785
2,64540.000000,25460.000000,21,111865.813430,1877019610.208787,1645.076761,2.335006,0,1,1,0.024045
3,70917.000000,19083.000000,26,167778.724343,4492443713.866635,2172.758960,1.928746,0,1,1,0.015760
