generation,prey_fitness,predator_fitness,num_alive_end,avg_bb_size,var_bb_size,avg_shortest_dist,swarm_density_count,prey_neurons_connected_prey_retina,prey_neurons_connected_predator_retina,predator_neurons_connected_prey_retina,mutual_info
1,68173.000000,21827.000000,23,152993.565727,4805808093.641371,2422.593487,2.010600,3,3,1,0.016836
1,70346.000000,19654.000000,23,175043.586063,4823529357.725234,2623.669639,2.059350,3,3,1,0.020696
2,66260.000000,23740.000000,20,177914.423694,4732248490.588895,2871.991255,1.858842,3,3,1,0.015301
3,69255.000000,20745.000000,22,148912.087859,3751764112.015213,2027.921170,1.998939,3,3,1,0.022032
