generation,prey_fitness,predator_fitness,num_alive_end,avg_bb_size,var_bb_size,avg_shortest_dist,swarm_density_count,prey_neurons_connected_prey_retina,prey_neurons_connected_predator_retina,predator_neurons_connected_prey_retina,mutual_info
1,64855.000000,25145.000000,21,85955.390147,1316982443.149499,1396.076094,3.010906,0,1,1,0.009547
1,70980.000000,19020.000000,27,106738.962873,2588695724.610875,1486.317408,2.603608,0,1,1,0.009399
2,78315.000000,11685.000000,34,112883.958839,2346843917.122633,1317.596147,2.939885,0,1,1,0.008631
3,67764.000000,22236.000000,25,115898.009293,2708358217.988102,1685.325040,2.443543,0,1,1,0.024281
