generation,prey_fitness,predator_fitness,num_alive_end,avg_bb_size,var_bb_size,avg_shortest_dist,swarm_density_count,prey_neurons_connected_prey_retina,prey_neurons_connected_predator_retina,predator_neurons_connected_prey_retina,mutual_info
1,66953.000000,23047.000000,22,49877.358974,408382733.199176,367.998497,4.554527,2,2,1,0.019127
1,67048.000000,22952.000000,23,54606.130167,494789669.572753,549.180610,5.352735,2,2,1,0.040235
2,68584.000000,21416.000000,20,47916.722931,335672696.489352,333.455557,4.680231,2,2,1,0.027203
3,66509.000000,23491.000000,24,50340.636755,366235154.230956,432.661779,5.099176,2,2,1,0.027336
