generation,prey_fitness,predator_fitness,num_alive_end,avg_bb_size,var_bb_size,avg_shortest_dist,swarm_density_count,prey_neurons_connected_prey_retina,prey_neurons_connected_predator_retina,predator_neurons_connected_prey_retina,mutual_info
1,63367.000000,26633.000000,19,129678.051854,3267339062.704512,2112.021457,1.972611,2,3,1,0.019653
1,67131.000000,22869.000000,23,138379.312534,3212310248.933133,1843.920179,2.053154,2,3,1,0.017856
2,68977.000000,21023.000000,25,133654.689873,3091916107.544256,2042.287989,2.063439,2,3,1,0.014722
3,65715.000000,24285.000000,22,118296.552534,2652978362.428529,1848.458924,2.180087,2,3,1,0.019960
