generation,prey_fitness,predator_fitness,num_alive_end,avg_bb_size,var_bb_size,avg_shortest_dist,swarm_density_count,prey_neurons_connected_prey_retina,prey_neurons_connected_predator_retina,predator_neurons_connected_prey_retina,mutual_info
1,51177.000000,38823.000000,9,62006.306142,622503177.099641,1814.644997,2.397350,3,3,1,0.019332
1,60523.000000,29477.000000,16,74287.941218,567341037.820517,1367.879624,2.441852,3,3,1,0.021277
2,63778.000000,26222.000000,21,101355.580757,1277008868.160935,1574.042260,2.110132,3,3,1,0.024362
3,63836.000000,26164.000000,20,103422.527520,2147638716.507780,1570.528592,2.293485,3,3,1,0.010148
