generation,prey_fitness,predator_fitness,num_alive_end,avg_bb_size,var_bb_size,avg_shortest_dist,swarm_density_count,prey_neurons_connected_prey_retina,prey_neurons_connected_predator_retina,predator_neurons_connected_prey_retina,mutual_info
1,64229.000000,25771.000000,20,148511.231079,3448345956.130949,2856.587852,2.689716,4,0,1,0.026186
1,59494.000000,30506.000000,17,151929.522175,2803143031.180702,3076.056676,2.295259,4,0,1,0.015202
2,73405.000000,16595.000000,26,144597.932023,3012101095.357767,2005.932605,3.068208,4,0,1,0.024246
3,65878.000000,24122.000000,21,164373.612323,3236342725.177180,2672.371187,2.015047,4,0,1,0.018953
