generation,prey_fitness,predator_fitness,num_alive_end,avg_bb_size,var_bb_size,avg_shortest_dist,swarm_density_count,prey_neurons_connected_prey_retina,prey_neurons_connected_predator_retina,predator_neurons_connected_prey_retina,mutual_info
1,62043.000000,27957.000000,20,147445.801907,2724016843.937963,2355.327371,1.737274,0,3,2,0.021227
1,65481.000000,24519.000000,20,173640.386391,4466511291.160113,2475.177856,1.708754,0,3,2,0.014323
2,70642.000000,19358.000000,27,191544.940997,4998783630.195481,2689.578287,1.585493,0,3,2,0.012634
3,57127.000000,32873.000000,17,154576.050852,3360344312.973554,2963.620044,1.658179,0,3,2,0.022391
