generation,prey_fitness,predator_fitness,num_alive_end,avg_bb_size,var_bb_size,avg_shortest_dist,swarm_density_count,prey_neurons_connected_prey_retina,prey_neurons_connected_predator_retina,predator_neurons_connected_prey_retina,mutual_info
1,60453.000000,29547.000000,16,56550.249920,386185350.238704,771.700073,2.570552,2,3,1,0.015480
1,61902.000000,28098.000000,17,60912.316102,522598212.431030,820.062776,2.611781,2,3,1,0.017100
2,68063.000000,21937.000000,17,56801.033792,574275505.091041,646.199365,2.910114,2,3,1,0.014391
3,65896.000000,24104.000000,18,89102.591112,1181710536.781787,1290.489255,2.608358,2,3,1,0.019216
