generation,prey_fitness,predator_fitness,num_alive_end,avg_bb_size,var_bb_size,avg_shortest_dist,swarm_density_count,prey_neurons_connected_prey_retina,prey_neurons_connected_predator_retina,predator_neurons_connected_prey_retina,mutual_info
1,66332.000000,23668.000000,21,180680.478096,4937597398.499994,3100.482559,1.867951,0,1,1,0.010768
1,71136.000000,18864.000000,27,187995.333095,5333271936.996943,2690.061186,1.804920,0,1,1,0.016550
2,64491.000000,25509.000000,20,142392.619060,3303280106.263733,2508.657566,1.931038,0,1,1,0.020326
3,71152.000000,18848.000000,26,198057.211172,5282406210.562693,2607.927930,1.812126,0,1,1,0.016601
