generation,prey_fitness,predator_fitness,num_alive_end,avg_bb_size,var_bb_size,avg_shortest_dist,swarm_density_count,prey_neurons_connected_prey_retina,prey_neurons_connected_predator_retina,predator_neurons_connected_prey_retina,mutual_info
1,64637.000000,25363.000000,18,124950.439405,3146802184.337101,2261.028313,2.298461,0,1,1,0.018990
1,69218.000000,20782.000000,23,132253.656512,3091700264.910469,1950.458676,2.325749,0,1,1,0.016491
2,68694.000000,21306.000000,24,101600.302801,1830273992.617353,1321.685966,2.411993,0,1,1,0.020220
3,51114.000000,38886.000000,11,104394.985665,2358258103.466047,2574.767121,1.989850,0,1,1,0.019592
