generation,prey_fitness,predator_fitness,num_alive_end,avg_bb_size,var_bb_size,avg_shortest_dist,swarm_density_count,prey_neurons_connected_prey_retina,prey_neurons_connected_predator_retina,predator_neurons_connected_prey_retina,mutual_info
1,59635.000000,30365.000000,15,127967.110644,3371290238.739731,3071.883031,2.351768,0,1,4,0.030580
1,66116.000000,23884.000000,21,130048.814157,2689293111.939637,1973.641294,2.298603,0,1,4,0.021013
2,68234.000000,21766.000000,22,137079.523091,4301806751.311193,2061.179166,2.255760,0,1,4,0.012600
3,66152.000000,23848.000000,24,113796.838247,2188261307.591241,1552.629023,2.500838,0,1,4,0.018710
