generation,prey_fitness,predator_fitness,num_alive_end,avg_bb_size,var_bb_size,avg_shortest_dist,swarm_density_count,prey_neurons_connected_prey_retina,prey_neurons_connected_predator_retina,predator_neurons_connected_prey_retina,mutual_info
1,65140.000000,24860.000000,22,161249.566886,6549201112.378680,2500.323639,2.583194,1,0,1,0.037662
1,67889.000000,22111.000000,25,146318.675412,4875320032.627757,2353.078618,2.949656,1,0,1,0.026895
2,69890.000000,20110.000000,24,154489.843996,4578895803.546012,2259.939432,2.916525,1,0,1,0.019734
3,65325.000000,24675.000000,20,161630.630830,4994585227.873600,3121.637680,3.126162,1,0,1,0.027244
