generation,prey_fitness,predator_fitness,num_alive_end,avg_bb_size,var_bb_size,avg_shortest_dist,swarm_density_count,prey_neurons_connected_prey_retina,prey_neurons_connected_predator_retina,predator_neurons_connected_prey_retina,mutual_info
1,63529.000000,26471.000000,18,138179.172193,2952959398.991120,2119.266726,1.962028,0,3,1,0.023581
1,57561.000000,32439.000000,16,119787.079144,2011079081.411746,2247.568559,2.033327,0,3,1,0.026407
2,64677.000000,25323.000000,20,163113.290768,3656309902.995542,2746.981709,1.785672,0,3,1,0.014375
3,70082.000000,19918.000000,25,132902.560902,3623374193.315009,1765.252620,2.177943,0,3,1,0.016653
