generation,prey_fitness,predator_fitness,num_alive_end,avg_bb_size,var_bb_size,avg_shortest_dist,swarm_density_count,prey_neurons_connected_prey_retina,prey_neurons_connected_predator_retina,predator_neurons_connected_prey_retina,mutual_info
1,67631.000000,22369.000000,23,120958.911716,2136531145.163518,2052.696475,1.979595,1,2,1,0.091901
1,63713.000000,26287.000000,20,148206.126284,2662483475.105108,2369.869166,1.779925,1,2,1,0.034923
2,63622.000000,26378.000000,19,143067.200692,3134192102.279667,2321.399067,1.755555,1,2,1,0.022053
3,61776.000000,28224.000000,17,140945.742308,2688881399.269088,2132.294168,1.718935,1,2,1,0.027795
