generation,prey_fitness,predator_fitness,num_alive_end,avg_bb_size,var_bb_size,avg_shortest_dist,swarm_density_count,prey_neurons_connected_prey_retina,prey_neurons_connected_predator_retina,predator_neurons_connected_prey_retina,mutual_info
1,56289.000000,33711.000000,13,71823.686350,1054942143.398097,1530.804185,2.284878,1,2,2,0.014275
1,60759.000000,29241.000000,17,71183.444472,597552837.413999,1189.190237,2.439283,1,2,2,0.016268
2,63041.000000,26959.000000,18,74827.348773,999709118.448756,1440.641563,2.397128,1,2,2,0.009227
3,66320.000000,23680.000000,20,76418.600413,837982295.369836,1150.703450,2.350725,1,2,2,0.015554
