generation,prey_fitness,predator_fitness,num_alive_end,avg_bb_size,var_bb_size,avg_shortest_dist,swarm_density_count,prey_neurons_connected_prey_retina,prey_neurons_connected_predator_retina,predator_neurons_connected_prey_retina,mutual_info
1,67864.000000,22136.000000,25,154286.096860,3753716542.219660,2067.890188,1.913679,0,0,5,0.012332
1,71764.000000,18236.000000,25,176487.099362,4444916083.144709,2205.156459,1.711176,0,0,5,0.015664
2,66587.000000,23413.000000,21,162753.614036,4147172941.827953,2335.360909,1.691228,0,0,5,0.023568
3,68599.000000,21401.000000,23,169776.959202,5047258367.527876,3016.610739,1.827629,0,0,5,0.014141
