generation,prey_fitness,predator_fitness,num_alive_end,avg_bb_size,var_bb_size,avg_shortest_dist,swarm_density_count,prey_neurons_connected_prey_retina,prey_neurons_connected_predator_retina,predator_neurons_connected_prey_retina,mutual_info
1,70760.000000,19240.000000,27,122236.461953,2699542541.854724,1663.411562,2.264680,2,2,3,0.023267
1,67186.000000,22814.000000,23,119068.804739,2159046871.799707,1661.549549,2.340908,2,2,3,0.011678
2,59429.000000,30571.000000,17,88968.021047,1104694355.089962,1390.290060,2.256949,2,2,3,0.034866
3,69723.000000,20277.000000,24,116182.381738,1665529961.637955,1619.764066,2.188935,2,2,3,0.023167
