generation,prey_fitness,predator_fitness,num_alive_end,avg_bb_size,var_bb_size,avg_shortest_dist,swarm_density_count,prey_neurons_connected_prey_retina,prey_neurons_connected_predator_retina,predator_neurons_connected_prey_retina,mutual_info
1,56042.000000,33958.000000,8,43865.197026,286797610.956369,884.161324,2.802555,1,1,2,0.019154
1,61016.000000,28984.000000,15,60042.924807,494071655.452415,927.122467,2.670089,1,1,2,0.013393
2,60464.000000,29536.000000,12,82789.283244,1071747822.640174,1713.675945,2.479099,1,1,2,0.024027
3,53624.000000,36376.000000,12,43679.829675,349185008.258930,865.213793,2.638311,1,1,2,0.015645
