generation,prey_fitness,predator_fitness,num_alive_end,avg_bb_size,var_bb_size,avg_shortest_dist,swarm_density_count,prey_neurons_connected_prey_retina,prey_neurons_connected_predator_retina,predator_neurons_connected_prey_retina,mutual_info
1,31047.000000,28953.000000,4,158879.390678,5025029815.474714,7252.298995,1.070376,1,1,1,0.019882
1,33743.000000,26257.000000,7,179671.174135,4917505832.535629,5875.578344,1.081396,1,1,1,0.037046
2,40577.000000,19423.000000,11,172206.783297,4541491324.436212,5505.751068,1.023015,1,1,1,0.031818
3,31027.000000,28973.000000,3,189891.509588,5080343911.609687,17864.777256,0.958844,1,1,1,0.032603
