generation,prey_fitness,predator_fitness,num_alive_end,avg_bb_size,var_bb_size,avg_shortest_dist,swarm_density_count,prey_neurons_connected_prey_retina,prey_neurons_connected_predator_retina,predator_neurons_connected_prey_retina,mutual_info
1,39594.000000,20406.000000,8,85736.696911,1293738245.862410,3225.037055,1.414604,0,3,1,0.026789
1,40511.000000,19489.000000,7,78407.798670,830683216.984150,2974.930411,1.556795,0,3,1,0.029305
2,42037.000000,17963.000000,10,111643.358150,2170989964.262111,3303.921993,1.243504,0,3,1,0.022939
3,39029.000000,20971.000000,8,115209.220858,2361886515.372038,4371.167680,1.225480,0,3,1,0.020306
