generation,prey_fitness,predator_fitness,num_alive_end,avg_bb_size,var_bb_size,avg_shortest_dist,swarm_density_count,prey_neurons_connected_prey_retina,prey_neurons_connected_predator_retina,predator_neurons_connected_prey_retina,mutual_info
1,37440.000000,22560.000000,9,115654.419472,2140108079.687922,3902.380314,1.391180,0,1,4,0.019413
1,31332.000000,28668.000000,6,83659.542993,1610079986.633566,5648.303084,1.341339,0,1,4,0.034566
2,35360.000000,24640.000000,6,91902.670073,1396478588.438891,4040.807048,1.310835,0,1,4,0.022634
3,34257.000000,25743.000000,9,83069.773313,847741249.124711,4335.804694,1.323540,0,1,4,0.021910
