generation,prey_fitness,predator_fitness,num_alive_end,avg_bb_size,var_bb_size,avg_shortest_dist,swarm_density_count,prey_neurons_connected_prey_retina,prey_neurons_connected_predator_retina,predator_neurons_connected_prey_retina,mutual_info
1,37144.000000,22856.000000,6,56159.315701,748170874.697511,2241.620173,1.881158,0,1,2,0.027062
1,39299.000000,20701.000000,9,58441.597910,350700246.701181,2044.144117,1.616313,0,1,2,0.026925
2,32662.000000,27338.000000,5,48878.307394,433114374.062173,2383.648884,1.416679,0,1,2,0.032047
3,31871.000000,28129.000000,5,44225.604184,245027825.432738,2605.990941,1.542914,0,1,2,0.041995
