generation,prey_fitness,predator_fitness,num_alive_end,avg_bb_size,var_bb_size,avg_shortest_dist,swarm_density_count,prey_neurons_connected_prey_retina,prey_neurons_connected_predator_retina,predator_neurons_connected_prey_retina,mutual_info
1,35049.000000,24951.000000,4,47762.338720,413346931.232180,5019.141821,2.023477,3,3,1,0.025109
1,37438.000000,22562.000000,8,40863.969518,317453344.472555,1530.034207,2.469743,3,3,1,0.028085
2,32989.000000,27011.000000,3,55065.162653,803630500.987262,3801.405389,2.177230,3,3,1,0.037937
3,31236.000000,28764.000000,4,32140.365068,269620733.098749,2347.240733,2.396185,3,3,1,0.024329
