generation,prey_fitness,predator_fitness,num_alive_end,avg_bb_size,var_bb_size,avg_shortest_dist,swarm_density_count,prey_neurons_connected_prey_retina,prey_neurons_connected_predator_retina,predator_neurons_connected_prey_retina,mutual_info
1,35471.000000,24529.000000,5,93312.551475,1149750166.154943,4089.200265,1.159728,0,2,2,0.038772
1,38233.000000,21767.000000,11,91843.101787,969688987.692906,2912.638712,1.197381,0,2,2,0.032206
2,28522.000000,31478.000000,2,51372.846826,773923710.282738,3704.884341,1.226518,0,2,2,0.106795
3,43092.000000,16908.000000,11,121729.794840,2033456305.359484,3368.947759,1.295948,0,2,2,0.051190
