generation,prey_fitness,predator_fitness,num_alive_end,avg_bb_size,var_bb_size,avg_shortest_dist,swarm_density_count,prey_neurons_connected_prey_retina,prey_neurons_connected_predator_retina,predator_neurons_connected_prey_retina,mutual_info
1,35253.000000,24747.000000,7,139099.703656,2953231326.583380,5210.534945,1.061139,0,1,1,0.030270
1,32060.000000,27940.000000,4,118835.842506,2504762245.112533,8396.091458,0.983388,0,1,1,0.033644
2,39386.000000,20614.000000,11,127611.570169,2780941477.969089,4297.315320,1.076164,0,1,1,0.018100
3,42146.000000,17854.000000,9,151698.144367,3924641277.799445,5984.484886,1.094972,0,1,1,0.056932
