generation,prey_fitness,predator_fitness,num_alive_end,avg_bb_size,var_bb_size,avg_shortest_dist,swarm_density_count,prey_neurons_connected_prey_retina,prey_neurons_connected_predator_retina,predator_neurons_connected_prey_retina,mutual_info
1,38030.000000,21970.000000,8,157411.582149,4012644074.259454,5814.385362,1.122114,1,0,5,0.032771
1,36098.000000,23902.000000,8,145136.911214,3608552352.027856,6354.841584,1.172461,1,0,5,0.031400
2,37239.000000,22761.000000,8,150546.802628,3239270689.495257,5658.186056,1.026322,1,0,5,0.023321
3,36922.000000,23078.000000,8,138332.827208,3160857846.239845,5046.399940,1.121614,1,0,5,0.030961
