generation,prey_fitness,predator_fitness,num_alive_end,avg_bb_size,var_bb_size,avg_shortest_dist,swarm_density_count,prey_neurons_connected_prey_retina,prey_neurons_connected_predator_retina,predator_neurons_connected_prey_retina,mutual_info
1,38923.000000,21077.000000,10,36252.242058,250292980.331273,1338.937248,3.048647,1,1,1,0.028717
1,36621.000000,23379.000000,7,35312.957497,424851148.562082,689.090796,2.620916,1,1,1,0.025077
2,40329.000000,19671.000000,9,29970.260157,239543765.719827,428.199549,2.959323,1,1,1,0.029889
3,31328.000000,28672.000000,2,16196.239403,100298424.489156,1253.127238,2.887565,1,1,1,0.029821
