generation,prey_fitness,predator_fitness,num_alive_end,avg_bb_size,var_bb_size,avg_shortest_dist,swarm_density_count,prey_neurons_connected_prey_retina,prey_neurons_connected_predator_retina,predator_neurons_connected_prey_retina,mutual_info
1,26251.000000,33749.000000,2,17766.823464,137214011.928441,5464.936312,2.001205,0,1,1,0.018105
1,25389.000000,34611.000000,2,18651.708862,108822046.927736,7609.840908,1.875031,0,1,1,0.026685
2,26153.000000,33847.000000,2,19615.563043,182520931.712169,2945.724965,1.871756,0,1,1,0.033567
3,23025.000000,36975.000000,2,11442.986402,94546678.803351,2790.248128,2.006724,0,1,1,0.031405
