generation,prey_fitness,predator_fitness,num_alive_end,avg_bb_size,var_bb_size,avg_shortest_dist,swarm_density_count,prey_neurons_connected_prey_retina,prey_neurons_connected_predator_retina,predator_neurons_connected_prey_retina,mutual_info
1,30108.000000,29892.000000,2,27161.351683,206079932.204634,2052.443260,1.840381,2,1,3,0.033609
1,30152.000000,29848.000000,2,44276.122703,779226818.049939,8033.150327,1.650851,2,1,3,0.047373
2,29448.000000,30552.000000,2,37694.835963,343538968.733166,2701.074822,1.442540,2,1,3,0.030047
3,27126.000000,32874.000000,2,29678.780419,335629593.951577,3826.180471,1.540517,2,1,3,0.048000
