generation,prey_fitness,predator_fitness,num_alive_end,avg_bb_size,var_bb_size,avg_shortest_dist,swarm_density_count,prey_neurons_connected_prey_retina,prey_neurons_connected_predator_retina,predator_neurons_connected_prey_retina,mutual_info
1,42999.000000,17001.000000,15,205187.052225,5360241718.434992,4769.123636,1.176509,1,3,1,0.020450
1,41581.000000,18419.000000,14,209550.682447,5838835978.497812,5204.466851,1.184556,1,3,1,0.036584
2,44777.000000,15223.000000,15,204871.824062,5569216233.729785,5443.420822,1.045453,1,3,1,0.019427
3,40987.000000,19013.000000,12,211313.998072,5972043878.091434,6641.062561,1.258579,1,3,1,0.021012
