generation,prey_fitness,predator_fitness,num_alive_end,avg_bb_size,var_bb_size,avg_shortest_dist,swarm_density_count,prey_neurons_connected_prey_retina,prey_neurons_connected_predator_retina,predator_neurons_connected_prey_retina,mutual_info
1,42307.000000,17693.000000,10,10057.638253,14205984.026053,274.017326,6.076376,0,4,5,0.015796
1,36171.000000,23829.000000,6,8416.010466,12347821.262741,269.511505,5.423364,0,4,5,0.014367
2,39220.000000,20780.000000,11,7813.238096,5981422.302642,227.292565,6.195635,0,4,5,0.010792
3,38201.000000,21799.000000,5,6399.056864,7862833.300985,215.688934,6.552638,0,4,5,0.012348
