generation,prey_fitness,predator_fitness,num_alive_end,avg_bb_size,var_bb_size,avg_shortest_dist,swarm_density_count,prey_neurons_connected_prey_retina,prey_neurons_connected_predator_retina,predator_neurons_connected_prey_retina,mutual_info
1,33929.000000,26071.000000,6,40391.350785,353347343.892118,2049.104574,1.935387,1,0,3,0.061917
1,32662.000000,27338.000000,4,53354.405579,387518418.873913,3014.115698,1.697190,1,0,3,0.055167
2,24036.000000,35964.000000,2,18283.017030,185093898.977685,2836.765170,1.624516,1,0,3,0.051498
3,35625.000000,24375.000000,9,72038.038693,1439918828.239745,3616.337740,1.562556,1,0,3,0.036484
