generation,prey_fitness,predator_fitness,num_alive_end,avg_bb_size,var_bb_size,avg_shortest_dist,swarm_density_count,prey_neurons_connected_prey_retina,prey_neurons_connected_predator_retina,predator_neurons_connected_prey_retina,mutual_info
1,33636.000000,26364.000000,3,19418.998001,61078781.925487,989.509324,2.427124,0,0,3,0.012561
1,28867.000000,31133.000000,2,17731.208264,155319992.895555,2952.829632,2.475605,0,0,3,0.034697
2,25162.000000,34838.000000,2,9509.450475,48627626.363909,1276.707009,2.663304,0,0,3,0.022118
3,30005.000000,29995.000000,2,16962.885836,187098712.245991,1416.392465,2.603549,0,0,3,0.041488
