generation,prey_fitness,predator_fitness,num_alive_end,avg_bb_size,var_bb_size,avg_shortest_dist,swarm_density_count,prey_neurons_connected_prey_retina,prey_neurons_connected_predator_retina,predator_neurons_connected_prey_retina,mutual_info
1,38627.000000,21373.000000,7,112454.946488,2997025351.479998,3656.056703,2.020075,1,1,1,0.027600
1,31454.000000,28546.000000,3,139415.883516,6780451368.583612,8867.690410,1.461668,1,1,1,0.029319
2,45186.000000,14814.000000,12,166559.052479,6247565369.453896,2217.145671,1.757184,1,1,1,0.020838
3,35631.000000,24369.000000,7,94141.207134,1465218753.874711,4268.303139,1.811167,1,1,1,0.062553
