generation,prey_fitness,predator_fitness,num_alive_end,avg_bb_size,var_bb_size,avg_shortest_dist,swarm_density_count,prey_neurons_connected_prey_retina,prey_neurons_connected_predator_retina,predator_neurons_connected_prey_retina,mutual_info
1,30033.000000,29967.000000,2,41685.455039,285951373.046806,10472.278752,1.591060,1,2,2,0.062243
1,32843.000000,27157.000000,5,59368.497106,727529311.207099,3797.609668,1.607589,1,2,2,0.031180
2,29375.000000,30625.000000,2,29220.172687,252856118.722160,2726.391839,2.018939,1,2,2,0.058767
3,34566.000000,25434.000000,4,41179.223713,412591489.545087,1905.213629,1.928330,1,2,2,0.028383
