generation,prey_fitness,predator_fitness,num_alive_end,avg_bb_size,var_bb_size,avg_shortest_dist,swarm_density_count,prey_neurons_connected_prey_retina,prey_neurons_connected_predator_retina,predator_neurons_connected_prey_retina,mutual_info
1,32808.000000,27192.000000,6,58072.320485,607333233.567070,3180.534206,1.498594,0,0,1,0.031709
1,29615.000000,30385.000000,3,43747.353319,439018979.066308,2836.520938,1.433132,0,0,1,0.029763
2,31047.000000,28953.000000,2,51289.408758,596092062.205323,3261.815125,1.467650,0,0,1,0.028249
3,37956.000000,22044.000000,9,70785.278186,1003395370.639373,2870.533570,1.580199,0,0,1,0.026700
