generation,prey_fitness,predator_fitness,num_alive_end,avg_bb_size,var_bb_size,avg_shortest_dist,swarm_density_count,prey_neurons_connected_prey_retina,prey_neurons_connected_predator_retina,predator_neurons_connected_prey_retina,mutual_info
1,29829.000000,30171.000000,3,192822.297018,5632920269.691985,17925.241322,0.927604,6,1,1,0.084665
1,29372.000000,30628.000000,4,177155.186685,4931203920.389227,15503.978469,1.072642,6,1,1,0.065104
2,28675.000000,31325.000000,5,179724.914618,5141675575.471445,9187.858250,1.031590,6,1,1,0.075277
3,30639.000000,29361.000000,6,208382.426829,4731632159.206582,9669.094793,1.048502,6,1,1,0.044554
