generation,prey_fitness,predator_fitness,num_alive_end,avg_bb_size,var_bb_size,avg_shortest_dist,swarm_density_count,prey_neurons_connected_prey_retina,prey_neurons_connected_predator_retina,predator_neurons_connected_prey_retina,mutual_info
1,29016.000000,30984.000000,2,42044.255906,463549154.221790,5705.562633,1.542190,1,1,1,0.045330
1,38131.000000,21869.000000,5,56935.096908,513591675.717449,2560.635912,1.565237,1,1,1,0.022389
2,31910.000000,28090.000000,2,28466.313793,431544240.646334,2111.657464,2.054610,1,1,1,0.041047
3,26625.000000,33375.000000,2,17659.203090,168526861.918226,4538.864854,1.813411,1,1,1,0.040643
