generation,prey_fitness,predator_fitness,num_alive_end,avg_bb_size,var_bb_size,avg_shortest_dist,swarm_density_count,prey_neurons_connected_prey_retina,prey_neurons_connected_predator_retina,predator_neurons_connected_prey_retina,mutual_info
1,39161.000000,20839.000000,9,91038.132742,859892745.417064,2419.372099,1.656872,5,0,1,0.040396
1,29622.000000,30378.000000,2,58603.407251,989578977.863384,3270.990813,1.382898,5,0,1,0.044467
2,37478.000000,22522.000000,7,121093.647815,2265167698.726485,2070.316723,1.586908,5,0,1,0.039918
3,40045.000000,19955.000000,12,144014.600844,3143756245.038023,3671.947281,1.303643,5,0,1,0.036583
