generation,prey_fitness,predator_fitness,num_alive_end,avg_bb_size,var_bb_size,avg_shortest_dist,swarm_density_count,prey_neurons_connected_prey_retina,prey_neurons_connected_predator_retina,predator_neurons_connected_prey_retina,mutual_info
1,28741.000000,31259.000000,5,145958.720423,3590966015.842339,10421.113818,1.127039,0,0,1,0.037093
1,37163.000000,22837.000000,8,176762.968389,5438746141.072679,6294.131116,1.269837,0,0,1,0.029979
2,38413.000000,21587.000000,9,179758.698177,5507735400.349184,6240.854955,1.134064,0,0,1,0.042898
3,35546.000000,24454.000000,7,181974.092524,5332448712.766085,10622.751908,1.127900,0,0,1,0.041742
