generation,prey_fitness,predator_fitness,num_alive_end,avg_bb_size,var_bb_size,avg_shortest_dist,swarm_density_count,prey_neurons_connected_prey_retina,prey_neurons_connected_predator_retina,predator_neurons_connected_prey_retina,mutual_info
1,32445.000000,27555.000000,5,103741.923151,1629232020.621291,9156.521839,1.129011,0,0,1,0.030832
1,35454.000000,24546.000000,7,120911.543457,3735401775.730678,4910.208835,1.126033,0,0,1,0.030490
2,37695.000000,22305.000000,10,117709.514198,2513512910.841908,4241.540193,1.231277,0,0,1,0.032389
3,39145.000000,20855.000000,9,87316.180692,1410291097.606303,3020.613119,1.311377,0,0,1,0.029478
