generation,prey_fitness,predator_fitness,num_alive_end,avg_bb_size,var_bb_size,avg_shortest_dist,swarm_density_count,prey_neurons_connected_prey_retina,prey_neurons_connected_predator_retina,predator_neurons_connected_prey_retina,mutual_info
1,40514.000000,19486.000000,9,161523.423770,3577045614.571699,6738.941919,1.137839,1,0,1,0.044352
1,33195.000000,26805.000000,4,120072.492280,4727495679.297639,4746.973932,1.249140,1,0,1,0.024896
2,36761.000000,23239.000000,8,129568.069584,2262555662.054507,4983.521363,1.177695,1,0,1,0.033917
3,31828.000000,28172.000000,2,109064.969744,1800637809.541330,8989.475362,1.138234,1,0,1,0.033808
