generation,prey_fitness,predator_fitness,num_alive_end,avg_bb_size,var_bb_size,avg_shortest_dist,swarm_density_count,prey_neurons_connected_prey_retina,prey_neurons_connected_predator_retina,predator_neurons_connected_prey_retina,mutual_info
1,35808.000000,24192.000000,6,98510.132059,1546445834.640808,4024.386952,1.497231,1,2,3,0.027001
1,31504.000000,28496.000000,6,79181.018096,1738151717.164449,3615.214060,1.283001,1,2,3,0.055731
2,25264.000000,34736.000000,2,30079.112694,386370410.331766,3098.721620,1.453510,1,2,3,0.042381
3,31810.000000,28190.000000,4,44942.380241,384685602.730825,2322.874833,1.482253,1,2,3,0.060345
