generation,prey_fitness,predator_fitness,num_alive_end,avg_bb_size,var_bb_size,avg_shortest_dist,swarm_density_count,prey_neurons_connected_prey_retina,prey_neurons_connected_predator_retina,predator_neurons_connected_prey_retina,mutual_info
1,35041.000000,24959.000000,7,179641.407261,4750036782.503166,6479.654061,1.129531,1,1,1,0.038784
1,35435.000000,24565.000000,5,171127.833479,5755234052.080091,7918.207403,1.207663,1,1,1,0.032242
2,34213.000000,25787.000000,5,150626.358804,4443161491.387084,9577.948661,1.358612,1,1,1,0.041951
3,30671.000000,29329.000000,2,122492.014641,5673184321.240810,7152.012051,1.184120,1,1,1,0.092801
