generation,prey_fitness,predator_fitness,num_alive_end,avg_bb_size,var_bb_size,avg_shortest_dist,swarm_density_count,prey_neurons_connected_prey_retina,prey_neurons_connected_predator_retina,predator_neurons_connected_prey_retina,mutual_info
1,40794.000000,19206.000000,11,155881.948748,3285918258.978762,4678.678590,1.085837,1,0,1,0.018303
1,39212.000000,20788.000000,11,164175.859441,4688777416.854897,5759.461515,1.082339,1,0,1,0.017798
2,38482.000000,21518.000000,8,166244.688218,4465177237.846408,5538.331589,1.127389,1,0,1,0.041510
3,35400.000000,24600.000000,6,151571.179709,3717805152.951940,7675.904034,1.090597,1,0,1,0.031512
