generation,prey_fitness,predator_fitness,num_alive_end,avg_bb_size,var_bb_size,avg_shortest_dist,swarm_density_count,prey_neurons_connected_prey_retina,prey_neurons_connected_predator_retina,predator_neurons_connected_prey_retina,mutual_info
1,44382.000000,15618.000000,12,7238.654344,6286133.954862,178.244584,7.797030,0,0,1,0.005986
1,39949.000000,20051.000000,9,7645.438862,8831050.229273,217.229723,6.313390,0,0,1,0.008493
2,49695.000000,10305.000000,16,9482.344942,15905897.926274,180.590286,7.398066,0,0,1,0.007562
3,44810.000000,15190.000000,10,7060.851152,6310022.236351,177.569156,8.113530,0,0,1,0.010024
