generation,prey_fitness,predator_fitness,num_alive_end,avg_bb_size,var_bb_size,avg_shortest_dist,swarm_density_count,prey_neurons_connected_prey_retina,prey_neurons_connected_predator_retina,predator_neurons_connected_prey_retina,mutual_info
1,27037.000000,32963.000000,2,56927.111858,1407337068.532236,8516.252202,1.140855,3,0,1,0.056161
1,32584.000000,27416.000000,4,72829.228008,818557362.007325,4236.789744,1.211871,3,0,1,0.025599
2,29705.000000,30295.000000,2,87698.999687,1913912877.308325,6418.652973,1.130800,3,0,1,0.025789
3,27478.000000,32522.000000,3,50735.677056,450297257.815757,3608.682905,1.198648,3,0,1,0.030820
