generation,prey_fitness,predator_fitness,num_alive_end,avg_bb_size,var_bb_size,avg_shortest_dist,swarm_density_count,prey_neurons_connected_prey_retina,prey_neurons_connected_predator_retina,predator_neurons_connected_prey_retina,mutual_info
1,40676.000000,19324.000000,6,88357.324621,1455919728.692364,3346.735755,1.283790,2,1,3,0.018552
1,41707.000000,18293.000000,11,82179.058519,1061242591.846015,2677.292570,1.350215,2,1,3,0.033165
2,33628.000000,26372.000000,5,87857.849870,1604257788.096766,5825.337733,1.232871,2,1,3,0.019837
3,35357.000000,24643.000000,7,62439.988257,673994385.991498,2824.224744,1.362946,2,1,3,0.025821
