generation,prey_fitness,predator_fitness,num_alive_end,avg_bb_size,var_bb_size,avg_shortest_dist,swarm_density_count,prey_neurons_connected_prey_retina,prey_neurons_connected_predator_retina,predator_neurons_connected_prey_retina,mutual_info
1,37520.000000,22480.000000,8,43313.326003,283571845.474894,1553.648818,1.908166,4,4,1,0.021727
1,37659.000000,22341.000000,6,33131.858162,203026445.181971,1143.596959,2.050010,4,4,1,0.043501
2,33509.000000,26491.000000,4,28523.248990,126293321.323922,1529.512511,1.811855,4,4,1,0.057062
3,34902.000000,25098.000000,4,38817.502178,253371516.529607,2138.655027,1.859993,4,4,1,0.024042
