generation,prey_fitness,predator_fitness,num_alive_end,avg_bb_size,var_bb_size,avg_shortest_dist,swarm_density_count,prey_neurons_connected_prey_retina,prey_neurons_connected_predator_retina,predator_neurons_connected_prey_retina,mutual_info
1,33462.000000,26538.000000,2,14465.347423,41176775.597610,734.247252,3.049198,3,1,1,0.018807
1,24519.000000,35481.000000,2,13332.000668,38605741.186563,9941.664346,2.236562,3,1,1,0.027856
2,21663.000000,38337.000000,2,6419.042237,23941365.105941,1300.510103,2.411262,3,1,1,0.024544
3,26034.000000,33966.000000,2,12406.377970,78399407.969908,2087.907504,2.148156,3,1,1,0.021217
