generation,prey_fitness,predator_fitness,num_alive_end,avg_bb_size,var_bb_size,avg_shortest_dist,swarm_density_count,prey_neurons_connected_prey_retina,prey_neurons_connected_predator_retina,predator_neurons_connected_prey_retina,mutual_info
1,43302.000000,16698.000000,13,170657.455179,4624286458.452855,4445.822453,1.216958,2,0,1,0.054805
1,36117.000000,23883.000000,8,134627.925289,2686921845.933130,6143.558825,1.175136,2,0,1,0.067151
2,37404.000000,22596.000000,8,114403.449507,1925032025.650671,4528.114466,1.227421,2,0,1,0.065413
3,32684.000000,27316.000000,6,115795.523142,2198186513.703429,5772.221795,1.075067,2,0,1,0.068509
