generation,prey_fitness,predator_fitness,num_alive_end,avg_bb_size,var_bb_size,avg_shortest_dist,swarm_density_count,prey_neurons_connected_prey_retina,prey_neurons_connected_predator_retina,predator_neurons_connected_prey_retina,mutual_info
1,34615.000000,25385.000000,3,99697.329452,2062744139.409930,7722.043084,1.472485,2,1,3,0.032751
1,25667.000000,34333.000000,2,58900.703006,1138881991.995402,29126.109903,1.414387,2,1,3,0.073825
2,33928.000000,26072.000000,4,74393.121866,770356822.319363,4705.457344,1.457931,2,1,3,0.028539
3,38477.000000,21523.000000,7,75863.689299,1089731492.826944,2422.151614,1.537397,2,1,3,0.029797
