generation,prey_fitness,predator_fitness,num_alive_end,avg_bb_size,var_bb_size,avg_shortest_dist,swarm_density_count,prey_neurons_connected_prey_retina,prey_neurons_connected_predator_retina,predator_neurons_connected_prey_retina,mutual_info
1,23373.000000,36627.000000,2,14262.260092,135388755.647367,3218.465891,1.631013,1,1,1,0.028528
1,30379.000000,29621.000000,2,23180.503968,155276253.190710,1518.212348,1.806492,1,1,1,0.022970
2,27016.000000,32984.000000,2,19431.494043,285768470.934396,1216.474139,1.719199,1,1,1,0.035121
3,28143.000000,31857.000000,2,31393.010349,301677137.077234,1761.935556,1.363182,1,1,1,0.022964
