generation,prey_fitness,predator_fitness,num_alive_end,avg_bb_size,var_bb_size,avg_shortest_dist,swarm_density_count,prey_neurons_connected_prey_retina,prey_neurons_connected_predator_retina,predator_neurons_connected_prey_retina,mutual_info
1,31742.000000,28258.000000,4,18664.302023,53292837.670632,738.666564,2.827717,2,4,1,0.054935
1,33883.000000,26117.000000,3,28789.557012,134173214.390078,2005.057833,2.588042,2,4,1,0.042292
2,31690.000000,28310.000000,2,24517.644008,204222305.815054,1962.177219,2.741186,2,4,1,0.076702
3,35205.000000,24795.000000,2,17687.337586,57911728.677128,1196.818579,3.378620,2,4,1,0.033061
