generation,prey_fitness,predator_fitness,num_alive_end,avg_bb_size,var_bb_size,avg_shortest_dist,swarm_density_count,prey_neurons_connected_prey_retina,prey_neurons_connected_predator_retina,predator_neurons_connected_prey_retina,mutual_info
1,28407.000000,31593.000000,2,29270.450318,324959990.355972,2043.882159,1.772473,1,0,3,0.081241
1,33397.000000,26603.000000,5,40916.678873,342474476.963850,2344.580713,1.695928,1,0,3,0.024382
2,39736.000000,20264.000000,8,54960.207725,344234777.345175,1958.831525,1.763244,1,0,3,0.023929
3,27754.000000,32246.000000,2,24978.624002,221486971.662207,4616.100573,1.631488,1,0,3,0.030228
