generation,prey_fitness,predator_fitness,num_alive_end,avg_bb_size,var_bb_size,avg_shortest_dist,swarm_density_count,prey_neurons_connected_prey_retina,prey_neurons_connected_predator_retina,predator_neurons_connected_prey_retina,mutual_info
1,34403.000000,25597.000000,6,131107.146148,3222525071.720947,4247.153699,1.228234,2,2,2,0.039116
1,40216.000000,19784.000000,10,184026.431500,4797307403.861978,5222.686511,1.434162,2,2,2,0.042464
2,43314.000000,16686.000000,10,171678.895874,5092097277.360824,3244.419476,1.279944,2,2,2,0.034086
3,36322.000000,23678.000000,7,132546.539593,3779217514.031371,4344.480986,1.377310,2,2,2,0.036873
