generation,prey_fitness,predator_fitness,num_alive_end,avg_bb_size,var_bb_size,avg_shortest_dist,swarm_density_count,prey_neurons_connected_prey_retina,prey_neurons_connected_predator_retina,predator_neurons_connected_prey_retina,mutual_info
1,34752.000000,25248.000000,4,48659.608232,379719659.933894,2160.822065,1.531670,1,0,1,0.023948
1,38737.000000,21263.000000,9,76366.262170,959388671.501141,2173.971540,1.472193,1,0,1,0.022306
2,38051.000000,21949.000000,8,75454.630747,762340229.154781,2309.105615,1.420707,1,0,1,0.026222
3,38161.000000,21839.000000,9,52137.280867,292775740.048508,1864.992741,1.522424,1,0,1,0.027850
