generation,prey_fitness,predator_fitness,num_alive_end,avg_bb_size,var_bb_size,avg_shortest_dist,swarm_density_count,prey_neurons_connected_prey_retina,prey_neurons_connected_predator_retina,predator_neurons_connected_prey_retina,mutual_info
1,34857.000000,25143.000000,7,64537.701850,673196695.644746,3092.003469,1.413228,4,5,1,0.026924
1,25123.000000,34877.000000,2,29636.832018,280892833.692159,9793.651830,1.268071,4,5,1,0.034097
2,31352.000000,28648.000000,2,40730.538755,402238926.100944,3009.312842,1.466862,4,5,1,0.056491
3,27793.000000,32207.000000,2,31862.626483,322826703.890523,3251.454928,1.534222,4,5,1,0.039604
