generation,prey_fitness,predator_fitness,num_alive_end,avg_bb_size,var_bb_size,avg_shortest_dist,swarm_density_count,prey_neurons_connected_prey_retina,prey_neurons_connected_predator_retina,predator_neurons_connected_prey_retina,mutual_info
1,42799.000000,17201.000000,12,103736.274153,2610351664.576610,3469.565540,1.452233,1,1,1,0.031217
1,39848.000000,20152.000000,11,74307.310978,893078825.870162,2801.765608,1.598103,1,1,1,0.031582
2,40378.000000,19622.000000,12,84434.679679,1409730178.939318,2565.095284,1.360306,1,1,1,0.021648
3,36002.000000,23998.000000,8,69993.127681,701632455.165815,2388.205472,1.304869,1,1,1,0.020730
