generation,prey_fitness,predator_fitness,num_alive_end,avg_bb_size,var_bb_size,avg_shortest_dist,swarm_density_count,prey_neurons_connected_prey_retina,prey_neurons_connected_predator_retina,predator_neurons_connected_prey_retina,mutual_info
1,42104.000000,17896.000000,10,68642.787143,728919555.166747,1799.743799,1.586702,3,1,1,0.032766
1,27742.000000,32258.000000,2,39782.388363,856074134.113287,3417.351149,1.493958,3,1,1,0.022632
2,31776.000000,28224.000000,3,48086.284694,662884863.524440,2051.970816,1.550542,3,1,1,0.033994
3,36490.000000,23510.000000,8,61529.507216,600020714.071980,2559.068201,1.507736,3,1,1,0.040456
