generation,prey_fitness,predator_fitness,num_alive_end,avg_bb_size,var_bb_size,avg_shortest_dist,swarm_density_count,prey_neurons_connected_prey_retina,prey_neurons_connected_predator_retina,predator_neurons_connected_prey_retina,mutual_info
1,39457.000000,20543.000000,8,58621.194522,576510896.184173,2095.062157,1.838708,0,2,1,0.029561
1,37705.000000,22295.000000,7,41172.099409,154839214.054537,1759.258008,1.906628,0,2,1,0.014832
2,32629.000000,27371.000000,3,29494.063482,92948145.873619,2083.054434,2.108486,0,2,1,0.047277
3,33000.000000,27000.000000,2,36776.843177,364358048.254523,1576.790166,1.710724,0,2,1,0.024164
