generation,prey_fitness,predator_fitness,num_alive_end,avg_bb_size,var_bb_size,avg_shortest_dist,swarm_density_count,prey_neurons_connected_prey_retina,prey_neurons_connected_predator_retina,predator_neurons_connected_prey_retina,mutual_info
1,31736.000000,28264.000000,2,15556.573799,88439269.981106,3053.396386,2.735849,0,1,1,0.042843
1,23745.000000,36255.000000,2,9937.179236,38153336.443091,3015.615069,2.384304,0,1,1,0.034628
2,25248.000000,34752.000000,2,15514.354102,112183809.812893,3278.271147,2.189548,0,1,1,0.049395
3,30412.000000,29588.000000,2,12948.090565,73057389.713262,1135.594801,2.793016,0,1,1,0.032669
