generation,prey_fitness,predator_fitness,num_alive_end,avg_bb_size,var_bb_size,avg_shortest_dist,swarm_density_count,prey_neurons_connected_prey_retina,prey_neurons_connected_predator_retina,predator_neurons_connected_prey_retina,mutual_info
1,34161.000000,25839.000000,8,160496.646434,5014899598.512662,8222.147000,1.218416,5,0,1,0.039420
1,32691.000000,27309.000000,4,185239.250482,4817512288.179181,11636.480180,1.165230,5,0,1,0.039436
2,31413.000000,28587.000000,9,160934.806571,4728564531.754873,6748.268601,1.197625,5,0,1,0.036432
3,32421.000000,27579.000000,8,179759.577806,5755258437.419922,7606.584370,1.050204,5,0,1,0.032713
