generation,prey_fitness,predator_fitness,num_alive_end,avg_bb_size,var_bb_size,avg_shortest_dist,swarm_density_count,prey_neurons_connected_prey_retina,prey_neurons_connected_predator_retina,predator_neurons_connected_prey_retina,mutual_info
1,36962.000000,23038.000000,5,40146.835327,253600961.305162,1399.929783,1.506575,1,1,1,0.015673
1,31542.000000,28458.000000,2,34661.849099,239206913.684573,2580.264369,1.350309,1,1,1,0.035081
2,28044.000000,31956.000000,2,27103.201972,153617536.271553,2913.467832,1.375407,1,1,1,0.025489
3,28677.000000,31323.000000,2,25534.961882,299981265.565201,1683.084590,1.452820,1,1,1,0.043399
