generation,prey_fitness,predator_fitness,num_alive_end,avg_bb_size,var_bb_size,avg_shortest_dist,swarm_density_count,prey_neurons_connected_prey_retina,prey_neurons_connected_predator_retina,predator_neurons_connected_prey_retina,mutual_info
1,41009.000000,18991.000000,10,149977.449909,3648541391.000764,3626.970303,1.255999,3,0,1,0.028357
1,30432.000000,29568.000000,4,128528.668709,4498126836.785610,14175.832780,1.189345,3,0,1,0.042407
2,37969.000000,22031.000000,9,173284.995449,4899599916.588547,5607.109180,1.143857,3,0,1,0.027181
3,37101.000000,22899.000000,7,123599.935804,2310231752.902871,5967.732407,1.570396,3,0,1,0.043286
