generation,prey_fitness,predator_fitness,num_alive_end,avg_bb_size,var_bb_size,avg_shortest_dist,swarm_density_count,prey_neurons_connected_prey_retina,prey_neurons_connected_predator_retina,predator_neurons_connected_prey_retina,mutual_info
1,39318.000000,20682.000000,8,179696.801834,4372351483.655168,6073.190606,1.282921,2,1,3,0.027295
1,26807.000000,33193.000000,6,127714.068729,4481237939.132133,6863.668406,1.238813,2,1,3,0.040368
2,39705.000000,20295.000000,8,168963.565960,7656025905.154559,5570.444253,2.235404,2,1,3,0.033805
3,36126.000000,23874.000000,9,135676.830148,3448476188.809143,3445.998876,1.397802,2,1,3,0.023851
