generation,prey_fitness,predator_fitness,num_alive_end,avg_bb_size,var_bb_size,avg_shortest_dist,swarm_density_count,prey_neurons_connected_prey_retina,prey_neurons_connected_predator_retina,predator_neurons_connected_prey_retina,mutual_info
1,35968.000000,24032.000000,6,52539.642235,676934694.974767,3151.730126,2.749058,2,1,1,0.023176
1,27617.000000,32383.000000,2,28702.858995,233247561.427129,5231.107321,2.872060,2,1,1,0.032172
2,32549.000000,27451.000000,2,28731.643253,200446824.902087,2354.324722,2.827698,2,1,1,0.034585
3,30620.000000,29380.000000,3,37554.795057,339977569.936342,4835.891408,2.505713,2,1,1,0.027622
