generation,prey_fitness,predator_fitness,num_alive_end,avg_bb_size,var_bb_size,avg_shortest_dist,swarm_density_count,prey_neurons_connected_prey_retina,prey_neurons_connected_predator_retina,predator_neurons_connected_prey_retina,mutual_info
1,34749.000000,25251.000000,6,55192.149841,450475719.475195,2787.052181,1.612317,2,3,2,0.070505
1,36834.000000,23166.000000,4,76429.120792,972542122.319958,4088.214741,1.569403,2,3,2,0.026756
2,32390.000000,27610.000000,4,53304.329726,687550880.311279,3235.128504,1.610802,2,3,2,0.040683
3,38139.000000,21861.000000,7,71526.582921,984039398.152241,2725.707941,1.686544,2,3,2,0.045316
