generation,prey_fitness,predator_fitness,num_alive_end,avg_bb_size,var_bb_size,avg_shortest_dist,swarm_density_count,prey_neurons_connected_prey_retina,prey_neurons_connected_predator_retina,predator_neurons_connected_prey_retina,mutual_info
1,30166.000000,29834.000000,2,16427.011996,102672455.110434,912.663909,3.243980,1,2,2,0.033143
1,26026.000000,33974.000000,2,12365.714204,87737229.039431,2917.783175,3.312214,1,2,2,0.037775
2,26022.000000,33978.000000,2,15776.870141,110087199.609805,4110.706729,2.943223,1,2,2,0.031304
3,28611.000000,31389.000000,2,17119.208543,124457082.282088,1399.655338,2.814519,1,2,2,0.026367
