generation,prey_fitness,predator_fitness,num_alive_end,avg_bb_size,var_bb_size,avg_shortest_dist,swarm_density_count,prey_neurons_connected_prey_retina,prey_neurons_connected_predator_retina,predator_neurons_connected_prey_retina,mutual_info
1,39049.000000,20951.000000,7,132280.189492,3003076632.852727,5314.837401,1.094172,2,0,1,0.038104
1,31217.000000,28783.000000,2,98814.961708,3661591947.003004,4898.840809,1.143480,2,0,1,0.027616
2,32266.000000,27734.000000,6,117217.202761,2142608650.498405,5574.918494,1.068908,2,0,1,0.047156
3,38211.000000,21789.000000,8,163954.900737,3482065273.899404,7836.383314,1.070228,2,0,1,0.023755
