generation,prey_fitness,predator_fitness,num_alive_end,avg_bb_size,var_bb_size,avg_shortest_dist,swarm_density_count,prey_neurons_connected_prey_retina,prey_neurons_connected_predator_retina,predator_neurons_connected_prey_retina,mutual_info
1,57669.000000,2331.000000,26,339.852491,3022.425961,4.553138,27.836500,1,0,3,0.002901
1,56907.000000,3093.000000,27,354.190050,5410.275211,5.254043,27.455000,1,0,3,0.003371
2,58410.000000,1590.000000,29,356.990913,2889.445525,4.678370,28.205500,1,0,3,0.004037
3,58541.000000,1459.000000,27,357.537090,4072.636079,4.884840,28.272000,1,0,3,0.003519
