generation,prey_fitness,predator_fitness,num_alive_end,avg_bb_size,var_bb_size,avg_shortest_dist,swarm_density_count,prey_neurons_connected_prey_retina,prey_neurons_connected_predator_retina,predator_neurons_connected_prey_retina,mutual_info
1,32984.000000,27016.000000,5,67380.070838,1091591649.658246,2920.602083,1.456904,2,1,2,0.034401
1,30105.000000,29895.000000,3,44670.361161,472497926.252055,2719.730507,1.660544,2,1,2,0.048924
2,33859.000000,26141.000000,4,101683.991102,2089191948.034474,5803.745945,1.262971,2,1,2,0.025541
3,36730.000000,23270.000000,6,50421.116857,352211241.286940,1653.783551,1.684638,2,1,2,0.039935
