generation,prey_fitness,predator_fitness,num_alive_end,avg_bb_size,var_bb_size,avg_shortest_dist,swarm_density_count,prey_neurons_connected_prey_retina,prey_neurons_connected_predator_retina,predator_neurons_connected_prey_retina,mutual_info
1,33006.000000,26994.000000,6,67603.757610,771296436.080230,3130.861727,1.374120,0,1,1,0.037742
1,38507.000000,21493.000000,6,93535.855733,1419704517.402067,3152.883610,1.247163,0,1,1,0.036131
2,41732.000000,18268.000000,13,95023.412162,1987108244.675388,2831.506922,1.468354,0,1,1,0.033862
3,34744.000000,25256.000000,7,97598.404308,1753728935.459971,4099.220638,1.284748,0,1,1,0.023900
