generation,prey_fitness,predator_fitness,num_alive_end,avg_bb_size,var_bb_size,avg_shortest_dist,swarm_density_count,prey_neurons_connected_prey_retina,prey_neurons_connected_predator_retina,predator_neurons_connected_prey_retina,mutual_info
1,38672.000000,21328.000000,11,168119.111087,4400055076.426727,5386.016408,1.029987,1,1,1,0.031946
1,39946.000000,20054.000000,10,169272.551403,4294722092.630746,4788.749960,1.128315,1,1,1,0.032694
2,44247.000000,15753.000000,15,193039.150712,5810126925.874064,5436.992062,1.093180,1,1,1,0.037409
3,39822.000000,20178.000000,10,149350.232800,2854242677.278571,4892.501664,1.057890,1,1,1,0.018858
