generation,prey_fitness,predator_fitness,num_alive_end,avg_bb_size,var_bb_size,avg_shortest_dist,swarm_density_count,prey_neurons_connected_prey_retina,prey_neurons_connected_predator_retina,predator_neurons_connected_prey_retina,mutual_info
1,33288.000000,26712.000000,5,111130.964442,1849264201.631868,7804.955188,1.183272,0,1,1,0.031025
1,31162.000000,28838.000000,5,99200.043880,1872785450.249921,7585.271032,1.315288,0,1,1,0.058169
2,35682.000000,24318.000000,6,144404.768682,3497211477.757549,7351.980719,1.098749,0,1,1,0.037151
3,34743.000000,25257.000000,6,116448.767488,1965420001.136793,5465.093506,1.213028,0,1,1,0.029024
