generation,prey_fitness,predator_fitness,num_alive_end,avg_bb_size,var_bb_size,avg_shortest_dist,swarm_density_count,prey_neurons_connected_prey_retina,prey_neurons_connected_predator_retina,predator_neurons_connected_prey_retina,mutual_info
1,40238.000000,19762.000000,12,80808.213139,1366818938.402062,1969.071351,1.508039,1,0,2,0.053608
1,32933.000000,27067.000000,6,84767.225581,1012048575.390494,5034.048696,1.370585,1,0,2,0.025121
2,31874.000000,28126.000000,2,52895.154544,574856790.753947,3825.638832,1.432401,1,0,2,0.021000
3,33615.000000,26385.000000,6,108149.004002,2338593001.856805,4811.933129,1.223008,1,0,2,0.026388
