generation,prey_fitness,predator_fitness,num_alive_end,avg_bb_size,var_bb_size,avg_shortest_dist,swarm_density_count,prey_neurons_connected_prey_retina,prey_neurons_connected_predator_retina,predator_neurons_connected_prey_retina,mutual_info
1,37674.000000,22326.000000,9,43971.173788,347597629.100733,1905.323003,1.916899,0,1,1,0.040911
1,31728.000000,28272.000000,2,35848.760404,230882443.758765,2581.492015,1.904252,0,1,1,0.033015
2,25832.000000,34168.000000,2,26793.708599,382195344.882647,2400.935458,1.544487,0,1,1,0.081324
3,25817.000000,34183.000000,2,24046.262411,217863778.955358,1755.579942,1.638117,0,1,1,0.039771
