generation,prey_fitness,predator_fitness,num_alive_end,avg_bb_size,var_bb_size,avg_shortest_dist,swarm_density_count,prey_neurons_connected_prey_retina,prey_neurons_connected_predator_retina,predator_neurons_connected_prey_retina,mutual_info
1,27057.000000,32943.000000,2,12982.718262,51418473.205662,5032.288322,2.710126,2,0,1,0.055946
1,25610.000000,34390.000000,2,10317.116584,60927247.907851,5709.439558,2.898488,2,0,1,0.023026
2,22081.000000,37919.000000,2,8216.491087,42201353.500346,3117.970242,2.453969,2,0,1,0.020138
3,25015.000000,34985.000000,2,8521.456752,32336025.371440,2016.007057,3.338352,2,0,1,0.025030
