generation,prey_fitness,predator_fitness,num_alive_end,avg_bb_size,var_bb_size,avg_shortest_dist,swarm_density_count,prey_neurons_connected_prey_retina,prey_neurons_connected_predator_retina,predator_neurons_connected_prey_retina,mutual_info
1,35097.000000,24903.000000,6,163754.705107,5299636515.146982,8594.867359,1.325529,0,2,2,0.028767
1,29220.000000,30780.000000,5,152249.658768,6497530804.742823,13609.790871,1.248323,0,2,2,0.054070
2,35971.000000,24029.000000,7,185747.160800,5895910096.818933,7524.769703,1.523025,0,2,2,0.025807
3,37734.000000,22266.000000,10,193016.811504,6755130440.880061,6160.370682,1.268424,0,2,2,0.031654
