generation,prey_fitness,predator_fitness,num_alive_end,avg_bb_size,var_bb_size,avg_shortest_dist,swarm_density_count,prey_neurons_connected_prey_retina,prey_neurons_connected_predator_retina,predator_neurons_connected_prey_retina,mutual_info
1,42823.000000,17177.000000,11,152536.742555,3509039922.224056,4288.847205,1.236244,1,3,3,0.028191
1,39901.000000,20099.000000,12,118373.983157,2516085278.203563,4273.404328,1.253799,1,3,3,0.030231
2,44487.000000,15513.000000,12,126004.749712,2636073315.969998,3396.451337,1.507104,1,3,3,0.027422
3,36439.000000,23561.000000,11,116833.359315,2295805195.447075,4270.554368,1.349043,1,3,3,0.036825
