generation,prey_fitness,predator_fitness,num_alive_end,avg_bb_size,var_bb_size,avg_shortest_dist,swarm_density_count,prey_neurons_connected_prey_retina,prey_neurons_connected_predator_retina,predator_neurons_connected_prey_retina,mutual_info
1,33417.000000,26583.000000,5,56968.621879,587962478.611484,2908.935625,1.615749,0,2,1,0.018758
1,33057.000000,26943.000000,4,43224.131169,315464408.726549,2264.546748,1.648484,0,2,1,0.039028
2,34703.000000,25297.000000,8,56956.106233,561229070.275404,2444.769831,1.439986,0,2,1,0.051383
3,36173.000000,23827.000000,8,42958.076023,208663294.433380,1846.513247,1.659413,0,2,1,0.042231
