generation,prey_fitness,predator_fitness,num_alive_end,avg_bb_size,var_bb_size,avg_shortest_dist,swarm_density_count,prey_neurons_connected_prey_retina,prey_neurons_connected_predator_retina,predator_neurons_connected_prey_retina,mutual_info
1,34213.000000,25787.000000,6,135973.691870,3834163274.368534,5037.668437,1.322325,4,2,2,0.034211
1,40260.000000,19740.000000,11,174554.183678,5641054475.820021,5210.727112,1.251233,4,2,2,0.031164
2,34770.000000,25230.000000,9,176261.170125,5407541266.150440,5457.124634,1.226373,4,2,2,0.025877
3,35187.000000,24813.000000,7,167032.075210,4472743992.215850,9437.387835,1.250398,4,2,2,0.045168
