generation,prey_fitness,predator_fitness,num_alive_end,avg_bb_size,var_bb_size,avg_shortest_dist,swarm_density_count,prey_neurons_connected_prey_retina,prey_neurons_connected_predator_retina,predator_neurons_connected_prey_retina,mutual_info
1,32738.000000,27262.000000,3,84944.255148,1571144101.637033,5367.155687,1.968767,2,0,3,0.037976
1,30521.000000,29479.000000,2,53106.840372,496671824.717909,16714.742666,1.955972,2,0,3,0.054414
2,27271.000000,32729.000000,2,63208.146084,1089108770.007763,36244.370821,1.627264,2,0,3,0.037371
3,32891.000000,27109.000000,6,79259.351826,2404164326.898789,5144.807156,1.649485,2,0,3,0.032581
