generation,prey_fitness,predator_fitness,num_alive_end,avg_bb_size,var_bb_size,avg_shortest_dist,swarm_density_count,prey_neurons_connected_prey_retina,prey_neurons_connected_predator_retina,predator_neurons_connected_prey_retina,mutual_info
1,43798.000000,16202.000000,14,200696.801052,6298875426.875911,4743.101794,1.194702,0,1,1,0.016020
1,42673.000000,17327.000000,15,197416.037587,6525835745.756166,4713.714867,1.199915,0,1,1,0.013789
2,45509.000000,14491.000000,16,199738.137069,6339809553.626362,5073.919100,1.264533,0,1,1,0.016689
3,44382.000000,15618.000000,15,197772.270726,6235085208.418348,4879.190936,1.272201,0,1,1,0.018504
