generation,prey_fitness,predator_fitness,num_alive_end,avg_bb_size,var_bb_size,avg_shortest_dist,swarm_density_count,prey_neurons_connected_prey_retina,prey_neurons_connected_predator_retina,predator_neurons_connected_prey_retina,mutual_info
1,29231.000000,30769.000000,2,19887.041516,88461994.911475,1768.346397,1.870502,1,1,2,0.019242
1,33313.000000,26687.000000,2,22263.100376,138949410.236860,1191.847184,2.197767,1,1,2,0.025666
2,25285.000000,34715.000000,2,18017.277324,136949382.565542,1506.950120,1.787969,1,1,2,0.017765
3,25924.000000,34076.000000,2,20760.229557,54115242.090279,7960.497916,1.861906,1,1,2,0.020607
