generation,prey_fitness,predator_fitness,num_alive_end,avg_bb_size,var_bb_size,avg_shortest_dist,swarm_density_count,prey_neurons_connected_prey_retina,prey_neurons_connected_predator_retina,predator_neurons_connected_prey_retina,mutual_info
1,27271.000000,32729.000000,2,42092.525791,625690071.558990,15395.880755,1.562344,0,2,1,0.030592
1,41362.000000,18638.000000,11,82462.430410,935156192.007618,2511.254532,1.609958,0,2,1,0.025962
2,39924.000000,20076.000000,8,69452.643472,655836617.962753,2551.605581,1.810087,0,2,1,0.028166
3,44179.000000,15821.000000,12,103342.391859,1785812942.249104,2619.483507,1.575384,0,2,1,0.024213
