generation,prey_fitness,predator_fitness,num_alive_end,avg_bb_size,var_bb_size,avg_shortest_dist,swarm_density_count,prey_neurons_connected_prey_retina,prey_neurons_connected_predator_retina,predator_neurons_connected_prey_retina,mutual_info
1,36054.000000,23946.000000,5,21283.904109,117510203.877406,1019.912392,3.119404,7,2,1,0.050700
1,31439.000000,28561.000000,2,18295.369074,145858539.904752,1417.745701,2.777272,7,2,1,0.023630
2,29524.000000,30476.000000,2,12614.856878,39012327.832276,1038.423162,2.924958,7,2,1,0.038870
3,27557.000000,32443.000000,2,15152.027736,86038875.258780,3090.159607,2.382824,7,2,1,0.046360
