generation,prey_fitness,predator_fitness,num_alive_end,avg_bb_size,var_bb_size,avg_shortest_dist,swarm_density_count,prey_neurons_connected_prey_retina,prey_neurons_connected_predator_retina,predator_neurons_connected_prey_retina,mutual_info
1,33308.000000,26692.000000,4,75114.291080,1110796486.884146,3232.162445,1.279570,1,1,1,0.045686
1,40344.000000,19656.000000,8,155064.860769,4006047348.394599,5344.152085,1.385425,1,1,1,0.045642
2,31106.000000,28894.000000,4,133132.138373,2787907340.338934,9168.631860,1.110135,1,1,1,0.038507
3,41686.000000,18314.000000,10,143704.765737,3677819816.410102,4728.331848,1.268836,1,1,1,0.025617
