generation,prey_fitness,predator_fitness,num_alive_end,avg_bb_size,var_bb_size,avg_shortest_dist,swarm_density_count,prey_neurons_connected_prey_retina,prey_neurons_connected_predator_retina,predator_neurons_connected_prey_retina,mutual_info
1,34679.000000,25321.000000,7,171758.505393,4111055996.429805,9105.053496,1.041277,1,5,1,0.043000
1,36541.000000,23459.000000,7,181261.502723,4871728962.298824,6161.569781,1.161931,1,5,1,0.038131
2,33671.000000,26329.000000,7,168722.657752,3945509043.118408,10373.737191,1.095118,1,5,1,0.046143
3,32836.000000,27164.000000,4,165639.505908,4560309133.531593,9547.153356,1.064590,1,5,1,0.060709
