generation,prey_fitness,predator_fitness,num_alive_end,avg_bb_size,var_bb_size,avg_shortest_dist,swarm_density_count,prey_neurons_connected_prey_retina,prey_neurons_connected_predator_retina,predator_neurons_connected_prey_retina,mutual_info
1,39515.000000,20485.000000,10,142298.771416,3279077381.270023,5273.219121,2.119904,2,1,1,0.053197
1,29720.000000,30280.000000,4,83537.289814,1389680040.305256,8601.772631,1.651682,2,1,1,0.030655
2,40010.000000,19990.000000,8,110434.062913,2745727091.303176,3840.723086,2.705156,2,1,1,0.048973
3,35950.000000,24050.000000,6,103794.454401,2921524662.472647,4045.843301,2.083932,2,1,1,0.044574
