generation,prey_fitness,predator_fitness,num_alive_end,avg_bb_size,var_bb_size,avg_shortest_dist,swarm_density_count,prey_neurons_connected_prey_retina,prey_neurons_connected_predator_retina,predator_neurons_connected_prey_retina,mutual_info
1,30011.000000,29989.000000,5,94802.549293,1953778408.220191,4989.285417,1.350946,1,0,1,0.033026
1,35256.000000,24744.000000,3,115998.678309,1822165849.421670,10294.977197,1.264761,1,0,1,0.026026
2,31346.000000,28654.000000,5,117813.295253,2761603611.265162,6032.408425,1.263740,1,0,1,0.034254
3,30232.000000,29768.000000,3,94285.042194,1417066610.927637,7345.790935,1.237063,1,0,1,0.040875
