generation,prey_fitness,predator_fitness,num_alive_end,avg_bb_size,var_bb_size,avg_shortest_dist,swarm_density_count,prey_neurons_connected_prey_retina,prey_neurons_connected_predator_retina,predator_neurons_connected_prey_retina,mutual_info
1,32642.000000,27358.000000,5,44433.571064,318926675.915510,2036.583176,1.594326,1,5,1,0.018597
1,35943.000000,24057.000000,4,53504.735033,477218976.863340,3304.110259,1.453710,1,5,1,0.038717
2,36760.000000,23240.000000,5,51227.571305,471429154.984612,2184.790268,1.512359,1,5,1,0.033163
3,23435.000000,36565.000000,2,15084.942039,114116224.304622,6814.424831,1.779187,1,5,1,0.040559
