generation,prey_fitness,predator_fitness,num_alive_end,avg_bb_size,var_bb_size,avg_shortest_dist,swarm_density_count,prey_neurons_connected_prey_retina,prey_neurons_connected_predator_retina,predator_neurons_connected_prey_retina,mutual_info
1,28330.000000,31670.000000,2,14442.519028,82055285.674593,1571.288029,2.621289,3,3,1,0.030989
1,24086.000000,35914.000000,2,8816.264594,55639886.191040,2810.168591,2.384801,3,3,1,0.023025
2,26425.000000,33575.000000,2,12255.780569,60023905.267220,2072.226202,2.478331,3,3,1,0.032222
3,30248.000000,29752.000000,2,13511.296135,63775733.476130,1125.764296,2.460299,3,3,1,0.023054
