generation,prey_fitness,predator_fitness,num_alive_end,avg_bb_size,var_bb_size,avg_shortest_dist,swarm_density_count,prey_neurons_connected_prey_retina,prey_neurons_connected_predator_retina,predator_neurons_connected_prey_retina,mutual_info
1,40258.000000,19742.000000,11,52675.613418,537753854.091576,1850.073617,2.146695,1,1,1,0.022924
1,28787.000000,31213.000000,2,30990.230995,388038623.586451,5276.125236,1.487294,1,1,1,0.035197
2,33492.000000,26508.000000,5,44819.980098,393683499.381003,2163.134049,1.758725,1,1,1,0.053449
3,32580.000000,27420.000000,2,35162.598350,423316415.899593,2578.793159,1.666081,1,1,1,0.038360
