generation,prey_fitness,predator_fitness,num_alive_end,avg_bb_size,var_bb_size,avg_shortest_dist,swarm_density_count,prey_neurons_connected_prey_retina,prey_neurons_connected_predator_retina,predator_neurons_connected_prey_retina,mutual_info
1,28093.000000,31907.000000,2,11378.925317,72349005.754940,4110.343985,2.636737,2,4,1,0.029977
1,26081.000000,33919.000000,2,14766.458029,115260285.971383,2158.514363,2.157122,2,4,1,0.018104
2,30375.000000,29625.000000,2,10537.023997,41279766.405347,719.448641,3.135245,2,4,1,0.023714
3,26950.000000,33050.000000,2,8990.958200,44260037.266102,953.993094,2.792559,2,4,1,0.039037
