generation,prey_fitness,predator_fitness,num_alive_end,avg_bb_size,var_bb_size,avg_shortest_dist,swarm_density_count,prey_neurons_connected_prey_retina,prey_neurons_connected_predator_retina,predator_neurons_connected_prey_retina,mutual_info
1,59715.000000,285.000000,29,359.690727,4420.236077,4.386014,28.858000,2,1,1,0.005606
1,58967.000000,1033.000000,28,346.996753,4630.521026,4.708439,28.484500,2,1,1,0.003761
2,58602.000000,1398.000000,29,337.553052,5174.668435,4.499183,28.301500,2,1,1,0.002624
3,58105.000000,1895.000000,28,351.824510,5773.800211,4.821950,28.053500,2,1,1,0.004720
