generation,prey_fitness,predator_fitness,num_alive_end,avg_bb_size,var_bb_size,avg_shortest_dist,swarm_density_count,prey_neurons_connected_prey_retina,prey_neurons_connected_predator_retina,predator_neurons_connected_prey_retina,mutual_info
1,29494.000000,30506.000000,2,142342.015613,3634157053.214911,16717.163522,1.195373,1,2,1,0.028142
1,35190.000000,24810.000000,5,163648.387760,4909444113.584420,9788.092728,1.232238,1,2,1,0.021419
2,32697.000000,27303.000000,5,158610.686316,5555616582.700665,8477.051678,1.073720,1,2,1,0.024062
3,42253.000000,17747.000000,9,196072.804933,6412913745.065948,6550.539751,1.192072,1,2,1,0.025568
