generation,prey_fitness,predator_fitness,num_alive_end,avg_bb_size,var_bb_size,avg_shortest_dist,swarm_density_count,prey_neurons_connected_prey_retina,prey_neurons_connected_predator_retina,predator_neurons_connected_prey_retina,mutual_info
1,37180.000000,22820.000000,7,94813.505425,1043565236.298092,4819.401983,1.365499,1,2,1,0.030286
1,37610.000000,22390.000000,7,105588.989716,2159487639.965206,4318.985172,1.306116,1,2,1,0.038729
2,40185.000000,19815.000000,12,137262.775874,3573950977.591364,4128.602525,1.287285,1,2,1,0.028729
3,39323.000000,20677.000000,11,81023.467292,1048530059.088084,2671.820768,1.521918,1,2,1,0.030689
