generation,prey_fitness,predator_fitness,num_alive_end,avg_bb_size,var_bb_size,avg_shortest_dist,swarm_density_count,prey_neurons_connected_prey_retina,prey_neurons_connected_predator_retina,predator_neurons_connected_prey_retina,mutual_info
1,37208.000000,22792.000000,7,162539.069014,4632817922.340877,5382.535231,1.120331,0,2,1,0.046759
1,31411.000000,28589.000000,5,182980.277507,5121256000.068269,12200.437485,1.044115,0,2,1,0.036804
2,36627.000000,23373.000000,8,152603.797930,3857587378.359429,5345.256847,1.120333,0,2,1,0.068419
3,33141.000000,26859.000000,7,169365.608615,4499732428.435382,9140.597795,1.023595,0,2,1,0.031936
