generation,prey_fitness,predator_fitness,num_alive_end,avg_bb_size,var_bb_size,avg_shortest_dist,swarm_density_count,prey_neurons_connected_prey_retina,prey_neurons_connected_predator_retina,predator_neurons_connected_prey_retina,mutual_info
1,31386.000000,28614.000000,6,118979.599890,1813454792.734558,7361.269899,1.122779,2,3,1,0.055516
1,35536.000000,24464.000000,7,123553.288031,3489373452.012875,5353.072538,1.098747,2,3,1,0.080142
2,37115.000000,22885.000000,7,147869.784356,3907612481.491827,5196.107450,1.157475,2,3,1,0.020972
3,37144.000000,22856.000000,9,162199.202337,3862508576.377380,6213.567898,1.036942,2,3,1,0.027821
