generation,prey_fitness,predator_fitness,num_alive_end,avg_bb_size,var_bb_size,avg_shortest_dist,swarm_density_count,prey_neurons_connected_prey_retina,prey_neurons_connected_predator_retina,predator_neurons_connected_prey_retina,mutual_info
1,32090.000000,27910.000000,2,16465.104692,54739476.592450,2610.838902,2.728567,0,5,1,0.017233
1,24354.000000,35646.000000,2,8930.036757,47015372.268801,1981.420353,2.445419,0,5,1,0.090798
2,27312.000000,32688.000000,2,12319.256600,68332317.264114,2580.997674,2.496752,0,5,1,0.033220
3,27763.000000,32237.000000,2,10208.600596,57688815.856718,1383.872217,2.591882,0,5,1,0.019939
