generation,prey_fitness,predator_fitness,num_alive_end,avg_bb_size,var_bb_size,avg_shortest_dist,swarm_density_count,prey_neurons_connected_prey_retina,prey_neurons_connected_predator_retina,predator_neurons_connected_prey_retina,mutual_info
1,34914.000000,25086.000000,7,189783.254241,4817637425.792206,7695.883575,1.059374,1,2,1,0.041484
1,33951.000000,26049.000000,9,171237.908223,4084715360.410197,8656.006114,1.066035,1,2,1,0.036550
2,38891.000000,21109.000000,7,175953.530584,4743307097.067253,3997.813796,1.128347,1,2,1,0.029672
3,37120.000000,22880.000000,7,174641.897760,3986154369.340014,5153.361203,1.029814,1,2,1,0.036065
