generation,prey_fitness,predator_fitness,num_alive_end,avg_bb_size,var_bb_size,avg_shortest_dist,swarm_density_count,prey_neurons_connected_prey_retina,prey_neurons_connected_predator_retina,predator_neurons_connected_prey_retina,mutual_info
1,34975.000000,25025.000000,4,105566.666775,1434548041.283457,4922.689722,1.203764,0,1,2,0.028753
1,33942.000000,26058.000000,5,103684.650849,1806000513.328512,5186.478602,1.091990,0,1,2,0.059992
2,38306.000000,21694.000000,8,128897.678408,2482023171.744223,4564.577579,1.086399,0,1,2,0.033027
3,36773.000000,23227.000000,9,158506.032501,3616569372.537237,5716.159954,0.988179,0,1,2,0.026816
