generation,prey_fitness,predator_fitness,num_alive_end,avg_bb_size,var_bb_size,avg_shortest_dist,swarm_density_count,prey_neurons_connected_prey_retina,prey_neurons_connected_predator_retina,predator_neurons_connected_prey_retina,mutual_info
1,38555.000000,21445.000000,9,160467.058003,3629317795.322521,4895.602934,1.091999,0,2,2,0.043520
1,31557.000000,28443.000000,5,93193.136882,1103888559.241336,4967.194387,1.281562,0,2,2,0.024186
2,35797.000000,24203.000000,8,146671.350425,3205313470.432496,8083.444458,1.108589,0,2,2,0.036840
3,39391.000000,20609.000000,10,132667.135738,3830439796.172680,5209.228154,1.247517,0,2,2,0.034057
