generation,prey_fitness,predator_fitness,num_alive_end,avg_bb_size,var_bb_size,avg_shortest_dist,swarm_density_count,prey_neurons_connected_prey_retina,prey_neurons_connected_predator_retina,predator_neurons_connected_prey_retina,mutual_info
1,35828.000000,24172.000000,3,35512.082580,350203370.283653,1329.323768,2.117212,2,3,2,0.031794
1,35537.000000,24463.000000,2,32196.414779,266673867.586872,1739.869918,2.220814,2,3,2,0.020575
2,31392.000000,28608.000000,2,19807.847529,142550032.564614,1305.259471,2.240536,2,3,2,0.024274
3,26336.000000,33664.000000,2,20595.658512,278078304.309597,4477.579653,1.727437,2,3,2,0.027883
