generation,prey_fitness,predator_fitness,num_alive_end,avg_bb_size,var_bb_size,avg_shortest_dist,swarm_density_count,prey_neurons_connected_prey_retina,prey_neurons_connected_predator_retina,predator_neurons_connected_prey_retina,mutual_info
1,60000.000000,1.000000,30,0.000000,0.000000,0.000000,29.000000,0,0,1,0.000000
1,54452.000000,5548.000000,27,0.000000,0.000000,0.000000,26.227500,0,0,1,0.000064
2,60000.000000,1.000000,30,0.000000,0.000000,0.000000,29.000000,0,0,1,0.000000
3,57621.000000,2379.000000,27,0.000000,0.000000,0.000000,27.812000,0,0,1,0.000064
