generation,prey_fitness,predator_fitness,num_alive_end,avg_bb_size,var_bb_size,avg_shortest_dist,swarm_density_count,prey_neurons_connected_prey_retina,prey_neurons_connected_predator_retina,predator_neurons_connected_prey_retina,mutual_info
1,35619.000000,24381.000000,8,105201.854634,1677655286.196044,4808.877446,1.140968,1,1,4,0.026331
1,41508.000000,18492.000000,7,117080.107492,2362618373.438472,3640.386784,1.145427,1,1,4,0.029826
2,37135.000000,22865.000000,7,92496.810253,1362232071.454214,3497.030651,1.285318,1,1,4,0.053850
3,35766.000000,24234.000000,9,101666.787558,1461392852.826567,3461.207398,1.071770,1,1,4,0.034123
