generation,prey_fitness,predator_fitness,num_alive_end,avg_bb_size,var_bb_size,avg_shortest_dist,swarm_density_count,prey_neurons_connected_prey_retina,prey_neurons_connected_predator_retina,predator_neurons_connected_prey_retina,mutual_info
1,29117.000000,30883.000000,3,124616.500620,3201363733.095883,14099.202658,1.121902,0,1,1,0.040151
1,28328.000000,31672.000000,2,93263.590708,3032209161.782207,12611.621066,1.022126,0,1,1,0.034387
2,31853.000000,28147.000000,3,83429.436633,1584712261.993228,4006.032971,1.152233,0,1,1,0.028964
3,28975.000000,31025.000000,2,86788.446490,1724455355.633832,7961.608949,1.184569,0,1,1,0.038264
