generation,prey_fitness,predator_fitness,num_alive_end,avg_bb_size,var_bb_size,avg_shortest_dist,swarm_density_count,prey_neurons_connected_prey_retina,prey_neurons_connected_predator_retina,predator_neurons_connected_prey_retina,mutual_info
1,30139.000000,29861.000000,2,54465.542577,594199531.112171,8303.925743,1.344186,0,2,1,0.040215
1,32632.000000,27368.000000,6,45401.539424,324240885.256418,3105.028673,1.561256,0,2,1,0.026230
2,24192.000000,35808.000000,2,18798.303051,238687110.980606,1909.335519,1.531068,0,2,1,0.056436
3,27028.000000,32972.000000,2,35082.846026,468804525.396811,2658.772889,1.483674,0,2,1,0.033872
