generation,prey_fitness,predator_fitness,num_alive_end,avg_bb_size,var_bb_size,avg_shortest_dist,swarm_density_count,prey_neurons_connected_prey_retina,prey_neurons_connected_predator_retina,predator_neurons_connected_prey_retina,mutual_info
1,39319.000000,20681.000000,10,83442.501528,1546249994.501981,2870.800754,1.924551,2,1,1,0.026835
1,33090.000000,26910.000000,6,94903.406632,2066005689.605632,5543.171564,1.552171,2,1,1,0.025254
2,39853.000000,20147.000000,10,91299.048330,2453728400.009264,2553.899446,1.824672,2,1,1,0.030496
3,33184.000000,26816.000000,6,88121.419678,3292215609.793205,6474.370007,1.959139,2,1,1,0.023795
