generation,prey_fitness,predator_fitness,num_alive_end,avg_bb_size,var_bb_size,avg_shortest_dist,swarm_density_count,prey_neurons_connected_prey_retina,prey_neurons_connected_predator_retina,predator_neurons_connected_prey_retina,mutual_info
1,33433.000000,26567.000000,5,44511.907607,237177210.705489,2113.743307,1.585883,2,0,1,0.028344
1,32154.000000,27846.000000,2,31194.645109,364448777.628159,1899.479963,1.769384,2,0,1,0.023061
2,39521.000000,20479.000000,11,54828.333344,382522807.096720,1688.175915,1.810526,2,0,1,0.022337
3,33439.000000,26561.000000,2,52193.141852,1031705876.284749,2231.939503,1.823425,2,0,1,0.026586
