generation,prey_fitness,predator_fitness,num_alive_end,avg_bb_size,var_bb_size,avg_shortest_dist,swarm_density_count,prey_neurons_connected_prey_retina,prey_neurons_connected_predator_retina,predator_neurons_connected_prey_retina,mutual_info
1,33388.000000,26612.000000,6,132705.263633,2703618885.620764,5856.759969,1.034755,1,0,1,0.018792
1,33231.000000,26769.000000,6,128081.930233,2983325096.488314,9198.839434,1.091764,1,0,1,0.038597
2,35590.000000,24410.000000,9,150033.898169,3630420733.444912,6004.314353,1.065593,1,0,1,0.036800
3,35861.000000,24139.000000,5,181722.443898,5765166675.516471,11171.701865,1.101175,1,0,1,0.032751
