generation,prey_fitness,predator_fitness,num_alive_end,avg_bb_size,var_bb_size,avg_shortest_dist,swarm_density_count,prey_neurons_connected_prey_retina,prey_neurons_connected_predator_retina,predator_neurons_connected_prey_retina,mutual_info
1,29697.000000,30303.000000,4,145680.022575,4019778560.009427,14818.687282,1.128511,0,1,3,0.024276
1,35198.000000,24802.000000,5,172631.196304,4970187391.643801,9199.860396,1.194133,0,1,3,0.023893
2,34254.000000,25746.000000,5,133919.963151,2945617993.474975,7370.706529,1.122034,0,1,3,0.028082
3,30754.000000,29246.000000,3,127712.262680,5305673087.141267,6473.409825,1.163208,0,1,3,0.040012
