generation,prey_fitness,predator_fitness,num_alive_end,avg_bb_size,var_bb_size,avg_shortest_dist,swarm_density_count,prey_neurons_connected_prey_retina,prey_neurons_connected_predator_retina,predator_neurons_connected_prey_retina,mutual_info
1,25750.000000,34250.000000,2,25434.611683,326431146.552967,2344.601284,1.842785,3,0,1,0.038670
1,34055.000000,25945.000000,3,36893.765891,443708054.404248,1900.168884,2.171010,3,0,1,0.031745
2,36970.000000,23030.000000,6,62881.289804,739133726.138606,2151.512905,1.825427,3,0,1,0.045143
3,36408.000000,23592.000000,7,36343.810854,259036671.861714,1118.631634,2.260441,3,0,1,0.027335
