generation,prey_fitness,predator_fitness,num_alive_end,avg_bb_size,var_bb_size,avg_shortest_dist,swarm_density_count,prey_neurons_connected_prey_retina,prey_neurons_connected_predator_retina,predator_neurons_connected_prey_retina,mutual_info
1,43408.000000,16592.000000,14,115566.315751,3116063937.649141,3786.477038,1.646057,2,1,1,0.032011
1,32543.000000,27457.000000,8,97224.917226,1799331691.901108,3967.622183,1.423114,2,1,1,0.042101
2,47839.000000,12161.000000,17,140325.416566,3590344557.674955,3362.371280,1.466939,2,1,1,0.045487
3,42677.000000,17323.000000,12,134423.771445,3304808360.225301,3405.709573,1.331521,2,1,1,0.037607
