generation,prey_fitness,predator_fitness,num_alive_end,avg_bb_size,var_bb_size,avg_shortest_dist,swarm_density_count,prey_neurons_connected_prey_retina,prey_neurons_connected_predator_retina,predator_neurons_connected_prey_retina,mutual_info
1,24897.000000,35103.000000,2,24794.892639,271210722.262096,6687.061058,1.711124,3,2,1,0.041483
1,39053.000000,20947.000000,6,59868.836031,512500477.199516,2450.617452,1.863502,3,2,1,0.025785
2,26849.000000,33151.000000,2,37192.580439,528908171.674806,4665.196528,1.721523,3,2,1,0.046378
3,30383.000000,29617.000000,2,32229.738256,389958164.783985,2223.026378,1.824629,3,2,1,0.034488
