generation,prey_fitness,predator_fitness,num_alive_end,avg_bb_size,var_bb_size,avg_shortest_dist,swarm_density_count,prey_neurons_connected_prey_retina,prey_neurons_connected_predator_retina,predator_neurons_connected_prey_retina,mutual_info
1,35820.000000,24180.000000,9,99659.290157,1446526795.539118,4049.373606,1.360760,0,0,1,0.031249
1,34096.000000,25904.000000,5,112906.318826,2204893389.895880,7118.878950,1.446036,0,0,1,0.045625
2,36204.000000,23796.000000,8,70319.117713,725152225.504297,2825.194687,1.496880,0,0,1,0.033997
3,40871.000000,19129.000000,10,149589.247164,3882000138.933847,4564.922966,1.353893,0,0,1,0.030281
