generation,prey_fitness,predator_fitness,num_alive_end,avg_bb_size,var_bb_size,avg_shortest_dist,swarm_density_count,prey_neurons_connected_prey_retina,prey_neurons_connected_predator_retina,predator_neurons_connected_prey_retina,mutual_info
1,29612.000000,30388.000000,2,31215.931226,346038962.346033,3359.510668,1.561534,0,3,1,0.019934
1,36912.000000,23088.000000,4,60866.557624,595395774.853127,2586.780470,1.533443,0,3,1,0.023944
2,43678.000000,16322.000000,11,67714.875343,901117164.380441,2189.606093,1.675312,0,3,1,0.018412
3,29009.000000,30991.000000,2,27419.909418,171453754.298182,3433.174329,1.758144,0,3,1,0.029383
