generation,prey_fitness,predator_fitness,num_alive_end,avg_bb_size,var_bb_size,avg_shortest_dist,swarm_density_count,prey_neurons_connected_prey_retina,prey_neurons_connected_predator_retina,predator_neurons_connected_prey_retina,mutual_info
1,20126.000000,39874.000000,2,3546.019355,13941626.473997,736.632913,3.585491,1,2,1,0.021349
1,35884.000000,24116.000000,2,8669.082853,19002489.551763,1598.499966,5.555490,1,2,1,0.014594
2,23464.000000,36536.000000,2,4275.794519,13687961.982524,1588.476160,4.491757,1,2,1,0.027940
3,28562.000000,31438.000000,2,5266.048582,14408068.381757,491.516252,5.287430,1,2,1,0.017488
