generation,prey_fitness,predator_fitness,num_alive_end,avg_bb_size,var_bb_size,avg_shortest_dist,swarm_density_count,prey_neurons_connected_prey_retina,prey_neurons_connected_predator_retina,predator_neurons_connected_prey_retina,mutual_info
1,35807.000000,24193.000000,6,55596.021084,549464837.743311,2500.128211,1.690344,3,1,1,0.035940
1,33491.000000,26509.000000,6,59018.349902,1389540307.126302,3058.019804,1.953267,3,1,1,0.018765
2,34924.000000,25076.000000,6,45095.300299,363172959.860637,2469.421878,1.614461,3,1,1,0.026794
3,35944.000000,24056.000000,7,65444.075640,1489297255.747855,3435.940429,1.898299,3,1,1,0.035946
