generation,prey_fitness,predator_fitness,num_alive_end,avg_bb_size,var_bb_size,avg_shortest_dist,swarm_density_count,prey_neurons_connected_prey_retina,prey_neurons_connected_predator_retina,predator_neurons_connected_prey_retina,mutual_info
1,26339.000000,33661.000000,2,18366.024879,267987220.658862,2089.200733,2.068530,1,2,1,0.031993
1,36775.000000,23225.000000,5,42394.518953,475619053.228079,2071.258251,2.163895,1,2,1,0.018991
2,25993.000000,34007.000000,2,14693.880964,139165546.259604,2490.999305,2.102915,1,2,1,0.033646
3,29973.000000,30027.000000,2,33070.518498,329338672.039739,2977.084326,1.652620,1,2,1,0.050766
