generation,prey_fitness,predator_fitness,num_alive_end,avg_bb_size,var_bb_size,avg_shortest_dist,swarm_density_count,prey_neurons_connected_prey_retina,prey_neurons_connected_predator_retina,predator_neurons_connected_prey_retina,mutual_info
1,24095.000000,35905.000000,2,4873.976178,14837842.718434,2070.366597,4.155467,1,4,1,0.033941
1,25397.000000,34603.000000,2,6709.769341,22489219.923839,1431.856967,3.610547,1,4,1,0.031361
2,28315.000000,31685.000000,2,7663.392988,18190910.837592,3729.183244,3.765561,1,4,1,0.032952
3,21231.000000,38769.000000,2,3756.893900,12017742.147638,667.918184,3.501129,1,4,1,0.032786
