generation,prey_fitness,predator_fitness,num_alive_end,avg_bb_size,var_bb_size,avg_shortest_dist,swarm_density_count,prey_neurons_connected_prey_retina,prey_neurons_connected_predator_retina,predator_neurons_connected_prey_retina,mutual_info
1,38451.000000,21549.000000,7,177869.342906,4646938001.324504,6245.545426,1.068669,0,0,1,0.043924
1,35265.000000,24735.000000,7,179489.229528,4741085877.560947,5626.345164,0.991454,0,0,1,0.039192
2,31106.000000,28894.000000,4,148098.961318,5439287989.902341,8552.395634,0.962552,0,0,1,0.030171
3,35586.000000,24414.000000,7,160537.094599,3915462435.708216,8054.374287,1.079900,0,0,1,0.035511
