generation,prey_fitness,predator_fitness,num_alive_end,avg_bb_size,var_bb_size,avg_shortest_dist,swarm_density_count,prey_neurons_connected_prey_retina,prey_neurons_connected_predator_retina,predator_neurons_connected_prey_retina,mutual_info
1,34645.000000,25355.000000,2,4431.876289,7272857.856947,318.259588,6.910181,1,1,1,0.012010
1,30492.000000,29508.000000,2,4591.116990,8161878.289730,647.854799,5.910719,1,1,1,0.026678
2,25754.000000,34246.000000,2,3927.850535,5631732.402506,631.007517,5.336155,1,1,1,0.025089
3,26633.000000,33367.000000,2,3948.925629,5236087.792818,939.146420,5.474356,1,1,1,0.019337
