generation,prey_fitness,predator_fitness,num_alive_end,avg_bb_size,var_bb_size,avg_shortest_dist,swarm_density_count,prey_neurons_connected_prey_retina,prey_neurons_connected_predator_retina,predator_neurons_connected_prey_retina,mutual_info
1,29753.000000,30247.000000,3,56619.487148,735868398.225729,4583.822013,1.293775,0,2,1,0.036056
1,38184.000000,21816.000000,5,68755.663574,636655762.620013,2581.599851,1.598556,0,2,1,0.027015
2,33617.000000,26383.000000,2,40984.363310,303474003.253134,3161.207922,1.680810,0,2,1,0.043734
3,39926.000000,20074.000000,6,71901.720636,828076885.960792,2499.365030,1.370800,0,2,1,0.038991
