generation,prey_fitness,predator_fitness,num_alive_end,avg_bb_size,var_bb_size,avg_shortest_dist,swarm_density_count,prey_neurons_connected_prey_retina,prey_neurons_connected_predator_retina,predator_neurons_connected_prey_retina,mutual_info
1,32404.000000,27596.000000,4,123682.271717,3496376802.337316,7830.167366,1.258146,2,3,1,0.046015
1,31485.000000,28515.000000,4,93695.948364,1646813656.528291,7034.777938,1.379873,2,3,1,0.042464
2,38346.000000,21654.000000,9,146157.288012,3474835787.395284,4923.903513,1.293536,2,3,1,0.028943
3,31873.000000,28127.000000,3,86827.214421,986079638.367951,7779.810591,1.286580,2,3,1,0.015303
