generation,prey_fitness,predator_fitness,num_alive_end,avg_bb_size,var_bb_size,avg_shortest_dist,swarm_density_count,prey_neurons_connected_prey_retina,prey_neurons_connected_predator_retina,predator_neurons_connected_prey_retina,mutual_info
1,31722.000000,28278.000000,7,165820.930316,8316251015.252956,9873.518215,1.617631,3,2,1,0.025111
1,34016.000000,25984.000000,5,118653.006657,2685068343.814838,4172.791442,1.501603,3,2,1,0.026956
2,34155.000000,25845.000000,4,154678.670994,5823283222.256038,10638.703079,1.498870,3,2,1,0.030313
3,44385.000000,15615.000000,13,163587.749780,5698734575.095654,4050.038751,1.793469,3,2,1,0.029097
