generation,prey_fitness,predator_fitness,num_alive_end,avg_bb_size,var_bb_size,avg_shortest_dist,swarm_density_count,prey_neurons_connected_prey_retina,prey_neurons_connected_predator_retina,predator_neurons_connected_prey_retina,mutual_info
1,33837.000000,26163.000000,4,31194.550949,110575208.221519,1093.949845,2.236424,3,0,1,0.022775
1,39205.000000,20795.000000,7,42146.427761,255165971.062617,1159.120003,2.882937,3,0,1,0.034407
2,40080.000000,19920.000000,8,46729.035124,403672602.302784,963.428565,2.779289,3,0,1,0.033833
3,32680.000000,27320.000000,2,37722.750599,810855271.623882,999.993445,2.176539,3,0,1,0.024500
