generation,prey_fitness,predator_fitness,num_alive_end,avg_bb_size,var_bb_size,avg_shortest_dist,swarm_density_count,prey_neurons_connected_prey_retina,prey_neurons_connected_predator_retina,predator_neurons_connected_prey_retina,mutual_info
1,30060.000000,29940.000000,2,47742.757574,370071921.224820,3903.664086,1.695366,1,3,1,0.028755
1,26913.000000,33087.000000,2,46155.401428,383715472.893647,6100.203949,1.467302,1,3,1,0.044836
2,27664.000000,32336.000000,2,41608.786320,640535064.394246,7145.413246,1.538896,1,3,1,0.023897
3,29845.000000,30155.000000,2,41771.868958,575408977.289139,2669.833256,1.456151,1,3,1,0.030748
