generation,prey_fitness,predator_fitness,num_alive_end,avg_bb_size,var_bb_size,avg_shortest_dist,swarm_density_count,prey_neurons_connected_prey_retina,prey_neurons_connected_predator_retina,predator_neurons_connected_prey_retina,mutual_info
1,34566.000000,25434.000000,9,162999.508391,6356524010.799348,5190.022207,1.391090,3,0,1,0.034670
1,27088.000000,32912.000000,2,168921.775074,4415986773.970515,34204.440341,1.077652,3,0,1,0.030417
2,31793.000000,28207.000000,4,156325.431185,4900840609.525210,9139.953575,1.125769,3,0,1,0.027268
3,30345.000000,29655.000000,5,161687.087878,8383273029.361493,10413.969913,1.206252,3,0,1,0.035446
