generation,prey_fitness,predator_fitness,num_alive_end,avg_bb_size,var_bb_size,avg_shortest_dist,swarm_density_count,prey_neurons_connected_prey_retina,prey_neurons_connected_predator_retina,predator_neurons_connected_prey_retina,mutual_info
1,28462.000000,31538.000000,2,97916.649290,2448456049.679028,22825.091827,1.396363,3,0,3,0.049826
1,33089.000000,26911.000000,3,96890.052817,2948709596.774832,4579.435130,1.283063,3,0,3,0.023199
2,33992.000000,26008.000000,6,122829.130012,2295927961.124120,5437.879706,1.271611,3,0,3,0.036473
3,32141.000000,27859.000000,4,108159.825900,2291658252.305039,6722.538492,1.220237,3,0,3,0.039849
