generation,prey_fitness,predator_fitness,num_alive_end,avg_bb_size,var_bb_size,avg_shortest_dist,swarm_density_count,prey_neurons_connected_prey_retina,prey_neurons_connected_predator_retina,predator_neurons_connected_prey_retina,mutual_info
1,39723.000000,20277.000000,11,59154.264659,488614056.274201,1053.753699,2.146229,1,0,6,0.045567
1,28829.000000,31171.000000,2,26316.066221,128380325.206372,3619.887263,2.073099,1,0,6,0.049459
2,49336.000000,10664.000000,17,66882.920118,935009981.772581,1033.021992,2.317622,1,0,6,0.035846
3,43396.000000,16604.000000,13,57636.120088,467216619.420946,966.783076,2.284152,1,0,6,0.020161
