generation,prey_fitness,predator_fitness,num_alive_end,avg_bb_size,var_bb_size,avg_shortest_dist,swarm_density_count,prey_neurons_connected_prey_retina,prey_neurons_connected_predator_retina,predator_neurons_connected_prey_retina,mutual_info
1,32518.000000,27482.000000,5,52914.597751,362901171.600242,2745.330487,1.581266,2,1,1,0.031059
1,36954.000000,23046.000000,9,133635.437882,3166121212.060174,5465.156267,1.367520,2,1,1,0.031774
2,30044.000000,29956.000000,2,64711.625744,892974321.871544,9054.053754,1.359101,2,1,1,0.033186
3,33842.000000,26158.000000,7,79310.436411,916354777.447963,3483.080289,1.463607,2,1,1,0.034156
