generation,prey_fitness,predator_fitness,num_alive_end,avg_bb_size,var_bb_size,avg_shortest_dist,swarm_density_count,prey_neurons_connected_prey_retina,prey_neurons_connected_predator_retina,predator_neurons_connected_prey_retina,mutual_info
1,36819.000000,23181.000000,7,89527.948841,1001913358.911136,4155.502755,1.319254,2,0,3,0.029894
1,36680.000000,23320.000000,8,131140.748616,3244888518.527753,5735.051942,1.151033,2,0,3,0.023106
2,34360.000000,25640.000000,4,80475.281421,1316720758.353595,4512.385138,1.443172,2,0,3,0.034647
3,28433.000000,31567.000000,2,58610.096186,678254567.470462,7216.829894,1.248720,2,0,3,0.045370
