generation,prey_fitness,predator_fitness,num_alive_end,avg_bb_size,var_bb_size,avg_shortest_dist,swarm_density_count,prey_neurons_connected_prey_retina,prey_neurons_connected_predator_retina,predator_neurons_connected_prey_retina,mutual_info
1,28975.000000,31025.000000,2,27978.189082,284815611.602525,1821.584830,1.818907,1,3,1,0.043304
1,24101.000000,35899.000000,2,22322.771210,244417917.562843,6054.597231,1.618640,1,3,1,0.039961
2,36449.000000,23551.000000,6,63970.605746,763289016.151340,2681.233715,1.722846,1,3,1,0.023374
3,29172.000000,30828.000000,2,41800.623613,299192567.767164,4682.002904,1.655073,1,3,1,0.034744
