generation,prey_fitness,predator_fitness,num_alive_end,avg_bb_size,var_bb_size,avg_shortest_dist,swarm_density_count,prey_neurons_connected_prey_retina,prey_neurons_connected_predator_retina,predator_neurons_connected_prey_retina,mutual_info
1,35927.000000,24073.000000,7,127696.770583,1930920152.034527,4475.269155,1.003743,3,0,1,0.032200
1,40938.000000,19062.000000,13,151422.893247,2804961374.903450,3995.260535,1.087882,3,0,1,0.021102
2,32452.000000,27548.000000,6,126044.558917,2114161625.095199,6904.247991,0.990447,3,0,1,0.028832
3,28941.000000,31059.000000,4,90010.355875,1153740206.286497,5102.445697,1.144015,3,0,1,0.028456
