generation,prey_fitness,predator_fitness,num_alive_end,avg_bb_size,var_bb_size,avg_shortest_dist,swarm_density_count,prey_neurons_connected_prey_retina,prey_neurons_connected_predator_retina,predator_neurons_connected_prey_retina,mutual_info
1,36815.000000,23185.000000,8,138258.189267,2801493756.846633,5126.829418,1.123718,1,1,1,0.032069
1,26173.000000,33827.000000,2,105340.130204,5243630635.040766,5968.068706,0.983043,1,1,1,0.047000
2,29105.000000,30895.000000,2,64263.186443,1501160079.268197,6566.620430,1.209123,1,1,1,0.035561
3,33293.000000,26707.000000,5,143476.495962,2933882457.010701,9268.215870,1.012974,1,1,1,0.030559
