generation,prey_fitness,predator_fitness,num_alive_end,avg_bb_size,var_bb_size,avg_shortest_dist,swarm_density_count,prey_neurons_connected_prey_retina,prey_neurons_connected_predator_retina,predator_neurons_connected_prey_retina,mutual_info
1,39446.000000,20554.000000,11,96297.984143,1711200687.153329,3062.656884,1.373157,6,1,2,0.029221
1,39669.000000,20331.000000,12,92088.427360,1889530891.207287,3506.102188,1.540697,6,1,2,0.021919
2,37372.000000,22628.000000,8,116515.989267,2217834831.677021,4861.204955,1.240047,6,1,2,0.027632
3,42749.000000,17251.000000,11,95641.261205,1676285766.963041,2615.537835,1.328267,6,1,2,0.021929
