generation,prey_fitness,predator_fitness,num_alive_end,avg_bb_size,var_bb_size,avg_shortest_dist,swarm_density_count,prey_neurons_connected_prey_retina,prey_neurons_connected_predator_retina,predator_neurons_connected_prey_retina,mutual_info
1,29110.000000,30890.000000,4,183763.246474,5224139308.407447,20380.722476,1.152556,2,1,1,0.053070
1,23584.000000,36416.000000,3,135851.419803,8199954919.338299,24830.424085,1.328636,2,1,1,0.025982
2,34508.000000,25492.000000,6,185858.293270,5801142991.353998,10635.415035,1.073847,2,1,1,0.025963
3,26747.000000,33253.000000,3,159489.881762,6011297877.852530,17395.316041,1.147998,2,1,1,0.049581
