generation,prey_fitness,predator_fitness,num_alive_end,avg_bb_size,var_bb_size,avg_shortest_dist,swarm_density_count,prey_neurons_connected_prey_retina,prey_neurons_connected_predator_retina,predator_neurons_connected_prey_retina,mutual_info
1,32243.000000,27757.000000,4,189760.594449,6444237548.836850,14499.696944,0.953823,3,1,5,0.044681
1,33063.000000,26937.000000,7,197434.694746,5070586102.742821,11186.231675,0.940444,3,1,5,0.036838
2,28611.000000,31389.000000,4,171424.072560,5650328980.997654,19849.498040,1.119607,3,1,5,0.048100
3,32961.000000,27039.000000,6,190295.695681,5677336826.829474,13115.243185,0.962784,3,1,5,0.024727
