generation,prey_fitness,predator_fitness,num_alive_end,avg_bb_size,var_bb_size,avg_shortest_dist,swarm_density_count,prey_neurons_connected_prey_retina,prey_neurons_connected_predator_retina,predator_neurons_connected_prey_retina,mutual_info
1,34427.000000,25573.000000,6,141313.325456,5045476839.847404,5001.815849,1.219251,1,2,1,0.024092
1,37198.000000,22802.000000,6,168646.997034,4541273946.459686,6384.775059,1.229015,1,2,1,0.049358
2,39015.000000,20985.000000,9,146506.570940,3325606633.487867,4637.882106,1.346574,1,2,1,0.077878
3,33669.000000,26331.000000,5,154733.055584,3960207674.771873,12312.585704,1.167298,1,2,1,0.029693
