generation,prey_fitness,predator_fitness,num_alive_end,avg_bb_size,var_bb_size,avg_shortest_dist,swarm_density_count,prey_neurons_connected_prey_retina,prey_neurons_connected_predator_retina,predator_neurons_connected_prey_retina,mutual_info
1,34261.000000,25739.000000,5,92674.025329,1533970467.412935,4486.915490,1.181591,0,0,1,0.036429
1,37127.000000,22873.000000,10,112701.554479,2000019490.736813,3693.375845,1.204635,0,0,1,0.042960
2,40748.000000,19252.000000,11,93642.364579,1604513334.476206,3517.956790,1.235943,0,0,1,0.040863
3,36415.000000,23585.000000,9,107580.085963,1854149585.221089,3883.080423,1.340757,0,0,1,0.024196
