generation,prey_fitness,predator_fitness,num_alive_end,avg_bb_size,var_bb_size,avg_shortest_dist,swarm_density_count,prey_neurons_connected_prey_retina,prey_neurons_connected_predator_retina,predator_neurons_connected_prey_retina,mutual_info
1,42687.000000,17313.000000,13,149721.229247,3314696002.417929,3965.679387,1.292010,0,0,1,0.021483
1,44943.000000,15057.000000,12,165652.627419,4303440151.070521,3530.324287,1.235462,0,0,1,0.025919
2,43226.000000,16774.000000,16,144024.810482,3142508363.841774,3498.257038,1.416702,0,0,1,0.024103
3,44537.000000,15463.000000,12,170071.091467,4344934954.599679,4023.685733,1.219896,0,0,1,0.015923
