generation,prey_fitness,predator_fitness,num_alive_end,avg_bb_size,var_bb_size,avg_shortest_dist,swarm_density_count,prey_neurons_connected_prey_retina,prey_neurons_connected_predator_retina,predator_neurons_connected_prey_retina,mutual_info
1,32854.000000,27146.000000,6,31281.470706,125857497.388527,1536.525149,1.945153,0,1,3,0.071393
1,34926.000000,25074.000000,5,26052.363113,123454773.839877,1050.586475,2.568202,0,1,3,0.041060
2,30401.000000,29599.000000,2,21237.430268,106977518.002720,1336.091493,2.097419,0,1,3,0.036167
3,33740.000000,26260.000000,3,18454.652369,45799896.537380,1391.502821,2.421113,0,1,3,0.036295
