generation,prey_fitness,predator_fitness,num_alive_end,avg_bb_size,var_bb_size,avg_shortest_dist,swarm_density_count,prey_neurons_connected_prey_retina,prey_neurons_connected_predator_retina,predator_neurons_connected_prey_retina,mutual_info
1,30601.000000,29399.000000,2,19107.014219,132832226.490676,1552.082361,2.108931,0,0,1,0.035520
1,26143.000000,33857.000000,2,19215.177001,159381849.593221,1909.658612,1.772322,0,0,1,0.025297
2,27968.000000,32032.000000,2,17390.741597,115012520.576946,3372.731803,2.094943,0,0,1,0.037483
3,27507.000000,32493.000000,2,18305.544755,132475979.104632,1247.868326,2.067897,0,0,1,0.031149
