generation,prey_fitness,predator_fitness,num_alive_end,avg_bb_size,var_bb_size,avg_shortest_dist,swarm_density_count,prey_neurons_connected_prey_retina,prey_neurons_connected_predator_retina,predator_neurons_connected_prey_retina,mutual_info
1,33948.000000,26052.000000,6,104822.740973,1673323361.812793,5216.665852,1.261559,1,3,1,0.034852
1,39557.000000,20443.000000,8,122666.405919,2616204138.644066,4914.458339,1.295289,1,3,1,0.030656
2,32265.000000,27735.000000,5,93908.964274,1197123764.104450,4684.314512,1.172329,1,3,1,0.025514
3,39810.000000,20190.000000,9,120196.095592,3057863917.863151,3419.398831,1.433567,1,3,1,0.037617
