generation,prey_fitness,predator_fitness,num_alive_end,avg_bb_size,var_bb_size,avg_shortest_dist,swarm_density_count,prey_neurons_connected_prey_retina,prey_neurons_connected_predator_retina,predator_neurons_connected_prey_retina,mutual_info
1,31504.000000,28496.000000,3,47664.878280,540826574.087023,5000.881124,1.655732,0,2,1,0.080154
1,40512.000000,19488.000000,10,70447.049620,593595192.891544,2043.926783,1.789557,0,2,1,0.044333
2,35443.000000,24557.000000,5,48208.620097,377134341.466202,2016.543308,1.439032,0,2,1,0.025445
3,34617.000000,25383.000000,6,58580.672385,541722929.072321,2576.825729,1.404468,0,2,1,0.036342
