generation,prey_fitness,predator_fitness,num_alive_end,avg_bb_size,var_bb_size,avg_shortest_dist,swarm_density_count,prey_neurons_connected_prey_retina,prey_neurons_connected_predator_retina,predator_neurons_connected_prey_retina,mutual_info
1,42014.000000,17986.000000,13,73609.442986,842735048.631964,2043.420308,1.793662,1,2,2,0.027985
1,39676.000000,20324.000000,12,82079.460339,1299858916.737452,2167.908405,1.510811,1,2,2,0.034152
2,45191.000000,14809.000000,15,87522.029082,1174032575.020394,2196.971454,1.561561,1,2,2,0.028857
3,48327.000000,11673.000000,17,120354.311716,2928331577.627212,2771.030558,1.545525,1,2,2,0.021415
