generation,prey_fitness,predator_fitness,num_alive_end,avg_bb_size,var_bb_size,avg_shortest_dist,swarm_density_count,prey_neurons_connected_prey_retina,prey_neurons_connected_predator_retina,predator_neurons_connected_prey_retina,mutual_info
1,36701.000000,23299.000000,9,188401.698284,6723597507.149460,4593.064983,1.330088,3,0,1,0.022618
1,26915.000000,33085.000000,5,104478.058272,3199255625.207059,10088.548820,1.247684,3,0,1,0.034469
2,23588.000000,36412.000000,2,115197.709330,6469823646.816820,16449.433649,1.226057,3,0,1,0.039329
3,29870.000000,30130.000000,8,156367.406138,5746939469.189356,6728.791287,1.342031,3,0,1,0.031103
