generation,prey_fitness,predator_fitness,num_alive_end,avg_bb_size,var_bb_size,avg_shortest_dist,swarm_density_count,prey_neurons_connected_prey_retina,prey_neurons_connected_predator_retina,predator_neurons_connected_prey_retina,mutual_info
1,30284.000000,29716.000000,3,69282.002688,727136199.044438,4428.073363,1.353259,2,1,1,0.021937
1,36257.000000,23743.000000,8,89816.246197,1629033899.125815,3054.054071,1.432163,2,1,1,0.025888
2,35411.000000,24589.000000,6,72121.415221,1623698732.391419,1845.415626,1.608461,2,1,1,0.037191
3,36994.000000,23006.000000,9,108885.524619,2019573547.933936,4203.551523,1.426916,2,1,1,0.030609
