generation,prey_fitness,predator_fitness,num_alive_end,avg_bb_size,var_bb_size,avg_shortest_dist,swarm_density_count,prey_neurons_connected_prey_retina,prey_neurons_connected_predator_retina,predator_neurons_connected_prey_retina,mutual_info
1,34928.000000,25072.000000,10,107240.875010,1502451666.376526,4279.033662,1.213402,2,3,1,0.048545
1,44369.000000,15631.000000,13,108217.330809,1714286811.190642,2822.326877,1.267262,2,3,1,0.024106
2,38186.000000,21814.000000,8,97959.039772,1544887160.024810,3488.248148,1.226470,2,3,1,0.022273
3,34351.000000,25649.000000,5,114555.706405,1998213399.322787,5650.377132,1.216014,2,3,1,0.028634
