generation,prey_fitness,predator_fitness,num_alive_end,avg_bb_size,var_bb_size,avg_shortest_dist,swarm_density_count,prey_neurons_connected_prey_retina,prey_neurons_connected_predator_retina,predator_neurons_connected_prey_retina,mutual_info
1,37571.000000,22429.000000,9,75510.538282,978461439.938524,2660.565099,1.764547,0,1,1,0.016519
1,35490.000000,24510.000000,9,73089.385945,1144537071.597033,2584.838362,1.511012,0,1,1,0.014693
2,51351.000000,8649.000000,23,86044.940249,1264850469.492652,1779.414355,1.750996,0,1,1,0.016043
3,40369.000000,19631.000000,9,78319.642916,991576423.511388,3220.183617,2.132995,0,1,1,0.023518
