generation,prey_fitness,predator_fitness,num_alive_end,avg_bb_size,var_bb_size,avg_shortest_dist,swarm_density_count,prey_neurons_connected_prey_retina,prey_neurons_connected_predator_retina,predator_neurons_connected_prey_retina,mutual_info
1,36405.000000,23595.000000,10,101263.577258,1889200167.144245,4381.144575,1.372436,3,3,1,0.047328
1,37444.000000,22556.000000,10,93591.998155,1400700600.859101,2991.011237,1.268578,3,3,1,0.041611
2,39268.000000,20732.000000,8,155259.039391,4154927191.266307,5346.722447,1.189368,3,3,1,0.022291
3,27518.000000,32482.000000,2,87863.804264,2077894648.525573,18583.554034,1.173763,3,3,1,0.053094
