generation,prey_fitness,predator_fitness,num_alive_end,avg_bb_size,var_bb_size,avg_shortest_dist,swarm_density_count,prey_neurons_connected_prey_retina,prey_neurons_connected_predator_retina,predator_neurons_connected_prey_retina,mutual_info
1,30513.000000,29487.000000,2,39641.745778,418308923.710730,2976.221132,1.666489,2,1,2,0.021306
1,24574.000000,35426.000000,2,14633.132171,122179290.769882,3409.752099,2.279498,2,1,2,0.052111
2,27825.000000,32175.000000,2,37079.779470,529886053.260007,4774.812326,1.805070,2,1,2,0.030336
3,31868.000000,28132.000000,6,57474.807992,995452345.186594,4084.112999,2.216898,2,1,2,0.021234
