generation,prey_fitness,predator_fitness,num_alive_end,avg_bb_size,var_bb_size,avg_shortest_dist,swarm_density_count,prey_neurons_connected_prey_retina,prey_neurons_connected_predator_retina,predator_neurons_connected_prey_retina,mutual_info
1,36977.000000,23023.000000,8,126597.180321,2754703161.109059,5034.493320,1.364365,4,0,1,0.041927
1,39142.000000,20858.000000,11,147949.808663,3235857247.446953,5063.598323,1.279523,4,0,1,0.023287
2,34169.000000,25831.000000,6,71450.782556,797164996.629434,3946.954992,1.389176,4,0,1,0.056089
3,39413.000000,20587.000000,9,132081.728855,3197878005.559350,5843.732489,1.247835,4,0,1,0.025618
