generation,prey_fitness,predator_fitness,num_alive_end,avg_bb_size,var_bb_size,avg_shortest_dist,swarm_density_count,prey_neurons_connected_prey_retina,prey_neurons_connected_predator_retina,predator_neurons_connected_prey_retina,mutual_info
1,24768.000000,35232.000000,2,24693.965394,396296919.796516,2230.697749,1.472398,2,3,1,0.027294
1,33346.000000,26654.000000,2,28437.551849,440447924.871509,1231.934834,1.943980,2,3,1,0.031991
2,26911.000000,33089.000000,2,22191.940766,196165619.210201,2028.237353,1.562017,2,3,1,0.026307
3,30841.000000,29159.000000,6,40589.026039,373052140.321292,2441.063126,1.717529,2,3,1,0.035928
