generation,prey_fitness,predator_fitness,num_alive_end,avg_bb_size,var_bb_size,avg_shortest_dist,swarm_density_count,prey_neurons_connected_prey_retina,prey_neurons_connected_predator_retina,predator_neurons_connected_prey_retina,mutual_info
1,38317.000000,21683.000000,9,111219.473049,2195555343.894436,3224.439597,1.288786,2,1,1,0.045430
1,26690.000000,33310.000000,2,58412.397477,1168659104.063433,7179.513831,1.317914,2,1,1,0.059535
2,36271.000000,23729.000000,7,76727.634409,931729726.095002,3063.387338,1.330849,2,1,1,0.045981
3,30340.000000,29660.000000,2,60474.816041,745456252.783591,5966.032174,1.380784,2,1,1,0.038488
