generation,prey_fitness,predator_fitness,num_alive_end,avg_bb_size,var_bb_size,avg_shortest_dist,swarm_density_count,prey_neurons_connected_prey_retina,prey_neurons_connected_predator_retina,predator_neurons_connected_prey_retina,mutual_info
1,31837.000000,28163.000000,6,126713.429862,2238481263.844855,9229.426598,1.006160,1,2,1,0.038624
1,37937.000000,22063.000000,7,162575.909385,3332292063.301134,6454.912719,1.127502,1,2,1,0.035549
2,43611.000000,16389.000000,13,168129.885146,4565776620.330333,4327.492278,1.057262,1,2,1,0.022822
3,28915.000000,31085.000000,2,82889.944643,2489067547.518169,6862.425790,1.057777,1,2,1,0.042296
