generation,prey_fitness,predator_fitness,num_alive_end,avg_bb_size,var_bb_size,avg_shortest_dist,swarm_density_count,prey_neurons_connected_prey_retina,prey_neurons_connected_predator_retina,predator_neurons_connected_prey_retina,mutual_info
1,38854.000000,21146.000000,9,138441.434744,2538586093.712269,4432.092398,1.226261,0,3,2,0.042618
1,31189.000000,28811.000000,5,102310.781200,1502107439.394072,8962.090731,1.067989,0,3,2,0.051108
2,40478.000000,19522.000000,9,127938.328218,2406806692.267282,4239.246091,1.198583,0,3,2,0.026879
3,30249.000000,29751.000000,6,112248.101647,1387617150.719256,6282.124551,1.171198,0,3,2,0.052456
