generation,prey_fitness,predator_fitness,num_alive_end,avg_bb_size,var_bb_size,avg_shortest_dist,swarm_density_count,prey_neurons_connected_prey_retina,prey_neurons_connected_predator_retina,predator_neurons_connected_prey_retina,mutual_info
1,27581.000000,32419.000000,2,32473.666474,161682754.655265,4628.326332,1.495145,3,3,1,0.045345
1,31089.000000,28911.000000,4,51898.518740,279587866.279669,3321.922920,1.468203,3,3,1,0.019173
2,35042.000000,24958.000000,7,55994.024788,973627552.563885,1962.977715,1.591301,3,3,1,0.020375
3,34854.000000,25146.000000,6,55007.003093,409463724.054697,2513.602696,1.630326,3,3,1,0.066421
