generation,prey_fitness,predator_fitness,num_alive_end,avg_bb_size,var_bb_size,avg_shortest_dist,swarm_density_count,prey_neurons_connected_prey_retina,prey_neurons_connected_predator_retina,predator_neurons_connected_prey_retina,mutual_info
1,33907.000000,26093.000000,4,91952.051196,1408358267.365566,3478.509184,1.363357,0,1,1,0.040568
1,31095.000000,28905.000000,3,53700.405060,460825228.398465,4830.646178,1.482562,0,1,1,0.042161
2,28500.000000,31500.000000,2,39383.384550,534483252.918308,3194.593980,1.416928,0,1,1,0.054312
3,39491.000000,20509.000000,9,81195.955354,1086208754.073134,3661.762721,1.498258,0,1,1,0.022342
