generation,prey_fitness,predator_fitness,num_alive_end,avg_bb_size,var_bb_size,avg_shortest_dist,swarm_density_count,prey_neurons_connected_prey_retina,prey_neurons_connected_predator_retina,predator_neurons_connected_prey_retina,mutual_info
1,36583.000000,23417.000000,10,126638.018869,2244988663.277223,4298.079479,1.197071,0,1,1,0.027542
1,38849.000000,21151.000000,11,155988.526817,4292030682.550615,6261.945182,1.197935,0,1,1,0.023301
2,34566.000000,25434.000000,7,115227.939515,2524848048.375553,4690.847854,1.126307,0,1,1,0.031807
3,36178.000000,23822.000000,7,149036.936120,2928216301.394772,7616.377791,1.042653,0,1,1,0.052681
