generation,prey_fitness,predator_fitness,num_alive_end,avg_bb_size,var_bb_size,avg_shortest_dist,swarm_density_count,prey_neurons_connected_prey_retina,prey_neurons_connected_predator_retina,predator_neurons_connected_prey_retina,mutual_info
1,38702.000000,21298.000000,6,100117.368165,1313628254.659017,4188.128818,1.054527,0,0,5,0.031517
1,32939.000000,27061.000000,6,108628.812118,1572183226.964789,4911.051963,1.112125,0,0,5,0.028295
2,36499.000000,23501.000000,8,124355.785769,3590066175.160991,5222.412541,1.112261,0,0,5,0.033316
3,37436.000000,22564.000000,9,159126.608397,5058655928.974092,6567.353790,1.089451,0,0,5,0.032990
