generation,prey_fitness,predator_fitness,num_alive_end,avg_bb_size,var_bb_size,avg_shortest_dist,swarm_density_count,prey_neurons_connected_prey_retina,prey_neurons_connected_predator_retina,predator_neurons_connected_prey_retina,mutual_info
1,41158.000000,18842.000000,12,135469.934835,3894132857.868783,3950.534973,1.646973,1,0,1,0.055755
1,35278.000000,24722.000000,7,131564.827435,3324108252.470234,4279.090824,1.437046,1,0,1,0.028965
2,38026.000000,21974.000000,8,165331.991778,5864859832.091539,8131.841492,1.323930,1,0,1,0.030718
3,38349.000000,21651.000000,9,117724.696349,2079814611.323987,4127.974344,1.511251,1,0,1,0.037565
