generation,prey_fitness,predator_fitness,num_alive_end,avg_bb_size,var_bb_size,avg_shortest_dist,swarm_density_count,prey_neurons_connected_prey_retina,prey_neurons_connected_predator_retina,predator_neurons_connected_prey_retina,mutual_info
1,38900.000000,21100.000000,10,125208.670493,2392758794.054472,3184.019210,1.138557,0,3,1,0.032533
1,39143.000000,20857.000000,10,104987.303070,1334225970.579924,3589.195374,1.289174,0,3,1,0.030642
2,30682.000000,29318.000000,2,64861.106568,494438723.972245,7027.954391,1.212401,0,3,1,0.050395
3,40625.000000,19375.000000,11,149710.679901,3503764979.718539,4675.484806,1.119097,0,3,1,0.034674
