generation,prey_fitness,predator_fitness,num_alive_end,avg_bb_size,var_bb_size,avg_shortest_dist,swarm_density_count,prey_neurons_connected_prey_retina,prey_neurons_connected_predator_retina,predator_neurons_connected_prey_retina,mutual_info
1,25184.000000,34816.000000,2,26513.115615,153189284.079081,14964.520647,1.584856,1,1,2,0.037160
1,23364.000000,36636.000000,2,18651.413855,318898830.207829,2168.774803,1.640165,1,1,2,0.033037
2,29553.000000,30447.000000,2,25717.549846,176559796.855920,2711.036986,1.607226,1,1,2,0.035146
3,32899.000000,27101.000000,2,33698.170779,467304924.032630,2572.959926,1.755282,1,1,2,0.027254
