generation,prey_fitness,predator_fitness,num_alive_end,avg_bb_size,var_bb_size,avg_shortest_dist,swarm_density_count,prey_neurons_connected_prey_retina,prey_neurons_connected_predator_retina,predator_neurons_connected_prey_retina,mutual_info
1,32457.000000,27543.000000,3,60402.280356,648066368.617857,3490.227619,1.253902,1,2,1,0.060083
1,33787.000000,26213.000000,5,87210.915942,818406187.239514,4696.386537,1.041994,1,2,1,0.034506
2,37008.000000,22992.000000,8,107589.190513,1262362787.443282,4293.848221,1.218382,1,2,1,0.062021
3,33711.000000,26289.000000,5,109450.654749,2361232534.306598,4319.218264,1.037313,1,2,1,0.070135
