generation,prey_fitness,predator_fitness,num_alive_end,avg_bb_size,var_bb_size,avg_shortest_dist,swarm_density_count,prey_neurons_connected_prey_retina,prey_neurons_connected_predator_retina,predator_neurons_connected_prey_retina,mutual_info
1,34283.000000,25717.000000,10,135524.403372,2496337419.322412,6480.196015,1.186063,1,1,1,0.046260
1,39142.000000,20858.000000,9,134039.011533,2204510611.408383,3773.168848,1.344421,1,1,1,0.031031
2,32663.000000,27337.000000,7,109399.361394,2719755983.093610,4400.537469,1.116321,1,1,1,0.038560
3,41944.000000,18056.000000,13,147833.878055,3452917018.535197,3578.987479,1.254604,1,1,1,0.016946
