generation,prey_fitness,predator_fitness,num_alive_end,avg_bb_size,var_bb_size,avg_shortest_dist,swarm_density_count,prey_neurons_connected_prey_retina,prey_neurons_connected_predator_retina,predator_neurons_connected_prey_retina,mutual_info
1,27631.000000,32369.000000,2,27249.022934,423580745.727683,2760.239865,1.432535,1,2,2,0.027343
1,28250.000000,31750.000000,2,31244.881409,379167279.250504,2246.336408,1.667781,1,2,2,0.026064
2,22693.000000,37307.000000,2,20926.226019,269701879.374184,3122.681526,1.401659,1,2,2,0.031013
3,30251.000000,29749.000000,2,43674.235077,773703081.201733,3786.087068,1.443760,1,2,2,0.028821
