generation,prey_fitness,predator_fitness,num_alive_end,avg_bb_size,var_bb_size,avg_shortest_dist,swarm_density_count,prey_neurons_connected_prey_retina,prey_neurons_connected_predator_retina,predator_neurons_connected_prey_retina,mutual_info
1,40745.000000,19255.000000,11,77338.253706,1288034518.134751,2280.685139,1.508562,2,2,3,0.025958
1,37397.000000,22603.000000,9,56555.945233,427943030.875972,2335.856293,1.404259,2,2,3,0.031834
2,39536.000000,20464.000000,11,89551.565371,1372217962.340413,3167.749480,1.423839,2,2,3,0.042913
3,28590.000000,31410.000000,2,46432.748526,802210573.540505,3403.241779,1.340239,2,2,3,0.053337
