generation,prey_fitness,predator_fitness,num_alive_end,avg_bb_size,var_bb_size,avg_shortest_dist,swarm_density_count,prey_neurons_connected_prey_retina,prey_neurons_connected_predator_retina,predator_neurons_connected_prey_retina,mutual_info
1,88399.000000,11601.000000,36,6052.688563,6040343.820106,22.843191,17.878919,1,0,1,0.031190
1,88142.000000,11858.000000,40,6446.778799,5311704.708959,22.004195,17.886551,1,0,1,0.037540
2,92642.000000,7358.000000,44,5825.895971,4944694.855750,19.095915,19.370119,1,0,1,0.031722
3,88287.000000,11713.000000,39,6196.647541,6610363.188580,21.895995,18.165069,1,0,1,0.033210
