generation,prey_fitness,predator_fitness,num_alive_end,avg_bb_size,var_bb_size,avg_shortest_dist,swarm_density_count,prey_neurons_connected_prey_retina,prey_neurons_connected_predator_retina,predator_neurons_connected_prey_retina,mutual_info
1,81961.000000,18039.000000,30,103977.851959,1576811261.636875,1079.097155,3.021475,2,2,1,0.009939
1,81198.000000,18802.000000,30,82137.648473,882330898.882365,900.291135,3.585420,2,2,1,0.011645
2,70431.000000,29569.000000,20,80429.141679,743162607.880043,1085.432035,3.296422,2,2,1,0.012787
3,76601.000000,23399.000000,27,82859.153609,769558266.050124,1058.775293,3.389005,2,2,1,0.019333
