generation,prey_fitness,predator_fitness,num_alive_end,avg_bb_size,var_bb_size,avg_shortest_dist,swarm_density_count,prey_neurons_connected_prey_retina,prey_neurons_connected_predator_retina,predator_neurons_connected_prey_retina,mutual_info
1,94319.000000,5681.000000,45,1268.933677,301402.931029,3.909222,34.867334,2,1,1,0.025874
1,91305.000000,8695.000000,42,1325.272290,241774.565006,4.091904,33.075027,2,1,1,0.032557
2,95966.000000,4034.000000,46,1411.800189,282637.020727,4.285647,34.973512,2,1,1,0.027330
3,92099.000000,7901.000000,43,1434.596629,421756.555104,4.288447,33.266551,2,1,1,0.028045
