generation,prey_fitness,predator_fitness,num_alive_end,avg_bb_size,var_bb_size,avg_shortest_dist,swarm_density_count,prey_neurons_connected_prey_retina,prey_neurons_connected_predator_retina,predator_neurons_connected_prey_retina,mutual_info
1,90557.000000,9443.000000,42,1164.344285,115613.220055,4.591781,39.632021,1,1,1,0.035268
1,95333.000000,4667.000000,46,1313.339111,141734.601865,4.829961,40.793483,1,1,1,0.027164
2,96778.000000,3222.000000,47,1255.947853,136853.149639,4.844862,42.377772,1,1,1,0.030173
3,98208.000000,1792.000000,48,1291.727439,125443.250786,4.536182,41.682305,1,1,1,0.043069
