generation,prey_fitness,predator_fitness,num_alive_end,avg_bb_size,var_bb_size,avg_shortest_dist,swarm_density_count,prey_neurons_connected_prey_retina,prey_neurons_connected_predator_retina,predator_neurons_connected_prey_retina,mutual_info
1,95715.000000,4285.000000,45,1753.987463,286177.448632,9.094198,35.849108,6,4,1,0.005942
1,96658.000000,3342.000000,45,1920.997023,312607.904182,10.715309,34.425361,6,4,1,0.006904
2,97781.000000,2219.000000,48,1730.679043,295139.512120,8.873494,36.862562,6,4,1,0.004141
3,92540.000000,7460.000000,42,1853.170829,322214.795375,10.493977,33.475178,6,4,1,0.008266
