generation,prey_fitness,predator_fitness,num_alive_end,avg_bb_size,var_bb_size,avg_shortest_dist,swarm_density_count,prey_neurons_connected_prey_retina,prey_neurons_connected_predator_retina,predator_neurons_connected_prey_retina,mutual_info
1,84950.000000,15050.000000,31,113271.609667,2043181869.836018,1101.200174,2.865714,1,0,1,0.020470
1,80613.000000,19387.000000,30,102346.655334,1453193485.736502,1064.966250,2.883399,1,0,1,0.015354
2,76404.000000,23596.000000,26,106738.284498,1770698691.815592,1295.071947,2.692601,1,0,1,0.014881
3,76554.000000,23446.000000,25,88178.582640,1114061489.241004,1000.765570,2.696809,1,0,1,0.024318
