generation,prey_fitness,predator_fitness,num_alive_end,avg_bb_size,var_bb_size,avg_shortest_dist,swarm_density_count,prey_neurons_connected_prey_retina,prey_neurons_connected_predator_retina,predator_neurons_connected_prey_retina,mutual_info
1,77373.000000,22627.000000,28,152390.800699,5851951086.962920,1466.380579,2.835444,1,0,1,0.020312
1,76640.000000,23360.000000,28,139409.932912,3030001893.300146,1260.393654,2.832562,1,0,1,0.021495
2,68094.000000,31906.000000,22,124954.779639,2760961046.588286,1331.363458,2.786034,1,0,1,0.017688
3,76114.000000,23886.000000,28,150786.304998,4748348729.745805,1516.018811,2.761147,1,0,1,0.034511
