generation,prey_fitness,predator_fitness,num_alive_end,avg_bb_size,var_bb_size,avg_shortest_dist,swarm_density_count,prey_neurons_connected_prey_retina,prey_neurons_connected_predator_retina,predator_neurons_connected_prey_retina,mutual_info
1,96874.000000,3126.000000,48,751.186924,93869.903108,1.609217,39.893094,2,1,2,0.017721
1,100000.000000,1.000000,50,785.229195,117224.021615,1.604118,41.114800,2,1,2,0.019403
2,96763.000000,3237.000000,47,794.097285,101309.907999,1.669125,39.381912,2,1,2,0.020011
3,97334.000000,2666.000000,48,750.367607,91736.025135,1.586857,40.387682,2,1,2,0.021254
