generation,prey_fitness,predator_fitness,num_alive_end,avg_bb_size,var_bb_size,avg_shortest_dist,swarm_density_count,prey_neurons_connected_prey_retina,prey_neurons_connected_predator_retina,predator_neurons_connected_prey_retina,mutual_info
1,93857.000000,6143.000000,42,7977.000504,12056274.238225,21.074684,17.325996,1,0,1,0.042439
1,89376.000000,10624.000000,40,7968.470632,11846618.732002,20.583657,15.843092,1,0,1,0.026613
2,84169.000000,15831.000000,35,7161.185544,9521990.067729,21.163995,15.780208,1,0,1,0.023722
3,87786.000000,12214.000000,40,6779.672756,5549926.361231,18.354890,16.528312,1,0,1,0.029213
