generation,prey_fitness,predator_fitness,num_alive_end,avg_bb_size,var_bb_size,avg_shortest_dist,swarm_density_count,prey_neurons_connected_prey_retina,prey_neurons_connected_predator_retina,predator_neurons_connected_prey_retina,mutual_info
1,88026.000000,11974.000000,34,4576.967002,2205957.897533,20.962958,20.593589,2,2,1,0.037480
1,92768.000000,7232.000000,43,5491.944358,1909451.269219,20.670588,19.481271,2,2,1,0.026263
2,89272.000000,10728.000000,40,4834.355327,2035382.922506,18.961615,19.917965,2,2,1,0.040192
3,89640.000000,10360.000000,38,4227.678498,1539357.709061,18.726209,21.362698,2,2,1,0.029755
