generation,prey_fitness,predator_fitness,num_alive_end,avg_bb_size,var_bb_size,avg_shortest_dist,swarm_density_count,prey_neurons_connected_prey_retina,prey_neurons_connected_predator_retina,predator_neurons_connected_prey_retina,mutual_info
1,89228.000000,10772.000000,42,6222.187621,5106424.202301,18.242780,17.368456,2,1,3,0.035387
1,87715.000000,12285.000000,39,6174.573871,3607995.938564,19.712257,16.981989,2,1,3,0.035304
2,88441.000000,11559.000000,38,5520.007772,4243720.663445,19.055029,18.236782,2,1,3,0.034675
3,93282.000000,6718.000000,42,5477.945466,3010135.306416,15.914937,19.072637,2,1,3,0.037262
