generation,prey_fitness,predator_fitness,num_alive_end,avg_bb_size,var_bb_size,avg_shortest_dist,swarm_density_count,prey_neurons_connected_prey_retina,prey_neurons_connected_predator_retina,predator_neurons_connected_prey_retina,mutual_info
1,90903.000000,9097.000000,41,2380.691995,806812.460686,9.256024,28.727547,3,0,1,0.031823
1,96085.000000,3915.000000,44,2444.024032,848879.777205,8.872869,30.276126,3,0,1,0.038158
2,93206.000000,6794.000000,42,2382.947968,757958.524399,9.905668,30.828468,3,0,1,0.026680
3,94329.000000,5671.000000,41,2414.309672,827741.199740,8.740453,30.032529,3,0,1,0.031486
