generation,prey_fitness,predator_fitness,num_alive_end,avg_bb_size,var_bb_size,avg_shortest_dist,swarm_density_count,prey_neurons_connected_prey_retina,prey_neurons_connected_predator_retina,predator_neurons_connected_prey_retina,mutual_info
1,97876.000000,2124.000000,45,4811.638520,2216531.051875,24.971290,20.042229,2,2,1,0.035247
1,89437.000000,10563.000000,42,3761.954566,707106.795156,21.350023,19.454447,2,2,1,0.013826
2,92452.000000,7548.000000,43,4658.787149,1682752.803222,24.168915,18.688546,2,2,1,0.025275
3,95441.000000,4559.000000,46,4062.396866,848243.785455,20.406339,20.057482,2,2,1,0.016979
