generation,prey_fitness,predator_fitness,num_alive_end,avg_bb_size,var_bb_size,avg_shortest_dist,swarm_density_count,prey_neurons_connected_prey_retina,prey_neurons_connected_predator_retina,predator_neurons_connected_prey_retina,mutual_info
1,91183.000000,8817.000000,42,3076.881739,1092388.991105,10.152496,25.149793,4,1,3,0.030942
1,95933.000000,4067.000000,45,2925.685322,894569.619595,9.183319,26.515253,4,1,3,0.046992
2,96467.000000,3533.000000,47,3122.340610,930196.724539,9.353138,25.891350,4,1,3,0.036768
3,97672.000000,2328.000000,48,3123.553311,986987.146299,9.182911,26.632520,4,1,3,0.046949
