generation,prey_fitness,predator_fitness,num_alive_end,avg_bb_size,var_bb_size,avg_shortest_dist,swarm_density_count,prey_neurons_connected_prey_retina,prey_neurons_connected_predator_retina,predator_neurons_connected_prey_retina,mutual_info
1,75794.000000,24206.000000,29,155614.973075,3702071825.408634,1889.229386,2.099198,0,1,2,0.012521
1,69969.000000,30031.000000,25,151801.711676,3460589705.525870,2299.030737,2.134696,0,1,2,0.014193
2,75483.000000,24517.000000,26,157372.203877,4207424685.752872,1914.649996,2.133327,0,1,2,0.013185
3,73245.000000,26755.000000,24,159986.885973,3631723044.263230,2101.938846,2.066415,0,1,2,0.013971
