generation,prey_fitness,predator_fitness,num_alive_end,avg_bb_size,var_bb_size,avg_shortest_dist,swarm_density_count,prey_neurons_connected_prey_retina,prey_neurons_connected_predator_retina,predator_neurons_connected_prey_retina,mutual_info
1,94455.000000,5545.000000,44,2503.523140,596549.442784,8.404889,29.113578,4,1,1,0.016077
1,94901.000000,5099.000000,44,2392.420858,531713.730590,7.381733,30.149391,4,1,1,0.012401
2,91515.000000,8485.000000,42,2354.746119,637690.549488,8.265331,28.783307,4,1,1,0.020827
3,93636.000000,6364.000000,43,2514.277035,682093.069722,8.489124,28.855118,4,1,1,0.021277
