generation,prey_fitness,predator_fitness,num_alive_end,avg_bb_size,var_bb_size,avg_shortest_dist,swarm_density_count,prey_neurons_connected_prey_retina,prey_neurons_connected_predator_retina,predator_neurons_connected_prey_retina,mutual_info
1,73741.000000,26259.000000,21,201513.216593,6616485243.191072,2501.978004,2.186053,3,0,2,0.020875
1,74227.000000,25773.000000,21,201877.156164,6595482630.698029,2796.375938,2.139805,3,0,2,0.022600
2,62512.000000,37488.000000,15,196178.373026,5905852234.927479,3637.251801,2.125600,3,0,2,0.017980
3,69247.000000,30753.000000,17,202232.120069,6541369615.520171,2640.083148,2.137569,3,0,2,0.014067
