generation,prey_fitness,predator_fitness,num_alive_end,avg_bb_size,var_bb_size,avg_shortest_dist,swarm_density_count,prey_neurons_connected_prey_retina,prey_neurons_connected_predator_retina,predator_neurons_connected_prey_retina,mutual_info
1,96940.000000,3060.000000,48,401.009417,2165.824700,2.997366,47.471000,3,3,1,0.002077
1,100000.000000,1.000000,50,400.839110,2524.606796,2.922239,49.000000,3,3,1,0.001759
2,99095.000000,905.000000,47,397.499036,2396.582992,2.894782,48.549000,3,3,1,0.001853
3,98782.000000,1218.000000,49,401.323650,1937.983882,3.001049,48.391500,3,3,1,0.002532
