generation,prey_fitness,predator_fitness,num_alive_end,avg_bb_size,var_bb_size,avg_shortest_dist,swarm_density_count,prey_neurons_connected_prey_retina,prey_neurons_connected_predator_retina,predator_neurons_connected_prey_retina,mutual_info
1,65795.000000,34205.000000,17,8753.045504,5978535.770972,124.661260,11.154345,1,2,3,0.020068
1,71212.000000,28788.000000,19,6648.923186,3667914.071486,83.819932,14.540685,1,2,3,0.015896
2,73942.000000,26058.000000,19,10212.976649,11584081.978364,125.271073,12.129882,1,2,3,0.020857
3,73286.000000,26714.000000,25,8942.551343,6235633.825326,111.828550,12.787140,1,2,3,0.013664
