generation,prey_fitness,predator_fitness,num_alive_end,avg_bb_size,var_bb_size,avg_shortest_dist,swarm_density_count,prey_neurons_connected_prey_retina,prey_neurons_connected_predator_retina,predator_neurons_connected_prey_retina,mutual_info
1,64838.000000,35162.000000,19,117420.172922,2973731633.062027,1382.610306,2.897105,1,1,1,0.021389
1,67642.000000,32358.000000,20,144534.264599,4204487532.041512,2030.760629,2.676855,1,1,1,0.026650
2,66488.000000,33512.000000,23,130801.379238,2951573788.654707,1801.692116,2.617816,1,1,1,0.026675
3,75356.000000,24644.000000,24,130729.379970,2690838503.099147,1663.872470,2.935686,1,1,1,0.014171
