generation,prey_fitness,predator_fitness,num_alive_end,avg_bb_size,var_bb_size,avg_shortest_dist,swarm_density_count,prey_neurons_connected_prey_retina,prey_neurons_connected_predator_retina,predator_neurons_connected_prey_retina,mutual_info
1,99221.000000,779.000000,48,1660.151650,690717.282872,3.629563,32.172937,3,2,1,0.039803
1,98178.000000,1822.000000,48,1938.685865,814363.439111,4.071471,29.826173,3,2,1,0.048814
2,96105.000000,3895.000000,46,1658.228167,643648.990987,3.659187,31.339893,3,2,1,0.044664
3,97339.000000,2661.000000,46,1818.190764,786782.269620,3.957412,31.055565,3,2,1,0.047640
