generation,prey_fitness,predator_fitness,num_alive_end,avg_bb_size,var_bb_size,avg_shortest_dist,swarm_density_count,prey_neurons_connected_prey_retina,prey_neurons_connected_predator_retina,predator_neurons_connected_prey_retina,mutual_info
1,95674.000000,4326.000000,45,5376.268472,4324056.167673,11.464986,19.951302,1,1,4,0.064725
1,89312.000000,10688.000000,41,4301.967577,2676646.374353,11.875953,20.688978,1,1,4,0.053267
2,97688.000000,2312.000000,47,5507.319984,4071640.253097,12.230932,20.107138,1,1,4,0.052302
3,95455.000000,4545.000000,45,4905.398705,8512461.053794,10.668747,20.986941,1,1,4,0.048033
