generation,prey_fitness,predator_fitness,num_alive_end,avg_bb_size,var_bb_size,avg_shortest_dist,swarm_density_count,prey_neurons_connected_prey_retina,prey_neurons_connected_predator_retina,predator_neurons_connected_prey_retina,mutual_info
1,91900.000000,8100.000000,44,2065.857652,223299.613808,12.797248,31.938779,2,2,1,0.004569
1,97727.000000,2273.000000,48,1742.821230,140654.829247,10.493276,36.855998,2,2,1,0.004261
2,96223.000000,3777.000000,47,2077.737960,306791.741171,13.038637,33.488229,2,2,1,0.007538
3,98567.000000,1433.000000,47,2136.265312,226371.498428,12.781900,33.634157,2,2,1,0.004474
