generation,prey_fitness,predator_fitness,num_alive_end,avg_bb_size,var_bb_size,avg_shortest_dist,swarm_density_count,prey_neurons_connected_prey_retina,prey_neurons_connected_predator_retina,predator_neurons_connected_prey_retina,mutual_info
1,97294.000000,2706.000000,46,7951.569474,23358534.006562,16.826965,17.916913,3,3,1,0.026671
1,97274.000000,2726.000000,44,8156.032875,11219430.082049,18.637867,17.675437,3,3,1,0.033505
2,94125.000000,5875.000000,42,8371.630898,11614862.137488,18.422498,17.159473,3,3,1,0.040783
3,94616.000000,5384.000000,43,7858.851709,10770445.593235,17.223181,17.034071,3,3,1,0.011757
