generation,prey_fitness,predator_fitness,num_alive_end,avg_bb_size,var_bb_size,avg_shortest_dist,swarm_density_count,prey_neurons_connected_prey_retina,prey_neurons_connected_predator_retina,predator_neurons_connected_prey_retina,mutual_info
1,88806.000000,11194.000000,39,165531.448895,4876562826.110946,1548.941883,2.619848,0,1,5,0.032295
1,84911.000000,15089.000000,37,168579.279267,4950167096.409407,1755.520048,2.533362,0,1,5,0.019559
2,85782.000000,14218.000000,36,140364.028629,4722161225.053433,1483.396322,2.752568,0,1,5,0.023169
3,84546.000000,15454.000000,35,166961.642969,5471688944.812768,1663.268030,2.616612,0,1,5,0.054108
