generation,prey_fitness,predator_fitness,num_alive_end,avg_bb_size,var_bb_size,avg_shortest_dist,swarm_density_count,prey_neurons_connected_prey_retina,prey_neurons_connected_predator_retina,predator_neurons_connected_prey_retina,mutual_info
1,65966.000000,34034.000000,20,55006.499173,388487827.847846,950.871710,3.350912,1,1,1,0.012873
1,65100.000000,34900.000000,14,76066.264635,1452731995.991672,1626.229663,2.947437,1,1,1,0.015455
2,79252.000000,20748.000000,31,95586.303130,1368286767.588885,1004.377273,3.089394,1,1,1,0.011184
3,73918.000000,26082.000000,28,95388.363574,1313849583.022773,1192.959810,2.912630,1,1,1,0.015545
