generation,prey_fitness,predator_fitness,num_alive_end,avg_bb_size,var_bb_size,avg_shortest_dist,swarm_density_count,prey_neurons_connected_prey_retina,prey_neurons_connected_predator_retina,predator_neurons_connected_prey_retina,mutual_info
1,97101.000000,2899.000000,46,4262.968723,1690643.749606,11.523895,23.929740,1,0,1,0.019188
1,92843.000000,7157.000000,43,4904.847771,2879230.269322,14.437304,21.831208,1,0,1,0.019258
2,92882.000000,7118.000000,40,5003.228770,3339655.581346,13.707616,21.480825,1,0,1,0.017945
3,94913.000000,5087.000000,43,4757.396299,1766881.113865,13.207769,22.389738,1,0,1,0.020717
