generation,prey_fitness,predator_fitness,num_alive_end,avg_bb_size,var_bb_size,avg_shortest_dist,swarm_density_count,prey_neurons_connected_prey_retina,prey_neurons_connected_predator_retina,predator_neurons_connected_prey_retina,mutual_info
1,92572.000000,7428.000000,44,2460.262135,157420.540649,12.481893,21.555493,2,1,1,0.002096
1,91093.000000,8907.000000,42,2300.655198,129656.981354,12.068593,22.312787,2,1,1,0.002399
2,90644.000000,9356.000000,41,2399.461239,144315.888594,12.550263,21.799862,2,1,1,0.003271
3,95497.000000,4503.000000,47,2657.090976,163117.102545,13.073020,21.462098,2,1,1,0.003418
