generation,prey_fitness,predator_fitness,num_alive_end,avg_bb_size,var_bb_size,avg_shortest_dist,swarm_density_count,prey_neurons_connected_prey_retina,prey_neurons_connected_predator_retina,predator_neurons_connected_prey_retina,mutual_info
1,95624.000000,4376.000000,46,2641.038151,884521.916371,8.092249,28.215014,4,1,2,0.034454
1,96972.000000,3028.000000,47,2435.878182,664689.076206,7.432223,28.930840,4,1,2,0.032936
2,98066.000000,1934.000000,47,2606.542257,838740.371684,7.446771,29.069366,4,1,2,0.027588
3,95416.000000,4584.000000,44,2452.577129,599834.178818,7.771545,28.453502,4,1,2,0.030462
