generation,prey_fitness,predator_fitness,num_alive_end,avg_bb_size,var_bb_size,avg_shortest_dist,swarm_density_count,prey_neurons_connected_prey_retina,prey_neurons_connected_predator_retina,predator_neurons_connected_prey_retina,mutual_info
1,73526.000000,26474.000000,24,164222.627742,3636716770.994296,1463.617454,2.334752,3,0,2,0.020840
1,75368.000000,24632.000000,25,160327.521419,4040857646.991296,1316.201566,2.305979,3,0,2,0.013505
2,76656.000000,23344.000000,29,182791.687766,4587355068.308579,1515.037327,2.191757,3,0,2,0.019631
3,78726.000000,21274.000000,28,177710.762904,4168990630.634124,1431.404824,2.216101,3,0,2,0.030738
