generation,prey_fitness,predator_fitness,num_alive_end,avg_bb_size,var_bb_size,avg_shortest_dist,swarm_density_count,prey_neurons_connected_prey_retina,prey_neurons_connected_predator_retina,predator_neurons_connected_prey_retina,mutual_info
1,91015.000000,8985.000000,40,2842.976165,590919.810363,17.267992,26.953503,1,0,1,0.011228
1,97003.000000,2997.000000,47,3159.572539,889761.464718,15.917623,27.680155,1,0,1,0.018421
2,89916.000000,10084.000000,39,3167.285610,929418.690175,18.924515,25.366050,1,0,1,0.019211
3,95443.000000,4557.000000,46,3224.923892,1323664.644943,16.535086,27.601589,1,0,1,0.021546
