generation,prey_fitness,predator_fitness,num_alive_end,avg_bb_size,var_bb_size,avg_shortest_dist,swarm_density_count,prey_neurons_connected_prey_retina,prey_neurons_connected_predator_retina,predator_neurons_connected_prey_retina,mutual_info
1,91719.000000,8281.000000,42,1558.063782,576454.206948,2.971030,30.046956,1,1,2,0.042403
1,96620.000000,3380.000000,48,1574.407430,718387.482025,2.661626,31.847245,1,1,2,0.034684
2,95909.000000,4091.000000,46,1455.950399,311317.473486,3.112997,33.822636,1,1,2,0.021320
3,97339.000000,2661.000000,47,1712.680854,748266.462443,2.758724,31.268522,1,1,2,0.040902
