generation,prey_fitness,predator_fitness,num_alive_end,avg_bb_size,var_bb_size,avg_shortest_dist,swarm_density_count,prey_neurons_connected_prey_retina,prey_neurons_connected_predator_retina,predator_neurons_connected_prey_retina,mutual_info
1,73064.000000,26936.000000,24,31119.764088,103412198.539477,396.533830,4.831238,2,0,3,0.008004
1,73858.000000,26142.000000,26,46298.972539,303118997.181791,541.199900,3.958698,2,0,3,0.010867
2,82874.000000,17126.000000,28,48540.697756,233960702.920268,512.732986,3.953191,2,0,3,0.008689
3,71390.000000,28610.000000,21,39928.673792,195604879.106802,508.880720,4.342548,2,0,3,0.006962
