generation,prey_fitness,predator_fitness,num_alive_end,avg_bb_size,var_bb_size,avg_shortest_dist,swarm_density_count,prey_neurons_connected_prey_retina,prey_neurons_connected_predator_retina,predator_neurons_connected_prey_retina,mutual_info
1,95777.000000,4223.000000,47,1968.535770,602471.344569,6.552565,31.706062,1,1,1,0.035101
1,99511.000000,489.000000,48,2136.622842,700044.290439,6.136552,32.733529,1,1,1,0.038468
2,97409.000000,2591.000000,46,2111.583326,625874.297852,6.631567,30.694376,1,1,1,0.040970
3,94132.000000,5868.000000,45,1918.191795,496199.806819,6.417005,30.473422,1,1,1,0.040656
