generation,prey_fitness,predator_fitness,num_alive_end,avg_bb_size,var_bb_size,avg_shortest_dist,swarm_density_count,prey_neurons_connected_prey_retina,prey_neurons_connected_predator_retina,predator_neurons_connected_prey_retina,mutual_info
1,70262.000000,29738.000000,19,106096.046239,1530556568.755348,1570.886576,2.767282,0,1,1,0.038899
1,66712.000000,33288.000000,22,124717.187521,2705234388.764003,1911.766407,2.565638,0,1,1,0.017528
2,70846.000000,29154.000000,23,111196.404951,2321728497.891468,1820.745746,2.789223,0,1,1,0.014487
3,72061.000000,27939.000000,22,125629.695259,2840410568.421656,1542.899241,2.632547,0,1,1,0.014992
