generation,prey_fitness,predator_fitness,num_alive_end,avg_bb_size,var_bb_size,avg_shortest_dist,swarm_density_count,prey_neurons_connected_prey_retina,prey_neurons_connected_predator_retina,predator_neurons_connected_prey_retina,mutual_info
1,78082.000000,21918.000000,30,182076.762627,5682933179.015268,2027.077244,2.101113,0,1,3,0.010808
1,74041.000000,25959.000000,30,162012.743695,4912047254.742180,2091.772579,2.193753,0,1,3,0.011559
2,85158.000000,14842.000000,33,179162.117032,5041870483.841125,1795.233121,2.306504,0,1,3,0.007347
3,85393.000000,14607.000000,33,190574.208949,5472909849.347130,2123.257951,2.130362,0,1,3,0.022645
