generation,prey_fitness,predator_fitness,num_alive_end,avg_bb_size,var_bb_size,avg_shortest_dist,swarm_density_count,prey_neurons_connected_prey_retina,prey_neurons_connected_predator_retina,predator_neurons_connected_prey_retina,mutual_info
1,76004.000000,23996.000000,17,19754.419179,198867418.347157,177.020505,11.057800,3,0,1,0.014483
1,76369.000000,23631.000000,27,33620.796638,405490019.039788,218.974223,9.540959,3,0,1,0.015514
2,77828.000000,22172.000000,22,30317.347268,390837978.661036,271.309817,8.386689,3,0,1,0.016068
3,75755.000000,24245.000000,22,28594.862030,365661855.769748,249.332057,8.945731,3,0,1,0.012253
