generation,prey_fitness,predator_fitness,num_alive_end,avg_bb_size,var_bb_size,avg_shortest_dist,swarm_density_count,prey_neurons_connected_prey_retina,prey_neurons_connected_predator_retina,predator_neurons_connected_prey_retina,mutual_info
1,90692.000000,9308.000000,41,11926.752531,22002614.189264,29.183972,13.191151,1,1,2,0.036193
1,90017.000000,9983.000000,41,10615.836764,14001196.998981,25.657940,14.008475,1,1,2,0.036533
2,95383.000000,4617.000000,44,14640.840519,58705914.727551,32.553209,13.308474,1,1,2,0.024284
3,95290.000000,4710.000000,45,14030.197979,40661827.730006,31.502980,13.268006,1,1,2,0.054962
