generation,prey_fitness,predator_fitness,num_alive_end,avg_bb_size,var_bb_size,avg_shortest_dist,swarm_density_count,prey_neurons_connected_prey_retina,prey_neurons_connected_predator_retina,predator_neurons_connected_prey_retina,mutual_info
1,93133.000000,6867.000000,43,2639.387418,340385.953735,18.343902,31.868817,4,1,1,0.003694
1,93036.000000,6964.000000,42,2881.482790,671871.974300,20.110354,30.447898,4,1,1,0.003003
2,92742.000000,7258.000000,41,2818.218950,403504.232235,19.049831,30.828473,4,1,1,0.003985
3,95590.000000,4410.000000,46,2713.217190,667840.506516,18.650156,32.728103,4,1,1,0.003214
