generation,prey_fitness,predator_fitness,num_alive_end,avg_bb_size,var_bb_size,avg_shortest_dist,swarm_density_count,prey_neurons_connected_prey_retina,prey_neurons_connected_predator_retina,predator_neurons_connected_prey_retina,mutual_info
1,96327.000000,3673.000000,45,1074.534601,167468.041022,5.001499,38.790313,2,0,3,0.015887
1,98122.000000,1878.000000,49,1084.416266,165802.635035,4.754053,39.481827,2,0,3,0.009369
2,95955.000000,4045.000000,45,1084.130092,183315.664262,4.918915,38.621046,2,0,3,0.013793
3,96391.000000,3609.000000,46,1104.067937,174072.383049,5.605803,39.680288,2,0,3,0.006353
