generation,prey_fitness,predator_fitness,num_alive_end,avg_bb_size,var_bb_size,avg_shortest_dist,swarm_density_count,prey_neurons_connected_prey_retina,prey_neurons_connected_predator_retina,predator_neurons_connected_prey_retina,mutual_info
1,70965.000000,29035.000000,24,166778.777825,4923095345.743154,1810.137620,2.278487,2,2,1,0.020569
1,68037.000000,31963.000000,23,136014.080590,2832087488.723575,1715.940465,2.568286,2,2,1,0.022335
2,74758.000000,25242.000000,23,163859.394701,4747551939.389821,1621.897798,2.487900,2,2,1,0.014656
3,80533.000000,19467.000000,30,177321.977184,5193779034.038946,1818.748542,2.498290,2,2,1,0.011379
