generation,prey_fitness,predator_fitness,num_alive_end,avg_bb_size,var_bb_size,avg_shortest_dist,swarm_density_count,prey_neurons_connected_prey_retina,prey_neurons_connected_predator_retina,predator_neurons_connected_prey_retina,mutual_info
1,91375.000000,8625.000000,38,3398.872783,1861406.233745,16.501557,25.578166,3,1,2,0.026239
1,96499.000000,3501.000000,47,3560.099861,2063242.068197,16.989105,27.318116,3,1,2,0.030755
2,93104.000000,6896.000000,43,3673.994523,2167110.643744,20.377790,25.255524,3,1,2,0.027491
3,92223.000000,7777.000000,41,3425.707371,1574193.140435,17.589485,25.870623,3,1,2,0.022739
