generation,prey_fitness,predator_fitness,num_alive_end,avg_bb_size,var_bb_size,avg_shortest_dist,swarm_density_count,prey_neurons_connected_prey_retina,prey_neurons_connected_predator_retina,predator_neurons_connected_prey_retina,mutual_info
1,98629.000000,1371.000000,47,1198.198616,168166.703958,5.299952,41.158993,2,0,3,0.005629
1,95753.000000,4247.000000,42,1044.474230,58124.072855,4.883758,42.363044,2,0,3,0.006749
2,92948.000000,7052.000000,44,1176.632696,107875.739198,5.521655,39.141608,2,0,3,0.007460
3,98022.000000,1978.000000,47,1169.418161,121607.069182,5.153219,40.587651,2,0,3,0.007256
