generation,prey_fitness,predator_fitness,num_alive_end,avg_bb_size,var_bb_size,avg_shortest_dist,swarm_density_count,prey_neurons_connected_prey_retina,prey_neurons_connected_predator_retina,predator_neurons_connected_prey_retina,mutual_info
1,94768.000000,5232.000000,45,3365.658880,1537391.946538,10.394861,23.987901,5,0,1,0.072079
1,93716.000000,6284.000000,46,3206.047654,2004419.548837,9.592183,24.483470,5,0,1,0.063364
2,96301.000000,3699.000000,46,3302.425749,2187031.060458,9.698436,24.573594,5,0,1,0.061381
3,98240.000000,1760.000000,49,3044.469201,2112268.265427,8.973938,26.126245,5,0,1,0.059048
