generation,prey_fitness,predator_fitness,num_alive_end,avg_bb_size,var_bb_size,avg_shortest_dist,swarm_density_count,prey_neurons_connected_prey_retina,prey_neurons_connected_predator_retina,predator_neurons_connected_prey_retina,mutual_info
1,65991.000000,34009.000000,20,109178.750346,3079048306.264735,1656.507846,2.840311,3,1,1,0.014581
1,72725.000000,27275.000000,24,125033.527261,4337910721.163093,1837.224876,2.856960,3,1,1,0.014393
2,67199.000000,32801.000000,19,84481.862744,1389731265.170413,1438.204332,2.922816,3,1,1,0.020072
3,66174.000000,33826.000000,22,95597.040976,1839192980.506770,1503.426269,2.980990,3,1,1,0.018787
