generation,prey_fitness,predator_fitness,num_alive_end,avg_bb_size,var_bb_size,avg_shortest_dist,swarm_density_count,prey_neurons_connected_prey_retina,prey_neurons_connected_predator_retina,predator_neurons_connected_prey_retina,mutual_info
1,69250.000000,30750.000000,19,209720.829879,6085239836.456245,3019.824357,1.988285,1,3,1,0.019592
1,67914.000000,32086.000000,17,207842.913748,6132751984.597219,3600.667633,2.020476,1,3,1,0.025236
2,68413.000000,31587.000000,21,205874.583393,5701368464.491631,3292.987362,2.059415,1,3,1,0.024668
3,68906.000000,31094.000000,24,210002.375496,6254695934.580034,3204.351224,1.951005,1,3,1,0.024663
