generation,prey_fitness,predator_fitness,num_alive_end,avg_bb_size,var_bb_size,avg_shortest_dist,swarm_density_count,prey_neurons_connected_prey_retina,prey_neurons_connected_predator_retina,predator_neurons_connected_prey_retina,mutual_info
1,82203.000000,17797.000000,33,153959.169558,4350644250.220295,1003.002828,4.242400,3,1,1,0.026185
1,71886.000000,28114.000000,24,98987.181769,3314202970.137479,735.628547,5.650910,3,1,1,0.020736
2,82729.000000,17271.000000,32,103664.060325,1873374083.133644,560.227966,4.533881,3,1,1,0.021566
3,78473.000000,21527.000000,30,133349.728928,3661651343.974867,634.182526,3.850236,3,1,1,0.014277
