generation,prey_fitness,predator_fitness,num_alive_end,avg_bb_size,var_bb_size,avg_shortest_dist,swarm_density_count,prey_neurons_connected_prey_retina,prey_neurons_connected_predator_retina,predator_neurons_connected_prey_retina,mutual_info
1,77729.000000,22271.000000,29,144558.280431,3461898241.628510,1836.420281,2.416546,0,1,1,0.016841
1,76558.000000,23442.000000,27,127118.089700,2009952723.737521,1599.808300,2.431284,0,1,1,0.019788
2,76991.000000,23009.000000,29,152283.107929,3462619895.009839,1624.064764,2.197722,0,1,1,0.014907
3,71378.000000,28622.000000,25,150402.284765,5033858650.927454,1956.264903,2.349430,0,1,1,0.013473
