generation,prey_fitness,predator_fitness,num_alive_end,avg_bb_size,var_bb_size,avg_shortest_dist,swarm_density_count,prey_neurons_connected_prey_retina,prey_neurons_connected_predator_retina,predator_neurons_connected_prey_retina,mutual_info
1,70761.000000,29239.000000,22,55218.670407,653737371.903731,745.398425,3.930984,0,0,1,0.013828
1,72101.000000,27899.000000,21,64056.812810,577784964.542349,911.445640,3.320159,0,0,1,0.018738
2,71458.000000,28542.000000,23,57834.079650,652307141.263073,832.909228,3.712437,0,0,1,0.009720
3,68012.000000,31988.000000,19,51209.193508,581358792.403210,818.182254,3.905322,0,0,1,0.012947
