generation,prey_fitness,predator_fitness,num_alive_end,avg_bb_size,var_bb_size,avg_shortest_dist,swarm_density_count,prey_neurons_connected_prey_retina,prey_neurons_connected_predator_retina,predator_neurons_connected_prey_retina,mutual_info
1,87444.000000,12556.000000,40,4114.653514,978130.465035,18.842895,17.925222,5,3,1,0.017800
1,93244.000000,6756.000000,42,4765.197834,1880550.044051,18.642200,18.776008,5,3,1,0.042714
2,92190.000000,7810.000000,44,4526.175291,758987.293140,18.896557,17.177178,5,3,1,0.018142
3,92739.000000,7261.000000,41,4405.643496,1080711.855211,17.319671,18.628187,5,3,1,0.027552
