generation,prey_fitness,predator_fitness,num_alive_end,avg_bb_size,var_bb_size,avg_shortest_dist,swarm_density_count,prey_neurons_connected_prey_retina,prey_neurons_connected_predator_retina,predator_neurons_connected_prey_retina,mutual_info
1,82397.000000,17603.000000,30,5751.495322,4226730.370309,47.429377,18.215055,1,2,4,0.009093
1,83687.000000,16313.000000,30,5143.496694,3114636.245841,39.812499,20.297172,1,2,4,0.009353
2,77956.000000,22044.000000,28,5501.043882,3504920.273298,50.298560,18.230688,1,2,4,0.007820
3,91285.000000,8715.000000,39,4884.074330,1994096.751502,34.470532,22.605268,1,2,4,0.004895
