generation,prey_fitness,predator_fitness,num_alive_end,avg_bb_size,var_bb_size,avg_shortest_dist,swarm_density_count,prey_neurons_connected_prey_retina,prey_neurons_connected_predator_retina,predator_neurons_connected_prey_retina,mutual_info
1,94041.000000,5959.000000,44,1949.993860,403362.247369,7.077216,30.469425,2,5,1,0.024328
1,93892.000000,6108.000000,43,2077.366241,538165.353376,6.707905,29.492733,2,5,1,0.026122
2,93461.000000,6539.000000,43,2193.569523,498814.376014,7.307801,29.082316,2,5,1,0.028467
3,95931.000000,4069.000000,45,2475.102812,1017800.665795,7.798143,27.918563,2,5,1,0.040360
