generation,prey_fitness,predator_fitness,num_alive_end,avg_bb_size,var_bb_size,avg_shortest_dist,swarm_density_count,prey_neurons_connected_prey_retina,prey_neurons_connected_predator_retina,predator_neurons_connected_prey_retina,mutual_info
1,72865.000000,27135.000000,22,92234.112561,1135178563.560962,1151.642808,2.644372,1,1,3,0.011668
1,72561.000000,27439.000000,23,104156.389701,2857889228.300529,1315.685535,2.657331,1,1,3,0.014168
2,74105.000000,25895.000000,24,138377.586552,3221438173.783431,1912.003286,2.343776,1,1,3,0.014178
3,82046.000000,17954.000000,29,105402.977127,1575234757.514480,1111.209466,2.702231,1,1,3,0.017122
