generation,prey_fitness,predator_fitness,num_alive_end,avg_bb_size,var_bb_size,avg_shortest_dist,swarm_density_count,prey_neurons_connected_prey_retina,prey_neurons_connected_predator_retina,predator_neurons_connected_prey_retina,mutual_info
1,99945.000000,55.000000,49,1300.644855,207226.830402,3.773401,37.395478,2,2,3,0.018965
1,95498.000000,4502.000000,46,1250.577109,195296.264593,3.599776,35.348519,2,2,3,0.021209
2,96109.000000,3891.000000,44,1304.270991,176796.562503,3.744207,35.488978,2,2,3,0.025311
3,98222.000000,1778.000000,47,1341.633565,221843.488312,4.054821,36.921321,2,2,3,0.019633
