generation,prey_fitness,predator_fitness,num_alive_end,avg_bb_size,var_bb_size,avg_shortest_dist,swarm_density_count,prey_neurons_connected_prey_retina,prey_neurons_connected_predator_retina,predator_neurons_connected_prey_retina,mutual_info
1,77177.000000,22823.000000,23,151506.747568,6684493867.636851,2219.239055,4.138514,3,0,2,0.042188
1,76453.000000,23547.000000,24,189652.765761,6901040926.002642,2038.251112,2.897187,3,0,2,0.017076
2,77150.000000,22850.000000,27,152870.687372,4893816944.572195,1591.870092,3.189889,3,0,2,0.021542
3,76955.000000,23045.000000,26,172299.236197,6205626042.423257,1453.182749,3.816272,3,0,2,0.024168
