generation,prey_fitness,predator_fitness,num_alive_end,avg_bb_size,var_bb_size,avg_shortest_dist,swarm_density_count,prey_neurons_connected_prey_retina,prey_neurons_connected_predator_retina,predator_neurons_connected_prey_retina,mutual_info
1,75857.000000,24143.000000,28,92814.784055,1453975200.657218,1208.098577,3.254323,1,1,5,0.018345
1,77686.000000,22314.000000,26,105452.914104,3686772241.158135,1326.027284,3.706642,1,1,5,0.016748
2,73721.000000,26279.000000,24,77110.949422,1605505159.253426,1097.641443,4.114661,1,1,5,0.021884
3,75286.000000,24714.000000,24,78126.077348,1799537568.054123,1152.073106,4.399078,1,1,5,0.008766
