generation,prey_fitness,predator_fitness,num_alive_end,avg_bb_size,var_bb_size,avg_shortest_dist,swarm_density_count,prey_neurons_connected_prey_retina,prey_neurons_connected_predator_retina,predator_neurons_connected_prey_retina,mutual_info
1,91448.000000,8552.000000,43,13008.819757,31899656.136890,30.723968,12.564941,1,0,2,0.060724
1,87378.000000,12622.000000,38,13014.525490,24005702.627335,36.190167,11.776894,1,0,2,0.039925
2,87362.000000,12638.000000,40,12172.111312,22645426.550418,34.016464,11.621639,1,0,2,0.056414
3,88470.000000,11530.000000,40,16829.473958,49914186.851072,40.390370,10.747856,1,0,2,0.033286
