generation,prey_fitness,predator_fitness,num_alive_end,avg_bb_size,var_bb_size,avg_shortest_dist,swarm_density_count,prey_neurons_connected_prey_retina,prey_neurons_connected_predator_retina,predator_neurons_connected_prey_retina,mutual_info
1,75452.000000,24548.000000,24,31607.900546,79652571.830035,306.274616,5.513111,1,0,1,0.013754
1,74282.000000,25718.000000,23,34585.999922,122867555.710557,385.259088,4.923692,1,0,1,0.014658
2,73052.000000,26948.000000,21,29630.773835,140880873.697543,362.692004,5.215381,1,0,1,0.008499
3,70121.000000,29879.000000,23,38964.839575,255992876.330439,415.704571,4.692209,1,0,1,0.013414
