generation,prey_fitness,predator_fitness,num_alive_end,avg_bb_size,var_bb_size,avg_shortest_dist,swarm_density_count,prey_neurons_connected_prey_retina,prey_neurons_connected_predator_retina,predator_neurons_connected_prey_retina,mutual_info
1,87773.000000,12227.000000,36,3991.111563,579366.503501,26.306456,16.540915,3,0,1,0.003722
1,86929.000000,13071.000000,37,3977.761395,714952.065677,26.431403,16.662113,3,0,1,0.002729
2,86358.000000,13642.000000,37,3988.950505,773521.147869,27.039798,16.788234,3,0,1,0.004122
3,92459.000000,7541.000000,42,4313.608057,491742.837290,27.173134,16.465973,3,0,1,0.002733
