generation,prey_fitness,predator_fitness,num_alive_end,avg_bb_size,var_bb_size,avg_shortest_dist,swarm_density_count,prey_neurons_connected_prey_retina,prey_neurons_connected_predator_retina,predator_neurons_connected_prey_retina,mutual_info
1,75997.000000,24003.000000,27,184487.469298,4246459311.684814,2086.185316,1.847957,0,1,1,0.023992
1,76495.000000,23505.000000,26,174147.634426,3654140185.106335,2013.892082,1.754201,0,1,1,0.016298
2,73505.000000,26495.000000,23,179418.244130,4402262053.627163,2394.007623,1.907890,0,1,1,0.021097
3,71521.000000,28479.000000,24,182899.951354,4175796156.274555,2753.176758,1.792474,0,1,1,0.015825
