generation,prey_fitness,predator_fitness,num_alive_end,avg_bb_size,var_bb_size,avg_shortest_dist,swarm_density_count,prey_neurons_connected_prey_retina,prey_neurons_connected_predator_retina,predator_neurons_connected_prey_retina,mutual_info
1,75807.000000,24193.000000,24,187658.480061,4779634129.659832,2518.053502,1.966125,1,0,1,0.031053
1,70959.000000,29041.000000,20,187312.884287,4759741104.677183,2712.858384,1.962649,1,0,1,0.020024
2,70865.000000,29135.000000,25,177911.022086,4366125178.170550,2390.421375,2.085135,1,0,1,0.033670
3,70555.000000,29445.000000,21,170803.667132,3757946091.110690,2306.975121,1.954910,1,0,1,0.016523
