generation,prey_fitness,predator_fitness,num_alive_end,avg_bb_size,var_bb_size,avg_shortest_dist,swarm_density_count,prey_neurons_connected_prey_retina,prey_neurons_connected_predator_retina,predator_neurons_connected_prey_retina,mutual_info
1,69762.000000,30238.000000,20,153836.301514,4180903451.795230,1945.379312,2.560204,0,1,1,0.034760
1,74208.000000,25792.000000,24,98955.970203,1995082391.431177,1252.059971,2.950159,0,1,1,0.017736
2,67388.000000,32612.000000,19,107496.539821,1341924267.836653,1582.810018,2.289352,0,1,1,0.033474
3,75604.000000,24396.000000,27,122524.786494,2536439078.913264,1554.608315,2.445084,0,1,1,0.009523
