generation,prey_fitness,predator_fitness,num_alive_end,avg_bb_size,var_bb_size,avg_shortest_dist,swarm_density_count,prey_neurons_connected_prey_retina,prey_neurons_connected_predator_retina,predator_neurons_connected_prey_retina,mutual_info
1,94767.000000,5233.000000,45,3680.742060,2137201.134064,12.835592,23.845441,2,2,1,0.061211
1,89192.000000,10808.000000,41,3302.748735,1722874.810020,12.299120,23.349385,2,2,1,0.056541
2,98222.000000,1778.000000,46,3876.982251,2617783.242229,11.882317,24.148352,2,2,1,0.078955
3,95391.000000,4609.000000,42,3689.339399,2552526.331781,11.478360,23.879202,2,2,1,0.056470
