generation,prey_fitness,predator_fitness,num_alive_end,avg_bb_size,var_bb_size,avg_shortest_dist,swarm_density_count,prey_neurons_connected_prey_retina,prey_neurons_connected_predator_retina,predator_neurons_connected_prey_retina,mutual_info
1,58323.000000,41677.000000,10,31320.727029,137004685.847138,582.282076,3.732618,0,3,1,0.055868
1,64954.000000,35046.000000,16,49578.078283,261477807.417561,765.489664,3.405548,0,3,1,0.025374
2,65843.000000,34157.000000,18,44512.774919,206750023.423911,841.267122,3.630688,0,3,1,0.026655
3,71202.000000,28798.000000,20,44616.487108,183255152.233896,626.542549,4.090486,0,3,1,0.022720
