generation,prey_fitness,predator_fitness,num_alive_end,avg_bb_size,var_bb_size,avg_shortest_dist,swarm_density_count,prey_neurons_connected_prey_retina,prey_neurons_connected_predator_retina,predator_neurons_connected_prey_retina,mutual_info
1,71890.000000,28110.000000,19,70979.274527,801295135.629724,605.318840,3.798331,1,1,1,0.032222
1,68285.000000,31715.000000,19,48649.657689,275180898.545284,360.598010,3.749863,1,1,1,0.024124
2,73238.000000,26762.000000,21,78521.693134,805750939.927920,697.389652,3.541048,1,1,1,0.038419
3,67988.000000,32012.000000,21,60374.227961,1215058200.335420,416.930070,3.884333,1,1,1,0.026257
