generation,prey_fitness,predator_fitness,num_alive_end,avg_bb_size,var_bb_size,avg_shortest_dist,swarm_density_count,prey_neurons_connected_prey_retina,prey_neurons_connected_predator_retina,predator_neurons_connected_prey_retina,mutual_info
1,76549.000000,23451.000000,30,69184.225442,1121799369.035534,822.407902,3.947165,1,1,1,0.020012
1,74782.000000,25218.000000,23,64358.820240,1102869522.408211,912.316421,4.578748,1,1,1,0.016056
2,81684.000000,18316.000000,29,64577.057963,857544686.811994,739.231936,4.218436,1,1,1,0.014591
3,68322.000000,31678.000000,17,50433.619294,411493184.143001,880.731743,3.769068,1,1,1,0.016791
