generation,prey_fitness,predator_fitness,num_alive_end,avg_bb_size,var_bb_size,avg_shortest_dist,swarm_density_count,prey_neurons_connected_prey_retina,prey_neurons_connected_predator_retina,predator_neurons_connected_prey_retina,mutual_info
1,97271.000000,2729.000000,46,1346.224753,187526.950386,7.635088,41.746195,1,1,3,0.012290
1,95766.000000,4234.000000,46,1431.060898,322679.097304,8.318440,39.704277,1,1,3,0.009743
2,95276.000000,4724.000000,44,1419.631563,193897.195731,7.797638,39.482801,1,1,3,0.008963
3,98446.000000,1554.000000,46,1433.835136,187593.289532,8.053903,40.837756,1,1,3,0.012050
