generation,prey_fitness,predator_fitness,num_alive_end,avg_bb_size,var_bb_size,avg_shortest_dist,swarm_density_count,prey_neurons_connected_prey_retina,prey_neurons_connected_predator_retina,predator_neurons_connected_prey_retina,mutual_info
1,72985.000000,27015.000000,21,40440.303841,142236514.346907,502.920870,4.296392,1,0,1,0.012085
1,74801.000000,25199.000000,25,52841.809242,305696901.326909,685.313312,4.357324,1,0,1,0.015136
2,76888.000000,23112.000000,24,47037.453423,469375061.456857,545.495136,4.703229,1,0,1,0.011266
3,73445.000000,26555.000000,22,44926.608131,303033000.296762,564.419080,4.473892,1,0,1,0.012711
