generation,prey_fitness,predator_fitness,num_alive_end,avg_bb_size,var_bb_size,avg_shortest_dist,swarm_density_count,prey_neurons_connected_prey_retina,prey_neurons_connected_predator_retina,predator_neurons_connected_prey_retina,mutual_info
1,72577.000000,27423.000000,22,62219.500986,416976771.611511,719.088970,3.551511,0,1,1,0.015088
1,68767.000000,31233.000000,22,62078.620699,577499926.420597,839.925555,3.496733,0,1,1,0.020050
2,71327.000000,28673.000000,21,65928.596198,789733091.691564,988.629902,3.285332,0,1,1,0.027377
3,63603.000000,36397.000000,15,47747.191516,244215475.971412,817.591065,3.649229,0,1,1,0.046997
