generation,prey_fitness,predator_fitness,num_alive_end,avg_bb_size,var_bb_size,avg_shortest_dist,swarm_density_count,prey_neurons_connected_prey_retina,prey_neurons_connected_predator_retina,predator_neurons_connected_prey_retina,mutual_info
1,73306.000000,26694.000000,23,180720.285666,5573344743.657286,2309.427595,2.262704,0,0,1,0.027737
1,81393.000000,18607.000000,28,179803.276776,5035393196.738672,1998.763107,2.216240,0,0,1,0.014290
2,73046.000000,26954.000000,27,168330.721419,5042128139.080376,2088.981350,2.110278,0,0,1,0.023933
3,74625.000000,25375.000000,25,168603.015795,4341910740.691538,1882.415060,2.275569,0,0,1,0.018636
