generation,prey_fitness,predator_fitness,num_alive_end,avg_bb_size,var_bb_size,avg_shortest_dist,swarm_density_count,prey_neurons_connected_prey_retina,prey_neurons_connected_predator_retina,predator_neurons_connected_prey_retina,mutual_info
1,76625.000000,23375.000000,24,105048.855927,1891085100.031793,1337.492380,2.927987,0,2,1,0.011566
1,70609.000000,29391.000000,22,77755.877040,1152010044.784305,1088.045681,2.904861,0,2,1,0.014059
2,67824.000000,32176.000000,18,78056.754591,509428940.772871,1168.327569,2.751455,0,2,1,0.015328
3,81700.000000,18300.000000,30,88059.343732,1093800033.378933,1008.154265,2.776162,0,2,1,0.013744
