generation,prey_fitness,predator_fitness,num_alive_end,avg_bb_size,var_bb_size,avg_shortest_dist,swarm_density_count,prey_neurons_connected_prey_retina,prey_neurons_connected_predator_retina,predator_neurons_connected_prey_retina,mutual_info
1,73398.000000,26602.000000,23,50605.566705,321667400.462606,695.242254,3.867525,1,3,1,0.013206
1,73034.000000,26966.000000,20,47891.536538,312501518.812434,741.042979,4.078832,1,3,1,0.015437
2,74103.000000,25897.000000,24,51601.104543,331204610.191269,706.952181,3.891988,1,3,1,0.026753
3,74688.000000,25312.000000,24,57929.419781,936031354.162751,934.222572,3.820489,1,3,1,0.020673
