generation,prey_fitness,predator_fitness,num_alive_end,avg_bb_size,var_bb_size,avg_shortest_dist,swarm_density_count,prey_neurons_connected_prey_retina,prey_neurons_connected_predator_retina,predator_neurons_connected_prey_retina,mutual_info
1,92070.000000,7930.000000,41,7761.179070,10708979.862413,22.092055,16.114516,3,1,1,0.039707
1,91682.000000,8318.000000,42,7784.446941,5872673.669051,22.759703,16.039580,3,1,1,0.047726
2,94093.000000,5907.000000,44,9465.609391,12593725.461273,27.656603,14.776728,3,1,1,0.031939
3,92989.000000,7011.000000,43,10358.104454,26863940.343535,27.382335,15.080407,3,1,1,0.055513
