generation,prey_fitness,predator_fitness,num_alive_end,avg_bb_size,var_bb_size,avg_shortest_dist,swarm_density_count,prey_neurons_connected_prey_retina,prey_neurons_connected_predator_retina,predator_neurons_connected_prey_retina,mutual_info
1,74993.000000,25007.000000,24,135962.291541,3557452209.963831,1686.705403,2.553621,1,1,1,0.013452
1,81469.000000,18531.000000,32,169799.141033,4323152933.375648,1858.891103,2.289022,1,1,1,0.011088
2,77248.000000,22752.000000,28,148960.129927,3479919465.208001,1798.132380,2.247923,1,1,1,0.022410
3,77113.000000,22887.000000,29,154964.784601,3868870139.682760,1765.749672,2.195071,1,1,1,0.023924
