generation,prey_fitness,predator_fitness,num_alive_end,avg_bb_size,var_bb_size,avg_shortest_dist,swarm_density_count,prey_neurons_connected_prey_retina,prey_neurons_connected_predator_retina,predator_neurons_connected_prey_retina,mutual_info
1,76438.000000,23562.000000,24,117118.811894,2783315650.292048,1633.697102,2.570041,5,3,1,0.011211
1,76232.000000,23768.000000,27,128110.387189,2774913412.900777,1656.678356,2.370431,5,3,1,0.014600
2,69672.000000,30328.000000,22,107147.463424,2186487096.016187,1733.346855,2.463499,5,3,1,0.016197
3,77273.000000,22727.000000,27,112967.993384,1860799641.088773,1356.491351,2.316580,5,3,1,0.018097
