generation,prey_fitness,predator_fitness,num_alive_end,avg_bb_size,var_bb_size,avg_shortest_dist,swarm_density_count,prey_neurons_connected_prey_retina,prey_neurons_connected_predator_retina,predator_neurons_connected_prey_retina,mutual_info
1,93340.000000,6660.000000,42,2649.491256,860505.257476,9.760912,27.111596,2,3,1,0.040036
1,92889.000000,7111.000000,43,2314.555339,699170.642200,9.138015,28.317973,2,3,1,0.048513
2,94734.000000,5266.000000,44,2294.274205,464609.585766,8.076874,28.764213,2,3,1,0.024363
3,96638.000000,3362.000000,45,2441.255849,675571.043182,8.968573,28.244841,2,3,1,0.038048
