generation,prey_fitness,predator_fitness,num_alive_end,avg_bb_size,var_bb_size,avg_shortest_dist,swarm_density_count,prey_neurons_connected_prey_retina,prey_neurons_connected_predator_retina,predator_neurons_connected_prey_retina,mutual_info
1,95989.000000,4011.000000,44,2050.734473,353823.333334,10.891694,35.522920,3,1,1,0.010865
1,97177.000000,2823.000000,46,1789.362367,315484.888264,9.640403,37.488113,3,1,1,0.007228
2,96171.000000,3829.000000,46,1826.151021,335773.481252,9.825663,36.668786,3,1,1,0.008245
3,96477.000000,3523.000000,45,1954.222275,384407.123605,10.489816,35.647403,3,1,1,0.010983
