generation,prey_fitness,predator_fitness,num_alive_end,avg_bb_size,var_bb_size,avg_shortest_dist,swarm_density_count,prey_neurons_connected_prey_retina,prey_neurons_connected_predator_retina,predator_neurons_connected_prey_retina,mutual_info
1,94531.000000,5469.000000,42,2455.578227,663472.996318,7.745251,28.792232,2,2,1,0.020240
1,93523.000000,6477.000000,45,2444.605527,564401.241006,8.235859,28.814710,2,2,1,0.021918
2,94695.000000,5305.000000,45,2235.722612,498054.568206,7.290876,29.352839,2,2,1,0.028949
3,94012.000000,5988.000000,45,2285.401282,614004.154878,7.215808,28.948171,2,2,1,0.025205
