generation,prey_fitness,predator_fitness,num_alive_end,avg_bb_size,var_bb_size,avg_shortest_dist,swarm_density_count,prey_neurons_connected_prey_retina,prey_neurons_connected_predator_retina,predator_neurons_connected_prey_retina,mutual_info
1,74262.000000,25738.000000,22,39582.836617,194951897.149722,487.124637,5.247862,0,2,2,0.011065
1,70751.000000,29249.000000,17,41707.687079,187850468.938010,585.814387,3.514034,0,2,2,0.020408
2,72964.000000,27036.000000,23,31661.203961,132275290.462643,416.413964,5.243057,0,2,2,0.008519
3,69715.000000,30285.000000,18,29489.063717,67307128.647514,394.367329,4.673653,0,2,2,0.042098
