generation,prey_fitness,predator_fitness,num_alive_end,avg_bb_size,var_bb_size,avg_shortest_dist,swarm_density_count,prey_neurons_connected_prey_retina,prey_neurons_connected_predator_retina,predator_neurons_connected_prey_retina,mutual_info
1,98016.000000,1984.000000,47,4063.211862,1670705.833841,10.324295,22.919353,1,2,1,0.039796
1,96403.000000,3597.000000,45,3782.658316,1863277.280885,9.061053,23.342627,1,2,1,0.056058
2,93347.000000,6653.000000,45,3934.705925,2919315.596457,9.612996,22.233407,1,2,1,0.064433
3,99582.000000,418.000000,49,4850.527422,4778059.012758,11.015834,22.408998,1,2,1,0.068954
