generation,prey_fitness,predator_fitness,num_alive_end,avg_bb_size,var_bb_size,avg_shortest_dist,swarm_density_count,prey_neurons_connected_prey_retina,prey_neurons_connected_predator_retina,predator_neurons_connected_prey_retina,mutual_info
1,85351.000000,14649.000000,31,8670.890420,6316860.719533,51.344150,14.300456,1,0,1,0.015569
1,80382.000000,19618.000000,28,8734.099525,11492983.078874,56.348312,14.198896,1,0,1,0.013049
2,84152.000000,15848.000000,32,9861.948113,12568271.005500,58.047518,13.959046,1,0,1,0.014630
3,84300.000000,15700.000000,30,11583.527270,39356433.806544,68.654618,13.248309,1,0,1,0.032342
