generation,prey_fitness,predator_fitness,num_alive_end,avg_bb_size,var_bb_size,avg_shortest_dist,swarm_density_count,prey_neurons_connected_prey_retina,prey_neurons_connected_predator_retina,predator_neurons_connected_prey_retina,mutual_info
1,96863.000000,3137.000000,44,3806.150663,2222491.018367,18.277464,25.255455,2,2,1,0.027403
1,92715.000000,7285.000000,42,3051.183628,560630.748040,15.225115,26.044687,2,2,1,0.017165
2,96845.000000,3155.000000,45,3289.153986,1025821.423389,15.481198,26.628714,2,2,1,0.025577
3,92718.000000,7282.000000,41,3255.257782,1136203.341671,18.148485,25.393360,2,2,1,0.024824
