generation,prey_fitness,predator_fitness,num_alive_end,avg_bb_size,var_bb_size,avg_shortest_dist,swarm_density_count,prey_neurons_connected_prey_retina,prey_neurons_connected_predator_retina,predator_neurons_connected_prey_retina,mutual_info
1,74262.000000,25738.000000,25,200596.768145,5678522543.512531,2678.497584,1.969894,1,2,1,0.017147
1,78726.000000,21274.000000,27,196185.358193,5791209884.351794,2181.391581,2.004955,1,2,1,0.022559
2,69846.000000,30154.000000,23,182223.871824,4966642530.300376,2980.747456,1.975627,1,2,1,0.028029
3,78416.000000,21584.000000,29,200713.503648,5882092459.223050,2611.198995,2.123789,1,2,1,0.017418
