generation,prey_fitness,predator_fitness,num_alive_end,avg_bb_size,var_bb_size,avg_shortest_dist,swarm_density_count,prey_neurons_connected_prey_retina,prey_neurons_connected_predator_retina,predator_neurons_connected_prey_retina,mutual_info
1,96461.000000,3539.000000,44,1685.903563,401287.849332,5.096725,34.195561,1,0,1,0.025771
1,95818.000000,4182.000000,45,1577.217214,345876.311368,5.266511,33.858313,1,0,1,0.025348
2,95007.000000,4993.000000,45,1513.796972,235195.658916,5.238555,33.871523,1,0,1,0.016511
3,90778.000000,9222.000000,41,1523.815504,328657.877892,5.251376,31.913897,1,0,1,0.030636
