generation,prey_fitness,predator_fitness,num_alive_end,avg_bb_size,var_bb_size,avg_shortest_dist,swarm_density_count,prey_neurons_connected_prey_retina,prey_neurons_connected_predator_retina,predator_neurons_connected_prey_retina,mutual_info
1,95281.000000,4719.000000,47,820.870825,47697.453440,4.227326,42.461020,2,1,1,0.005118
1,95864.000000,4136.000000,46,711.738803,39173.115319,3.613066,44.188217,2,1,1,0.021869
2,95611.000000,4389.000000,47,715.313626,32092.191028,3.656198,43.849440,2,1,1,0.013405
3,97346.000000,2654.000000,47,785.967341,53878.151337,3.985588,43.863382,2,1,1,0.012160
