generation,prey_fitness,predator_fitness,num_alive_end,avg_bb_size,var_bb_size,avg_shortest_dist,swarm_density_count,prey_neurons_connected_prey_retina,prey_neurons_connected_predator_retina,predator_neurons_connected_prey_retina,mutual_info
1,84040.000000,15960.000000,33,3244.219237,1933308.589610,10.343195,23.177155,3,3,1,0.027511
1,90308.000000,9692.000000,42,3455.909728,1713652.098710,9.911170,24.686444,3,3,1,0.019421
2,92776.000000,7224.000000,42,3746.017344,3244817.978046,9.811142,25.321743,3,3,1,0.028197
3,89808.000000,10192.000000,38,4593.176256,4102432.145620,12.488755,22.382462,3,3,1,0.014122
