generation,prey_fitness,predator_fitness,num_alive_end,avg_bb_size,var_bb_size,avg_shortest_dist,swarm_density_count,prey_neurons_connected_prey_retina,prey_neurons_connected_predator_retina,predator_neurons_connected_prey_retina,mutual_info
1,80172.000000,19828.000000,30,28463.050560,106565719.516980,120.394564,6.284370,1,2,2,0.025289
1,80137.000000,19863.000000,32,25695.251212,48675729.128386,112.700234,6.687857,1,2,2,0.041053
2,72620.000000,27380.000000,24,27157.078299,97840423.817627,144.333184,6.074109,1,2,2,0.041833
3,85999.000000,14001.000000,35,26324.365593,98369019.140426,106.399714,6.839564,1,2,2,0.027897
