generation,prey_fitness,predator_fitness,num_alive_end,avg_bb_size,var_bb_size,avg_shortest_dist,swarm_density_count,prey_neurons_connected_prey_retina,prey_neurons_connected_predator_retina,predator_neurons_connected_prey_retina,mutual_info
1,75187.000000,24813.000000,26,98630.033443,1635185835.410800,1058.951020,3.342324,1,1,1,0.015830
1,70950.000000,29050.000000,23,70511.968251,662405493.558216,806.188277,3.142732,1,1,1,0.014444
2,75064.000000,24936.000000,25,85135.602930,1036653031.139286,942.644834,3.303998,1,1,1,0.011885
3,75346.000000,24654.000000,25,98064.296324,1367590932.285027,1167.798584,2.845570,1,1,1,0.014710
