generation,prey_fitness,predator_fitness,num_alive_end,avg_bb_size,var_bb_size,avg_shortest_dist,swarm_density_count,prey_neurons_connected_prey_retina,prey_neurons_connected_predator_retina,predator_neurons_connected_prey_retina,mutual_info
1,86342.000000,13658.000000,34,4300.910495,1539802.175540,41.553856,26.097740,1,2,3,0.077829
1,84319.000000,15681.000000,34,4360.281336,1835118.424219,45.040032,26.396295,1,2,3,0.102242
2,82302.000000,17698.000000,32,4851.505898,1734579.537288,51.542655,24.197934,1,2,3,0.059598
3,86476.000000,13524.000000,32,3955.402158,1531036.409948,38.249644,28.104567,1,2,3,0.109787
