generation,prey_fitness,predator_fitness,num_alive_end,avg_bb_size,var_bb_size,avg_shortest_dist,swarm_density_count,prey_neurons_connected_prey_retina,prey_neurons_connected_predator_retina,predator_neurons_connected_prey_retina,mutual_info
1,77176.000000,22824.000000,27,186536.934663,6589659542.093135,2236.625734,2.525066,2,0,1,0.020437
1,77796.000000,22204.000000,26,193211.722514,6773550789.801558,2026.488013,2.570171,2,0,1,0.019865
2,72992.000000,27008.000000,22,196181.768821,6190485178.182787,2389.731700,2.239549,2,0,1,0.026014
3,71809.000000,28191.000000,22,194662.650247,5793083626.733726,2247.773237,2.356892,2,0,1,0.025296
