generation,prey_fitness,predator_fitness,num_alive_end,avg_bb_size,var_bb_size,avg_shortest_dist,swarm_density_count,prey_neurons_connected_prey_retina,prey_neurons_connected_predator_retina,predator_neurons_connected_prey_retina,mutual_info
1,94761.000000,5239.000000,43,3849.320629,1080501.621170,18.695945,23.734468,1,2,1,0.023926
1,92281.000000,7719.000000,42,3433.535911,853180.237931,17.359445,23.733498,1,2,1,0.027222
2,85597.000000,14403.000000,34,3233.005185,688117.116699,18.427944,23.088391,1,2,1,0.026555
3,94312.000000,5688.000000,43,3422.055079,722449.084776,17.327535,24.627492,1,2,1,0.028927
