generation,prey_fitness,predator_fitness,num_alive_end,avg_bb_size,var_bb_size,avg_shortest_dist,swarm_density_count,prey_neurons_connected_prey_retina,prey_neurons_connected_predator_retina,predator_neurons_connected_prey_retina,mutual_info
1,84841.000000,15159.000000,31,9484.491873,9051538.245422,51.774205,14.647941,2,3,1,0.018915
1,85621.000000,14379.000000,34,9182.711877,9884506.589788,48.975060,14.803328,2,3,1,0.027381
2,91443.000000,8557.000000,40,8231.351088,6324104.207051,38.539216,16.109367,2,3,1,0.014722
3,83426.000000,16574.000000,31,8446.623938,8096411.024389,48.091940,15.095612,2,3,1,0.018810
