generation,prey_fitness,predator_fitness,num_alive_end,avg_bb_size,var_bb_size,avg_shortest_dist,swarm_density_count,prey_neurons_connected_prey_retina,prey_neurons_connected_predator_retina,predator_neurons_connected_prey_retina,mutual_info
1,65975.000000,34025.000000,17,38246.155526,134153126.985404,610.572757,4.247526,1,1,1,0.011723
1,79389.000000,20611.000000,28,63708.867390,734020609.385487,678.084354,3.989312,1,1,1,0.009375
2,69413.000000,30587.000000,19,49185.492144,363757488.546738,765.817101,4.240529,1,1,1,0.011082
3,66393.000000,33607.000000,17,53263.770047,341653890.705358,935.157396,3.610184,1,1,1,0.008619
