generation,prey_fitness,predator_fitness,num_alive_end,avg_bb_size,var_bb_size,avg_shortest_dist,swarm_density_count,prey_neurons_connected_prey_retina,prey_neurons_connected_predator_retina,predator_neurons_connected_prey_retina,mutual_info
1,92387.000000,7613.000000,41,6703.358285,4123196.522812,23.956055,17.955950,2,0,2,0.043073
1,86462.000000,13538.000000,36,6914.523346,4876785.592948,28.085133,16.106877,2,0,2,0.039952
2,94450.000000,5550.000000,44,6603.328997,7080296.014645,21.718767,18.424642,2,0,2,0.048094
3,92705.000000,7295.000000,43,6174.916811,3505389.730030,21.801692,18.219684,2,0,2,0.046478
