generation,prey_fitness,predator_fitness,num_alive_end,avg_bb_size,var_bb_size,avg_shortest_dist,swarm_density_count,prey_neurons_connected_prey_retina,prey_neurons_connected_predator_retina,predator_neurons_connected_prey_retina,mutual_info
1,96643.000000,3357.000000,47,1056.712254,134904.830225,5.253316,40.548582,1,0,1,0.008639
1,95890.000000,4110.000000,44,1121.453187,138344.633219,5.688150,39.700081,1,0,1,0.015162
2,96015.000000,3985.000000,47,1051.956754,107646.286503,5.398324,40.479756,1,0,1,0.008933
3,95885.000000,4115.000000,47,1126.063930,121673.768344,5.403521,39.622791,1,0,1,0.011859
