generation,prey_fitness,predator_fitness,num_alive_end,avg_bb_size,var_bb_size,avg_shortest_dist,swarm_density_count,prey_neurons_connected_prey_retina,prey_neurons_connected_predator_retina,predator_neurons_connected_prey_retina,mutual_info
1,73192.000000,26808.000000,24,76594.227591,926979292.169603,1099.673279,3.015578,0,0,1,0.017356
1,62440.000000,37560.000000,15,48786.766850,235479208.120842,900.843367,3.288009,0,0,1,0.017400
2,77252.000000,22748.000000,24,68805.309034,656812548.163803,805.088056,3.189405,0,0,1,0.016694
3,70514.000000,29486.000000,20,90652.083095,1235901538.798464,1512.451378,3.045604,0,0,1,0.015607
