generation,prey_fitness,predator_fitness,num_alive_end,avg_bb_size,var_bb_size,avg_shortest_dist,swarm_density_count,prey_neurons_connected_prey_retina,prey_neurons_connected_predator_retina,predator_neurons_connected_prey_retina,mutual_info
1,75730.000000,24270.000000,27,13636.815347,28151046.153894,90.213125,10.885883,1,0,2,0.023288
1,77532.000000,22468.000000,28,13237.498627,35802609.847670,72.478318,11.873237,1,0,2,0.030815
2,86615.000000,13385.000000,31,15842.329228,29952248.305326,69.029942,11.609457,1,0,2,0.027701
3,84269.000000,15731.000000,32,17641.923417,48200954.445757,85.992016,10.966963,1,0,2,0.036463
