generation,prey_fitness,predator_fitness,num_alive_end,avg_bb_size,var_bb_size,avg_shortest_dist,swarm_density_count,prey_neurons_connected_prey_retina,prey_neurons_connected_predator_retina,predator_neurons_connected_prey_retina,mutual_info
1,75957.000000,24043.000000,25,100621.669244,2339649842.942538,1312.204335,2.677023,0,0,4,0.021031
1,73824.000000,26176.000000,26,95779.779485,1419757014.258993,1189.954190,2.888142,0,0,4,0.027271
2,79246.000000,20754.000000,29,112341.477462,3000081851.411066,1173.163039,2.625699,0,0,4,0.009713
3,82558.000000,17442.000000,30,129185.890649,2950043668.125780,1503.255561,2.470501,0,0,4,0.011715
