generation,prey_fitness,predator_fitness,num_alive_end,avg_bb_size,var_bb_size,avg_shortest_dist,swarm_density_count,prey_neurons_connected_prey_retina,prey_neurons_connected_predator_retina,predator_neurons_connected_prey_retina,mutual_info
1,63599.000000,36401.000000,20,105181.644940,2294330536.803664,1641.830286,2.604637,1,1,1,0.016329
1,75412.000000,24588.000000,25,94161.414598,2024211295.725950,1369.728653,3.083830,1,1,1,0.013580
2,68489.000000,31511.000000,21,85984.638583,1093292139.248363,1127.632004,2.737327,1,1,1,0.015886
3,64603.000000,35397.000000,21,79746.118506,1384391875.504546,1151.678117,2.813071,1,1,1,0.013290
