generation,prey_fitness,predator_fitness,num_alive_end,avg_bb_size,var_bb_size,avg_shortest_dist,swarm_density_count,prey_neurons_connected_prey_retina,prey_neurons_connected_predator_retina,predator_neurons_connected_prey_retina,mutual_info
1,79199.000000,20801.000000,27,35501.015068,161445999.938584,394.829442,5.199471,0,4,1,0.009618
1,72979.000000,27021.000000,23,44661.679817,539931617.490581,685.209945,4.631891,0,4,1,0.015650
2,80782.000000,19218.000000,28,43153.618853,249656156.415279,459.062304,5.151185,0,4,1,0.009083
3,72889.000000,27111.000000,24,38548.430698,202991814.190630,529.208284,4.746782,0,4,1,0.007593
