generation,prey_fitness,predator_fitness,num_alive_end,avg_bb_size,var_bb_size,avg_shortest_dist,swarm_density_count,prey_neurons_connected_prey_retina,prey_neurons_connected_predator_retina,predator_neurons_connected_prey_retina,mutual_info
1,74666.000000,25334.000000,25,107835.888965,1526772830.918164,1301.270445,2.768406,2,1,1,0.015503
1,72965.000000,27035.000000,26,109535.595054,1925901890.256474,1369.146842,2.709623,2,1,1,0.027913
2,82543.000000,17457.000000,32,118352.858956,2837510966.975519,1627.491205,2.783065,2,1,1,0.010484
3,72602.000000,27398.000000,25,109381.528598,1635951978.431355,1350.603154,2.423457,2,1,1,0.015915
