generation,prey_fitness,predator_fitness,num_alive_end,avg_bb_size,var_bb_size,avg_shortest_dist,swarm_density_count,prey_neurons_connected_prey_retina,prey_neurons_connected_predator_retina,predator_neurons_connected_prey_retina,mutual_info
1,75725.000000,24275.000000,24,196366.286812,7296146638.336693,2509.256125,2.606653,0,2,1,0.025186
1,80441.000000,19559.000000,30,197187.171791,7316988680.658164,2350.357067,2.337955,0,2,1,0.019049
2,66146.000000,33854.000000,17,194495.574555,7221490496.994948,3665.023858,2.311882,0,2,1,0.020522
3,67859.000000,32141.000000,18,197369.376549,7179100487.518502,3208.341562,2.510371,0,2,1,0.021853
