generation,prey_fitness,predator_fitness,num_alive_end,avg_bb_size,var_bb_size,avg_shortest_dist,swarm_density_count,prey_neurons_connected_prey_retina,prey_neurons_connected_predator_retina,predator_neurons_connected_prey_retina,mutual_info
1,85439.000000,14561.000000,34,8886.845902,6622126.563616,74.080484,12.776846,1,0,1,0.009459
1,82769.000000,17231.000000,31,9081.107374,6659040.033745,74.759189,12.668733,1,0,1,0.008324
2,76021.000000,23979.000000,23,8141.743727,5816879.447865,87.959816,12.334311,1,0,1,0.007075
3,75960.000000,24040.000000,26,7222.981609,5452648.401240,69.365326,12.927847,1,0,1,0.008478
