generation,prey_fitness,predator_fitness,num_alive_end,avg_bb_size,var_bb_size,avg_shortest_dist,swarm_density_count,prey_neurons_connected_prey_retina,prey_neurons_connected_predator_retina,predator_neurons_connected_prey_retina,mutual_info
1,80104.000000,19896.000000,29,45008.505381,341566815.458162,522.580439,4.276471,1,5,1,0.014240
1,84447.000000,15553.000000,36,81326.957096,1495875496.573140,874.909602,3.604183,1,5,1,0.008577
2,85164.000000,14836.000000,35,67587.391220,1276416962.617514,766.441454,4.439136,1,5,1,0.008908
3,79687.000000,20313.000000,30,62134.627796,782988011.211303,662.735393,3.788727,1,5,1,0.007896
