generation,prey_fitness,predator_fitness,num_alive_end,avg_bb_size,var_bb_size,avg_shortest_dist,swarm_density_count,prey_neurons_connected_prey_retina,prey_neurons_connected_predator_retina,predator_neurons_connected_prey_retina,mutual_info
1,97653.000000,2347.000000,46,2319.327079,664382.963037,5.487327,29.687657,2,2,1,0.038515
1,97824.000000,2176.000000,48,2490.974701,1608809.765234,5.258345,28.664574,2,2,1,0.035664
2,91508.000000,8492.000000,42,2363.168359,1004892.829235,5.880053,27.820450,2,2,1,0.036946
3,97906.000000,2094.000000,48,2306.898236,947004.830643,5.098330,28.906837,2,2,1,0.032997
