generation,prey_fitness,predator_fitness,num_alive_end,avg_bb_size,var_bb_size,avg_shortest_dist,swarm_density_count,prey_neurons_connected_prey_retina,prey_neurons_connected_predator_retina,predator_neurons_connected_prey_retina,mutual_info
1,80063.000000,19937.000000,29,6003.059807,3149894.041283,62.568007,16.432036,1,1,1,0.063633
1,84992.000000,15008.000000,29,5511.014724,1799689.862323,51.196199,17.574799,1,1,1,0.055611
2,75761.000000,24239.000000,23,5304.558036,2036776.413135,54.320416,16.240309,1,1,1,0.047037
3,75908.000000,24092.000000,23,5253.314760,2089480.453850,58.063117,16.332941,1,1,1,0.054389
