generation,prey_fitness,predator_fitness,num_alive_end,avg_bb_size,var_bb_size,avg_shortest_dist,swarm_density_count,prey_neurons_connected_prey_retina,prey_neurons_connected_predator_retina,predator_neurons_connected_prey_retina,mutual_info
1,94941.000000,5059.000000,45,2673.301392,696361.778200,9.540220,26.762969,2,0,1,0.032806
1,93730.000000,6270.000000,45,2953.873798,1478671.048495,10.598371,25.683618,2,0,1,0.045269
2,94695.000000,5305.000000,44,2830.966981,897424.796222,10.146057,26.317046,2,0,1,0.041425
3,87170.000000,12830.000000,39,2686.931396,618077.467694,11.184464,24.409304,2,0,1,0.029906
