generation,prey_fitness,predator_fitness,num_alive_end,avg_bb_size,var_bb_size,avg_shortest_dist,swarm_density_count,prey_neurons_connected_prey_retina,prey_neurons_connected_predator_retina,predator_neurons_connected_prey_retina,mutual_info
1,69687.000000,30313.000000,20,207605.176441,6409576206.656313,3488.852291,2.101342,3,1,1,0.020426
1,70061.000000,29939.000000,21,203732.129154,6377499670.688026,3037.223334,1.986623,3,1,1,0.017575
2,68376.000000,31624.000000,19,203557.303818,6053086777.436489,3218.907864,2.115955,3,1,1,0.018169
3,71223.000000,28777.000000,20,208344.298292,6288855662.807642,2958.675127,2.067389,3,1,1,0.018373
