generation,prey_fitness,predator_fitness,num_alive_end,avg_bb_size,var_bb_size,avg_shortest_dist,swarm_density_count,prey_neurons_connected_prey_retina,prey_neurons_connected_predator_retina,predator_neurons_connected_prey_retina,mutual_info
1,75383.000000,24617.000000,23,66652.966030,567172460.228692,793.999129,3.053315,2,0,1,0.013848
1,74984.000000,25016.000000,24,85903.443655,1101798188.250825,1048.882563,3.037089,2,0,1,0.013170
2,75259.000000,24741.000000,25,71006.650289,666505009.028797,919.359998,3.387383,2,0,1,0.022471
3,74289.000000,25711.000000,25,64566.810489,438058298.434333,762.783824,3.135634,2,0,1,0.014685
