generation,prey_fitness,predator_fitness,num_alive_end,avg_bb_size,var_bb_size,avg_shortest_dist,swarm_density_count,prey_neurons_connected_prey_retina,prey_neurons_connected_predator_retina,predator_neurons_connected_prey_retina,mutual_info
1,91087.000000,8913.000000,40,2527.786170,825223.598613,10.224640,27.524113,1,0,3,0.034590
1,90063.000000,9937.000000,41,2590.054049,877906.376636,10.328092,26.956808,1,0,3,0.029743
2,90687.000000,9313.000000,40,2903.830340,1206948.954309,10.885914,26.894188,1,0,3,0.027806
3,94994.000000,5006.000000,46,2786.608797,996456.348579,10.558037,28.059429,1,0,3,0.027933
