generation,prey_fitness,predator_fitness,num_alive_end,avg_bb_size,var_bb_size,avg_shortest_dist,swarm_density_count,prey_neurons_connected_prey_retina,prey_neurons_connected_predator_retina,predator_neurons_connected_prey_retina,mutual_info
1,98796.000000,1204.000000,48,1058.873380,181770.430859,3.488868,39.859973,2,1,1,0.020544
1,100000.000000,1.000000,50,1012.282875,148371.780372,3.521205,40.652760,2,1,1,0.015079
2,97746.000000,2254.000000,47,935.283671,119749.500734,3.382019,40.726804,2,1,1,0.016723
3,98683.000000,1317.000000,48,936.602852,152943.633734,3.219692,41.058234,2,1,1,0.011237
