generation,prey_fitness,predator_fitness,num_alive_end,avg_bb_size,var_bb_size,avg_shortest_dist,swarm_density_count,prey_neurons_connected_prey_retina,prey_neurons_connected_predator_retina,predator_neurons_connected_prey_retina,mutual_info
1,76142.000000,23858.000000,24,51246.015022,288379089.581930,338.970349,4.119653,1,2,1,0.023170
1,76185.000000,23815.000000,27,43869.444154,225040289.566259,311.282776,4.565085,1,2,1,0.019414
2,75831.000000,24169.000000,25,48363.443440,259607122.638316,353.640966,4.292993,1,2,1,0.018698
3,73892.000000,26108.000000,22,35658.672986,160789213.312611,321.505199,4.544903,1,2,1,0.013081
