generation,prey_fitness,predator_fitness,num_alive_end,avg_bb_size,var_bb_size,avg_shortest_dist,swarm_density_count,prey_neurons_connected_prey_retina,prey_neurons_connected_predator_retina,predator_neurons_connected_prey_retina,mutual_info
1,95331.000000,4669.000000,46,1937.874469,219427.705721,15.283325,39.076195,4,0,1,0.002167
1,92508.000000,7492.000000,40,1672.203839,102193.277662,13.683154,38.986819,4,0,1,0.002929
2,91316.000000,8684.000000,42,1888.174717,231293.538105,15.025716,37.727863,4,0,1,0.002407
3,95583.000000,4417.000000,47,1857.873815,254390.951381,14.593863,39.579686,4,0,1,0.001990
