generation,prey_fitness,predator_fitness,num_alive_end,avg_bb_size,var_bb_size,avg_shortest_dist,swarm_density_count,prey_neurons_connected_prey_retina,prey_neurons_connected_predator_retina,predator_neurons_connected_prey_retina,mutual_info
1,75336.000000,24664.000000,25,183271.475252,4802914082.981045,2188.471899,1.979825,1,1,1,0.015706
1,76640.000000,23360.000000,28,184747.608068,4489008857.832649,2399.992988,1.882268,1,1,1,0.013786
2,77124.000000,22876.000000,27,171062.324198,5053169897.643435,2230.174680,2.489122,1,1,1,0.024606
3,71913.000000,28087.000000,24,193663.034426,5089689728.071017,2368.070674,1.954213,1,1,1,0.020959
