generation,prey_fitness,predator_fitness,num_alive_end,avg_bb_size,var_bb_size,avg_shortest_dist,swarm_density_count,prey_neurons_connected_prey_retina,prey_neurons_connected_predator_retina,predator_neurons_connected_prey_retina,mutual_info
1,92787.000000,7213.000000,38,9745.985648,12550842.369866,26.194189,14.108946,3,3,1,0.012915
1,87822.000000,12178.000000,38,10640.946852,10136463.438745,30.958418,12.936532,3,3,1,0.029808
2,90712.000000,9288.000000,40,9061.622546,14204460.812070,24.808570,15.062021,3,3,1,0.017009
3,89176.000000,10824.000000,40,9803.956627,13978254.834318,27.582726,13.883269,3,3,1,0.015243
