generation,prey_fitness,predator_fitness,num_alive_end,avg_bb_size,var_bb_size,avg_shortest_dist,swarm_density_count,prey_neurons_connected_prey_retina,prey_neurons_connected_predator_retina,predator_neurons_connected_prey_retina,mutual_info
1,68610.000000,31390.000000,21,143506.148679,4129571103.882637,2067.040965,2.421953,1,4,1,0.014833
1,74169.000000,25831.000000,25,117088.304785,2440273721.174170,1472.713898,2.677233,1,4,1,0.025401
2,65379.000000,34621.000000,20,106814.424584,2014166767.811564,1590.455334,2.554965,1,4,1,0.015680
3,75655.000000,24345.000000,24,106086.011307,2529094578.430918,1315.060000,2.944166,1,4,1,0.032285
