generation,prey_fitness,predator_fitness,num_alive_end,avg_bb_size,var_bb_size,avg_shortest_dist,swarm_density_count,prey_neurons_connected_prey_retina,prey_neurons_connected_predator_retina,predator_neurons_connected_prey_retina,mutual_info
1,79756.000000,20244.000000,29,152515.360220,3082745319.302912,1790.425958,2.248457,3,2,1,0.012202
1,68402.000000,31598.000000,23,167142.699968,3419731915.133661,2353.295890,1.921836,3,2,1,0.012636
2,63905.000000,36095.000000,17,139103.793216,2148582914.446682,2233.196119,1.943397,3,2,1,0.014233
3,72813.000000,27187.000000,24,157494.230050,3131339318.655032,2239.426498,1.996387,3,2,1,0.017876
