generation,prey_fitness,predator_fitness,num_alive_end,avg_bb_size,var_bb_size,avg_shortest_dist,swarm_density_count,prey_neurons_connected_prey_retina,prey_neurons_connected_predator_retina,predator_neurons_connected_prey_retina,mutual_info
1,94685.000000,5315.000000,44,1980.548546,100515.844921,13.467971,32.071211,2,1,1,0.002393
1,95528.000000,4472.000000,45,1983.052934,115151.070142,13.091762,32.136999,2,1,1,0.003108
2,96365.000000,3635.000000,47,2026.368420,122670.111299,13.068790,32.346622,2,1,1,0.003733
3,94940.000000,5060.000000,44,1940.904376,139343.028847,12.954026,32.509482,2,1,1,0.003183
