generation,prey_fitness,predator_fitness,num_alive_end,avg_bb_size,var_bb_size,avg_shortest_dist,swarm_density_count,prey_neurons_connected_prey_retina,prey_neurons_connected_predator_retina,predator_neurons_connected_prey_retina,mutual_info
1,96502.000000,3498.000000,45,1584.517491,510971.943771,3.095799,31.922676,3,0,1,0.051954
1,95941.000000,4059.000000,46,2038.611044,1045608.098921,3.596421,29.256241,3,0,1,0.064853
2,96644.000000,3356.000000,47,1610.169558,519327.244098,3.367173,32.570895,3,0,1,0.045666
3,95620.000000,4380.000000,47,1767.428920,651818.095855,3.737393,30.676915,3,0,1,0.051902
