generation,prey_fitness,predator_fitness,num_alive_end,avg_bb_size,var_bb_size,avg_shortest_dist,swarm_density_count,prey_neurons_connected_prey_retina,prey_neurons_connected_predator_retina,predator_neurons_connected_prey_retina,mutual_info
1,95452.000000,4548.000000,44,4457.436583,3078431.047379,11.768776,22.499721,4,1,1,0.035477
1,89702.000000,10298.000000,41,3703.219234,1338026.218442,10.883020,22.746982,4,1,1,0.027373
2,92493.000000,7507.000000,43,4631.619920,2881334.926787,12.571674,21.469752,4,1,1,0.025704
3,94749.000000,5251.000000,44,4404.751397,5259706.709289,10.621937,22.516672,4,1,1,0.037568
