generation,prey_fitness,predator_fitness,num_alive_end,avg_bb_size,var_bb_size,avg_shortest_dist,swarm_density_count,prey_neurons_connected_prey_retina,prey_neurons_connected_predator_retina,predator_neurons_connected_prey_retina,mutual_info
1,64001.000000,35999.000000,18,176522.150143,4981573235.379259,2999.178514,2.351369,1,0,2,0.020830
1,64516.000000,35484.000000,18,158490.459012,4066212045.691238,2519.694529,2.314194,1,0,2,0.021603
2,73209.000000,26791.000000,24,170829.830592,4654908487.913132,2297.330343,2.345955,1,0,2,0.017793
3,66875.000000,33125.000000,18,169882.957293,4617590247.803706,2616.551551,2.189138,1,0,2,0.027971
