generation,prey_fitness,predator_fitness,num_alive_end,avg_bb_size,var_bb_size,avg_shortest_dist,swarm_density_count,prey_neurons_connected_prey_retina,prey_neurons_connected_predator_retina,predator_neurons_connected_prey_retina,mutual_info
1,99772.000000,228.000000,48,1588.357038,308217.103386,5.352343,36.452417,2,1,1,0.017071
1,98213.000000,1787.000000,48,1585.497290,211392.165487,5.618378,35.329862,2,1,1,0.017368
2,90480.000000,9520.000000,40,1494.547257,284571.798382,6.139215,32.960294,2,1,1,0.020075
3,95790.000000,4210.000000,46,1382.535554,220690.042387,4.965946,35.249674,2,1,1,0.028024
