generation,prey_fitness,predator_fitness,num_alive_end,avg_bb_size,var_bb_size,avg_shortest_dist,swarm_density_count,prey_neurons_connected_prey_retina,prey_neurons_connected_predator_retina,predator_neurons_connected_prey_retina,mutual_info
1,92978.000000,7022.000000,42,9142.095056,19104546.242894,19.285537,15.452516,5,3,3,0.105635
1,90211.000000,9789.000000,42,7966.686728,9772511.757796,19.232561,14.774577,5,3,3,0.086693
2,84129.000000,15871.000000,33,7468.864085,12932481.311814,19.834419,14.644164,5,3,3,0.116408
3,97487.000000,2513.000000,45,7538.717428,16575084.922420,16.052972,16.320826,5,3,3,0.071168
