generation,prey_fitness,predator_fitness,num_alive_end,avg_bb_size,var_bb_size,avg_shortest_dist,swarm_density_count,prey_neurons_connected_prey_retina,prey_neurons_connected_predator_retina,predator_neurons_connected_prey_retina,mutual_info
1,96921.000000,3079.000000,47,1218.586157,127950.807694,6.687945,42.316533,2,0,1,0.005257
1,95117.000000,4883.000000,43,1429.192483,282801.522483,7.285580,39.310363,2,0,1,0.008500
2,96795.000000,3205.000000,46,1388.267873,163926.084312,7.387329,39.384362,2,0,1,0.008410
3,97521.000000,2479.000000,47,1514.277904,330619.402228,7.627144,38.824267,2,0,1,0.004424
