generation,prey_fitness,predator_fitness,num_alive_end,avg_bb_size,var_bb_size,avg_shortest_dist,swarm_density_count,prey_neurons_connected_prey_retina,prey_neurons_connected_predator_retina,predator_neurons_connected_prey_retina,mutual_info
1,88449.000000,11551.000000,38,7179.302070,8450616.650982,25.217420,16.964196,3,3,6,0.045652
1,84598.000000,15402.000000,36,6340.598548,5298612.539983,25.487202,17.348636,3,3,6,0.032224
2,93481.000000,6519.000000,44,6730.502167,5571391.899608,22.315271,17.670726,3,3,6,0.034345
3,90142.000000,9858.000000,40,7443.120684,5002118.943054,26.282841,16.370675,3,3,6,0.024182
