generation,prey_fitness,predator_fitness,num_alive_end,avg_bb_size,var_bb_size,avg_shortest_dist,swarm_density_count,prey_neurons_connected_prey_retina,prey_neurons_connected_predator_retina,predator_neurons_connected_prey_retina,mutual_info
1,77914.000000,22086.000000,26,207605.358815,5943118896.714695,2441.171853,2.086846,0,1,2,0.015540
1,73049.000000,26951.000000,22,206914.704297,6011986022.323545,2647.897828,2.110411,0,1,2,0.017320
2,68005.000000,31995.000000,21,208361.861946,6248366920.440806,2870.886126,2.041662,0,1,2,0.019711
3,72039.000000,27961.000000,23,200751.939253,6077607648.906879,2569.418051,1.949775,0,1,2,0.021523
