generation,prey_fitness,predator_fitness,num_alive_end,avg_bb_size,var_bb_size,avg_shortest_dist,swarm_density_count,prey_neurons_connected_prey_retina,prey_neurons_connected_predator_retina,predator_neurons_connected_prey_retina,mutual_info
1,78728.000000,21272.000000,29,52820.671213,690859239.414162,519.313372,6.955520,4,0,3,0.018262
1,77139.000000,22861.000000,27,56347.846813,641436851.207840,620.723216,6.153045,4,0,3,0.021516
2,77682.000000,22318.000000,26,47311.237926,466843456.226961,414.273091,7.298362,4,0,3,0.029949
3,82407.000000,17593.000000,30,62422.453568,888264486.647230,689.683665,6.297664,4,0,3,0.027300
