generation,prey_fitness,predator_fitness,num_alive_end,avg_bb_size,var_bb_size,avg_shortest_dist,swarm_density_count,prey_neurons_connected_prey_retina,prey_neurons_connected_predator_retina,predator_neurons_connected_prey_retina,mutual_info
1,100000.000000,1.000000,50,1368.203700,220666.059905,3.186232,36.283020,3,1,1,0.028235
1,98464.000000,1536.000000,47,1574.473549,500539.420469,3.710558,34.348862,3,1,1,0.025919
2,98233.000000,1767.000000,49,1616.333632,480106.223144,3.661231,33.001796,3,1,1,0.029374
3,98375.000000,1625.000000,45,1653.661368,399533.846225,3.672898,33.457440,3,1,1,0.035529
