generation,prey_fitness,predator_fitness,num_alive_end,avg_bb_size,var_bb_size,avg_shortest_dist,swarm_density_count,prey_neurons_connected_prey_retina,prey_neurons_connected_predator_retina,predator_neurons_connected_prey_retina,mutual_info
1,94181.000000,5819.000000,43,11501.307999,29308334.341215,25.313430,14.389478,1,1,1,0.066124
1,93098.000000,6902.000000,42,8714.226199,11248488.420591,27.252406,14.323457,1,1,1,0.064786
2,92209.000000,7791.000000,43,9691.345759,14361204.346520,28.343294,15.255200,1,1,1,0.051360
3,93774.000000,6226.000000,46,10561.064142,52958016.186229,24.671688,14.267525,1,1,1,0.068056
