generation,prey_fitness,predator_fitness,num_alive_end,avg_bb_size,var_bb_size,avg_shortest_dist,swarm_density_count,prey_neurons_connected_prey_retina,prey_neurons_connected_predator_retina,predator_neurons_connected_prey_retina,mutual_info
1,69300.000000,30700.000000,21,27841.160167,126334313.606227,393.171976,5.547307,1,1,1,0.011601
1,77997.000000,22003.000000,27,31165.672602,116201861.483561,335.061718,5.653420,1,1,1,0.010774
2,75852.000000,24148.000000,23,35999.635848,146257199.204364,401.765446,5.320887,1,1,1,0.014419
3,75858.000000,24142.000000,20,32667.396294,149633061.551055,382.601528,5.744864,1,1,1,0.014152
