generation,prey_fitness,predator_fitness,num_alive_end,avg_bb_size,var_bb_size,avg_shortest_dist,swarm_density_count,prey_neurons_connected_prey_retina,prey_neurons_connected_predator_retina,predator_neurons_connected_prey_retina,mutual_info
1,87321.000000,12679.000000,39,2901.376104,629658.910569,17.286729,28.118637,4,3,1,0.012123
1,87292.000000,12708.000000,37,3079.323144,1037125.073767,18.799615,27.587450,4,3,1,0.017652
2,84319.000000,15681.000000,37,2897.866280,549409.755732,17.386709,26.632694,4,3,1,0.015835
3,88501.000000,11499.000000,40,3172.425731,784412.708455,19.444447,26.806811,4,3,1,0.025757
