generation,prey_fitness,predator_fitness,num_alive_end,avg_bb_size,var_bb_size,avg_shortest_dist,swarm_density_count,prey_neurons_connected_prey_retina,prey_neurons_connected_predator_retina,predator_neurons_connected_prey_retina,mutual_info
1,90589.000000,9411.000000,36,5691.958749,3452845.116645,35.382128,20.670113,1,0,1,0.018823
1,83295.000000,16705.000000,33,5006.955941,1982354.877324,34.134212,19.519501,1,0,1,0.009449
2,77393.000000,22607.000000,26,5501.250046,2626847.758168,41.541471,17.017375,1,0,1,0.015396
3,86713.000000,13287.000000,36,4837.847941,2433391.437291,32.423782,20.390784,1,0,1,0.016415
