generation,prey_fitness,predator_fitness,num_alive_end,avg_bb_size,var_bb_size,avg_shortest_dist,swarm_density_count,prey_neurons_connected_prey_retina,prey_neurons_connected_predator_retina,predator_neurons_connected_prey_retina,mutual_info
1,79847.000000,20153.000000,27,39947.039245,143588352.556700,194.928805,4.598204,4,1,5,0.029939
1,77346.000000,22654.000000,29,34313.150440,186347826.466322,163.852281,5.476972,4,1,5,0.047079
2,87673.000000,12327.000000,37,41412.605126,125479201.718657,178.597063,4.812691,4,1,5,0.028014
3,83377.000000,16623.000000,32,38013.671053,151471964.373510,188.384337,5.001787,4,1,5,0.034257
