generation,prey_fitness,predator_fitness,num_alive_end,avg_bb_size,var_bb_size,avg_shortest_dist,swarm_density_count,prey_neurons_connected_prey_retina,prey_neurons_connected_predator_retina,predator_neurons_connected_prey_retina,mutual_info
1,79264.000000,20736.000000,28,170376.035092,5028953770.333642,2119.029256,2.241175,1,1,1,0.009427
1,72854.000000,27146.000000,23,156913.847428,4123590984.862680,2473.446708,2.027001,1,1,1,0.013567
2,70239.000000,29761.000000,23,127748.238250,2795766904.006270,1944.772551,2.281244,1,1,1,0.013305
3,75461.000000,24539.000000,25,167932.536201,4058056655.353768,2327.343383,2.027836,1,1,1,0.016310
