generation,prey_fitness,predator_fitness,num_alive_end,avg_bb_size,var_bb_size,avg_shortest_dist,swarm_density_count,prey_neurons_connected_prey_retina,prey_neurons_connected_predator_retina,predator_neurons_connected_prey_retina,mutual_info
1,99645.000000,355.000000,49,551.245056,18572.654013,3.462506,48.783386,3,6,1,0.236554
1,98355.000000,1645.000000,49,670.572875,41852.777300,4.742762,47.961203,3,6,1,0.234241
2,99183.000000,817.000000,49,707.545103,44441.843630,4.875022,48.248800,3,6,1,0.205258
3,98415.000000,1585.000000,49,632.169025,35690.512645,4.323467,48.008306,3,6,1,0.214112
