generation,prey_fitness,predator_fitness,num_alive_end,avg_bb_size,var_bb_size,avg_shortest_dist,swarm_density_count,prey_neurons_connected_prey_retina,prey_neurons_connected_predator_retina,predator_neurons_connected_prey_retina,mutual_info
1,94992.000000,5008.000000,44,4483.465683,2742879.258039,11.985049,20.840757,1,5,2,0.032004
1,97243.000000,2757.000000,48,3489.819021,919394.250433,9.437098,22.125212,1,5,2,0.020612
2,98934.000000,1066.000000,48,5264.968829,2675243.521545,12.246912,20.721990,1,5,2,0.040507
3,99074.000000,926.000000,48,3898.212792,1630062.164089,10.840064,21.779983,1,5,2,0.027953
