generation,prey_fitness,predator_fitness,num_alive_end,avg_bb_size,var_bb_size,avg_shortest_dist,swarm_density_count,prey_neurons_connected_prey_retina,prey_neurons_connected_predator_retina,predator_neurons_connected_prey_retina,mutual_info
1,99525.000000,475.000000,49,1651.368877,502026.680296,4.083617,32.062111,1,4,1,0.041646
1,93825.000000,6175.000000,44,1970.864500,874071.997261,4.715853,29.141431,1,4,1,0.042925
2,95137.000000,4863.000000,44,1662.000312,593887.549207,4.063892,31.985058,1,4,1,0.042097
3,94706.000000,5294.000000,44,1617.387282,689395.325450,4.214762,32.295408,1,4,1,0.040927
