generation,prey_fitness,predator_fitness,num_alive_end,avg_bb_size,var_bb_size,avg_shortest_dist,swarm_density_count,prey_neurons_connected_prey_retina,prey_neurons_connected_predator_retina,predator_neurons_connected_prey_retina,mutual_info
1,90812.000000,9188.000000,39,4211.717532,703877.917980,21.291562,15.612978,1,1,3,0.011953
1,92701.000000,7299.000000,43,4580.987301,755770.545563,23.319024,16.052675,1,1,3,0.014235
2,87725.000000,12275.000000,37,4143.725995,647021.689077,20.545630,15.500071,1,1,3,0.007851
3,91600.000000,8400.000000,43,4356.433997,664815.779147,22.560551,15.658443,1,1,3,0.011223
