generation,prey_fitness,predator_fitness,num_alive_end,avg_bb_size,var_bb_size,avg_shortest_dist,swarm_density_count,prey_neurons_connected_prey_retina,prey_neurons_connected_predator_retina,predator_neurons_connected_prey_retina,mutual_info
1,99312.000000,688.000000,48,828.890702,59993.327857,4.515050,46.333679,1,1,1,0.005697
1,96384.000000,3616.000000,47,848.383458,78669.465834,4.563854,43.745251,1,1,1,0.011086
2,98019.000000,1981.000000,46,816.187296,54723.639367,4.185463,45.291951,1,1,1,0.008068
3,99730.000000,270.000000,49,807.240367,63069.280744,4.243972,46.073816,1,1,1,0.006187
