generation,prey_fitness,predator_fitness,num_alive_end,avg_bb_size,var_bb_size,avg_shortest_dist,swarm_density_count,prey_neurons_connected_prey_retina,prey_neurons_connected_predator_retina,predator_neurons_connected_prey_retina,mutual_info
1,100000.000000,1.000000,50,787.951533,9141.914252,2.069482,48.805500,3,0,1,0.001140
1,97949.000000,2051.000000,48,681.442687,17484.725076,1.865372,47.859208,3,0,1,0.001125
2,98246.000000,1754.000000,49,755.535200,12779.956486,2.067825,47.862051,3,0,1,0.000936
3,98898.000000,1102.000000,47,810.276008,14693.651757,2.093143,47.685198,3,0,1,0.001248
