generation,prey_fitness,predator_fitness,num_alive_end,avg_bb_size,var_bb_size,avg_shortest_dist,swarm_density_count,prey_neurons_connected_prey_retina,prey_neurons_connected_predator_retina,predator_neurons_connected_prey_retina,mutual_info
1,100000.000000,1.000000,50,659.750965,22196.408609,3.672421,48.644940,1,2,1,0.011276
1,100000.000000,1.000000,50,672.573978,26917.994125,3.895805,48.523620,1,2,1,0.012996
2,97473.000000,2527.000000,48,630.749578,24294.749379,3.784131,47.606896,1,2,1,0.013672
3,94814.000000,5186.000000,46,671.030760,26576.126129,4.314560,46.014327,1,2,1,0.011122
