generation,prey_fitness,predator_fitness,num_alive_end,avg_bb_size,var_bb_size,avg_shortest_dist,swarm_density_count,prey_neurons_connected_prey_retina,prey_neurons_connected_predator_retina,predator_neurons_connected_prey_retina,mutual_info
1,95238.000000,4762.000000,46,1760.176316,334951.136354,7.488220,33.851904,2,0,1,0.028319
1,99035.000000,965.000000,48,1672.132089,316713.480656,7.188396,36.651027,2,0,1,0.024727
2,96712.000000,3288.000000,46,1699.064827,262808.058041,7.340609,34.360287,2,0,1,0.022109
3,96755.000000,3245.000000,46,1717.800398,395590.410159,7.951810,34.490357,2,0,1,0.028244
