generation,prey_fitness,predator_fitness,num_alive_end,avg_bb_size,var_bb_size,avg_shortest_dist,swarm_density_count,prey_neurons_connected_prey_retina,prey_neurons_connected_predator_retina,predator_neurons_connected_prey_retina,mutual_info
1,91923.000000,8077.000000,42,2048.161946,542246.812535,7.351034,31.856399,2,1,2,0.013161
1,93542.000000,6458.000000,44,2168.923052,702409.115760,8.175314,31.583647,2,1,2,0.011272
2,95747.000000,4253.000000,44,2616.254601,933765.526583,8.620440,30.756249,2,1,2,0.018698
3,94125.000000,5875.000000,41,2411.446756,543393.620793,8.301745,30.328259,2,1,2,0.017271
