generation,prey_fitness,predator_fitness,num_alive_end,avg_bb_size,var_bb_size,avg_shortest_dist,swarm_density_count,prey_neurons_connected_prey_retina,prey_neurons_connected_predator_retina,predator_neurons_connected_prey_retina,mutual_info
1,97924.000000,2076.000000,48,1212.702532,44834.746241,8.250602,44.967162,2,0,1,0.003063
1,97822.000000,2178.000000,48,1190.974056,43829.129857,8.550918,44.895686,2,0,1,0.002259
2,97536.000000,2464.000000,48,1220.093746,34708.637622,8.778618,44.858367,2,0,1,0.003515
3,98184.000000,1816.000000,48,1197.682242,39958.679337,8.613880,45.043959,2,0,1,0.002079
