generation,prey_fitness,predator_fitness,num_alive_end,avg_bb_size,var_bb_size,avg_shortest_dist,swarm_density_count,prey_neurons_connected_prey_retina,prey_neurons_connected_predator_retina,predator_neurons_connected_prey_retina,mutual_info
1,94991.000000,5009.000000,46,2015.909349,811409.599080,6.026338,30.912965,2,1,2,0.024161
1,95221.000000,4779.000000,44,2327.870794,1349251.206095,7.143902,29.320630,2,1,2,0.033343
2,93426.000000,6574.000000,45,2002.864982,644514.105119,6.583998,29.966955,2,1,2,0.024643
3,96024.000000,3976.000000,46,1826.155308,578513.426742,5.961963,31.915090,2,1,2,0.022259
