generation,prey_fitness,predator_fitness,num_alive_end,avg_bb_size,var_bb_size,avg_shortest_dist,swarm_density_count,prey_neurons_connected_prey_retina,prey_neurons_connected_predator_retina,predator_neurons_connected_prey_retina,mutual_info
1,64651.000000,35349.000000,15,20520.864599,25405445.617759,355.827948,5.756641,0,1,1,0.008605
1,66978.000000,33022.000000,17,25251.386421,53883986.721233,435.436180,5.588132,0,1,1,0.015317
2,71298.000000,28702.000000,19,27434.902485,102968051.643036,410.226138,5.613156,0,1,1,0.012932
3,66690.000000,33310.000000,18,27910.663427,92151482.102639,429.107233,5.186194,0,1,1,0.008513
