generation,prey_fitness,predator_fitness,num_alive_end,avg_bb_size,var_bb_size,avg_shortest_dist,swarm_density_count,prey_neurons_connected_prey_retina,prey_neurons_connected_predator_retina,predator_neurons_connected_prey_retina,mutual_info
1,81166.000000,18834.000000,31,96282.256465,1794953934.332011,1030.613543,3.305660,2,1,1,0.013602
1,74639.000000,25361.000000,24,71379.303430,766203703.205111,715.106272,3.292736,2,1,1,0.011978
2,67313.000000,32687.000000,18,53438.319451,338803560.586135,853.063326,3.471801,2,1,1,0.016756
3,71268.000000,28732.000000,22,79781.088156,827967725.963892,1052.720130,3.198292,2,1,1,0.013976
