generation,prey_fitness,predator_fitness,num_alive_end,avg_bb_size,var_bb_size,avg_shortest_dist,swarm_density_count,prey_neurons_connected_prey_retina,prey_neurons_connected_predator_retina,predator_neurons_connected_prey_retina,mutual_info
1,78344.000000,21656.000000,27,123658.721598,1931664809.427852,1360.461923,2.203368,1,0,1,0.008453
1,66646.000000,33354.000000,17,87663.208403,704571481.189558,1267.983352,2.243861,1,0,1,0.010886
2,74031.000000,25969.000000,25,114727.119016,1393122505.261368,1409.198944,2.201367,1,0,1,0.014529
3,75278.000000,24722.000000,26,117455.564790,1473395148.153634,1382.642219,2.152482,1,0,1,0.022681
