generation,prey_fitness,predator_fitness,num_alive_end,avg_bb_size,var_bb_size,avg_shortest_dist,swarm_density_count,prey_neurons_connected_prey_retina,prey_neurons_connected_predator_retina,predator_neurons_connected_prey_retina,mutual_info
1,89807.000000,10193.000000,39,3496.097015,1302475.470077,12.164902,23.119971,3,1,1,0.047046
1,94185.000000,5815.000000,43,3776.592677,1962095.773162,13.088565,23.988392,3,1,1,0.037393
2,96051.000000,3949.000000,45,3436.804582,980523.449136,11.660729,25.831572,3,1,1,0.038140
3,91425.000000,8575.000000,41,3830.611963,1710486.761572,14.214168,23.010217,3,1,1,0.047198
