generation,prey_fitness,predator_fitness,num_alive_end,avg_bb_size,var_bb_size,avg_shortest_dist,swarm_density_count,prey_neurons_connected_prey_retina,prey_neurons_connected_predator_retina,predator_neurons_connected_prey_retina,mutual_info
1,85524.000000,14476.000000,38,16944.681047,35898926.540418,62.145039,9.809336,2,1,2,0.022893
1,95213.000000,4787.000000,44,24453.944860,131718188.275951,54.257433,10.106436,2,1,2,0.040928
2,83042.000000,16958.000000,36,18781.014660,44023820.452846,63.406187,9.854095,2,1,2,0.034522
3,85584.000000,14416.000000,36,20356.504764,53070331.328202,62.720266,9.283224,2,1,2,0.047870
