generation,prey_fitness,predator_fitness,num_alive_end,avg_bb_size,var_bb_size,avg_shortest_dist,swarm_density_count,prey_neurons_connected_prey_retina,prey_neurons_connected_predator_retina,predator_neurons_connected_prey_retina,mutual_info
1,63443.000000,36557.000000,12,19647.789517,54226201.589926,323.244253,6.442715,1,4,1,0.060103
1,66534.000000,33466.000000,14,24145.807882,59960897.249415,385.041276,5.843574,1,4,1,0.023575
2,63779.000000,36221.000000,14,21735.190760,64361707.081401,403.058084,6.105796,1,4,1,0.051289
3,68877.000000,31123.000000,18,27806.667866,108567218.595065,408.924306,6.050327,1,4,1,0.041366
