generation,prey_fitness,predator_fitness,num_alive_end,avg_bb_size,var_bb_size,avg_shortest_dist,swarm_density_count,prey_neurons_connected_prey_retina,prey_neurons_connected_predator_retina,predator_neurons_connected_prey_retina,mutual_info
1,96341.000000,3659.000000,45,1495.691835,140003.406656,7.991269,40.913669,3,4,1,0.015744
1,89888.000000,10112.000000,40,1426.122332,115670.652877,8.485029,37.906100,3,4,1,0.007377
2,98931.000000,1069.000000,46,1392.312334,93280.867741,7.160886,42.986766,3,4,1,0.006272
3,88953.000000,11047.000000,40,1420.363740,151837.913021,8.504066,37.785529,3,4,1,0.005146
