generation,prey_fitness,predator_fitness,num_alive_end,avg_bb_size,var_bb_size,avg_shortest_dist,swarm_density_count,prey_neurons_connected_prey_retina,prey_neurons_connected_predator_retina,predator_neurons_connected_prey_retina,mutual_info
1,89837.000000,10163.000000,40,2276.822896,543222.022842,11.318513,29.627127,3,3,1,0.019171
1,96422.000000,3578.000000,45,2337.505981,719539.094618,10.495361,32.143552,3,3,1,0.015508
2,95825.000000,4175.000000,45,2436.306652,742032.704201,11.591804,30.415926,3,3,1,0.025072
3,95411.000000,4589.000000,46,2228.073489,544099.515003,10.437380,31.797199,3,3,1,0.018201
