generation,prey_fitness,predator_fitness,num_alive_end,avg_bb_size,var_bb_size,avg_shortest_dist,swarm_density_count,prey_neurons_connected_prey_retina,prey_neurons_connected_predator_retina,predator_neurons_connected_prey_retina,mutual_info
1,72053.000000,27947.000000,21,60993.549669,682861730.501792,802.524665,3.716508,0,5,1,0.022627
1,71016.000000,28984.000000,20,64902.323062,488673148.354926,838.882073,3.154674,0,5,1,0.026669
2,77314.000000,22686.000000,27,87509.116814,1137659943.131169,1088.625146,3.171608,0,5,1,0.014025
3,73914.000000,26086.000000,23,77650.998378,1368083340.611083,1255.734384,3.776518,0,5,1,0.022575
