generation,prey_fitness,predator_fitness,num_alive_end,avg_bb_size,var_bb_size,avg_shortest_dist,swarm_density_count,prey_neurons_connected_prey_retina,prey_neurons_connected_predator_retina,predator_neurons_connected_prey_retina,mutual_info
1,87004.000000,12996.000000,39,2864.880567,1093222.050978,9.111065,24.596185,2,0,4,0.040710
1,93412.000000,6588.000000,43,2747.364115,1399137.001982,8.392382,26.112283,2,0,4,0.041325
2,93678.000000,6322.000000,41,2859.820499,936334.858713,8.353276,25.859797,2,0,4,0.034156
3,93179.000000,6821.000000,42,2741.772130,1042919.766735,8.123155,26.615585,2,0,4,0.041372
