generation,prey_fitness,predator_fitness,num_alive_end,avg_bb_size,var_bb_size,avg_shortest_dist,swarm_density_count,prey_neurons_connected_prey_retina,prey_neurons_connected_predator_retina,predator_neurons_connected_prey_retina,mutual_info
1,70079.000000,29921.000000,22,193823.382575,6188803264.542404,2739.481754,2.013231,0,0,1,0.021615
1,70662.000000,29338.000000,25,198411.052217,6264898550.467089,2506.828038,2.021773,0,0,1,0.017354
2,74280.000000,25720.000000,24,187234.757136,5809211149.748245,2429.813524,2.134312,0,0,1,0.013163
3,71418.000000,28582.000000,23,191827.976271,5806209122.275853,2847.772262,2.135587,0,0,1,0.024998
