generation,prey_fitness,predator_fitness,num_alive_end,avg_bb_size,var_bb_size,avg_shortest_dist,swarm_density_count,prey_neurons_connected_prey_retina,prey_neurons_connected_predator_retina,predator_neurons_connected_prey_retina,mutual_info
1,95063.000000,4937.000000,44,1076.352616,151303.370083,4.115826,38.459896,2,2,2,0.008206
1,97075.000000,2925.000000,46,1014.674076,154447.164122,3.379480,39.363358,2,2,2,0.022221
2,95719.000000,4281.000000,45,1138.499491,125754.039326,3.729425,38.491866,2,2,2,0.012778
3,98127.000000,1873.000000,48,1072.052333,124736.712926,3.305095,40.166367,2,2,2,0.019961
