generation,prey_fitness,predator_fitness,num_alive_end,avg_bb_size,var_bb_size,avg_shortest_dist,swarm_density_count,prey_neurons_connected_prey_retina,prey_neurons_connected_predator_retina,predator_neurons_connected_prey_retina,mutual_info
1,59990.000000,40010.000000,17,177499.602660,5056288360.697418,3813.125413,2.083820,1,1,1,0.020500
1,78126.000000,21874.000000,26,196638.220637,6170930032.681588,2377.138253,2.179459,1,1,1,0.015013
2,80688.000000,19312.000000,26,201692.333871,6978442804.655109,2088.126258,2.243265,1,1,1,0.020283
3,77738.000000,22262.000000,29,200306.407007,6382527504.392329,2746.330659,2.196013,1,1,1,0.015659
