generation,prey_fitness,predator_fitness,num_alive_end,avg_bb_size,var_bb_size,avg_shortest_dist,swarm_density_count,prey_neurons_connected_prey_retina,prey_neurons_connected_predator_retina,predator_neurons_connected_prey_retina,mutual_info
1,82115.000000,17885.000000,31,3895.265986,810853.312255,41.492287,25.147452,3,3,3,0.010125
1,79933.000000,20067.000000,27,4490.731269,1558050.246225,50.062628,22.334628,3,3,3,0.006103
2,75306.000000,24694.000000,24,4485.677496,1811562.433466,54.091340,21.485826,3,3,3,0.013101
3,79173.000000,20827.000000,27,4982.949048,2389249.397874,57.727707,21.311981,3,3,3,0.018567
