generation,prey_fitness,predator_fitness,num_alive_end,avg_bb_size,var_bb_size,avg_shortest_dist,swarm_density_count,prey_neurons_connected_prey_retina,prey_neurons_connected_predator_retina,predator_neurons_connected_prey_retina,mutual_info
1,90423.000000,9577.000000,39,4754.837506,2669484.998283,17.357154,19.719758,1,3,1,0.055582
1,85231.000000,14769.000000,36,4551.678602,2563828.657968,18.799366,19.374626,1,3,1,0.041771
2,88306.000000,11694.000000,37,4857.773570,4206073.814051,16.651336,19.731167,1,3,1,0.056212
3,94969.000000,5031.000000,45,3989.881156,2158814.093276,14.838027,22.784383,1,3,1,0.033280
