generation,prey_fitness,predator_fitness,num_alive_end,avg_bb_size,var_bb_size,avg_shortest_dist,swarm_density_count,prey_neurons_connected_prey_retina,prey_neurons_connected_predator_retina,predator_neurons_connected_prey_retina,mutual_info
1,71594.000000,28406.000000,23,4362.330221,1623166.555924,45.845192,16.919398,3,1,2,0.006392
1,83889.000000,16111.000000,33,4263.174478,1030102.491422,34.958657,20.073281,3,1,2,0.003827
2,82772.000000,17228.000000,30,5439.144442,1830179.517919,43.300871,18.216806,3,1,2,0.009916
3,83668.000000,16332.000000,32,5521.454421,2111437.907279,43.085362,18.209827,3,1,2,0.006758
