generation,prey_fitness,predator_fitness,num_alive_end,avg_bb_size,var_bb_size,avg_shortest_dist,swarm_density_count,prey_neurons_connected_prey_retina,prey_neurons_connected_predator_retina,predator_neurons_connected_prey_retina,mutual_info
1,84900.000000,15100.000000,35,6317.263151,3314217.975198,33.527920,11.805826,2,0,1,0.005053
1,85416.000000,14584.000000,36,6275.242546,2111161.946467,32.917059,11.582595,2,0,1,0.002997
2,90059.000000,9941.000000,39,7318.485937,2860764.086970,35.676903,11.460584,2,0,1,0.004753
3,74721.000000,25279.000000,26,5549.237577,4020752.134535,35.819175,11.117741,2,0,1,0.003920
