generation,prey_fitness,predator_fitness,num_alive_end,avg_bb_size,var_bb_size,avg_shortest_dist,swarm_density_count,prey_neurons_connected_prey_retina,prey_neurons_connected_predator_retina,predator_neurons_connected_prey_retina,mutual_info
1,64826.000000,35174.000000,12,15675.502124,33085026.504952,240.630272,6.817982,2,3,5,0.012445
1,70582.000000,29418.000000,17,17630.095913,23344293.346397,254.623065,7.458327,2,3,5,0.010841
2,76165.000000,23835.000000,19,18354.564404,29283180.024964,201.369600,7.040600,2,3,5,0.014615
3,65548.000000,34452.000000,12,18640.008830,36715347.174204,313.007936,6.639075,2,3,5,0.010144
